registro_qa_id,ano_fonte,data_criacao,assunto,subdivisao,situacao,logradouro,bairro,regional,origem,bairro_reconhecido,rua_generica_ou_vazia,n_grupo_duplicata,decisao_qa,problemas_qa,uso_permitido,uso_proibido
96cbab4cee639b97,2023,24/01/2023,Drenagem,Alagamentos,Concluído,RUA SCHILLER,ALTO DA RUA XV,Unidade Regional Matriz,Telefone,True,False,1,pronto_para_geocodificar,none,"Candidato a geocodificacao; nao e coordenada, rotulo ou evidencia de treino.","Nao usar como ground truth, escore ou variavel derivada do rotulo."
495cde8a5dd11cac,2023,07/07/2023,Drenagem,Alagamentos,Concluído,RUA PEDRO GUSSO,CIDADE INDUSTRIAL,Unidade Regional CIC,Telefone,True,False,1,pronto_para_geocodificar,none,"Candidato a geocodificacao; nao e coordenada, rotulo ou evidencia de treino.","Nao usar como ground truth, escore ou variavel derivada do rotulo."
618fb6087e256278,2023,18/04/2023,Drenagem,Alagamentos,Concluído,Rua Monte Hermom,PINHEIRINHO,Unidade Regional Pinheirinho,Telefone,True,False,2,pronto_para_geocodificar,none,"Candidato a geocodificacao; nao e coordenada, rotulo ou evidencia de treino.","Nao usar como ground truth, escore ou variavel derivada do rotulo."
9cc601905c28b06f,2023,17/02/2023,Drenagem,Alagamentos,Concluído,RUA OSWALDO FERREIRA DOS SANTOS,CIDADE INDUSTRIAL,Unidade Regional CIC,Telefone,True,False,1,pronto_para_geocodificar,none,"Candidato a geocodificacao; nao e coordenada, rotulo ou evidencia de treino.","Nao usar como ground truth, escore ou variavel derivada do rotulo."
7737a80e069afb0f,2023,09/05/2023,Drenagem,Alagamentos,Concluído,RUA ITAGUAJÉ,SITIO CERCADO,Unidade Regional Bairro Novo,Telefone,True,False,1,pronto_para_geocodificar,none,"Candidato a geocodificacao; nao e coordenada, rotulo ou evidencia de treino.","Nao usar como ground truth, escore ou variavel derivada do rotulo."
0283b5c9e0ad40e5,2023,18/05/2023,Drenagem,Alagamentos,Concluído,RUA ANTONIO MOREIRA LOPES,CAJURU,Unidade Regional Cajuru,Telefone,True,False,1,pronto_para_geocodificar,none,"Candidato a geocodificacao; nao e coordenada, rotulo ou evidencia de treino.","Nao usar como ground truth, escore ou variavel derivada do rotulo."
f8bbb79b3d6341eb,2023,17/03/2023,Drenagem,Alagamentos,Concluído,RUA FERNANDO DE NORONHA,BARREIRINHA,Unidade Regional Boa Vista,Telefone,True,False,1,pronto_para_geocodificar,none,"Candidato a geocodificacao; nao e coordenada, rotulo ou evidencia de treino.","Nao usar como ground truth, escore ou variavel derivada do rotulo."
2b9e8aafe6c8e04b,2023,02/10/2023,Drenagem,Alagamentos,Concluído,ESTRADA GUILHERME WEIGERT,SANTA CANDIDA,Unidade Regional Boa Vista,Telefone,True,False,1,pronto_para_geocodificar,none,"Candidato a geocodificacao; nao e coordenada, rotulo ou evidencia de treino.","Nao usar como ground truth, escore ou variavel derivada do rotulo."
bf9fed88ffa39a8d,2023,07/10/2023,Drenagem,Alagamentos,Concluído,RUA EXPEDICIONARIO ANELIO DA LUZ,ALTO BOQUEIRAO,Unidade Regional Boqueirao,Telefone,True,False,1,pronto_para_geocodificar,none,"Candidato a geocodificacao; nao e coordenada, rotulo ou evidencia de treino.","Nao usar como ground truth, escore ou variavel derivada do rotulo."
d877fb2d8893b61c,2023,07/10/2023,Drenagem,Alagamentos,Concluído,RUA CORONEL CARLOS VIEIRA DE CAMARGO,SANTA FELICIDADE,Unidade Regional Santa Felicidade,Telefone,True,False,1,pronto_para_geocodificar,none,"Candidato a geocodificacao; nao e coordenada, rotulo ou evidencia de treino.","Nao usar como ground truth, escore ou variavel derivada do rotulo."
ffad3210795a5245,2023,18/10/2023,Drenagem,Alagamentos,Concluído,RUA ALCIDES MUNHOZ,MERCES,Unidade Regional Matriz,Telefone,True,False,1,pronto_para_geocodificar,none,"Candidato a geocodificacao; nao e coordenada, rotulo ou evidencia de treino.","Nao usar como ground truth, escore ou variavel derivada do rotulo."
d007de9c07df75c9,2023,30/10/2023,Drenagem,Alagamentos,Concluído,RUA NATÁLIO SCUSSIATO,FAZENDINHA,Unidade Regional Portao,Telefone,True,False,1,pronto_para_geocodificar,none,"Candidato a geocodificacao; nao e coordenada, rotulo ou evidencia de treino.","Nao usar como ground truth, escore ou variavel derivada do rotulo."
74dcc2c01ca0cefb,2023,27/10/2023,Drenagem,Alagamentos,Concluído,Rua Mário Zanlorenzi,CAMPO COMPRIDO,Unidade Regional Portao,Telefone,True,False,2,pronto_para_geocodificar,none,"Candidato a geocodificacao; nao e coordenada, rotulo ou evidencia de treino.","Nao usar como ground truth, escore ou variavel derivada do rotulo."
f59ffef27a7a8e14,2023,10/06/2023,Drenagem,Alagamentos,Concluído,RUA CARLOS DIETZSCH,PORTAO,Unidade Regional Portao,Telefone,True,False,1,pronto_para_geocodificar,none,"Candidato a geocodificacao; nao e coordenada, rotulo ou evidencia de treino.","Nao usar como ground truth, escore ou variavel derivada do rotulo."
345f6504c6f5662d,2023,29/10/2023,Drenagem,Alagamentos,Concluído,RUA CATHARINA PRODLIK,ABRANCHES,Unidade Regional Boa Vista,Telefone,True,False,1,pronto_para_geocodificar,none,"Candidato a geocodificacao; nao e coordenada, rotulo ou evidencia de treino.","Nao usar como ground truth, escore ou variavel derivada do rotulo."
1adb9d5cd3a6db7a,2023,27/10/2023,Drenagem,Alagamentos,Concluído,Avenida Juscelino Kubitschek de Oliveira,CIDADE INDUSTRIAL,Unidade Regional CIC,Portal,True,False,1,pronto_para_geocodificar,none,"Candidato a geocodificacao; nao e coordenada, rotulo ou evidencia de treino.","Nao usar como ground truth, escore ou variavel derivada do rotulo."
e1245e89ad06527c,2023,29/10/2023,Drenagem,Alagamentos,Concluído,Rua Rômulo César Alves,SANTA FELICIDADE,Unidade Regional Santa Felicidade,Telefone,True,False,1,pronto_para_geocodificar,none,"Candidato a geocodificacao; nao e coordenada, rotulo ou evidencia de treino.","Nao usar como ground truth, escore ou variavel derivada do rotulo."
9d9424d49008743e,2023,23/10/2023,Drenagem,Alagamentos,Concluído,Rua Nossa Senhora de Monte Claro,CIDADE INDUSTRIAL,Unidade Regional CIC,Telefone,True,False,1,pronto_para_geocodificar,none,"Candidato a geocodificacao; nao e coordenada, rotulo ou evidencia de treino.","Nao usar como ground truth, escore ou variavel derivada do rotulo."
d48218ec8553a21b,2023,29/10/2023,Drenagem,Alagamentos,Concluído,RUA SERGIPE,GUAIRA,Unidade Regional Portao,Telefone,True,False,2,pronto_para_geocodificar,none,"Candidato a geocodificacao; nao e coordenada, rotulo ou evidencia de treino.","Nao usar como ground truth, escore ou variavel derivada do rotulo."
e70d9cc1b5d217c2,2023,29/10/2023,Drenagem,Alagamentos,Concluído,Rua Victorio Celli,CAJURU,Unidade Regional Cajuru,Telefone,True,False,1,pronto_para_geocodificar,none,"Candidato a geocodificacao; nao e coordenada, rotulo ou evidencia de treino.","Nao usar como ground truth, escore ou variavel derivada do rotulo."
270669d816937afb,2023,03/11/2023,Drenagem,Alagamentos,Concluído,Felisbino Passos,TINGUI,Unidade Regional Boa Vista,Telefone,True,False,1,pronto_para_geocodificar,none,"Candidato a geocodificacao; nao e coordenada, rotulo ou evidencia de treino.","Nao usar como ground truth, escore ou variavel derivada do rotulo."
bcd241e07845b28e,2023,29/10/2023,Drenagem,Alagamentos,Concluído,Leonor Cardoso,CAMPO COMPRIDO,Unidade Regional Portao,Telefone,True,False,1,pronto_para_geocodificar,none,"Candidato a geocodificacao; nao e coordenada, rotulo ou evidencia de treino.","Nao usar como ground truth, escore ou variavel derivada do rotulo."
8c571afb1e3461ad,2023,26/10/2023,Drenagem,Alagamentos,Concluído,RUA FRANCISCO FRISCHMANN,PORTAO,Unidade Regional Portao,Telefone,True,False,1,pronto_para_geocodificar,none,"Candidato a geocodificacao; nao e coordenada, rotulo ou evidencia de treino.","Nao usar como ground truth, escore ou variavel derivada do rotulo."
bb385e1ce52d6837,2023,03/11/2023,Drenagem,Alagamentos,Concluído,RUA DAS CARMELITAS,BOQUEIRAO,Unidade Regional Boqueirao,Telefone,True,False,1,pronto_para_geocodificar,none,"Candidato a geocodificacao; nao e coordenada, rotulo ou evidencia de treino.","Nao usar como ground truth, escore ou variavel derivada do rotulo."
5003b40257cb7fe1,2023,29/10/2023,Drenagem,Alagamentos,Concluído,Rua Afonso Gonçalves Arantes,PILARZINHO,Unidade Regional Boa Vista,Telefone,True,False,1,pronto_para_geocodificar,none,"Candidato a geocodificacao; nao e coordenada, rotulo ou evidencia de treino.","Nao usar como ground truth, escore ou variavel derivada do rotulo."
eaee9e3b0c937d41,2023,31/10/2023,Drenagem,Alagamentos,Concluído,Miguel Piekarski,BOA VISTA,Unidade Regional Boa Vista,Telefone,True,False,1,pronto_para_geocodificar,none,"Candidato a geocodificacao; nao e coordenada, rotulo ou evidencia de treino.","Nao usar como ground truth, escore ou variavel derivada do rotulo."
834a767fc0541f06,2023,29/10/2023,Drenagem,Alagamentos,Concluído,RUA PARAÍBA,GUAIRA,Unidade Regional Portao,Telefone,True,False,1,pronto_para_geocodificar,none,"Candidato a geocodificacao; nao e coordenada, rotulo ou evidencia de treino.","Nao usar como ground truth, escore ou variavel derivada do rotulo."
49ec9d150fbf1a60,2023,29/10/2023,Drenagem,Alagamentos,Concluído,RUA FREI NICODEMUS GRUNHOFF,TINGUI,Unidade Regional Boa Vista,Telefone,True,False,1,pronto_para_geocodificar,none,"Candidato a geocodificacao; nao e coordenada, rotulo ou evidencia de treino.","Nao usar como ground truth, escore ou variavel derivada do rotulo."
d26d2caafd015a21,2023,27/10/2023,Drenagem,Alagamentos,Concluído,RUA MARIO ZANLORENZI,CAMPO COMPRIDO,Unidade Regional Portao,Telefone,True,False,2,pronto_para_geocodificar,none,"Candidato a geocodificacao; nao e coordenada, rotulo ou evidencia de treino.","Nao usar como ground truth, escore ou variavel derivada do rotulo."
9090591c420bab04,2023,16/01/2023,Drenagem,Alagamentos,Concluído,RUA PADRE JACINTO MIENSOPUST,CIDADE INDUSTRIAL,Unidade Regional CIC,Telefone,True,False,1,pronto_para_geocodificar,none,"Candidato a geocodificacao; nao e coordenada, rotulo ou evidencia de treino.","Nao usar como ground truth, escore ou variavel derivada do rotulo."
23325938c50090dd,2023,01/12/2023,Drenagem,Alagamentos,Concluído,Avenida Manoel Ribas,BUTIATUVINHA,Unidade Regional Santa Felicidade,Portal,True,False,1,pronto_para_geocodificar,none,"Candidato a geocodificacao; nao e coordenada, rotulo ou evidencia de treino.","Nao usar como ground truth, escore ou variavel derivada do rotulo."
0629f95a47c3b9b6,2023,19/11/2023,Drenagem,Alagamentos,Concluído,rio negro,BAIRRO ALTO,Unidade Regional Boa Vista,Telefone,True,False,1,pronto_para_geocodificar,none,"Candidato a geocodificacao; nao e coordenada, rotulo ou evidencia de treino.","Nao usar como ground truth, escore ou variavel derivada do rotulo."
c3db1596fb9f4df8,2023,05/12/2023,Drenagem,Alagamentos,Concluído,RUA LUIZ STIVAL,SANTA FELICIDADE,Unidade Regional Santa Felicidade,Telefone,True,False,1,pronto_para_geocodificar,none,"Candidato a geocodificacao; nao e coordenada, rotulo ou evidencia de treino.","Nao usar como ground truth, escore ou variavel derivada do rotulo."
45d33c828b580387,2023,05/12/2023,Drenagem,Alagamentos,Concluído,RUA SATURNINO MIRANDA,SANTA FELICIDADE,Unidade Regional Santa Felicidade,Telefone,True,False,1,pronto_para_geocodificar,none,"Candidato a geocodificacao; nao e coordenada, rotulo ou evidencia de treino.","Nao usar como ground truth, escore ou variavel derivada do rotulo."
22575d41c8b6b087,2023,23/11/2023,Drenagem,Alagamentos,Concluído,Rua Sebastião Marcos Luiz,CAJURU,Unidade Regional Cajuru,Chat,True,False,1,pronto_para_geocodificar,none,"Candidato a geocodificacao; nao e coordenada, rotulo ou evidencia de treino.","Nao usar como ground truth, escore ou variavel derivada do rotulo."
04c560594ab0c975,2023,23/12/2023,Drenagem,Alagamentos,Concluído,Rua São Maximiliano Maria Kolbe,TATUQUARA,Unidade Regional Tatuquara,Telefone,True,False,2,pronto_para_geocodificar,none,"Candidato a geocodificacao; nao e coordenada, rotulo ou evidencia de treino.","Nao usar como ground truth, escore ou variavel derivada do rotulo."
6ba6761bf22565fb,2023,05/12/2023,Drenagem,Alagamentos,Concluído,RUA ANGELO PIANARO,BUTIATUVINHA,Unidade Regional Santa Felicidade,Telefone,True,False,1,pronto_para_geocodificar,none,"Candidato a geocodificacao; nao e coordenada, rotulo ou evidencia de treino.","Nao usar como ground truth, escore ou variavel derivada do rotulo."
920fc86f5de1a8cd,2023,29/10/2023,Drenagem,Alagamentos,Concluído,Rua Deputado Vidal Vanhoni,TATUQUARA,Unidade Regional Tatuquara,Telefone,True,False,1,pronto_para_geocodificar,none,"Candidato a geocodificacao; nao e coordenada, rotulo ou evidencia de treino.","Nao usar como ground truth, escore ou variavel derivada do rotulo."
5fd86d74265bd51a,2023,25/12/2023,Proteção ao cidadão - GM,"Enchentes, inundações ou alagamentos",Concluído,Rua Tenente Antônio Emílio Vaz Lobo,TATUQUARA,Unidade Regional Tatuquara,Telefone,True,False,1,pronto_para_geocodificar,none,"Candidato a geocodificacao; nao e coordenada, rotulo ou evidencia de treino.","Nao usar como ground truth, escore ou variavel derivada do rotulo."
88ceda9f218aaae4,2023,22/11/2023,Drenagem,Alagamentos,Concluído,Rua Alcides Munhoz,MERCES,Unidade Regional Matriz,Portal,True,False,1,pronto_para_geocodificar,none,"Candidato a geocodificacao; nao e coordenada, rotulo ou evidencia de treino.","Nao usar como ground truth, escore ou variavel derivada do rotulo."
23134e2c77c8e773,2023,29/10/2023,Drenagem,Alagamentos,Concluído,Rua Maria Gusso Sforza,PILARZINHO,Unidade Regional Boa Vista,Telefone,True,False,4,pronto_para_geocodificar,none,"Candidato a geocodificacao; nao e coordenada, rotulo ou evidencia de treino.","Nao usar como ground truth, escore ou variavel derivada do rotulo."
c1ba923774f9410d,2023,26/10/2023,Drenagem,Alagamentos,Concluído,Rua Waldemiro Ry,NOVO MUNDO,Unidade Regional Pinheirinho,Portal,True,False,1,pronto_para_geocodificar,none,"Candidato a geocodificacao; nao e coordenada, rotulo ou evidencia de treino.","Nao usar como ground truth, escore ou variavel derivada do rotulo."
aeceea8e6eb92c03,2023,11/10/2023,Drenagem,Alagamentos,Concluído,RUA RAIMUNDO NINA RODRIGUES,CAJURU,Unidade Regional Cajuru,Telefone,True,False,1,pronto_para_geocodificar,none,"Candidato a geocodificacao; nao e coordenada, rotulo ou evidencia de treino.","Nao usar como ground truth, escore ou variavel derivada do rotulo."
89375d3f1c3214d0,2023,23/11/2023,Drenagem,Alagamentos,Concluído,Rua Lívio Petterle,ATUBA,Unidade Regional Boa Vista,Portal,True,False,1,pronto_para_geocodificar,none,"Candidato a geocodificacao; nao e coordenada, rotulo ou evidencia de treino.","Nao usar como ground truth, escore ou variavel derivada do rotulo."
fa41d02d55844a80,2023,10/11/2023,Drenagem,Alagamentos,Concluído,Rua Professor Pedro Viriato Parigot de Souza,CIDADE INDUSTRIAL,Unidade Regional CIC,Portal,True,False,1,pronto_para_geocodificar,none,"Candidato a geocodificacao; nao e coordenada, rotulo ou evidencia de treino.","Nao usar como ground truth, escore ou variavel derivada do rotulo."
bcc878936eb51537,2023,23/11/2023,Drenagem,Alagamentos,Concluído,RUA JERÔNIMO DE SOUZA SOBRINHO,CIDADE INDUSTRIAL,Unidade Regional CIC,Telefone,True,False,1,pronto_para_geocodificar,none,"Candidato a geocodificacao; nao e coordenada, rotulo ou evidencia de treino.","Nao usar como ground truth, escore ou variavel derivada do rotulo."
eccae95cdc9e6990,2023,23/11/2023,Drenagem,Alagamentos,Concluído,Imaculada Conceição,PRADO VELHO,Unidade Regional Matriz,Telefone,True,False,1,pronto_para_geocodificar,none,"Candidato a geocodificacao; nao e coordenada, rotulo ou evidencia de treino.","Nao usar como ground truth, escore ou variavel derivada do rotulo."
10c3e2bf14f4e315,2023,10/08/2023,Drenagem,Alagamentos,Concluído,RUA OSVALDO PFUTZENREUTER- VADICO,PILARZINHO,Unidade Regional Boa Vista,Telefone,True,False,1,pronto_para_geocodificar,none,"Candidato a geocodificacao; nao e coordenada, rotulo ou evidencia de treino.","Nao usar como ground truth, escore ou variavel derivada do rotulo."
0970a242043ee694,2023,29/11/2023,Drenagem,Alagamentos,Concluído,Rua Moacir Vieira Gomes,CAMPO COMPRIDO,Unidade Regional Portao,Portal,True,False,1,pronto_para_geocodificar,none,"Candidato a geocodificacao; nao e coordenada, rotulo ou evidencia de treino.","Nao usar como ground truth, escore ou variavel derivada do rotulo."
2a29d91f5bd1c646,2023,23/11/2023,Drenagem,Alagamentos,Concluído,Rua Rutildo Pulido,CAJURU,Unidade Regional Cajuru,Chat,True,False,1,pronto_para_geocodificar,none,"Candidato a geocodificacao; nao e coordenada, rotulo ou evidencia de treino.","Nao usar como ground truth, escore ou variavel derivada do rotulo."
12b23ca30a00e803,2023,05/12/2023,Drenagem,Alagamentos,Concluído,RUA ODILON NEGRÃO,SANTA FELICIDADE,Unidade Regional Santa Felicidade,Telefone,True,False,1,pronto_para_geocodificar,none,"Candidato a geocodificacao; nao e coordenada, rotulo ou evidencia de treino.","Nao usar como ground truth, escore ou variavel derivada do rotulo."
1bf43605e07cc35b,2023,20/11/2023,Drenagem,Alagamentos,Concluído,Rua Ana Berta Roskamp,JARDIM DAS AMERICAS,Unidade Regional Cajuru,Portal,True,False,1,pronto_para_geocodificar,none,"Candidato a geocodificacao; nao e coordenada, rotulo ou evidencia de treino.","Nao usar como ground truth, escore ou variavel derivada do rotulo."
5377f933647d3d24,2023,23/11/2023,Drenagem,Alagamentos,Concluído,Rua Flávio Dallegrave,ALTO DA RUA XV,Unidade Regional Matriz,Portal,True,False,1,pronto_para_geocodificar,none,"Candidato a geocodificacao; nao e coordenada, rotulo ou evidencia de treino.","Nao usar como ground truth, escore ou variavel derivada do rotulo."
f71c9b84288558fd,2023,30/11/2023,Drenagem,Alagamentos,Concluído,Avenida Manoel Ribas,BUTIATUVINHA,Unidade Regional Santa Felicidade,Portal,True,False,1,pronto_para_geocodificar,none,"Candidato a geocodificacao; nao e coordenada, rotulo ou evidencia de treino.","Nao usar como ground truth, escore ou variavel derivada do rotulo."
a1835d3aa878c43c,2023,29/11/2023,Drenagem,Alagamentos,Concluído,RUA AUGUSTO DOS ANJOS,BARREIRINHA,Unidade Regional Boa Vista,Telefone,True,False,1,pronto_para_geocodificar,none,"Candidato a geocodificacao; nao e coordenada, rotulo ou evidencia de treino.","Nao usar como ground truth, escore ou variavel derivada do rotulo."
3d487f2d59345c95,2023,23/11/2023,Drenagem,Alagamentos,Concluído,RUA NUNES MACHADO,REBOUCAS,Unidade Regional Matriz,Telefone,True,False,1,pronto_para_geocodificar,none,"Candidato a geocodificacao; nao e coordenada, rotulo ou evidencia de treino.","Nao usar como ground truth, escore ou variavel derivada do rotulo."
23134e2c77c8e773,2023,29/10/2023,Drenagem,Alagamentos,Concluído,Rua Maria Gusso Sforza,PILARZINHO,Unidade Regional Boa Vista,Telefone,True,False,4,pronto_para_geocodificar,none,"Candidato a geocodificacao; nao e coordenada, rotulo ou evidencia de treino.","Nao usar como ground truth, escore ou variavel derivada do rotulo."
aa77824200be066e,2023,12/10/2023,Drenagem,Alagamentos,Concluído,Rua Dante Honório,XAXIM,Unidade Regional Boqueirao,Telefone,True,False,1,pronto_para_geocodificar,none,"Candidato a geocodificacao; nao e coordenada, rotulo ou evidencia de treino.","Nao usar como ground truth, escore ou variavel derivada do rotulo."
135665d8f89057d8,2023,23/11/2023,Drenagem,Alagamentos,Concluído,RUA RODRIGO FAIÇAL ZENI,CIDADE INDUSTRIAL,Unidade Regional CIC,Telefone,True,False,1,pronto_para_geocodificar,none,"Candidato a geocodificacao; nao e coordenada, rotulo ou evidencia de treino.","Nao usar como ground truth, escore ou variavel derivada do rotulo."
20f9c0a4cc2753c5,2023,04/12/2023,Drenagem,Alagamentos,Concluído,RUA FLÁVIO DALLEGRAVE,BARREIRINHA,Unidade Regional Boa Vista,Telefone,True,False,1,pronto_para_geocodificar,none,"Candidato a geocodificacao; nao e coordenada, rotulo ou evidencia de treino.","Nao usar como ground truth, escore ou variavel derivada do rotulo."
55eb216f72c5759d,2023,12/08/2023,Drenagem,Alagamentos,Concluído,RUA DOUTOR BRASÍLIO FERREIRA DA LUZ,JARDIM DAS AMERICAS,Unidade Regional Cajuru,Telefone,True,False,1,pronto_para_geocodificar,none,"Candidato a geocodificacao; nao e coordenada, rotulo ou evidencia de treino.","Nao usar como ground truth, escore ou variavel derivada do rotulo."
4d56646273952fc5,2023,29/10/2023,Drenagem,Alagamentos,Concluído,RUA DAS CARMELITAS,BOQUEIRAO,Unidade Regional Boqueirao,Telefone,True,False,1,pronto_para_geocodificar,none,"Candidato a geocodificacao; nao e coordenada, rotulo ou evidencia de treino.","Nao usar como ground truth, escore ou variavel derivada do rotulo."
5fd86d74265bd51a,2023,25/12/2023,Drenagem,Alagamentos,Concluído,Rua Tenente Antônio Emílio Vaz Lobo,TATUQUARA,Unidade Regional Tatuquara,Telefone,True,False,1,pronto_para_geocodificar,none,"Candidato a geocodificacao; nao e coordenada, rotulo ou evidencia de treino.","Nao usar como ground truth, escore ou variavel derivada do rotulo."
3112e1bfa726dc84,2023,30/10/2023,Drenagem,Alagamentos,Concluído,RUA MARIA GABARDO DORIGO,GANCHINHO,Unidade Regional Bairro Novo,Telefone,True,False,1,pronto_para_geocodificar,none,"Candidato a geocodificacao; nao e coordenada, rotulo ou evidencia de treino.","Nao usar como ground truth, escore ou variavel derivada do rotulo."
eca893aab68f648c,2023,29/10/2023,Drenagem,Alagamentos,Concluído,RUA JOAQUIM DE FREITAS,BOQUEIRAO,Unidade Regional Boqueirao,Telefone,True,False,2,pronto_para_geocodificar,none,"Candidato a geocodificacao; nao e coordenada, rotulo ou evidencia de treino.","Nao usar como ground truth, escore ou variavel derivada do rotulo."
a0457ed14cbad748,2023,28/10/2023,Drenagem,Alagamentos,Concluído,Rua Amilton Dalledone,SAO LOURENCO,Unidade Regional Boa Vista,Telefone,True,False,1,pronto_para_geocodificar,none,"Candidato a geocodificacao; nao e coordenada, rotulo ou evidencia de treino.","Nao usar como ground truth, escore ou variavel derivada do rotulo."
833cd54069a1619f,2023,17/01/2023,Drenagem,Alagamentos,Concluído,RUA PROFESSOR FÁBIO DE SOUZA,PORTAO,Unidade Regional Portao,Telefone,True,False,1,pronto_para_geocodificar,none,"Candidato a geocodificacao; nao e coordenada, rotulo ou evidencia de treino.","Nao usar como ground truth, escore ou variavel derivada do rotulo."
865c968ab7f099d0,2023,23/01/2023,Drenagem,Alagamentos,Concluído,RUA ANTONIO BOZA,SITIO CERCADO,Unidade Regional Bairro Novo,Telefone,True,False,1,pronto_para_geocodificar,none,"Candidato a geocodificacao; nao e coordenada, rotulo ou evidencia de treino.","Nao usar como ground truth, escore ou variavel derivada do rotulo."
ef467a322a42f782,2023,06/12/2023,Drenagem,Alagamentos,Concluído,RUA BARTOLOMEU LOURENÇO DE GUSMÃO,BOQUEIRAO,Unidade Regional Boqueirao,Telefone,True,False,1,pronto_para_geocodificar,none,"Candidato a geocodificacao; nao e coordenada, rotulo ou evidencia de treino.","Nao usar como ground truth, escore ou variavel derivada do rotulo."
052d7d90667cc2d3,2023,27/04/2023,Drenagem,Alagamentos,Concluído,RUA JURANT CVINTAL,BUTIATUVINHA,Unidade Regional Santa Felicidade,Telefone,True,False,1,pronto_para_geocodificar,none,"Candidato a geocodificacao; nao e coordenada, rotulo ou evidencia de treino.","Nao usar como ground truth, escore ou variavel derivada do rotulo."
ebc6a6f2ca8d7146,2023,03/05/2023,Drenagem,Alagamentos,Concluído,RUA MONSENHOR ISIDORO MIKOSZ,CACHOEIRA,Unidade Regional Boa Vista,Telefone,True,False,1,pronto_para_geocodificar,none,"Candidato a geocodificacao; nao e coordenada, rotulo ou evidencia de treino.","Nao usar como ground truth, escore ou variavel derivada do rotulo."
1d873dbb4bdafd3d,2023,27/03/2023,Drenagem,Alagamentos,Concluído,RUA WALDEMIRO DAVID GERONASSO,BOA VISTA,Unidade Regional Boa Vista,Telefone,True,False,1,pronto_para_geocodificar,none,"Candidato a geocodificacao; nao e coordenada, rotulo ou evidencia de treino.","Nao usar como ground truth, escore ou variavel derivada do rotulo."
5416958fa06e706b,2023,24/11/2023,Drenagem,Alagamentos,Concluído,RUA MARIA GUSSO SFORZA,PILARZINHO,Unidade Regional Boa Vista,Telefone,True,False,2,pronto_para_geocodificar,none,"Candidato a geocodificacao; nao e coordenada, rotulo ou evidencia de treino.","Nao usar como ground truth, escore ou variavel derivada do rotulo."
9236d6f4346f4241,2023,22/11/2023,Drenagem,Alagamentos,Concluído,RUA AGOSTINHO ANGELO TREVISAN,UBERABA,Unidade Regional Cajuru,Telefone,True,False,1,pronto_para_geocodificar,none,"Candidato a geocodificacao; nao e coordenada, rotulo ou evidencia de treino.","Nao usar como ground truth, escore ou variavel derivada do rotulo."
a2cc82566cc12a57,2023,16/01/2023,Drenagem,Alagamentos,Concluído,Waldemar Orso,CAMPO DE SANTANA,Unidade Regional Tatuquara,Telefone,True,False,1,pronto_para_geocodificar,none,"Candidato a geocodificacao; nao e coordenada, rotulo ou evidencia de treino.","Nao usar como ground truth, escore ou variavel derivada do rotulo."
46cc8c0d58e24f5c,2023,29/10/2023,Drenagem,Alagamentos,Concluído,RUA MARIA GUSSO SFORZA,PILARZINHO,Unidade Regional Boa Vista,Telefone,True,False,4,pronto_para_geocodificar,none,"Candidato a geocodificacao; nao e coordenada, rotulo ou evidencia de treino.","Nao usar como ground truth, escore ou variavel derivada do rotulo."
01bb9f999367e601,2023,23/11/2023,Drenagem,Alagamentos,Concluído,RUA DR FRANCISCO ALEXANDRE GUEDES CHAGAS,CAMPINA DO SIQUEIRA,Unidade Regional Santa Felicidade,Telefone,True,False,1,pronto_para_geocodificar,none,"Candidato a geocodificacao; nao e coordenada, rotulo ou evidencia de treino.","Nao usar como ground truth, escore ou variavel derivada do rotulo."
b83432c073834cdf,2023,24/12/2023,Proteção ao cidadão - GM,"Enchentes, inundações ou alagamentos",Concluído,Rua Vereadora Laís Peretti,TATUQUARA,Unidade Regional Tatuquara,Telefone,True,False,1,pronto_para_geocodificar,none,"Candidato a geocodificacao; nao e coordenada, rotulo ou evidencia de treino.","Nao usar como ground truth, escore ou variavel derivada do rotulo."
2d554e800d77ec77,2023,16/01/2023,Drenagem,Alagamentos,Concluído,RUA SOLDADO HUDSON JAIR MENDES DE MORAES,CIDADE INDUSTRIAL,Unidade Regional CIC,Telefone,True,False,1,pronto_para_geocodificar,none,"Candidato a geocodificacao; nao e coordenada, rotulo ou evidencia de treino.","Nao usar como ground truth, escore ou variavel derivada do rotulo."
c54f149f339d7971,2023,23/11/2023,Drenagem,Alagamentos,Concluído,Rua Paulo Turkiewicz,TARUMA,Unidade Regional Cajuru,Portal,True,False,1,pronto_para_geocodificar,none,"Candidato a geocodificacao; nao e coordenada, rotulo ou evidencia de treino.","Nao usar como ground truth, escore ou variavel derivada do rotulo."
de504f0c1cce02dd,2023,26/10/2023,Drenagem,Alagamentos,Concluído,RUA ALFERES POLI,CENTRO,Unidade Regional Matriz,Telefone,True,False,1,pronto_para_geocodificar,none,"Candidato a geocodificacao; nao e coordenada, rotulo ou evidencia de treino.","Nao usar como ground truth, escore ou variavel derivada do rotulo."
04c560594ab0c975,2023,23/12/2023,Drenagem,Alagamentos,Concluído,Rua São Maximiliano Maria Kolbe,TATUQUARA,Unidade Regional Tatuquara,Telefone,True,False,2,pronto_para_geocodificar,none,"Candidato a geocodificacao; nao e coordenada, rotulo ou evidencia de treino.","Nao usar como ground truth, escore ou variavel derivada do rotulo."
e8444cab3484c03a,2023,16/10/2023,Drenagem,Alagamentos,Concluído,RUA FRANCISCO JOSÉ LOBO,SITIO CERCADO,Unidade Regional Bairro Novo,Telefone,True,False,1,pronto_para_geocodificar,none,"Candidato a geocodificacao; nao e coordenada, rotulo ou evidencia de treino.","Nao usar como ground truth, escore ou variavel derivada do rotulo."
d48218ec8553a21b,2023,29/10/2023,Drenagem,Alagamentos,Concluído,RUA SERGIPE,GUAIRA,Unidade Regional Portao,Telefone,True,False,2,pronto_para_geocodificar,none,"Candidato a geocodificacao; nao e coordenada, rotulo ou evidencia de treino.","Nao usar como ground truth, escore ou variavel derivada do rotulo."
488ce3f3966b20b7,2023,12/05/2023,Drenagem,Alagamentos,Concluído,RUA PEDRO CRUZETTA,AUGUSTA,Unidade Regional CIC,Telefone,True,False,1,pronto_para_geocodificar,none,"Candidato a geocodificacao; nao e coordenada, rotulo ou evidencia de treino.","Nao usar como ground truth, escore ou variavel derivada do rotulo."
06af0776dfefc530,2023,22/11/2023,Drenagem,Alagamentos,Concluído,Alberico Flores Bueno,BAIRRO ALTO,Unidade Regional Boa Vista,Telefone,True,False,1,pronto_para_geocodificar,none,"Candidato a geocodificacao; nao e coordenada, rotulo ou evidencia de treino.","Nao usar como ground truth, escore ou variavel derivada do rotulo."
347a1741985d2f42,2023,23/11/2023,Drenagem,Alagamentos,Concluído,Rua Professor Lycio Grein de Castro Vellozo,MERCES,Unidade Regional Matriz,Telefone,True,False,1,pronto_para_geocodificar,none,"Candidato a geocodificacao; nao e coordenada, rotulo ou evidencia de treino.","Nao usar como ground truth, escore ou variavel derivada do rotulo."
f44ab489327730fd,2023,13/11/2023,Drenagem,Alagamentos,Concluído,Rua do Herval,CRISTO REI,Unidade Regional Matriz,Portal,True,False,1,pronto_para_geocodificar,none,"Candidato a geocodificacao; nao e coordenada, rotulo ou evidencia de treino.","Nao usar como ground truth, escore ou variavel derivada do rotulo."
25c128b18a666633,2023,03/11/2023,Drenagem,Alagamentos,Concluído,RUA JOAQUIM DE FREITAS,BOQUEIRAO,Unidade Regional Boqueirao,Telefone,True,False,1,pronto_para_geocodificar,none,"Candidato a geocodificacao; nao e coordenada, rotulo ou evidencia de treino.","Nao usar como ground truth, escore ou variavel derivada do rotulo."
b70ce9df34f7ec66,2023,31/10/2023,Drenagem,Alagamentos,Concluído,Rua Antenor Pereira,PILARZINHO,Unidade Regional Boa Vista,Telefone,True,False,1,pronto_para_geocodificar,none,"Candidato a geocodificacao; nao e coordenada, rotulo ou evidencia de treino.","Nao usar como ground truth, escore ou variavel derivada do rotulo."
25833aa870efb30f,2023,22/02/2023,Drenagem,Alagamentos,Concluído,RUA JÚLIO EDUARDO GINESTE,SANTA QUITERIA,Unidade Regional Portao,Telefone,True,False,1,pronto_para_geocodificar,none,"Candidato a geocodificacao; nao e coordenada, rotulo ou evidencia de treino.","Nao usar como ground truth, escore ou variavel derivada do rotulo."
24cdb157db43ca7a,2023,23/11/2023,Drenagem,Alagamentos,Concluído,RUA AUGUSTO DOS ANJOS,BARREIRINHA,Unidade Regional Boa Vista,Portal,True,False,1,pronto_para_geocodificar,none,"Candidato a geocodificacao; nao e coordenada, rotulo ou evidencia de treino.","Nao usar como ground truth, escore ou variavel derivada do rotulo."
8aff39d519e72cda,2023,22/11/2023,Drenagem,Alagamentos,Concluído,RUA NICOLAU VOROBI,CIDADE INDUSTRIAL,Unidade Regional CIC,Telefone,True,False,1,pronto_para_geocodificar,none,"Candidato a geocodificacao; nao e coordenada, rotulo ou evidencia de treino.","Nao usar como ground truth, escore ou variavel derivada do rotulo."
f77766ea08aaa720,2023,11/02/2023,Drenagem,Alagamentos,Concluído,RUA TREZE DE MAIO,CENTRO,Unidade Regional Matriz,Telefone,True,False,1,pronto_para_geocodificar,none,"Candidato a geocodificacao; nao e coordenada, rotulo ou evidencia de treino.","Nao usar como ground truth, escore ou variavel derivada do rotulo."
5416958fa06e706b,2023,24/11/2023,Drenagem,Alagamentos,Concluído,RUA MARIA GUSSO SFORZA,PILARZINHO,Unidade Regional Boa Vista,Telefone,True,False,2,pronto_para_geocodificar,none,"Candidato a geocodificacao; nao e coordenada, rotulo ou evidencia de treino.","Nao usar como ground truth, escore ou variavel derivada do rotulo."
6553199090a298eb,2023,06/11/2023,Drenagem,Alagamentos,Concluído,Rua Augusto Dias Paredes,BOQUEIRAO,Unidade Regional Boqueirao,Portal,True,False,1,pronto_para_geocodificar,none,"Candidato a geocodificacao; nao e coordenada, rotulo ou evidencia de treino.","Nao usar como ground truth, escore ou variavel derivada do rotulo."
4ed8b23d9728d463,2023,16/10/2023,Drenagem,Alagamentos,Concluído,RUA ALBERTO POTIER,BOA VISTA,Unidade Regional Boa Vista,Telefone,True,False,1,pronto_para_geocodificar,none,"Candidato a geocodificacao; nao e coordenada, rotulo ou evidencia de treino.","Nao usar como ground truth, escore ou variavel derivada do rotulo."
e2e7f19a3bceba08,2023,29/10/2023,Drenagem,Alagamentos,Concluído,Rua Basílio Fuck,XAXIM,Unidade Regional Boqueirao,Chat,True,False,1,pronto_para_geocodificar,none,"Candidato a geocodificacao; nao e coordenada, rotulo ou evidencia de treino.","Nao usar como ground truth, escore ou variavel derivada do rotulo."
c8ad5b58ab0608a6,2023,16/01/2023,Drenagem,Alagamentos,Concluído,Rua José Ribeiro Baptista,CAMPO DE SANTANA,Unidade Regional Tatuquara,Telefone,True,False,1,pronto_para_geocodificar,none,"Candidato a geocodificacao; nao e coordenada, rotulo ou evidencia de treino.","Nao usar como ground truth, escore ou variavel derivada do rotulo."
9b595ce6f06fc91b,2023,16/01/2023,Drenagem,Alagamentos,Concluído,Cyro Correia Pereira,CIDADE INDUSTRIAL,Unidade Regional CIC,Telefone,True,False,1,pronto_para_geocodificar,none,"Candidato a geocodificacao; nao e coordenada, rotulo ou evidencia de treino.","Nao usar como ground truth, escore ou variavel derivada do rotulo."
0dcbaefa06cb024e,2023,21/06/2023,Drenagem,Alagamentos,Concluído,RUA HENRIQUE CORREIA,BAIRRO ALTO,Unidade Regional Boa Vista,Telefone,True,False,1,pronto_para_geocodificar,none,"Candidato a geocodificacao; nao e coordenada, rotulo ou evidencia de treino.","Nao usar como ground truth, escore ou variavel derivada do rotulo."
618fb6087e256278,2023,18/04/2023,Drenagem,Alagamentos,Concluído,Rua Monte Hermom,PINHEIRINHO,Unidade Regional Pinheirinho,Telefone,True,False,2,pronto_para_geocodificar,none,"Candidato a geocodificacao; nao e coordenada, rotulo ou evidencia de treino.","Nao usar como ground truth, escore ou variavel derivada do rotulo."
ada6b498b4345e06,2023,23/11/2023,Drenagem,Alagamentos,Concluído,RUA 24 DE MAIO,REBOUCAS,Unidade Regional Matriz,Telefone,True,False,1,pronto_para_geocodificar,none,"Candidato a geocodificacao; nao e coordenada, rotulo ou evidencia de treino.","Nao usar como ground truth, escore ou variavel derivada do rotulo."
1c15257902cb629b,2023,29/10/2023,Drenagem,Alagamentos,Concluído,RUA JOSE ANICETO,CIDADE INDUSTRIAL,Unidade Regional CIC,Telefone,True,False,1,pronto_para_geocodificar,none,"Candidato a geocodificacao; nao e coordenada, rotulo ou evidencia de treino.","Nao usar como ground truth, escore ou variavel derivada do rotulo."
8f464f6d10a9ac90,2023,23/11/2023,Drenagem,Alagamentos,Concluído,RUA MIGUEL OZÓRIO DE ALMEIDA,FAZENDINHA,Unidade Regional Portao,Telefone,True,False,1,pronto_para_geocodificar,none,"Candidato a geocodificacao; nao e coordenada, rotulo ou evidencia de treino.","Nao usar como ground truth, escore ou variavel derivada do rotulo."
f1022e713df0db99,2023,12/03/2023,Drenagem,Alagamentos,Concluído,AVENIDA JAIME REIS,SAO FRANCISCO,Unidade Regional Matriz,Telefone,True,False,1,pronto_para_geocodificar,none,"Candidato a geocodificacao; nao e coordenada, rotulo ou evidencia de treino.","Nao usar como ground truth, escore ou variavel derivada do rotulo."
78c796c4b12dbf38,2023,29/10/2023,Drenagem,Alagamentos,Concluído,RUA DAVENIR MARQUES VIANA,CAMPO DE SANTANA,Unidade Regional Tatuquara,Telefone,True,False,1,pronto_para_geocodificar,none,"Candidato a geocodificacao; nao e coordenada, rotulo ou evidencia de treino.","Nao usar como ground truth, escore ou variavel derivada do rotulo."
d046259561766bec,2023,28/10/2023,Drenagem,Alagamentos,Concluído,RUA OLÍMPIO DE PAULA XAVIER,ALTO BOQUEIRAO,Unidade Regional Boqueirao,Telefone,True,False,1,pronto_para_geocodificar,none,"Candidato a geocodificacao; nao e coordenada, rotulo ou evidencia de treino.","Nao usar como ground truth, escore ou variavel derivada do rotulo."
436ba8b63361a5d5,2023,09/10/2023,Drenagem,Alagamentos,Concluído,RUA JOSÉ PILOTO,PINHEIRINHO,Unidade Regional Pinheirinho,Telefone,True,False,1,pronto_para_geocodificar,none,"Candidato a geocodificacao; nao e coordenada, rotulo ou evidencia de treino.","Nao usar como ground truth, escore ou variavel derivada do rotulo."
ff5c11231110b64e,2023,03/11/2023,Drenagem,Alagamentos,Concluído,Delegado Bruno de Almeida,CAMPO DE SANTANA,Unidade Regional Tatuquara,Telefone,True,False,1,pronto_para_geocodificar,none,"Candidato a geocodificacao; nao e coordenada, rotulo ou evidencia de treino.","Nao usar como ground truth, escore ou variavel derivada do rotulo."
946b936e4d2db595,2023,23/11/2023,Drenagem,Alagamentos,Concluído,Rua Rio Bom,SAO BRAZ,Unidade Regional Santa Felicidade,Portal,True,False,1,pronto_para_geocodificar,none,"Candidato a geocodificacao; nao e coordenada, rotulo ou evidencia de treino.","Nao usar como ground truth, escore ou variavel derivada do rotulo."
6f6ae9392b349662,2023,16/01/2023,Drenagem,Alagamentos,Concluído,Rua Bernardo Meyer,CIDADE INDUSTRIAL,Unidade Regional CIC,Telefone,True,False,1,pronto_para_geocodificar,none,"Candidato a geocodificacao; nao e coordenada, rotulo ou evidencia de treino.","Nao usar como ground truth, escore ou variavel derivada do rotulo."
d7f981b05dcf20cb,2023,07/10/2023,Drenagem,Alagamentos,Concluído,RUA MANOELA STIER REISS,UBERABA,Unidade Regional Cajuru,Telefone,True,False,1,pronto_para_geocodificar,none,"Candidato a geocodificacao; nao e coordenada, rotulo ou evidencia de treino.","Nao usar como ground truth, escore ou variavel derivada do rotulo."
e218bb234c3b8943,2023,29/10/2023,Drenagem,Alagamentos,Concluído,Rua Joaquim de Freitas,BOQUEIRAO,Unidade Regional Boqueirao,Telefone,True,False,2,pronto_para_geocodificar,none,"Candidato a geocodificacao; nao e coordenada, rotulo ou evidencia de treino.","Nao usar como ground truth, escore ou variavel derivada do rotulo."
9ba888cfadb32ff5,2023,09/08/2023,Drenagem,Alagamentos,Concluído,RUA CORONEL ALFREDO FERREIRA DA COSTA,JARDIM DAS AMERICAS,Unidade Regional Cajuru,Telefone,True,False,1,pronto_para_geocodificar,none,"Candidato a geocodificacao; nao e coordenada, rotulo ou evidencia de treino.","Nao usar como ground truth, escore ou variavel derivada do rotulo."
2b30b9317c36f73a,2023,09/10/2023,Drenagem,Alagamentos,Concluído,RUA BENJAMIN GELINSKI,UBERABA,Unidade Regional Cajuru,Telefone,True,False,1,pronto_para_geocodificar,none,"Candidato a geocodificacao; nao e coordenada, rotulo ou evidencia de treino.","Nao usar como ground truth, escore ou variavel derivada do rotulo."
23581346224f1431,2023,26/09/2023,Drenagem,Alagamentos,Concluído,RUA ARTHUR MANOEL IWERSEN,BOQUEIRAO,Unidade Regional Boqueirao,Telefone,True,False,1,pronto_para_geocodificar,none,"Candidato a geocodificacao; nao e coordenada, rotulo ou evidencia de treino.","Nao usar como ground truth, escore ou variavel derivada do rotulo."
ae7d4aa5bdc64cbf,2023,16/01/2023,Drenagem,Alagamentos,Concluído,Rua Doutor José Guilherme Loyola,CIDADE INDUSTRIAL,Unidade Regional CIC,Telefone,True,False,1,pronto_para_geocodificar,none,"Candidato a geocodificacao; nao e coordenada, rotulo ou evidencia de treino.","Nao usar como ground truth, escore ou variavel derivada do rotulo."
766a0186d9aea523,2023,16/01/2023,Drenagem,Alagamentos,Concluído,Rua Heron Wanderley,TATUQUARA,Unidade Regional Tatuquara,Telefone,True,False,1,pronto_para_geocodificar,none,"Candidato a geocodificacao; nao e coordenada, rotulo ou evidencia de treino.","Nao usar como ground truth, escore ou variavel derivada do rotulo."
1ffb5fd22ad63bc6,2023,29/11/2023,Drenagem,Alagamentos,Concluído,Rua Doutor Faruk Abrão Kalil,BUTIATUVINHA,Unidade Regional Santa Felicidade,Telefone,True,False,1,pronto_para_geocodificar,none,"Candidato a geocodificacao; nao e coordenada, rotulo ou evidencia de treino.","Nao usar como ground truth, escore ou variavel derivada do rotulo."
4bb64629f2ab7370,2023,27/10/2023,Drenagem,Alagamentos,Concluído,Rua Dona Eleusina Plaisant,SANTA QUITERIA,Unidade Regional Portao,Portal,True,False,1,pronto_para_geocodificar,none,"Candidato a geocodificacao; nao e coordenada, rotulo ou evidencia de treino.","Nao usar como ground truth, escore ou variavel derivada do rotulo."
740ef334dd0e7577,2023,23/11/2023,Drenagem,Alagamentos,Concluído,RUA SYLSEU PEREIRA ALVES,PILARZINHO,Unidade Regional Boa Vista,Telefone,True,False,1,pronto_para_geocodificar,none,"Candidato a geocodificacao; nao e coordenada, rotulo ou evidencia de treino.","Nao usar como ground truth, escore ou variavel derivada do rotulo."
d22bbeabaf646940,2023,23/11/2023,Drenagem,Alagamentos,Concluído,TRAV. 26,CIDADE INDUSTRIAL,Unidade Regional CIC,Telefone,True,False,1,pronto_para_geocodificar,none,"Candidato a geocodificacao; nao e coordenada, rotulo ou evidencia de treino.","Nao usar como ground truth, escore ou variavel derivada do rotulo."
8929794ac6c37569,2023,07/12/2023,Proteção ao cidadão - GM,"Enchentes, inundações ou alagamentos",Concluído,ESTRADA DAS OLARIAS,ATUBA,Unidade Regional Boa Vista,Telefone,True,False,1,pronto_para_geocodificar,none,"Candidato a geocodificacao; nao e coordenada, rotulo ou evidencia de treino.","Nao usar como ground truth, escore ou variavel derivada do rotulo."
fed0ed59491f60a3,2023,23/11/2023,Drenagem,Alagamentos,Concluído,RUA JOSÉ DE ALENCAR,CRISTO REI,Unidade Regional Matriz,Telefone,True,False,1,pronto_para_geocodificar,none,"Candidato a geocodificacao; nao e coordenada, rotulo ou evidencia de treino.","Nao usar como ground truth, escore ou variavel derivada do rotulo."
732c3941cc1932f5,2023,23/11/2023,Drenagem,Alagamentos,Concluído,RUA BARTOLOMEU LOURENÇO DE GUSMÃO,BOQUEIRAO,Unidade Regional Boqueirao,Telefone,True,False,1,pronto_para_geocodificar,none,"Candidato a geocodificacao; nao e coordenada, rotulo ou evidencia de treino.","Nao usar como ground truth, escore ou variavel derivada do rotulo."
9fbcfc7b9821cd62,2023,31/10/2023,Drenagem,Alagamentos,Concluído,Rua Herbert Neal,SANTA QUITERIA,Unidade Regional Portao,Portal,True,False,1,pronto_para_geocodificar,none,"Candidato a geocodificacao; nao e coordenada, rotulo ou evidencia de treino.","Nao usar como ground truth, escore ou variavel derivada do rotulo."
020f2248b8fc6630,2023,13/11/2023,Drenagem,Alagamentos,Concluído,RUA PEDRO ANTONIO DA COSTA,BOA VISTA,Unidade Regional Boa Vista,Telefone,True,False,1,pronto_para_geocodificar,none,"Candidato a geocodificacao; nao e coordenada, rotulo ou evidencia de treino.","Nao usar como ground truth, escore ou variavel derivada do rotulo."
937cac23066d3e31,2023,22/11/2023,Drenagem,Alagamentos,Concluído,RUA PADRE ESTANISLAU CEBULA,CAJURU,Unidade Regional Cajuru,Telefone,True,False,1,pronto_para_geocodificar,none,"Candidato a geocodificacao; nao e coordenada, rotulo ou evidencia de treino.","Nao usar como ground truth, escore ou variavel derivada do rotulo."
9e4033a9a2ddbeba,2023,27/09/2023,Drenagem,Alagamentos,Concluído,RUA ALBERTO BALHANA,SANTA FELICIDADE,Unidade Regional Santa Felicidade,Telefone,True,False,1,pronto_para_geocodificar,none,"Candidato a geocodificacao; nao e coordenada, rotulo ou evidencia de treino.","Nao usar como ground truth, escore ou variavel derivada do rotulo."
197680b9c17c493a,2023,04/05/2023,Drenagem,Alagamentos,Concluído,Rua Professor Brandão,ALTO DA RUA XV,Unidade Regional Matriz,Telefone,True,False,1,pronto_para_geocodificar,none,"Candidato a geocodificacao; nao e coordenada, rotulo ou evidencia de treino.","Nao usar como ground truth, escore ou variavel derivada do rotulo."
f035743f4a89dca4,2023,10/03/2023,Drenagem,Alagamentos,Concluído,RUA PADRE ISAÍAS DE ANDRADE,PAROLIN,Unidade Regional Portao,Telefone,True,False,1,pronto_para_geocodificar,none,"Candidato a geocodificacao; nao e coordenada, rotulo ou evidencia de treino.","Nao usar como ground truth, escore ou variavel derivada do rotulo."
438c05f080403807,2023,23/11/2023,Drenagem,Alagamentos,Concluído,AVENIDA JUSCELINO KUBITSCHEK DE OLIVEIRA,CIDADE INDUSTRIAL,Unidade Regional CIC,Telefone,True,False,1,pronto_para_geocodificar,none,"Candidato a geocodificacao; nao e coordenada, rotulo ou evidencia de treino.","Nao usar como ground truth, escore ou variavel derivada do rotulo."
4c84bf4057f81ad9,2023,10/12/2023,Proteção ao cidadão - GM,"Enchentes, inundações ou alagamentos",Concluído,Rua João Crysóstomo da Rosa,CAJURU,Unidade Regional Cajuru,Telefone,True,False,1,pronto_para_geocodificar,none,"Candidato a geocodificacao; nao e coordenada, rotulo ou evidencia de treino.","Nao usar como ground truth, escore ou variavel derivada do rotulo."
fd543d98eb24bff1,2023,29/11/2023,Drenagem,Alagamentos,Concluído,RUA PEDRO CORRÊA DA CRUZ,SAO BRAZ,Unidade Regional Santa Felicidade,Telefone,True,False,1,pronto_para_geocodificar,none,"Candidato a geocodificacao; nao e coordenada, rotulo ou evidencia de treino.","Nao usar como ground truth, escore ou variavel derivada do rotulo."
97bf18bf05331b92,2023,23/11/2023,Drenagem,Alagamentos,Concluído,Rua João Negrão,CENTRO,Unidade Regional Matriz,Portal,True,False,1,pronto_para_geocodificar,none,"Candidato a geocodificacao; nao e coordenada, rotulo ou evidencia de treino.","Nao usar como ground truth, escore ou variavel derivada do rotulo."
23134e2c77c8e773,2023,29/10/2023,Drenagem,Alagamentos,Concluído,Rua Maria Gusso Sforza,PILARZINHO,Unidade Regional Boa Vista,Telefone,True,False,4,pronto_para_geocodificar,none,"Candidato a geocodificacao; nao e coordenada, rotulo ou evidencia de treino.","Nao usar como ground truth, escore ou variavel derivada do rotulo."
5eea43eb63136b16,2023,16/10/2023,Drenagem,Alagamentos,Concluído,RUA JÚLIO PEREIRA SOBRINHO,CAMPO DE SANTANA,Unidade Regional Tatuquara,Telefone,True,False,2,pronto_para_geocodificar,none,"Candidato a geocodificacao; nao e coordenada, rotulo ou evidencia de treino.","Nao usar como ground truth, escore ou variavel derivada do rotulo."
68a0dabf41d320c1,2023,29/10/2023,Drenagem,Alagamentos,Concluído,Rua João Kryzanowski,CACHOEIRA,Unidade Regional Boa Vista,Telefone,True,False,1,pronto_para_geocodificar,none,"Candidato a geocodificacao; nao e coordenada, rotulo ou evidencia de treino.","Nao usar como ground truth, escore ou variavel derivada do rotulo."
7fbc158ae5f031c9,2023,19/12/2023,Drenagem,Alagamentos,Concluído,Rua Professor Manoel de Oliveira Franco Sobrinho,CAMPO DE SANTANA,Unidade Regional Tatuquara,Portal,True,False,1,pronto_para_geocodificar,none,"Candidato a geocodificacao; nao e coordenada, rotulo ou evidencia de treino.","Nao usar como ground truth, escore ou variavel derivada do rotulo."
2d0ec7da519327ca,2023,16/01/2023,Drenagem,Alagamentos,Concluído,RUA ELOY CARLI,TATUQUARA,Unidade Regional Tatuquara,Telefone,True,False,1,pronto_para_geocodificar,none,"Candidato a geocodificacao; nao e coordenada, rotulo ou evidencia de treino.","Nao usar como ground truth, escore ou variavel derivada do rotulo."
ffce2b0b9574a811,2023,27/01/2023,Drenagem,Alagamentos,Concluído,RUA SANTA CATARINA,GUAIRA,Unidade Regional Portao,Telefone,True,False,1,pronto_para_geocodificar,none,"Candidato a geocodificacao; nao e coordenada, rotulo ou evidencia de treino.","Nao usar como ground truth, escore ou variavel derivada do rotulo."
b044503607b04ad5,2023,16/01/2023,Drenagem,Alagamentos,Concluído,Rua da Graça,CIDADE INDUSTRIAL,Unidade Regional CIC,Telefone,True,False,1,pronto_para_geocodificar,none,"Candidato a geocodificacao; nao e coordenada, rotulo ou evidencia de treino.","Nao usar como ground truth, escore ou variavel derivada do rotulo."
cbed4ec19a5c102f,2023,27/11/2023,Drenagem,Alagamentos,Concluído,Rua Isac de Oliveira,UBERABA,Unidade Regional Cajuru,Portal,True,False,1,pronto_para_geocodificar,none,"Candidato a geocodificacao; nao e coordenada, rotulo ou evidencia de treino.","Nao usar como ground truth, escore ou variavel derivada do rotulo."
6fa1d087da7f1149,2023,22/11/2023,Drenagem,Alagamentos,Concluído,RUA JOSE ANICETO,CIDADE INDUSTRIAL,Unidade Regional CIC,Telefone,True,False,1,pronto_para_geocodificar,none,"Candidato a geocodificacao; nao e coordenada, rotulo ou evidencia de treino.","Nao usar como ground truth, escore ou variavel derivada do rotulo."
55333c4b99feb9eb,2023,03/11/2023,Drenagem,Alagamentos,Concluído,Tenente-Coronel Vilagran Cabrita,ALTO BOQUEIRAO,Unidade Regional Boqueirao,Telefone,True,False,1,pronto_para_geocodificar,none,"Candidato a geocodificacao; nao e coordenada, rotulo ou evidencia de treino.","Nao usar como ground truth, escore ou variavel derivada do rotulo."
62669730253782f1,2023,29/05/2023,Drenagem,Alagamentos,Concluído,RUA NOVA CANTU,SITIO CERCADO,Unidade Regional Bairro Novo,Telefone,True,False,1,pronto_para_geocodificar,none,"Candidato a geocodificacao; nao e coordenada, rotulo ou evidencia de treino.","Nao usar como ground truth, escore ou variavel derivada do rotulo."
09191c02bb0832f9,2023,19/11/2023,Drenagem,Alagamentos,Concluído,Vicente Geronasso,BOA VISTA,Unidade Regional Boa Vista,Telefone,True,False,1,pronto_para_geocodificar,none,"Candidato a geocodificacao; nao e coordenada, rotulo ou evidencia de treino.","Nao usar como ground truth, escore ou variavel derivada do rotulo."
6131c3b77a650e1e,2023,23/11/2023,Drenagem,Alagamentos,Concluído,RUA VISCONDE DO RIO BRANCO,MERCES,Unidade Regional Matriz,Telefone,True,False,1,pronto_para_geocodificar,none,"Candidato a geocodificacao; nao e coordenada, rotulo ou evidencia de treino.","Nao usar como ground truth, escore ou variavel derivada do rotulo."
a602b304325842b5,2023,16/01/2023,Drenagem,Alagamentos,Concluído,RUA JORNALISTA EMÍLIO ZOLA FLORENZANO,TATUQUARA,Unidade Regional Tatuquara,Telefone,True,False,1,pronto_para_geocodificar,none,"Candidato a geocodificacao; nao e coordenada, rotulo ou evidencia de treino.","Nao usar como ground truth, escore ou variavel derivada do rotulo."
c11516f1c7c7aa75,2023,28/02/2023,Drenagem,Alagamentos,Concluído,AVENIDA JUSCELINO KUBITSCHEK DE OLIVEIRA LE,CIDADE INDUSTRIAL,Unidade Regional CIC,Telefone,True,False,1,pronto_para_geocodificar,none,"Candidato a geocodificacao; nao e coordenada, rotulo ou evidencia de treino.","Nao usar como ground truth, escore ou variavel derivada do rotulo."
78bea1a2c721a60b,2023,23/11/2023,Drenagem,Alagamentos,Concluído,Emílio Nichele,CIDADE INDUSTRIAL,Unidade Regional CIC,Telefone,True,False,1,pronto_para_geocodificar,none,"Candidato a geocodificacao; nao e coordenada, rotulo ou evidencia de treino.","Nao usar como ground truth, escore ou variavel derivada do rotulo."
9f175e42afe048e0,2023,20/07/2023,Drenagem,Alagamentos,Concluído,RUA REZALA SIMÃO,PORTAO,Unidade Regional Portao,Telefone,True,False,1,pronto_para_geocodificar,none,"Candidato a geocodificacao; nao e coordenada, rotulo ou evidencia de treino.","Nao usar como ground truth, escore ou variavel derivada do rotulo."
769219de9248f816,2023,30/08/2023,Drenagem,Alagamentos,Concluído,ESTRADA VELHA DO BARIGUI,CIDADE INDUSTRIAL,Unidade Regional CIC,Telefone,True,False,1,pronto_para_geocodificar,none,"Candidato a geocodificacao; nao e coordenada, rotulo ou evidencia de treino.","Nao usar como ground truth, escore ou variavel derivada do rotulo."
d4fb0c1053823385,2023,12/08/2023,Drenagem,Alagamentos,Concluído,RUA CORONEL ALFREDO FERREIRA DA COSTA,JARDIM DAS AMERICAS,Unidade Regional Cajuru,Telefone,True,False,1,pronto_para_geocodificar,none,"Candidato a geocodificacao; nao e coordenada, rotulo ou evidencia de treino.","Nao usar como ground truth, escore ou variavel derivada do rotulo."
d5adfe1139bce3b8,2023,24/11/2023,Drenagem,Alagamentos,Concluído,Rua Capitão Tenente Maris de Barros,PORTAO,Unidade Regional Portao,Portal,True,False,1,pronto_para_geocodificar,none,"Candidato a geocodificacao; nao e coordenada, rotulo ou evidencia de treino.","Nao usar como ground truth, escore ou variavel derivada do rotulo."
cd23bca6b798885c,2023,27/10/2023,Drenagem,Alagamentos,Concluído,RUA EDUARDO CARLOS PEREIRA,PORTAO,Unidade Regional Portao,Telefone,True,False,1,pronto_para_geocodificar,none,"Candidato a geocodificacao; nao e coordenada, rotulo ou evidencia de treino.","Nao usar como ground truth, escore ou variavel derivada do rotulo."
c6abba9d027f535e,2023,06/10/2023,Drenagem,Alagamentos,Concluído,RUA DOUTOR DANILO GOMES,BOQUEIRAO,Unidade Regional Boqueirao,Telefone,True,False,1,pronto_para_geocodificar,none,"Candidato a geocodificacao; nao e coordenada, rotulo ou evidencia de treino.","Nao usar como ground truth, escore ou variavel derivada do rotulo."
6781a7b147c8adde,2023,05/12/2023,Drenagem,Alagamentos,Respondido pelo responsável,RUA ORLANDO DESTEFANI,SAO BRAZ,Unidade Regional Santa Felicidade,Telefone,True,False,1,pronto_para_geocodificar,none,"Candidato a geocodificacao; nao e coordenada, rotulo ou evidencia de treino.","Nao usar como ground truth, escore ou variavel derivada do rotulo."
acfa6d544deba712,2023,15/03/2023,Drenagem,Alagamentos,Concluído,RUA DAVID TOWS,SITIO CERCADO,Unidade Regional Bairro Novo,Telefone,True,False,1,pronto_para_geocodificar,none,"Candidato a geocodificacao; nao e coordenada, rotulo ou evidencia de treino.","Nao usar como ground truth, escore ou variavel derivada do rotulo."
71ce4ed06d8bf34e,2023,23/12/2023,Drenagem,Alagamentos,Concluído,RUA PROFESSOR ERBO STENZEL,SITIO CERCADO,Unidade Regional Bairro Novo,Telefone,True,False,1,pronto_para_geocodificar,none,"Candidato a geocodificacao; nao e coordenada, rotulo ou evidencia de treino.","Nao usar como ground truth, escore ou variavel derivada do rotulo."
21d671b7352e6c80,2023,29/11/2023,Drenagem,Alagamentos,Concluído,RUA FLAVIO DALLEGRAVE,BARREIRINHA,Unidade Regional Boa Vista,Telefone,True,False,1,pronto_para_geocodificar,none,"Candidato a geocodificacao; nao e coordenada, rotulo ou evidencia de treino.","Nao usar como ground truth, escore ou variavel derivada do rotulo."
1aa0ee98b80b530c,2023,23/11/2023,Drenagem,Alagamentos,Concluído,RUA JOSÉ ALVES PINTO,PILARZINHO,Unidade Regional Boa Vista,Telefone,True,False,1,pronto_para_geocodificar,none,"Candidato a geocodificacao; nao e coordenada, rotulo ou evidencia de treino.","Nao usar como ground truth, escore ou variavel derivada do rotulo."
bfce74380df98131,2023,23/11/2023,Drenagem,Alagamentos,Concluído,RUA CLODOMIRO AVELLEDA,CAMPINA DO SIQUEIRA,Unidade Regional Santa Felicidade,Telefone,True,False,1,pronto_para_geocodificar,none,"Candidato a geocodificacao; nao e coordenada, rotulo ou evidencia de treino.","Nao usar como ground truth, escore ou variavel derivada do rotulo."
fec68dfa80ec9c9d,2023,16/01/2023,Drenagem,Alagamentos,Concluído,Rua Desembargador Ernâni Almeida de Abreu,TATUQUARA,Unidade Regional Tatuquara,Telefone,True,False,1,pronto_para_geocodificar,none,"Candidato a geocodificacao; nao e coordenada, rotulo ou evidencia de treino.","Nao usar como ground truth, escore ou variavel derivada do rotulo."
83fbad1dc78302c9,2023,22/11/2023,Drenagem,Alagamentos,Concluído,Rua Dovico Dalprá,ABRANCHES,Unidade Regional Boa Vista,Telefone,True,False,1,pronto_para_geocodificar,none,"Candidato a geocodificacao; nao e coordenada, rotulo ou evidencia de treino.","Nao usar como ground truth, escore ou variavel derivada do rotulo."
ae2faf8d485e4e7a,2023,23/11/2023,Drenagem,Alagamentos,Concluído,RUA HERMES FONTES,BATEL,Unidade Regional Matriz,Telefone,True,False,1,pronto_para_geocodificar,none,"Candidato a geocodificacao; nao e coordenada, rotulo ou evidencia de treino.","Nao usar como ground truth, escore ou variavel derivada do rotulo."
5eea43eb63136b16,2023,16/10/2023,Drenagem,Alagamentos,Concluído,RUA JÚLIO PEREIRA SOBRINHO,CAMPO DE SANTANA,Unidade Regional Tatuquara,Telefone,True,False,2,pronto_para_geocodificar,none,"Candidato a geocodificacao; nao e coordenada, rotulo ou evidencia de treino.","Nao usar como ground truth, escore ou variavel derivada do rotulo."
de6025f185b1aa54,2023,27/01/2023,Drenagem,Alagamentos,Concluído,RUA LUDOVICO BAUML,CIDADE INDUSTRIAL,Unidade Regional CIC,Telefone,True,False,1,pronto_para_geocodificar,none,"Candidato a geocodificacao; nao e coordenada, rotulo ou evidencia de treino.","Nao usar como ground truth, escore ou variavel derivada do rotulo."
a51f5aaf3c33a851,2023,28/10/2023,Drenagem,Alagamentos,Concluído,RUA BORRAZÓPOLIS,ALTO BOQUEIRAO,Unidade Regional Boqueirao,Telefone,True,False,1,pronto_para_geocodificar,none,"Candidato a geocodificacao; nao e coordenada, rotulo ou evidencia de treino.","Nao usar como ground truth, escore ou variavel derivada do rotulo."
c86faa2c0b5f9915,2023,29/11/2023,Drenagem,Alagamentos,Concluído,Rua Manoel Borba Gato,BARREIRINHA,Unidade Regional Boa Vista,Telefone,True,False,1,pronto_para_geocodificar,none,"Candidato a geocodificacao; nao e coordenada, rotulo ou evidencia de treino.","Nao usar como ground truth, escore ou variavel derivada do rotulo."
d2ec28fa3e305305,2023,16/01/2023,Drenagem,Alagamentos,Concluído,Rua Edgard Moutinho Zandoná,CIDADE INDUSTRIAL,Unidade Regional CIC,Telefone,True,False,1,pronto_para_geocodificar,none,"Candidato a geocodificacao; nao e coordenada, rotulo ou evidencia de treino.","Nao usar como ground truth, escore ou variavel derivada do rotulo."
c5e5a68b001432f6,2023,24/11/2023,Drenagem,Alagamentos,Concluído,Rua Antenor Mallin,PILARZINHO,Unidade Regional Boa Vista,Telefone,True,False,1,pronto_para_geocodificar,none,"Candidato a geocodificacao; nao e coordenada, rotulo ou evidencia de treino.","Nao usar como ground truth, escore ou variavel derivada do rotulo."
4e59a2d42e7db680,2024,13/07/2024,Proteção ao cidadão - GM,"Enchentes, inundações ou alagamentos",Concluído,RUA MARECHAL TROMPOWSKI,BACACHERI,Unidade Regional Boa Vista,Telefone,True,False,1,pronto_para_geocodificar,none,"Candidato a geocodificacao; nao e coordenada, rotulo ou evidencia de treino.","Nao usar como ground truth, escore ou variavel derivada do rotulo."
2426a1f477a443dd,2024,20/03/2024,Drenagem,Alagamentos,Concluído,RUA SERAFIM LUCCA,SAO BRAZ,Unidade Regional Santa Felicidade,Portal,True,False,1,pronto_para_geocodificar,none,"Candidato a geocodificacao; nao e coordenada, rotulo ou evidencia de treino.","Nao usar como ground truth, escore ou variavel derivada do rotulo."
2d71dc36bde0218b,2024,19/03/2024,Drenagem,Alagamentos,Concluído,RUA CAPITÃO AMIN MOSSE,ALTO BOQUEIRAO,Unidade Regional Boqueirao,Telefone,True,False,2,pronto_para_geocodificar,none,"Candidato a geocodificacao; nao e coordenada, rotulo ou evidencia de treino.","Nao usar como ground truth, escore ou variavel derivada do rotulo."
e4839a8d5ec4aa4d,2024,19/03/2024,Drenagem,Alagamentos,Concluído,RUA CORONEL HUGO DE MATTOS MOURA,ALTO BOQUEIRAO,Unidade Regional Boqueirao,Telefone,True,False,1,pronto_para_geocodificar,none,"Candidato a geocodificacao; nao e coordenada, rotulo ou evidencia de treino.","Nao usar como ground truth, escore ou variavel derivada do rotulo."
2d71dc36bde0218b,2024,19/03/2024,Drenagem,Alagamentos,Concluído,RUA CAPITÃO AMIN MOSSE,ALTO BOQUEIRAO,Unidade Regional Boqueirao,Telefone,True,False,2,pronto_para_geocodificar,none,"Candidato a geocodificacao; nao e coordenada, rotulo ou evidencia de treino.","Nao usar como ground truth, escore ou variavel derivada do rotulo."
3de88e7acea6319d,2024,19/03/2024,Drenagem,Alagamentos,Concluído,RUA DINARTE CAPRILHONE,SAO JOAO,Unidade Regional Santa Felicidade,Telefone,True,False,1,pronto_para_geocodificar,none,"Candidato a geocodificacao; nao e coordenada, rotulo ou evidencia de treino.","Nao usar como ground truth, escore ou variavel derivada do rotulo."
0094a00bd697f084,2024,11/10/2024,Drenagem,Alagamentos,Concluído,RUA VEREADOR ANTENOR PAMPHILO DOS SANTOS,VISTA ALEGRE,Unidade Regional Santa Felicidade,Telefone,True,False,2,pronto_para_geocodificar,none,"Candidato a geocodificacao; nao e coordenada, rotulo ou evidencia de treino.","Nao usar como ground truth, escore ou variavel derivada do rotulo."
2d67298b98fd8b9c,2024,11/10/2024,Drenagem,Alagamentos,Concluído,RUA JOÃO BATISTA ZAGONEL PASSOS,XAXIM,Unidade Regional Boqueirao,Telefone,True,False,1,pronto_para_geocodificar,none,"Candidato a geocodificacao; nao e coordenada, rotulo ou evidencia de treino.","Nao usar como ground truth, escore ou variavel derivada do rotulo."
0094a00bd697f084,2024,11/10/2024,Drenagem,Alagamentos,Concluído,RUA VEREADOR ANTENOR PAMPHILO DOS SANTOS,VISTA ALEGRE,Unidade Regional Santa Felicidade,Telefone,True,False,2,pronto_para_geocodificar,none,"Candidato a geocodificacao; nao e coordenada, rotulo ou evidencia de treino.","Nao usar como ground truth, escore ou variavel derivada do rotulo."
624b7265cc34c01b,2024,19/03/2024,Drenagem,Alagamentos,Concluído,RUA OLÍMPIO DE PAULA XAVIER,ALTO BOQUEIRAO,Unidade Regional Boqueirao,Telefone,True,False,1,pronto_para_geocodificar,none,"Candidato a geocodificacao; nao e coordenada, rotulo ou evidencia de treino.","Nao usar como ground truth, escore ou variavel derivada do rotulo."
d648a23e4d4394d2,2024,20/03/2024,Drenagem,Alagamentos,Concluído,Rua Henrique Itiberê da Cunha,BOM RETIRO,Unidade Regional Matriz,Portal,True,False,1,pronto_para_geocodificar,none,"Candidato a geocodificacao; nao e coordenada, rotulo ou evidencia de treino.","Nao usar como ground truth, escore ou variavel derivada do rotulo."
372680bf9a8dd4a7,2024,21/03/2024,Drenagem,Alagamentos,Concluído,RUA TIJUCAS DO SUL,SITIO CERCADO,Unidade Regional Bairro Novo,Telefone,True,False,1,pronto_para_geocodificar,none,"Candidato a geocodificacao; nao e coordenada, rotulo ou evidencia de treino.","Nao usar como ground truth, escore ou variavel derivada do rotulo."
623d403c54835885,2024,20/03/2024,Drenagem,Alagamentos,Concluído,RUA DAISY LUCI BERNO,GUAIRA,Unidade Regional Portao,Telefone,True,False,1,pronto_para_geocodificar,none,"Candidato a geocodificacao; nao e coordenada, rotulo ou evidencia de treino.","Nao usar como ground truth, escore ou variavel derivada do rotulo."
b8ce41c8cdbeb300,2024,18/03/2024,Drenagem,Alagamentos,Concluído,RUA ALFERES MARCILIO MACHADO,BACACHERI,Unidade Regional Boa Vista,Portal,True,False,1,pronto_para_geocodificar,none,"Candidato a geocodificacao; nao e coordenada, rotulo ou evidencia de treino.","Nao usar como ground truth, escore ou variavel derivada do rotulo."
4d254e8d38b938ba,2024,18/03/2024,Drenagem,Alagamentos,Concluído,Rua Ata,UBERABA,Unidade Regional Cajuru,Portal,True,False,1,pronto_para_geocodificar,none,"Candidato a geocodificacao; nao e coordenada, rotulo ou evidencia de treino.","Nao usar como ground truth, escore ou variavel derivada do rotulo."
c6630c62d7cf8cf0,2024,19/03/2024,Drenagem,Alagamentos,Concluído,Rua Padre João Rzemelka,CIDADE INDUSTRIAL,Unidade Regional CIC,Telefone,True,False,1,pronto_para_geocodificar,none,"Candidato a geocodificacao; nao e coordenada, rotulo ou evidencia de treino.","Nao usar como ground truth, escore ou variavel derivada do rotulo."
46a652776e4f4e22,2024,19/03/2024,Drenagem,Alagamentos,Concluído,Orlando Peruci,BUTIATUVINHA,Unidade Regional Santa Felicidade,Telefone,True,False,1,pronto_para_geocodificar,none,"Candidato a geocodificacao; nao e coordenada, rotulo ou evidencia de treino.","Nao usar como ground truth, escore ou variavel derivada do rotulo."
a9ca704689a82c2a,2024,19/03/2024,Drenagem,Alagamentos,Concluído,Rua Professor Lycio Grein de Castro Vellozo,MERCES,Unidade Regional Matriz,Portal,True,False,1,pronto_para_geocodificar,none,"Candidato a geocodificacao; nao e coordenada, rotulo ou evidencia de treino.","Nao usar como ground truth, escore ou variavel derivada do rotulo."
00cca72abda980cb,2024,19/03/2024,Proteção ao cidadão - GM,"Enchentes, inundações ou alagamentos",Aberto,RUA PEDRO FERRARI,BUTIATUVINHA,Unidade Regional Santa Felicidade,Telefone,True,False,1,pronto_para_geocodificar,none,"Candidato a geocodificacao; nao e coordenada, rotulo ou evidencia de treino.","Nao usar como ground truth, escore ou variavel derivada do rotulo."
895db2f94c435333,2024,19/03/2024,Drenagem,Alagamentos,Concluído,RUA BERNARDO STAVISKI,CAMPINA DO SIQUEIRA,Unidade Regional Santa Felicidade,Telefone,True,False,1,pronto_para_geocodificar,none,"Candidato a geocodificacao; nao e coordenada, rotulo ou evidencia de treino.","Nao usar como ground truth, escore ou variavel derivada do rotulo."
3de88e7acea6319d,2024,19/03/2024,Proteção ao cidadão - GM,"Enchentes, inundações ou alagamentos",Aberto,RUA DINARTE CAPRILHONE,SAO JOAO,Unidade Regional Santa Felicidade,Telefone,True,False,1,pronto_para_geocodificar,none,"Candidato a geocodificacao; nao e coordenada, rotulo ou evidencia de treino.","Nao usar como ground truth, escore ou variavel derivada do rotulo."
45cdfce19a8d3b6d,2024,18/03/2024,Drenagem,Alagamentos,Concluído,Rua Hermínio Cardoso,TINGUI,Unidade Regional Boa Vista,Portal,True,False,1,pronto_para_geocodificar,none,"Candidato a geocodificacao; nao e coordenada, rotulo ou evidencia de treino.","Nao usar como ground truth, escore ou variavel derivada do rotulo."
6191637ca3dcbffd,2024,04/06/2024,Proteção ao cidadão - GM,"Enchentes, inundações ou alagamentos",Concluído,RUA MARECHAL OCTÁVIO SALDANHA MAZZA,CAPAO RASO,Unidade Regional Pinheirinho,Telefone,True,False,1,pronto_para_geocodificar,none,"Candidato a geocodificacao; nao e coordenada, rotulo ou evidencia de treino.","Nao usar como ground truth, escore ou variavel derivada do rotulo."
d8478a09dfa53967,2024,16/07/2024,Drenagem,Alagamentos,Concluído,Rua Jornalista Rubens Ávila,CIDADE INDUSTRIAL,Unidade Regional CIC,Portal,True,False,1,pronto_para_geocodificar,none,"Candidato a geocodificacao; nao e coordenada, rotulo ou evidencia de treino.","Nao usar como ground truth, escore ou variavel derivada do rotulo."
7ef50827420183ee,2024,07/06/2024,Drenagem,Alagamentos,Concluído,Rua Maria Rosa de Castro Hecke,CACHOEIRA,Unidade Regional Boa Vista,Portal,True,False,1,pronto_para_geocodificar,none,"Candidato a geocodificacao; nao e coordenada, rotulo ou evidencia de treino.","Nao usar como ground truth, escore ou variavel derivada do rotulo."
1cbd0d3b5613db37,2024,27/03/2024,Drenagem,Alagamentos,Concluído,Rua Desembargador Segismundo Gradowski,CIDADE INDUSTRIAL,Unidade Regional CIC,Portal,True,False,1,pronto_para_geocodificar,none,"Candidato a geocodificacao; nao e coordenada, rotulo ou evidencia de treino.","Nao usar como ground truth, escore ou variavel derivada do rotulo."
90abff0cdf121445,2024,25/03/2024,Drenagem,Alagamentos,Concluído,Rua Atílio Bório,CRISTO REI,Unidade Regional Matriz,Portal,True,False,1,pronto_para_geocodificar,none,"Candidato a geocodificacao; nao e coordenada, rotulo ou evidencia de treino.","Nao usar como ground truth, escore ou variavel derivada do rotulo."
e66502e6432bb6db,2024,29/11/2024,Drenagem,Alagamentos,Concluído,Rua Professor Fernando Carneiro,CIDADE INDUSTRIAL,Unidade Regional CIC,Telefone,True,False,1,pronto_para_geocodificar,none,"Candidato a geocodificacao; nao e coordenada, rotulo ou evidencia de treino.","Nao usar como ground truth, escore ou variavel derivada do rotulo."
c5da3692885f3472,2024,29/11/2024,Drenagem,Alagamentos,Concluído,Rua Antenor Gomes Camargo,XAXIM,Unidade Regional Boqueirao,Telefone,True,False,2,pronto_para_geocodificar,none,"Candidato a geocodificacao; nao e coordenada, rotulo ou evidencia de treino.","Nao usar como ground truth, escore ou variavel derivada do rotulo."
d20ecddeccf25d9e,2024,29/11/2024,Drenagem,Alagamentos,Aberto,Rua Jacob de Rosso,XAXIM,Unidade Regional Boqueirao,Telefone,True,False,1,pronto_para_geocodificar,none,"Candidato a geocodificacao; nao e coordenada, rotulo ou evidencia de treino.","Nao usar como ground truth, escore ou variavel derivada do rotulo."
c5da3692885f3472,2024,29/11/2024,Drenagem,Alagamentos,Concluído,Rua Antenor Gomes Camargo,XAXIM,Unidade Regional Boqueirao,Telefone,True,False,2,pronto_para_geocodificar,none,"Candidato a geocodificacao; nao e coordenada, rotulo ou evidencia de treino.","Nao usar como ground truth, escore ou variavel derivada do rotulo."
026cf1e5e77ba81a,2024,29/11/2024,Drenagem,Alagamentos,Aberto,Rua Voltaire,BARREIRINHA,Unidade Regional Boa Vista,Telefone,True,False,1,pronto_para_geocodificar,none,"Candidato a geocodificacao; nao e coordenada, rotulo ou evidencia de treino.","Nao usar como ground truth, escore ou variavel derivada do rotulo."
a56b8eb145473d87,2024,29/11/2024,Drenagem,Alagamentos,Concluído,RUA BILLY GARMATTER,SITIO CERCADO,Unidade Regional Bairro Novo,Telefone,True,False,1,pronto_para_geocodificar,none,"Candidato a geocodificacao; nao e coordenada, rotulo ou evidencia de treino.","Nao usar como ground truth, escore ou variavel derivada do rotulo."
1525ad72f4e025bf,2024,29/11/2024,Drenagem,Alagamentos,Aberto,Rua Padre Camargo,ALTO DA GLORIA,Unidade Regional Matriz,Telefone,True,False,1,pronto_para_geocodificar,none,"Candidato a geocodificacao; nao e coordenada, rotulo ou evidencia de treino.","Nao usar como ground truth, escore ou variavel derivada do rotulo."
c823044af113e307,2024,29/11/2024,Drenagem,Alagamentos,Concluído,RUA JOÃO CARLOS DE SOUZA CASTRO,GUABIROTUBA,Unidade Regional Cajuru,Telefone,True,False,1,pronto_para_geocodificar,none,"Candidato a geocodificacao; nao e coordenada, rotulo ou evidencia de treino.","Nao usar como ground truth, escore ou variavel derivada do rotulo."
fad6bce87eae8435,2024,30/11/2024,Drenagem,Alagamentos,Concluído,José de Alencar,CRISTO REI,Unidade Regional Matriz,Portal,True,False,1,pronto_para_geocodificar,none,"Candidato a geocodificacao; nao e coordenada, rotulo ou evidencia de treino.","Nao usar como ground truth, escore ou variavel derivada do rotulo."
498d97210a6d0756,2024,30/11/2024,Drenagem,Alagamentos,Concluído,Procópio Ferreira Martins,CAJURU,Unidade Regional Cajuru,Portal,True,False,1,pronto_para_geocodificar,none,"Candidato a geocodificacao; nao e coordenada, rotulo ou evidencia de treino.","Nao usar como ground truth, escore ou variavel derivada do rotulo."
a6512466ed2ea70a,2024,11/06/2024,Drenagem,Alagamentos,Concluído,Rua Raul Leite,BAIRRO ALTO,Unidade Regional Boa Vista,Portal,True,False,1,pronto_para_geocodificar,none,"Candidato a geocodificacao; nao e coordenada, rotulo ou evidencia de treino.","Nao usar como ground truth, escore ou variavel derivada do rotulo."
eb2df6183ab279dd,2024,27/07/2024,Drenagem,Alagamentos,Concluído,Rua Professor Rubens Gomes de Souza,TARUMA,Unidade Regional Cajuru,Portal,True,False,1,pronto_para_geocodificar,none,"Candidato a geocodificacao; nao e coordenada, rotulo ou evidencia de treino.","Nao usar como ground truth, escore ou variavel derivada do rotulo."
8ee14409c71f2282,2024,22/07/2024,Drenagem,Alagamentos,Concluído,Rua Pastor Carlos Frank,BOQUEIRAO,Unidade Regional Boqueirao,Portal,True,False,1,pronto_para_geocodificar,none,"Candidato a geocodificacao; nao e coordenada, rotulo ou evidencia de treino.","Nao usar como ground truth, escore ou variavel derivada do rotulo."
e7010eb79ef703d0,2024,23/10/2024,Drenagem,Alagamentos,Concluído,Rua Reinaldino Schaffenberg de Quadros,CRISTO REI,Unidade Regional Matriz,Chat,True,False,1,pronto_para_geocodificar,none,"Candidato a geocodificacao; nao e coordenada, rotulo ou evidencia de treino.","Nao usar como ground truth, escore ou variavel derivada do rotulo."
057c36705569a04b,2024,24/10/2024,Drenagem,Alagamentos,Concluído,Rua Colômbia,BACACHERI,Unidade Regional Boa Vista,Telefone,True,False,1,pronto_para_geocodificar,none,"Candidato a geocodificacao; nao e coordenada, rotulo ou evidencia de treino.","Nao usar como ground truth, escore ou variavel derivada do rotulo."
cbaf959645a26a76,2024,05/04/2024,Drenagem,Alagamentos,Concluído,RUA SALVADOR FERRANTE,BOQUEIRAO,Unidade Regional Boqueirao,Telefone,True,False,1,pronto_para_geocodificar,none,"Candidato a geocodificacao; nao e coordenada, rotulo ou evidencia de treino.","Nao usar como ground truth, escore ou variavel derivada do rotulo."
06592f9c6c127246,2024,01/04/2024,Drenagem,Alagamentos,Concluído,Rua Agudos do Sul,SITIO CERCADO,Unidade Regional Bairro Novo,Portal,True,False,2,pronto_para_geocodificar,none,"Candidato a geocodificacao; nao e coordenada, rotulo ou evidencia de treino.","Nao usar como ground truth, escore ou variavel derivada do rotulo."
3d6adf0bee527947,2024,01/04/2024,Drenagem,Alagamentos,Concluído,Rua Professor João Duck Filho,XAXIM,Unidade Regional Boqueirao,Portal,True,False,1,pronto_para_geocodificar,none,"Candidato a geocodificacao; nao e coordenada, rotulo ou evidencia de treino.","Nao usar como ground truth, escore ou variavel derivada do rotulo."
ce3136f7283122fa,2024,21/10/2024,Drenagem,Alagamentos,Concluído,Rua Celeste Santi,AHU,Unidade Regional Matriz,Telefone,True,False,1,pronto_para_geocodificar,none,"Candidato a geocodificacao; nao e coordenada, rotulo ou evidencia de treino.","Nao usar como ground truth, escore ou variavel derivada do rotulo."
06592f9c6c127246,2024,01/04/2024,Drenagem,Alagamentos,Concluído,Rua Agudos do Sul,SITIO CERCADO,Unidade Regional Bairro Novo,Portal,True,False,2,pronto_para_geocodificar,none,"Candidato a geocodificacao; nao e coordenada, rotulo ou evidencia de treino.","Nao usar como ground truth, escore ou variavel derivada do rotulo."
0e3a0e520c3dff82,2024,23/10/2024,Drenagem,Alagamentos,Concluído,RUA COLOMBIA,BACACHERI,Unidade Regional Boa Vista,Telefone,True,False,1,pronto_para_geocodificar,none,"Candidato a geocodificacao; nao e coordenada, rotulo ou evidencia de treino.","Nao usar como ground truth, escore ou variavel derivada do rotulo."
432229ad5995de78,2024,23/10/2024,Drenagem,Alagamentos,Concluído,Rua Padre Estanislau Piasecki,CIDADE INDUSTRIAL,Unidade Regional CIC,Telefone,True,False,1,pronto_para_geocodificar,none,"Candidato a geocodificacao; nao e coordenada, rotulo ou evidencia de treino.","Nao usar como ground truth, escore ou variavel derivada do rotulo."
a4a4c8bd50873baf,2024,08/12/2024,Proteção ao cidadão - GM,"Enchentes, inundações ou alagamentos",Concluído,Rua Getúlio Pires de Arruda,CIDADE INDUSTRIAL,Unidade Regional CIC,Chat,True,False,1,pronto_para_geocodificar,none,"Candidato a geocodificacao; nao e coordenada, rotulo ou evidencia de treino.","Nao usar como ground truth, escore ou variavel derivada do rotulo."
3837312670e7b436,2024,08/12/2024,Drenagem,Alagamentos,Concluído,Edelzina de Jesus Santiago,CIDADE INDUSTRIAL,Unidade Regional CIC,Telefone,True,False,1,pronto_para_geocodificar,none,"Candidato a geocodificacao; nao e coordenada, rotulo ou evidencia de treino.","Nao usar como ground truth, escore ou variavel derivada do rotulo."
4666a97ae0445dc1,2024,08/12/2024,Proteção ao cidadão - GM,"Enchentes, inundações ou alagamentos",Concluído,RUA BISPO DOM JOSÉ,BATEL,Unidade Regional Matriz,Telefone,True,False,1,pronto_para_geocodificar,none,"Candidato a geocodificacao; nao e coordenada, rotulo ou evidencia de treino.","Nao usar como ground truth, escore ou variavel derivada do rotulo."
844f605e5eadabc0,2024,02/12/2024,Drenagem,Alagamentos,Concluído,Coronel Baeta de Faria,JARDIM DAS AMERICAS,Unidade Regional Cajuru,Portal,True,False,1,pronto_para_geocodificar,none,"Candidato a geocodificacao; nao e coordenada, rotulo ou evidencia de treino.","Nao usar como ground truth, escore ou variavel derivada do rotulo."
7514028a9f797d16,2024,02/12/2024,Drenagem,Alagamentos,Concluído,RUA ABELARDO MARTINS,SITIO CERCADO,Unidade Regional Bairro Novo,Telefone,True,False,1,pronto_para_geocodificar,none,"Candidato a geocodificacao; nao e coordenada, rotulo ou evidencia de treino.","Nao usar como ground truth, escore ou variavel derivada do rotulo."
bf8e58e00717e0d4,2024,02/12/2024,Drenagem,Alagamentos,Concluído,Rua Professor Fernando Carneiro,CIDADE INDUSTRIAL,Unidade Regional CIC,Telefone,True,False,1,pronto_para_geocodificar,none,"Candidato a geocodificacao; nao e coordenada, rotulo ou evidencia de treino.","Nao usar como ground truth, escore ou variavel derivada do rotulo."
3cedc64fbb537a33,2024,07/12/2024,Drenagem,Alagamentos,Concluído,RUA WALDOMIRO DALDIGAN,UBERABA,Unidade Regional Cajuru,Telefone,True,False,1,pronto_para_geocodificar,none,"Candidato a geocodificacao; nao e coordenada, rotulo ou evidencia de treino.","Nao usar como ground truth, escore ou variavel derivada do rotulo."
6f16708182a82280,2024,07/12/2024,Proteção ao cidadão - GM,"Enchentes, inundações ou alagamentos",Concluído,Rua da Bandeira,CABRAL,Unidade Regional Matriz,Telefone,True,False,1,pronto_para_geocodificar,none,"Candidato a geocodificacao; nao e coordenada, rotulo ou evidencia de treino.","Nao usar como ground truth, escore ou variavel derivada do rotulo."
6813b810307ecad5,2024,07/12/2024,Drenagem,Alagamentos,Concluído,RUA PRESIDENTE WILSON,UBERABA,Unidade Regional Cajuru,Telefone,True,False,1,pronto_para_geocodificar,none,"Candidato a geocodificacao; nao e coordenada, rotulo ou evidencia de treino.","Nao usar como ground truth, escore ou variavel derivada do rotulo."
0dcaf255f5a62d4a,2024,04/12/2024,Drenagem,Alagamentos,Aberto,Professor João Duck Filho,XAXIM,Unidade Regional Boqueirao,Portal,True,False,1,pronto_para_geocodificar,none,"Candidato a geocodificacao; nao e coordenada, rotulo ou evidencia de treino.","Nao usar como ground truth, escore ou variavel derivada do rotulo."
76cb02ecb5ee73b2,2024,04/12/2024,Drenagem,Alagamentos,Aberto,Theodorus Maria Gerardus Bon,CAMPO DE SANTANA,Unidade Regional Tatuquara,Portal,True,False,1,pronto_para_geocodificar,none,"Candidato a geocodificacao; nao e coordenada, rotulo ou evidencia de treino.","Nao usar como ground truth, escore ou variavel derivada do rotulo."
a81c01528de96081,2024,07/12/2024,Proteção ao cidadão - GM,"Enchentes, inundações ou alagamentos",Concluído,Rua Antenor Gomes Camargo,XAXIM,Unidade Regional Boqueirao,Telefone,True,False,1,pronto_para_geocodificar,none,"Candidato a geocodificacao; nao e coordenada, rotulo ou evidencia de treino.","Nao usar como ground truth, escore ou variavel derivada do rotulo."
d65af883cb072bd2,2024,07/12/2024,Drenagem,Alagamentos,Aberto,AVENIDA SANTA BERNADETHE,FANNY,Unidade Regional Pinheirinho,Telefone,True,False,1,pronto_para_geocodificar,none,"Candidato a geocodificacao; nao e coordenada, rotulo ou evidencia de treino.","Nao usar como ground truth, escore ou variavel derivada do rotulo."
8c412adab788cfca,2024,07/12/2024,Drenagem,Alagamentos,Concluído,RUA ODILON DE SANTA RITA BORBA,BACACHERI,Unidade Regional Boa Vista,Telefone,True,False,1,pronto_para_geocodificar,none,"Candidato a geocodificacao; nao e coordenada, rotulo ou evidencia de treino.","Nao usar como ground truth, escore ou variavel derivada do rotulo."
b9f8eec731f3fca9,2024,07/12/2024,Drenagem,Alagamentos,Aberto,Carlos Benato,SAO BRAZ,Unidade Regional Santa Felicidade,Portal,True,False,1,pronto_para_geocodificar,none,"Candidato a geocodificacao; nao e coordenada, rotulo ou evidencia de treino.","Nao usar como ground truth, escore ou variavel derivada do rotulo."
22540b54f0476565,2024,07/12/2024,Proteção ao cidadão - GM,"Enchentes, inundações ou alagamentos",Concluído,RUA STEFAN KIDA,CIDADE INDUSTRIAL,Unidade Regional CIC,Telefone,True,False,1,pronto_para_geocodificar,none,"Candidato a geocodificacao; nao e coordenada, rotulo ou evidencia de treino.","Nao usar como ground truth, escore ou variavel derivada do rotulo."
e55e9544636a0ce1,2024,07/12/2024,Proteção ao cidadão - GM,"Enchentes, inundações ou alagamentos",Concluído,RUA ANTERO DE QUENTAL,LINDOIA,Unidade Regional Pinheirinho,Telefone,True,False,1,pronto_para_geocodificar,none,"Candidato a geocodificacao; nao e coordenada, rotulo ou evidencia de treino.","Nao usar como ground truth, escore ou variavel derivada do rotulo."
14d82942f4778d22,2024,07/12/2024,Drenagem,Alagamentos,Concluído,Rua Mercedes Stresser,BAIRRO ALTO,Unidade Regional Boa Vista,Telefone,True,False,1,pronto_para_geocodificar,none,"Candidato a geocodificacao; nao e coordenada, rotulo ou evidencia de treino.","Nao usar como ground truth, escore ou variavel derivada do rotulo."
43c0ac14f95c3663,2024,07/12/2024,Proteção ao cidadão - GM,"Enchentes, inundações ou alagamentos",Concluído,RUA MARILEI CARVALHO,UBERABA,Unidade Regional Cajuru,Telefone,True,False,1,pronto_para_geocodificar,none,"Candidato a geocodificacao; nao e coordenada, rotulo ou evidencia de treino.","Nao usar como ground truth, escore ou variavel derivada do rotulo."
36d517f82249753b,2024,07/12/2024,Drenagem,Alagamentos,Concluído,Rua Ana Raimunda de Souza,CIDADE INDUSTRIAL,Unidade Regional CIC,Telefone,True,False,1,pronto_para_geocodificar,none,"Candidato a geocodificacao; nao e coordenada, rotulo ou evidencia de treino.","Nao usar como ground truth, escore ou variavel derivada do rotulo."
a81c01528de96081,2024,07/12/2024,Drenagem,Alagamentos,Concluído,Rua Antenor Gomes Camargo,XAXIM,Unidade Regional Boqueirao,Telefone,True,False,1,pronto_para_geocodificar,none,"Candidato a geocodificacao; nao e coordenada, rotulo ou evidencia de treino.","Nao usar como ground truth, escore ou variavel derivada do rotulo."
e3cafdaa82998d82,2024,07/12/2024,Drenagem,Alagamentos,Concluído,Rua France Mara de Campos,CAJURU,Unidade Regional Cajuru,Telefone,True,False,1,pronto_para_geocodificar,none,"Candidato a geocodificacao; nao e coordenada, rotulo ou evidencia de treino.","Nao usar como ground truth, escore ou variavel derivada do rotulo."
43c0ac14f95c3663,2024,07/12/2024,Drenagem,Alagamentos,Concluído,RUA MARILEI CARVALHO,UBERABA,Unidade Regional Cajuru,Telefone,True,False,1,pronto_para_geocodificar,none,"Candidato a geocodificacao; nao e coordenada, rotulo ou evidencia de treino.","Nao usar como ground truth, escore ou variavel derivada do rotulo."
0ce05ed268b35b5d,2024,07/12/2024,Proteção ao cidadão - GM,"Enchentes, inundações ou alagamentos",Concluído,RUA GUILHERME MARTINI,SANTA QUITERIA,Unidade Regional Portao,Telefone,True,False,1,pronto_para_geocodificar,none,"Candidato a geocodificacao; nao e coordenada, rotulo ou evidencia de treino.","Nao usar como ground truth, escore ou variavel derivada do rotulo."
d940006ceeb3f90a,2024,07/12/2024,Drenagem,Alagamentos,Concluído,João Kania,SANTA CANDIDA,Unidade Regional Boa Vista,Portal,True,False,1,pronto_para_geocodificar,none,"Candidato a geocodificacao; nao e coordenada, rotulo ou evidencia de treino.","Nao usar como ground truth, escore ou variavel derivada do rotulo."
016719e9ecde0788,2024,07/12/2024,Proteção ao cidadão - GM,"Enchentes, inundações ou alagamentos",Concluído,Rua General Álvaro Braga,PILARZINHO,Unidade Regional Boa Vista,Telefone,True,False,1,pronto_para_geocodificar,none,"Candidato a geocodificacao; nao e coordenada, rotulo ou evidencia de treino.","Nao usar como ground truth, escore ou variavel derivada do rotulo."
f342c427536aabee,2024,07/12/2024,Drenagem,Alagamentos,Concluído,Afrânio Peixoto,FAZENDINHA,Unidade Regional Portao,Portal,True,False,1,pronto_para_geocodificar,none,"Candidato a geocodificacao; nao e coordenada, rotulo ou evidencia de treino.","Nao usar como ground truth, escore ou variavel derivada do rotulo."
896c4d5161e90a2e,2024,07/12/2024,Drenagem,Alagamentos,Concluído,RUA JESUS FRANCISCO DA ROCHA,TATUQUARA,Unidade Regional Tatuquara,Telefone,True,False,2,pronto_para_geocodificar,none,"Candidato a geocodificacao; nao e coordenada, rotulo ou evidencia de treino.","Nao usar como ground truth, escore ou variavel derivada do rotulo."
016719e9ecde0788,2024,07/12/2024,Drenagem,Alagamentos,Concluído,Rua General Álvaro Braga,PILARZINHO,Unidade Regional Boa Vista,Telefone,True,False,1,pronto_para_geocodificar,none,"Candidato a geocodificacao; nao e coordenada, rotulo ou evidencia de treino.","Nao usar como ground truth, escore ou variavel derivada do rotulo."
b635303330002bd3,2024,07/12/2024,Proteção ao cidadão - GM,"Enchentes, inundações ou alagamentos",Concluído,AVENIDA HENRY FORD,LINDOIA,Unidade Regional Pinheirinho,Telefone,True,False,1,pronto_para_geocodificar,none,"Candidato a geocodificacao; nao e coordenada, rotulo ou evidencia de treino.","Nao usar como ground truth, escore ou variavel derivada do rotulo."
14d82942f4778d22,2024,07/12/2024,Proteção ao cidadão - GM,"Enchentes, inundações ou alagamentos",Concluído,Rua Mercedes Stresser,BAIRRO ALTO,Unidade Regional Boa Vista,Telefone,True,False,1,pronto_para_geocodificar,none,"Candidato a geocodificacao; nao e coordenada, rotulo ou evidencia de treino.","Nao usar como ground truth, escore ou variavel derivada do rotulo."
a2739e42884c12ad,2024,07/12/2024,Proteção ao cidadão - GM,"Enchentes, inundações ou alagamentos",Concluído,RUA FREI VICENTE SALVADOR,JARDIM DAS AMERICAS,Unidade Regional Cajuru,Telefone,True,False,1,pronto_para_geocodificar,none,"Candidato a geocodificacao; nao e coordenada, rotulo ou evidencia de treino.","Nao usar como ground truth, escore ou variavel derivada do rotulo."
653850cef879439c,2024,07/12/2024,Proteção ao cidadão - GM,"Enchentes, inundações ou alagamentos",Concluído,RUA LA SALLE,PINHEIRINHO,Unidade Regional Pinheirinho,Telefone,True,False,1,pronto_para_geocodificar,none,"Candidato a geocodificacao; nao e coordenada, rotulo ou evidencia de treino.","Nao usar como ground truth, escore ou variavel derivada do rotulo."
d65af883cb072bd2,2024,07/12/2024,Proteção ao cidadão - GM,"Enchentes, inundações ou alagamentos",Concluído,AVENIDA SANTA BERNADETHE,FANNY,Unidade Regional Pinheirinho,Telefone,True,False,1,pronto_para_geocodificar,none,"Candidato a geocodificacao; nao e coordenada, rotulo ou evidencia de treino.","Nao usar como ground truth, escore ou variavel derivada do rotulo."
896c4d5161e90a2e,2024,07/12/2024,Proteção ao cidadão - GM,"Enchentes, inundações ou alagamentos",Concluído,RUA JESUS FRANCISCO DA ROCHA,TATUQUARA,Unidade Regional Tatuquara,Telefone,True,False,1,pronto_para_geocodificar,none,"Candidato a geocodificacao; nao e coordenada, rotulo ou evidencia de treino.","Nao usar como ground truth, escore ou variavel derivada do rotulo."
896c4d5161e90a2e,2024,07/12/2024,Drenagem,Alagamentos,Concluído,RUA JESUS FRANCISCO DA ROCHA,TATUQUARA,Unidade Regional Tatuquara,Telefone,True,False,2,pronto_para_geocodificar,none,"Candidato a geocodificacao; nao e coordenada, rotulo ou evidencia de treino.","Nao usar como ground truth, escore ou variavel derivada do rotulo."
a2739e42884c12ad,2024,07/12/2024,Drenagem,Alagamentos,Concluído,RUA FREI VICENTE SALVADOR,JARDIM DAS AMERICAS,Unidade Regional Cajuru,Telefone,True,False,1,pronto_para_geocodificar,none,"Candidato a geocodificacao; nao e coordenada, rotulo ou evidencia de treino.","Nao usar como ground truth, escore ou variavel derivada do rotulo."
273409f4d187551e,2024,08/04/2024,Drenagem,Alagamentos,Concluído,Avenida Vereador Toaldo Túlio,SAO BRAZ,Unidade Regional Santa Felicidade,Portal,True,False,1,pronto_para_geocodificar,none,"Candidato a geocodificacao; nao e coordenada, rotulo ou evidencia de treino.","Nao usar como ground truth, escore ou variavel derivada do rotulo."
4bdd86b218f4a50e,2024,08/04/2024,Drenagem,Alagamentos,Concluído,Henry Ford,LINDOIA,Unidade Regional Pinheirinho,Portal,True,False,1,pronto_para_geocodificar,none,"Candidato a geocodificacao; nao e coordenada, rotulo ou evidencia de treino.","Nao usar como ground truth, escore ou variavel derivada do rotulo."
021fa265724e262d,2024,08/04/2024,Drenagem,Alagamentos,Concluído,Avenida República Argentina,AGUA VERDE,Unidade Regional Portao,Portal,True,False,1,pronto_para_geocodificar,none,"Candidato a geocodificacao; nao e coordenada, rotulo ou evidencia de treino.","Nao usar como ground truth, escore ou variavel derivada do rotulo."
238d295b2bca5a0d,2024,09/12/2024,Drenagem,Alagamentos,Concluído,Comendador Araújo,CENTRO,Unidade Regional Matriz,Portal,True,False,1,pronto_para_geocodificar,none,"Candidato a geocodificacao; nao e coordenada, rotulo ou evidencia de treino.","Nao usar como ground truth, escore ou variavel derivada do rotulo."
95339ce93b30ec9f,2024,09/12/2024,Drenagem,Alagamentos,Aberto,RUA MÉXICO,JARDIM SOCIAL,Unidade Regional Matriz,Telefone,True,False,1,pronto_para_geocodificar,none,"Candidato a geocodificacao; nao e coordenada, rotulo ou evidencia de treino.","Nao usar como ground truth, escore ou variavel derivada do rotulo."
5676c7cf701aaa1c,2024,25/06/2024,Drenagem,Alagamentos,Concluído,RUA EDUARDO COUTURE,JARDIM DAS AMERICAS,Unidade Regional Cajuru,Telefone,True,False,1,pronto_para_geocodificar,none,"Candidato a geocodificacao; nao e coordenada, rotulo ou evidencia de treino.","Nao usar como ground truth, escore ou variavel derivada do rotulo."
dcea73aa50852539,2024,09/12/2024,Drenagem,Alagamentos,Concluído,Maria Bauer Siegmund,PILARZINHO,Unidade Regional Boa Vista,Telefone,True,False,1,pronto_para_geocodificar,none,"Candidato a geocodificacao; nao e coordenada, rotulo ou evidencia de treino.","Nao usar como ground truth, escore ou variavel derivada do rotulo."
8ff539c73806c1d0,2024,09/12/2024,Drenagem,Alagamentos,Aberto,Rua Catarina Goossen,XAXIM,Unidade Regional Boqueirao,Telefone,True,False,1,pronto_para_geocodificar,none,"Candidato a geocodificacao; nao e coordenada, rotulo ou evidencia de treino.","Nao usar como ground truth, escore ou variavel derivada do rotulo."
b8f5cc7db1aedab8,2024,09/12/2024,Proteção ao cidadão - GM,"Enchentes, inundações ou alagamentos",Concluído,AVENIDA MANOEL RIBAS,MERCES,Unidade Regional Matriz,Telefone,True,False,1,pronto_para_geocodificar,none,"Candidato a geocodificacao; nao e coordenada, rotulo ou evidencia de treino.","Nao usar como ground truth, escore ou variavel derivada do rotulo."
b8f5cc7db1aedab8,2024,09/12/2024,Drenagem,Alagamentos,Concluído,AVENIDA MANOEL RIBAS,MERCES,Unidade Regional Matriz,Telefone,True,False,1,pronto_para_geocodificar,none,"Candidato a geocodificacao; nao e coordenada, rotulo ou evidencia de treino.","Nao usar como ground truth, escore ou variavel derivada do rotulo."
a18d0b9d3444936e,2024,10/12/2024,Drenagem,Alagamentos,Aberto,Benedito França,CAPAO DA IMBUIA,Unidade Regional Cajuru,Portal,True,False,1,pronto_para_geocodificar,none,"Candidato a geocodificacao; nao e coordenada, rotulo ou evidencia de treino.","Nao usar como ground truth, escore ou variavel derivada do rotulo."
87e5b7c549907ba0,2024,10/12/2024,Drenagem,Alagamentos,Concluído,Manoela Stier Reiss,UBERABA,Unidade Regional Cajuru,Portal,True,False,2,pronto_para_geocodificar,none,"Candidato a geocodificacao; nao e coordenada, rotulo ou evidencia de treino.","Nao usar como ground truth, escore ou variavel derivada do rotulo."
87e5b7c549907ba0,2024,10/12/2024,Drenagem,Alagamentos,Concluído,Manoela Stier Reiss,UBERABA,Unidade Regional Cajuru,Portal,True,False,2,pronto_para_geocodificar,none,"Candidato a geocodificacao; nao e coordenada, rotulo ou evidencia de treino.","Nao usar como ground truth, escore ou variavel derivada do rotulo."
316e1531fb245c21,2024,11/12/2024,Drenagem,Alagamentos,Aberto,Rua Iporã,ALTO BOQUEIRAO,Unidade Regional Boqueirao,Telefone,True,False,1,pronto_para_geocodificar,none,"Candidato a geocodificacao; nao e coordenada, rotulo ou evidencia de treino.","Nao usar como ground truth, escore ou variavel derivada do rotulo."
876952f4d4cfb019,2024,10/12/2024,Proteção ao cidadão - GM,"Enchentes, inundações ou alagamentos",Concluído,RUA DOUTOR WALDEMIRO PEREIRA,CAPAO RASO,Unidade Regional Pinheirinho,Telefone,True,False,1,pronto_para_geocodificar,none,"Candidato a geocodificacao; nao e coordenada, rotulo ou evidencia de treino.","Nao usar como ground truth, escore ou variavel derivada do rotulo."
d6698a7484b34aca,2024,25/06/2024,Drenagem,Alagamentos,Concluído,RUA FRANCISCO ROCHA,BIGORRILHO,Unidade Regional Matriz,Telefone,True,False,1,pronto_para_geocodificar,none,"Candidato a geocodificacao; nao e coordenada, rotulo ou evidencia de treino.","Nao usar como ground truth, escore ou variavel derivada do rotulo."
cbd3eefba7da8d6a,2024,28/06/2024,Drenagem,Alagamentos,Concluído,RUA ROSIANE JACOMEL,CIDADE INDUSTRIAL,Unidade Regional CIC,Telefone,True,False,1,pronto_para_geocodificar,none,"Candidato a geocodificacao; nao e coordenada, rotulo ou evidencia de treino.","Nao usar como ground truth, escore ou variavel derivada do rotulo."
4a599fca0934161d,2024,13/12/2024,Drenagem,Alagamentos,Concluído,Dona Eleusina Plaisant,SANTA QUITERIA,Unidade Regional Portao,Portal,True,False,1,pronto_para_geocodificar,none,"Candidato a geocodificacao; nao e coordenada, rotulo ou evidencia de treino.","Nao usar como ground truth, escore ou variavel derivada do rotulo."
0619e93a3c4321e1,2024,08/08/2024,Drenagem,Alagamentos,Concluído,Senador Nereu Ramos,GUABIROTUBA,Unidade Regional Cajuru,Portal,True,False,1,pronto_para_geocodificar,none,"Candidato a geocodificacao; nao e coordenada, rotulo ou evidencia de treino.","Nao usar como ground truth, escore ou variavel derivada do rotulo."
3837312670e7b436,2024,08/12/2024,Proteção ao cidadão - GM,"Enchentes, inundações ou alagamentos",Concluído,Edelzina de Jesus Santiago,CIDADE INDUSTRIAL,Unidade Regional CIC,Telefone,True,False,1,pronto_para_geocodificar,none,"Candidato a geocodificacao; nao e coordenada, rotulo ou evidencia de treino.","Nao usar como ground truth, escore ou variavel derivada do rotulo."
a96fd08fa3f29cbe,2024,09/12/2024,Drenagem,Alagamentos,Concluído,Esper Jorge Chueri,CAJURU,Unidade Regional Cajuru,Portal,True,False,1,pronto_para_geocodificar,none,"Candidato a geocodificacao; nao e coordenada, rotulo ou evidencia de treino.","Nao usar como ground truth, escore ou variavel derivada do rotulo."
8ff539c73806c1d0,2024,09/12/2024,Proteção ao cidadão - GM,"Enchentes, inundações ou alagamentos",Concluído,Rua Catarina Goossen,XAXIM,Unidade Regional Boqueirao,Telefone,True,False,1,pronto_para_geocodificar,none,"Candidato a geocodificacao; nao e coordenada, rotulo ou evidencia de treino.","Nao usar como ground truth, escore ou variavel derivada do rotulo."
b8bb8ad84949aa6f,2024,24/06/2024,Drenagem,Alagamentos,Concluído,Rua Jorge Gazal,CIDADE INDUSTRIAL,Unidade Regional CIC,Portal,True,False,2,pronto_para_geocodificar,none,"Candidato a geocodificacao; nao e coordenada, rotulo ou evidencia de treino.","Nao usar como ground truth, escore ou variavel derivada do rotulo."
b8bb8ad84949aa6f,2024,24/06/2024,Drenagem,Alagamentos,Concluído,Rua Jorge Gazal,CIDADE INDUSTRIAL,Unidade Regional CIC,Telefone,True,False,2,pronto_para_geocodificar,none,"Candidato a geocodificacao; nao e coordenada, rotulo ou evidencia de treino.","Nao usar como ground truth, escore ou variavel derivada do rotulo."
2a41b23d75c047c0,2024,26/06/2024,Drenagem,Alagamentos,Concluído,RUA MARECHAL OCTÁVIO SALDANHA MAZZA,PINHEIRINHO,Unidade Regional Pinheirinho,Telefone,True,False,1,pronto_para_geocodificar,none,"Candidato a geocodificacao; nao e coordenada, rotulo ou evidencia de treino.","Nao usar como ground truth, escore ou variavel derivada do rotulo."
b78944dba8c6e258,2024,07/11/2024,Drenagem,Alagamentos,Concluído,Antônio Pastre,CIDADE INDUSTRIAL,Unidade Regional CIC,Portal,True,False,1,pronto_para_geocodificar,none,"Candidato a geocodificacao; nao e coordenada, rotulo ou evidencia de treino.","Nao usar como ground truth, escore ou variavel derivada do rotulo."
f909f8782e63bcb2,2024,07/11/2024,Drenagem,Alagamentos,Aberto,Presidente Faria,CENTRO,Unidade Regional Matriz,Portal,True,False,1,pronto_para_geocodificar,none,"Candidato a geocodificacao; nao e coordenada, rotulo ou evidencia de treino.","Nao usar como ground truth, escore ou variavel derivada do rotulo."
1bb880896aac2ffe,2024,03/11/2024,Drenagem,Alagamentos,Concluído,RUA COLOMBIA,BACACHERI,Unidade Regional Boa Vista,Telefone,True,False,1,pronto_para_geocodificar,none,"Candidato a geocodificacao; nao e coordenada, rotulo ou evidencia de treino.","Nao usar como ground truth, escore ou variavel derivada do rotulo."
9931e03cc0717040,2024,07/07/2024,Drenagem,Alagamentos,Concluído,RUA GUILHERME DE SOUZA VALENTE,ABRANCHES,Unidade Regional Boa Vista,Portal,True,False,1,pronto_para_geocodificar,none,"Candidato a geocodificacao; nao e coordenada, rotulo ou evidencia de treino.","Nao usar como ground truth, escore ou variavel derivada do rotulo."
5b890fa28700692c,2024,24/04/2024,Drenagem,Alagamentos,Concluído,Rua Francisco Derosso,XAXIM,Unidade Regional Boqueirao,Portal,True,False,1,pronto_para_geocodificar,none,"Candidato a geocodificacao; nao e coordenada, rotulo ou evidencia de treino.","Nao usar como ground truth, escore ou variavel derivada do rotulo."
0744e6916bfca676,2024,02/07/2024,Drenagem,Alagamentos,Concluído,Rua Diogo Mugiatti,BOQUEIRAO,Unidade Regional Boqueirao,Portal,True,False,1,pronto_para_geocodificar,none,"Candidato a geocodificacao; nao e coordenada, rotulo ou evidencia de treino.","Nao usar como ground truth, escore ou variavel derivada do rotulo."
bf6906d461f1c268,2024,24/04/2024,Drenagem,Alagamentos,Concluído,Avenida Presidente Getúlio Vargas,VILA IZABEL,Unidade Regional Portao,Portal,True,False,1,pronto_para_geocodificar,none,"Candidato a geocodificacao; nao e coordenada, rotulo ou evidencia de treino.","Nao usar como ground truth, escore ou variavel derivada do rotulo."
1e95f25c2a9876fa,2024,26/04/2024,Drenagem,Alagamentos,Concluído,RUA DESEMBARGADOR JOSÉ CARLOS RIBEIRO RIBAS,ABRANCHES,Unidade Regional Boa Vista,Telefone,True,False,1,pronto_para_geocodificar,none,"Candidato a geocodificacao; nao e coordenada, rotulo ou evidencia de treino.","Nao usar como ground truth, escore ou variavel derivada do rotulo."
4ff80f533962c0dc,2024,02/07/2024,Drenagem,Alagamentos,Concluído,RUA MILTON MIRAMIR VISINONI,SITIO CERCADO,Unidade Regional Bairro Novo,Telefone,True,False,1,pronto_para_geocodificar,none,"Candidato a geocodificacao; nao e coordenada, rotulo ou evidencia de treino.","Nao usar como ground truth, escore ou variavel derivada do rotulo."
8b11ff8d4eccbfa4,2024,16/12/2024,Drenagem,Alagamentos,Concluído,RUA ODILON DE SANTA RITA BORBA,BACACHERI,Unidade Regional Boa Vista,Telefone,True,False,1,pronto_para_geocodificar,none,"Candidato a geocodificacao; nao e coordenada, rotulo ou evidencia de treino.","Nao usar como ground truth, escore ou variavel derivada do rotulo."
d38eece76cba6608,2024,17/12/2024,Drenagem,Alagamentos,Aberto,Padre Júlio Saavedra,UBERABA,Unidade Regional Cajuru,Portal,True,False,1,pronto_para_geocodificar,none,"Candidato a geocodificacao; nao e coordenada, rotulo ou evidencia de treino.","Nao usar como ground truth, escore ou variavel derivada do rotulo."
c0486f416b9d0ace,2024,13/11/2024,Drenagem,Alagamentos,Concluído,Doutor Petrônio Romero de Souza,CAJURU,Unidade Regional Cajuru,Portal,True,False,1,pronto_para_geocodificar,none,"Candidato a geocodificacao; nao e coordenada, rotulo ou evidencia de treino.","Nao usar como ground truth, escore ou variavel derivada do rotulo."
334df3a2b4843877,2024,11/11/2024,Drenagem,Alagamentos,Concluído,RUA XV DE NOVEMBRO,CENTRO,Unidade Regional Matriz,Telefone,True,False,1,pronto_para_geocodificar,none,"Candidato a geocodificacao; nao e coordenada, rotulo ou evidencia de treino.","Nao usar como ground truth, escore ou variavel derivada do rotulo."
172830ea36efb59c,2024,11/07/2024,Drenagem,Alagamentos,Concluído,Rua Coronel Irazê Paes Brasil,TARUMA,Unidade Regional Cajuru,Portal,True,False,1,pronto_para_geocodificar,none,"Candidato a geocodificacao; nao e coordenada, rotulo ou evidencia de treino.","Nao usar como ground truth, escore ou variavel derivada do rotulo."
dab3853d511a27a8,2024,11/07/2024,Drenagem,Alagamentos,Concluído,Rua General Polli Coelho,TARUMA,Unidade Regional Cajuru,Portal,True,False,1,pronto_para_geocodificar,none,"Candidato a geocodificacao; nao e coordenada, rotulo ou evidencia de treino.","Nao usar como ground truth, escore ou variavel derivada do rotulo."
1ebf326aa6ac26b6,2024,09/07/2024,Drenagem,Alagamentos,Concluído,Rua Bororós,VILA IZABEL,Unidade Regional Portao,Telefone,True,False,1,pronto_para_geocodificar,none,"Candidato a geocodificacao; nao e coordenada, rotulo ou evidencia de treino.","Nao usar como ground truth, escore ou variavel derivada do rotulo."
4f3c764c17d5dccf,2024,09/07/2024,Drenagem,Alagamentos,Concluído,RUA BOROROS,PORTAO,Unidade Regional Portao,Portal,True,False,1,pronto_para_geocodificar,none,"Candidato a geocodificacao; nao e coordenada, rotulo ou evidencia de treino.","Nao usar como ground truth, escore ou variavel derivada do rotulo."
e5f82818d002a3b2,2024,28/12/2024,Drenagem,Alagamentos,Aberto,Hussein Ibrahim Omairy,SITIO CERCADO,Unidade Regional Bairro Novo,Portal,True,False,1,pronto_para_geocodificar,none,"Candidato a geocodificacao; nao e coordenada, rotulo ou evidencia de treino.","Nao usar como ground truth, escore ou variavel derivada do rotulo."
a8f5d353b4be64ff,2024,31/12/2024,Proteção ao cidadão - GM,"Enchentes, inundações ou alagamentos",Respondido,Rua Iporã,ALTO BOQUEIRAO,Unidade Regional Boqueirao,Telefone,True,False,1,pronto_para_geocodificar,none,"Candidato a geocodificacao; nao e coordenada, rotulo ou evidencia de treino.","Nao usar como ground truth, escore ou variavel derivada do rotulo."
0f86fcadc9aaf2cf,2024,31/12/2024,Proteção ao cidadão - GM,"Enchentes, inundações ou alagamentos",Respondido,Rua Santa Amélia,XAXIM,Unidade Regional Boqueirao,Telefone,True,False,1,pronto_para_geocodificar,none,"Candidato a geocodificacao; nao e coordenada, rotulo ou evidencia de treino.","Nao usar como ground truth, escore ou variavel derivada do rotulo."
0f86fcadc9aaf2cf,2024,31/12/2024,Drenagem,Alagamentos,Aberto,Rua Santa Amélia,XAXIM,Unidade Regional Boqueirao,Telefone,True,False,1,pronto_para_geocodificar,none,"Candidato a geocodificacao; nao e coordenada, rotulo ou evidencia de treino.","Nao usar como ground truth, escore ou variavel derivada do rotulo."
c2e50321b06e5999,2024,10/05/2024,Drenagem,Alagamentos,Concluído,Rua José Zaleski,CAPAO RASO,Unidade Regional Pinheirinho,Portal,True,False,1,pronto_para_geocodificar,none,"Candidato a geocodificacao; nao e coordenada, rotulo ou evidencia de treino.","Nao usar como ground truth, escore ou variavel derivada do rotulo."
8819a0b912484903,2024,06/05/2024,Drenagem,Alagamentos,Concluído,Rua Isaías Régis de Miranda,BOQUEIRAO,Unidade Regional Boqueirao,Portal,True,False,1,pronto_para_geocodificar,none,"Candidato a geocodificacao; nao e coordenada, rotulo ou evidencia de treino.","Nao usar como ground truth, escore ou variavel derivada do rotulo."
6ae7fc4bd1db0472,2024,22/05/2024,Drenagem,Alagamentos,Concluído,RUA CONDE DOS ARCOS,NOVO MUNDO,Unidade Regional Pinheirinho,Portal,True,False,1,pronto_para_geocodificar,none,"Candidato a geocodificacao; nao e coordenada, rotulo ou evidencia de treino.","Nao usar como ground truth, escore ou variavel derivada do rotulo."
1af648b8947efcd0,2024,20/05/2024,Drenagem,Alagamentos,Concluído,RUA ALCIDES THERÉZIO DE CARVALHO,GUABIROTUBA,Unidade Regional Cajuru,Portal,True,False,1,pronto_para_geocodificar,none,"Candidato a geocodificacao; nao e coordenada, rotulo ou evidencia de treino.","Nao usar como ground truth, escore ou variavel derivada do rotulo."
7fbdc9637dc77510,2024,20/05/2024,Drenagem,Alagamentos,Concluído,Rua José Zaleski,CAPAO RASO,Unidade Regional Pinheirinho,Portal,True,False,1,pronto_para_geocodificar,none,"Candidato a geocodificacao; nao e coordenada, rotulo ou evidencia de treino.","Nao usar como ground truth, escore ou variavel derivada do rotulo."
39bbba9529398650,2024,24/05/2024,Proteção ao cidadão - GM,"Enchentes, inundações ou alagamentos",Concluído,AVENIDA PRESIDENTE WENCESLAU BRAZ,PAROLIN,Unidade Regional Portao,Telefone,True,False,1,pronto_para_geocodificar,none,"Candidato a geocodificacao; nao e coordenada, rotulo ou evidencia de treino.","Nao usar como ground truth, escore ou variavel derivada do rotulo."
3e613ef1ea671ad1,2024,24/05/2024,Drenagem,Alagamentos,Concluído,Rua Padre Estanislau Piasecki,CIDADE INDUSTRIAL,Unidade Regional CIC,Telefone,True,False,1,pronto_para_geocodificar,none,"Candidato a geocodificacao; nao e coordenada, rotulo ou evidencia de treino.","Nao usar como ground truth, escore ou variavel derivada do rotulo."
35a2caccf7a283f4,2024,16/09/2024,Drenagem,Alagamentos,Concluído,RUA PROFESSOR LYCIO GREIN DE CASTRO VELLOZO,MERCES,Unidade Regional Matriz,Telefone,True,False,1,pronto_para_geocodificar,none,"Candidato a geocodificacao; nao e coordenada, rotulo ou evidencia de treino.","Nao usar como ground truth, escore ou variavel derivada do rotulo."
c0cd2fe727fc70b9,2024,20/09/2024,Drenagem,Alagamentos,Concluído,Pérola do Oeste,SITIO CERCADO,Unidade Regional Bairro Novo,Portal,True,False,1,pronto_para_geocodificar,none,"Candidato a geocodificacao; nao e coordenada, rotulo ou evidencia de treino.","Nao usar como ground truth, escore ou variavel derivada do rotulo."
3a7816ef7cd25411,2024,18/09/2024,Drenagem,Alagamentos,Concluído,Inácio Wolski,CIDADE INDUSTRIAL,Unidade Regional CIC,Portal,True,False,1,pronto_para_geocodificar,none,"Candidato a geocodificacao; nao e coordenada, rotulo ou evidencia de treino.","Nao usar como ground truth, escore ou variavel derivada do rotulo."
f431709d70cf435b,2024,24/09/2024,Drenagem,Alagamentos,Concluído,Anne Frank,BOQUEIRAO,Unidade Regional Boqueirao,Portal,True,False,1,pronto_para_geocodificar,none,"Candidato a geocodificacao; nao e coordenada, rotulo ou evidencia de treino.","Nao usar como ground truth, escore ou variavel derivada do rotulo."
45607cc83bfe5fef,2024,06/10/2024,Drenagem,Alagamentos,Concluído,Albino Kaminski,BAIRRO ALTO,Unidade Regional Boa Vista,Portal,True,False,1,pronto_para_geocodificar,none,"Candidato a geocodificacao; nao e coordenada, rotulo ou evidencia de treino.","Nao usar como ground truth, escore ou variavel derivada do rotulo."
331f65d806030955,2024,03/10/2024,Drenagem,Alagamentos,Concluído,Rua Vereador Antenor Pamphilo dos Santos,VISTA ALEGRE,Unidade Regional Santa Felicidade,Telefone,True,False,1,pronto_para_geocodificar,none,"Candidato a geocodificacao; nao e coordenada, rotulo ou evidencia de treino.","Nao usar como ground truth, escore ou variavel derivada do rotulo."
1d76631b405423df,2024,02/10/2024,Proteção ao cidadão - GM,"Enchentes, inundações ou alagamentos",Aberto,Olímpio Dos Santos,PORTAO,Unidade Regional Portao,Telefone,True,False,1,pronto_para_geocodificar,none,"Candidato a geocodificacao; nao e coordenada, rotulo ou evidencia de treino.","Nao usar como ground truth, escore ou variavel derivada do rotulo."
11acacfcd382e46a,2024,02/10/2024,Drenagem,Alagamentos,Concluído,Rua Izolina Moletta Maurer,CIDADE INDUSTRIAL,Unidade Regional CIC,Telefone,True,False,1,pronto_para_geocodificar,none,"Candidato a geocodificacao; nao e coordenada, rotulo ou evidencia de treino.","Nao usar como ground truth, escore ou variavel derivada do rotulo."
8119bd55b4d3d233,2024,02/10/2024,Drenagem,Alagamentos,Concluído,Afrânio Peixoto,FAZENDINHA,Unidade Regional Portao,Portal,True,False,1,pronto_para_geocodificar,none,"Candidato a geocodificacao; nao e coordenada, rotulo ou evidencia de treino.","Nao usar como ground truth, escore ou variavel derivada do rotulo."
4c0e01102f7888a6,2024,02/10/2024,Drenagem,Alagamentos,Concluído,Padre Antônio,CENTRO,Unidade Regional Matriz,Portal,True,False,1,pronto_para_geocodificar,none,"Candidato a geocodificacao; nao e coordenada, rotulo ou evidencia de treino.","Nao usar como ground truth, escore ou variavel derivada do rotulo."
e6870fe7a72759ff,2024,02/10/2024,Drenagem,Alagamentos,Concluído,RUA COLOMBIA,BACACHERI,Unidade Regional Boa Vista,Telefone,True,False,1,pronto_para_geocodificar,none,"Candidato a geocodificacao; nao e coordenada, rotulo ou evidencia de treino.","Nao usar como ground truth, escore ou variavel derivada do rotulo."
9afb2e0c8841fe7b,2024,02/10/2024,Drenagem,Alagamentos,Concluído,das Carmelitas,BOQUEIRAO,Unidade Regional Boqueirao,Portal,True,False,1,pronto_para_geocodificar,none,"Candidato a geocodificacao; nao e coordenada, rotulo ou evidencia de treino.","Nao usar como ground truth, escore ou variavel derivada do rotulo."
d5ea2629ce12bb8c,2024,18/05/2024,Drenagem,Alagamentos,Concluído,Rua Lodovico Geronazzo,BOA VISTA,Unidade Regional Boa Vista,Portal,True,False,1,pronto_para_geocodificar,none,"Candidato a geocodificacao; nao e coordenada, rotulo ou evidencia de treino.","Nao usar como ground truth, escore ou variavel derivada do rotulo."
22722284cf7758c6,2024,18/05/2024,Drenagem,Alagamentos,Concluído,Rua Paranaguá,PORTAO,Unidade Regional Portao,Portal,True,False,1,pronto_para_geocodificar,none,"Candidato a geocodificacao; nao e coordenada, rotulo ou evidencia de treino.","Nao usar como ground truth, escore ou variavel derivada do rotulo."
5fc00eb5090b0e9c,2024,18/05/2024,Drenagem,Alagamentos,Concluído,RUA RAYMUNDO NINA RODRIGUES,CAJURU,Unidade Regional Cajuru,Telefone,True,False,1,pronto_para_geocodificar,none,"Candidato a geocodificacao; nao e coordenada, rotulo ou evidencia de treino.","Nao usar como ground truth, escore ou variavel derivada do rotulo."
4a43688b14e7124b,2024,18/05/2024,Drenagem,Alagamentos,Concluído,Rua Waldemar Orso,CAMPO DE SANTANA,Unidade Regional Tatuquara,Telefone,True,False,1,pronto_para_geocodificar,none,"Candidato a geocodificacao; nao e coordenada, rotulo ou evidencia de treino.","Nao usar como ground truth, escore ou variavel derivada do rotulo."
4a43688b14e7124b,2024,18/05/2024,Proteção ao cidadão - GM,"Enchentes, inundações ou alagamentos",Concluído,Rua Waldemar Orso,CAMPO DE SANTANA,Unidade Regional Tatuquara,Telefone,True,False,1,pronto_para_geocodificar,none,"Candidato a geocodificacao; nao e coordenada, rotulo ou evidencia de treino.","Nao usar como ground truth, escore ou variavel derivada do rotulo."
eef2c26fac73f3a5,2024,18/05/2024,Drenagem,Alagamentos,Concluído,Rua Baldur Magnus Grubba,NOVO MUNDO,Unidade Regional Pinheirinho,Telefone,True,False,1,pronto_para_geocodificar,none,"Candidato a geocodificacao; nao e coordenada, rotulo ou evidencia de treino.","Nao usar como ground truth, escore ou variavel derivada do rotulo."
3edbd53095c7976d,2024,14/05/2024,Drenagem,Alagamentos,Concluído,Rua General Daltro Filho,SEMINARIO,Unidade Regional Portao,Portal,True,False,1,pronto_para_geocodificar,none,"Candidato a geocodificacao; nao e coordenada, rotulo ou evidencia de treino.","Nao usar como ground truth, escore ou variavel derivada do rotulo."
942598fc72922da7,2024,10/01/2024,Drenagem,Alagamentos,Concluído,Rua Doutor Augusto Lobo de Moura,FAZENDINHA,Unidade Regional Portao,Portal,True,False,2,pronto_para_geocodificar,none,"Candidato a geocodificacao; nao e coordenada, rotulo ou evidencia de treino.","Nao usar como ground truth, escore ou variavel derivada do rotulo."
4a3d3f24d0165ca0,2024,09/01/2024,Drenagem,Alagamentos,Concluído,Rua Município de Eneas Marques,CIDADE INDUSTRIAL,Unidade Regional CIC,Telefone,True,False,1,pronto_para_geocodificar,none,"Candidato a geocodificacao; nao e coordenada, rotulo ou evidencia de treino.","Nao usar como ground truth, escore ou variavel derivada do rotulo."
51b6146036092cd0,2024,09/01/2024,Drenagem,Alagamentos,Concluído,Rua Izolina Moletta Maurer,CIDADE INDUSTRIAL,Unidade Regional CIC,Telefone,True,False,1,pronto_para_geocodificar,none,"Candidato a geocodificacao; nao e coordenada, rotulo ou evidencia de treino.","Nao usar como ground truth, escore ou variavel derivada do rotulo."
b1047222502f7f0f,2024,09/01/2024,Drenagem,Alagamentos,Concluído,RUA NICOLAU VOROBI,CIDADE INDUSTRIAL,Unidade Regional CIC,Telefone,True,False,1,pronto_para_geocodificar,none,"Candidato a geocodificacao; nao e coordenada, rotulo ou evidencia de treino.","Nao usar como ground truth, escore ou variavel derivada do rotulo."
b1047222502f7f0f,2024,09/01/2024,Proteção ao cidadão - GM,"Enchentes, inundações ou alagamentos",Concluído,RUA NICOLAU VOROBI,CIDADE INDUSTRIAL,Unidade Regional CIC,Telefone,True,False,1,pronto_para_geocodificar,none,"Candidato a geocodificacao; nao e coordenada, rotulo ou evidencia de treino.","Nao usar como ground truth, escore ou variavel derivada do rotulo."
942598fc72922da7,2024,10/01/2024,Drenagem,Alagamentos,Concluído,Rua Doutor Augusto Lobo de Moura,FAZENDINHA,Unidade Regional Portao,Portal,True,False,2,pronto_para_geocodificar,none,"Candidato a geocodificacao; nao e coordenada, rotulo ou evidencia de treino.","Nao usar como ground truth, escore ou variavel derivada do rotulo."
5fccbd64b3c604f1,2024,11/01/2024,Drenagem,Alagamentos,Concluído,Rua Maria Luiza Ribeiro Puchalski,CAJURU,Unidade Regional Cajuru,Portal,True,False,1,pronto_para_geocodificar,none,"Candidato a geocodificacao; nao e coordenada, rotulo ou evidencia de treino.","Nao usar como ground truth, escore ou variavel derivada do rotulo."
03c27557cc6aaa9a,2024,11/01/2024,Drenagem,Alagamentos,Concluído,Rua Jaime Rodrigues da Rocha,CAPAO RASO,Unidade Regional Pinheirinho,Portal,True,False,1,pronto_para_geocodificar,none,"Candidato a geocodificacao; nao e coordenada, rotulo ou evidencia de treino.","Nao usar como ground truth, escore ou variavel derivada do rotulo."
884239d2763f4939,2024,17/01/2024,Drenagem,Alagamentos,Concluído,Avenida Vereador Toaldo Túlio,SAO BRAZ,Unidade Regional Santa Felicidade,Portal,True,False,1,pronto_para_geocodificar,none,"Candidato a geocodificacao; nao e coordenada, rotulo ou evidencia de treino.","Nao usar como ground truth, escore ou variavel derivada do rotulo."
82dd0d42dc7b122f,2024,17/01/2024,Drenagem,Alagamentos,Concluído,Rua José Rossetim,SANTO INACIO,Unidade Regional Santa Felicidade,Portal,True,False,1,pronto_para_geocodificar,none,"Candidato a geocodificacao; nao e coordenada, rotulo ou evidencia de treino.","Nao usar como ground truth, escore ou variavel derivada do rotulo."
750bc937aeedd3fa,2024,17/01/2024,Drenagem,Alagamentos,Concluído,Rua Guilherme Pugsley,AGUA VERDE,Unidade Regional Portao,Telefone,True,False,1,pronto_para_geocodificar,none,"Candidato a geocodificacao; nao e coordenada, rotulo ou evidencia de treino.","Nao usar como ground truth, escore ou variavel derivada do rotulo."
201d59ddb266fefc,2024,17/01/2024,Drenagem,Alagamentos,Concluído,Rua Salustiano Cordeiro,AGUA VERDE,Unidade Regional Portao,Telefone,True,False,2,pronto_para_geocodificar,none,"Candidato a geocodificacao; nao e coordenada, rotulo ou evidencia de treino.","Nao usar como ground truth, escore ou variavel derivada do rotulo."
201d59ddb266fefc,2024,17/01/2024,Drenagem,Alagamentos,Concluído,Rua Salustiano Cordeiro,AGUA VERDE,Unidade Regional Portao,Chat,True,False,2,pronto_para_geocodificar,none,"Candidato a geocodificacao; nao e coordenada, rotulo ou evidencia de treino.","Nao usar como ground truth, escore ou variavel derivada do rotulo."
d5717f4accbdd21b,2024,18/01/2024,Drenagem,Alagamentos,Concluído,Rua José Risseto,SANTA FELICIDADE,Unidade Regional Santa Felicidade,Portal,True,False,1,pronto_para_geocodificar,none,"Candidato a geocodificacao; nao e coordenada, rotulo ou evidencia de treino.","Nao usar como ground truth, escore ou variavel derivada do rotulo."
0ad6a661b34d8f05,2024,19/01/2024,Drenagem,Alagamentos,Concluído,Rua Flávio Dallegrave,BARREIRINHA,Unidade Regional Boa Vista,Portal,True,False,1,pronto_para_geocodificar,none,"Candidato a geocodificacao; nao e coordenada, rotulo ou evidencia de treino.","Nao usar como ground truth, escore ou variavel derivada do rotulo."
8a58bef9a0ce0511,2024,18/01/2024,Proteção ao cidadão - GM,"Enchentes, inundações ou alagamentos",Concluído,Travessa José Aníbal Dutra Lamin,TATUQUARA,Unidade Regional Tatuquara,Telefone,True,False,1,pronto_para_geocodificar,none,"Candidato a geocodificacao; nao e coordenada, rotulo ou evidencia de treino.","Nao usar como ground truth, escore ou variavel derivada do rotulo."
d1d700e8c21d629d,2024,19/01/2024,Drenagem,Alagamentos,Concluído,Rua Brigadeiro Franco,MERCES,Unidade Regional Matriz,Portal,True,False,1,pronto_para_geocodificar,none,"Candidato a geocodificacao; nao e coordenada, rotulo ou evidencia de treino.","Nao usar como ground truth, escore ou variavel derivada do rotulo."
225b1770a8f83ea4,2024,19/01/2024,Drenagem,Alagamentos,Concluído,Rua Antônio Turíbio Teixeira Braga,BUTIATUVINHA,Unidade Regional Santa Felicidade,Telefone,True,False,1,pronto_para_geocodificar,none,"Candidato a geocodificacao; nao e coordenada, rotulo ou evidencia de treino.","Nao usar como ground truth, escore ou variavel derivada do rotulo."
88dcd657620d4be2,2024,19/01/2024,Drenagem,Alagamentos,Concluído,Rua José Risseto,SANTA FELICIDADE,Unidade Regional Santa Felicidade,Portal,True,False,1,pronto_para_geocodificar,none,"Candidato a geocodificacao; nao e coordenada, rotulo ou evidencia de treino.","Nao usar como ground truth, escore ou variavel derivada do rotulo."
14d95e45727ff205,2024,24/01/2024,Drenagem,Alagamentos,Concluído,Rua Alvin Tiboni,CIDADE INDUSTRIAL,Unidade Regional CIC,Portal,True,False,1,pronto_para_geocodificar,none,"Candidato a geocodificacao; nao e coordenada, rotulo ou evidencia de treino.","Nao usar como ground truth, escore ou variavel derivada do rotulo."
87dd6d3bec457b64,2024,21/01/2024,Drenagem,Alagamentos,Concluído,AVENIDA CÂNDIDO DE ABREU,CENTRO CIVICO,Unidade Regional Matriz,Telefone,True,False,1,pronto_para_geocodificar,none,"Candidato a geocodificacao; nao e coordenada, rotulo ou evidencia de treino.","Nao usar como ground truth, escore ou variavel derivada do rotulo."
1d603a1974a09858,2024,22/01/2024,Drenagem,Alagamentos,Concluído,Rua Esper Jorge Chueri,CAJURU,Unidade Regional Cajuru,Portal,True,False,1,pronto_para_geocodificar,none,"Candidato a geocodificacao; nao e coordenada, rotulo ou evidencia de treino.","Nao usar como ground truth, escore ou variavel derivada do rotulo."
916238da24e26433,2024,26/01/2024,Drenagem,Alagamentos,Concluído,Rua General Potiguara,NOVO MUNDO,Unidade Regional Pinheirinho,Portal,True,False,1,pronto_para_geocodificar,none,"Candidato a geocodificacao; nao e coordenada, rotulo ou evidencia de treino.","Nao usar como ground truth, escore ou variavel derivada do rotulo."
5836aa0aa227ad27,2024,17/01/2024,Drenagem,Alagamentos,Concluído,Rua Major Vicente de Castro,FANNY,Unidade Regional Pinheirinho,Portal,True,False,1,pronto_para_geocodificar,none,"Candidato a geocodificacao; nao e coordenada, rotulo ou evidencia de treino.","Nao usar como ground truth, escore ou variavel derivada do rotulo."
21bbcda149c269f6,2024,03/02/2024,Drenagem,Alagamentos,Concluído,RUA REINALDO THÁ,CAJURU,Unidade Regional Cajuru,Telefone,True,False,1,pronto_para_geocodificar,none,"Candidato a geocodificacao; nao e coordenada, rotulo ou evidencia de treino.","Nao usar como ground truth, escore ou variavel derivada do rotulo."
21bbcda149c269f6,2024,03/02/2024,Proteção ao cidadão - GM,"Enchentes, inundações ou alagamentos",Concluído,RUA REINALDO THÁ,CAJURU,Unidade Regional Cajuru,Telefone,True,False,1,pronto_para_geocodificar,none,"Candidato a geocodificacao; nao e coordenada, rotulo ou evidencia de treino.","Nao usar como ground truth, escore ou variavel derivada do rotulo."
f6495c6d0a294dad,2024,03/02/2024,Drenagem,Alagamentos,Concluído,Rua Antônio Boza,SITIO CERCADO,Unidade Regional Bairro Novo,Portal,True,False,1,pronto_para_geocodificar,none,"Candidato a geocodificacao; nao e coordenada, rotulo ou evidencia de treino.","Nao usar como ground truth, escore ou variavel derivada do rotulo."
92e1e8e54eefaf5d,2024,03/02/2024,Proteção ao cidadão - GM,"Enchentes, inundações ou alagamentos",Concluído,Rua Professora Olga Balster,CAJURU,Unidade Regional Cajuru,Telefone,True,False,1,pronto_para_geocodificar,none,"Candidato a geocodificacao; nao e coordenada, rotulo ou evidencia de treino.","Nao usar como ground truth, escore ou variavel derivada do rotulo."
a8288ce83210d466,2024,03/02/2024,Drenagem,Alagamentos,Concluído,Rua Rosa Tortato,PINHEIRINHO,Unidade Regional Pinheirinho,Telefone,True,False,1,pronto_para_geocodificar,none,"Candidato a geocodificacao; nao e coordenada, rotulo ou evidencia de treino.","Nao usar como ground truth, escore ou variavel derivada do rotulo."
ce0e6a042d4fa21e,2024,01/02/2024,Drenagem,Alagamentos,Concluído,Rua Danilo Pedro Schreiner,ALTO BOQUEIRAO,Unidade Regional Boqueirao,Portal,True,False,1,pronto_para_geocodificar,none,"Candidato a geocodificacao; nao e coordenada, rotulo ou evidencia de treino.","Nao usar como ground truth, escore ou variavel derivada do rotulo."
cef3b7da9bd33d56,2024,03/02/2024,Drenagem,Alagamentos,Concluído,RUA RODOLPHO SENFF JUNIOR,CAPAO RASO,Unidade Regional Pinheirinho,Telefone,True,False,1,pronto_para_geocodificar,none,"Candidato a geocodificacao; nao e coordenada, rotulo ou evidencia de treino.","Nao usar como ground truth, escore ou variavel derivada do rotulo."
cef3b7da9bd33d56,2024,03/02/2024,Proteção ao cidadão - GM,"Enchentes, inundações ou alagamentos",Concluído,RUA RODOLPHO SENFF JUNIOR,CAPAO RASO,Unidade Regional Pinheirinho,Telefone,True,False,1,pronto_para_geocodificar,none,"Candidato a geocodificacao; nao e coordenada, rotulo ou evidencia de treino.","Nao usar como ground truth, escore ou variavel derivada do rotulo."
c437558cab6a9964,2024,03/02/2024,Proteção ao cidadão - GM,"Enchentes, inundações ou alagamentos",Concluído,Rua João Carlos de Souza Castro,GUABIROTUBA,Unidade Regional Cajuru,Telefone,True,False,2,pronto_para_geocodificar,none,"Candidato a geocodificacao; nao e coordenada, rotulo ou evidencia de treino.","Nao usar como ground truth, escore ou variavel derivada do rotulo."
0648cc7f9bff9ea2,2024,03/02/2024,Drenagem,Alagamentos,Concluído,Rua Brasílio Ribas,NOVO MUNDO,Unidade Regional Pinheirinho,Telefone,True,False,1,pronto_para_geocodificar,none,"Candidato a geocodificacao; nao e coordenada, rotulo ou evidencia de treino.","Nao usar como ground truth, escore ou variavel derivada do rotulo."
a4e20dec394ad9b7,2024,03/02/2024,Proteção ao cidadão - GM,"Enchentes, inundações ou alagamentos",Concluído,Rua Expedicionário Francisco Pereira dos Santos,ALTO BOQUEIRAO,Unidade Regional Boqueirao,Telefone,True,False,1,pronto_para_geocodificar,none,"Candidato a geocodificacao; nao e coordenada, rotulo ou evidencia de treino.","Nao usar como ground truth, escore ou variavel derivada do rotulo."
278ce0870ddf86e1,2024,03/02/2024,Proteção ao cidadão - GM,"Enchentes, inundações ou alagamentos",Concluído,RUA JOÃO CARLOS DE SOUZA CASTRO,GUABIROTUBA,Unidade Regional Cajuru,Telefone,True,False,2,pronto_para_geocodificar,none,"Candidato a geocodificacao; nao e coordenada, rotulo ou evidencia de treino.","Nao usar como ground truth, escore ou variavel derivada do rotulo."
391e35e87c903b7f,2024,03/02/2024,Proteção ao cidadão - GM,"Enchentes, inundações ou alagamentos",Concluído,Professora Olga Balster,CAJURU,Unidade Regional Cajuru,Telefone,True,False,1,pronto_para_geocodificar,none,"Candidato a geocodificacao; nao e coordenada, rotulo ou evidencia de treino.","Nao usar como ground truth, escore ou variavel derivada do rotulo."
4c646b3a7272604d,2024,03/02/2024,Proteção ao cidadão - GM,"Enchentes, inundações ou alagamentos",Concluído,Rua Professor Milton Vianna,SITIO CERCADO,Unidade Regional Bairro Novo,Telefone,True,False,1,pronto_para_geocodificar,none,"Candidato a geocodificacao; nao e coordenada, rotulo ou evidencia de treino.","Nao usar como ground truth, escore ou variavel derivada do rotulo."
df353df31c75b3e5,2024,03/02/2024,Drenagem,Alagamentos,Concluído,Rua Oyapock,CRISTO REI,Unidade Regional Matriz,Portal,True,False,2,pronto_para_geocodificar,none,"Candidato a geocodificacao; nao e coordenada, rotulo ou evidencia de treino.","Nao usar como ground truth, escore ou variavel derivada do rotulo."
d88ce7f8a62fdb3f,2024,03/02/2024,Drenagem,Alagamentos,Concluído,João Crysóstomo da Rosa,CAJURU,Unidade Regional Cajuru,Telefone,True,False,1,pronto_para_geocodificar,none,"Candidato a geocodificacao; nao e coordenada, rotulo ou evidencia de treino.","Nao usar como ground truth, escore ou variavel derivada do rotulo."
4ed32fa76a47967a,2024,03/02/2024,Drenagem,Alagamentos,Concluído,RUA BILLY GARMATTER,SITIO CERCADO,Unidade Regional Bairro Novo,Telefone,True,False,1,pronto_para_geocodificar,none,"Candidato a geocodificacao; nao e coordenada, rotulo ou evidencia de treino.","Nao usar como ground truth, escore ou variavel derivada do rotulo."
bccd8460ec2496b2,2024,03/02/2024,Drenagem,Alagamentos,Concluído,RUA EDMUNDO ANGELY,JARDIM DAS AMERICAS,Unidade Regional Cajuru,Telefone,True,False,1,pronto_para_geocodificar,none,"Candidato a geocodificacao; nao e coordenada, rotulo ou evidencia de treino.","Nao usar como ground truth, escore ou variavel derivada do rotulo."
8ecbde8843fa8556,2024,03/02/2024,Drenagem,Alagamentos,Concluído,Rua Doutor Estevam Ribeiro de Souza Netto,CAJURU,Unidade Regional Cajuru,Telefone,True,False,1,pronto_para_geocodificar,none,"Candidato a geocodificacao; nao e coordenada, rotulo ou evidencia de treino.","Nao usar como ground truth, escore ou variavel derivada do rotulo."
0301203813b0a34f,2024,03/02/2024,Drenagem,Alagamentos,Concluído,RUA MINAS GERAIS,GUAIRA,Unidade Regional Portao,Telefone,True,False,1,pronto_para_geocodificar,none,"Candidato a geocodificacao; nao e coordenada, rotulo ou evidencia de treino.","Nao usar como ground truth, escore ou variavel derivada do rotulo."
97bc7efec14cfdba,2024,03/02/2024,Drenagem,Alagamentos,Concluído,RUA JOSÉ AUGUSTO DA SILVA,SITIO CERCADO,Unidade Regional Bairro Novo,Telefone,True,False,1,pronto_para_geocodificar,none,"Candidato a geocodificacao; nao e coordenada, rotulo ou evidencia de treino.","Nao usar como ground truth, escore ou variavel derivada do rotulo."
df353df31c75b3e5,2024,03/02/2024,Drenagem,Alagamentos,Concluído,Rua Oyapock,CRISTO REI,Unidade Regional Matriz,Portal,True,False,2,pronto_para_geocodificar,none,"Candidato a geocodificacao; nao e coordenada, rotulo ou evidencia de treino.","Nao usar como ground truth, escore ou variavel derivada do rotulo."
b026235d5b633b6b,2024,03/02/2024,Drenagem,Alagamentos,Concluído,RUA DOUTOR JOAQUIM IGNÁCIO SILVEIRA DA MOTTA,UBERABA,Unidade Regional Cajuru,Telefone,True,False,1,pronto_para_geocodificar,none,"Candidato a geocodificacao; nao e coordenada, rotulo ou evidencia de treino.","Nao usar como ground truth, escore ou variavel derivada do rotulo."
2f180ce07f01340f,2024,03/02/2024,Drenagem,Alagamentos,Concluído,Rua Expedicionário Francisco Pereira Dos Santos,ALTO BOQUEIRAO,Unidade Regional Boqueirao,Telefone,True,False,1,pronto_para_geocodificar,none,"Candidato a geocodificacao; nao e coordenada, rotulo ou evidencia de treino.","Nao usar como ground truth, escore ou variavel derivada do rotulo."
278ce0870ddf86e1,2024,03/02/2024,Drenagem,Alagamentos,Concluído,RUA JOÃO CARLOS DE SOUZA CASTRO,GUABIROTUBA,Unidade Regional Cajuru,Telefone,True,False,1,pronto_para_geocodificar,none,"Candidato a geocodificacao; nao e coordenada, rotulo ou evidencia de treino.","Nao usar como ground truth, escore ou variavel derivada do rotulo."
41f5b88bb97a632b,2024,31/01/2024,Drenagem,Alagamentos,Concluído,RUA ITAÚNA DO SUL,ALTO BOQUEIRAO,Unidade Regional Boqueirao,Telefone,True,False,1,pronto_para_geocodificar,none,"Candidato a geocodificacao; nao e coordenada, rotulo ou evidencia de treino.","Nao usar como ground truth, escore ou variavel derivada do rotulo."
e636cfc6bc93173d,2024,31/01/2024,Drenagem,Alagamentos,Concluído,Rua Doutor Heleno da Silveira,BOQUEIRAO,Unidade Regional Boqueirao,Portal,True,False,1,pronto_para_geocodificar,none,"Candidato a geocodificacao; nao e coordenada, rotulo ou evidencia de treino.","Nao usar como ground truth, escore ou variavel derivada do rotulo."
aa19f2cecd872bf9,2024,31/01/2024,Proteção ao cidadão - GM,"Enchentes, inundações ou alagamentos",Concluído,RUA MATHIAS DE ANDRADE ROCHA,ALTO BOQUEIRAO,Unidade Regional Boqueirao,Telefone,True,False,1,pronto_para_geocodificar,none,"Candidato a geocodificacao; nao e coordenada, rotulo ou evidencia de treino.","Nao usar como ground truth, escore ou variavel derivada do rotulo."
61e0155c7f1973b9,2024,31/01/2024,Drenagem,Alagamentos,Concluído,Rua José Peixoto de Lacerda Wernek,BOQUEIRAO,Unidade Regional Boqueirao,Portal,True,False,1,pronto_para_geocodificar,none,"Candidato a geocodificacao; nao e coordenada, rotulo ou evidencia de treino.","Nao usar como ground truth, escore ou variavel derivada do rotulo."
a9376638aa69275f,2024,01/02/2024,Drenagem,Alagamentos,Concluído,RUA ITAUNA DO SUL,ALTO BOQUEIRAO,Unidade Regional Boqueirao,Portal,True,False,1,pronto_para_geocodificar,none,"Candidato a geocodificacao; nao e coordenada, rotulo ou evidencia de treino.","Nao usar como ground truth, escore ou variavel derivada do rotulo."
de765a210f79596e,2024,05/02/2024,Drenagem,Alagamentos,Concluído,Rua Desembargador Aristóxenes Bittencourt,TARUMA,Unidade Regional Cajuru,Portal,True,False,1,pronto_para_geocodificar,none,"Candidato a geocodificacao; nao e coordenada, rotulo ou evidencia de treino.","Nao usar como ground truth, escore ou variavel derivada do rotulo."
7f2e7a34cc7bbb23,2024,04/02/2024,Drenagem,Alagamentos,Concluído,Rua Doutor Hamilton Dybowicz,UBERABA,Unidade Regional Cajuru,Portal,True,False,1,pronto_para_geocodificar,none,"Candidato a geocodificacao; nao e coordenada, rotulo ou evidencia de treino.","Nao usar como ground truth, escore ou variavel derivada do rotulo."
d025c2da9dfbabe9,2024,04/02/2024,Proteção ao cidadão - GM,"Enchentes, inundações ou alagamentos",Concluído,RUA GOVERNADOR AGAMENON MAGALHÃES,TARUMA,Unidade Regional Cajuru,Telefone,True,False,1,pronto_para_geocodificar,none,"Candidato a geocodificacao; nao e coordenada, rotulo ou evidencia de treino.","Nao usar como ground truth, escore ou variavel derivada do rotulo."
4b8b79826f7b9081,2024,05/02/2024,Drenagem,Alagamentos,Concluído,RUA AMAURI MAUAD GUÉRIOS,UBERABA,Unidade Regional Cajuru,Telefone,True,False,1,pronto_para_geocodificar,none,"Candidato a geocodificacao; nao e coordenada, rotulo ou evidencia de treino.","Nao usar como ground truth, escore ou variavel derivada do rotulo."
40835a25fa9deaca,2024,05/02/2024,Drenagem,Alagamentos,Concluído,RUA VELCY BOLÍVAR GRANDÓ,UBERABA,Unidade Regional Cajuru,Telefone,True,False,1,pronto_para_geocodificar,none,"Candidato a geocodificacao; nao e coordenada, rotulo ou evidencia de treino.","Nao usar como ground truth, escore ou variavel derivada do rotulo."
919af46bac3c7f9c,2024,10/02/2024,Drenagem,Alagamentos,Concluído,RUA NICOLAU VOROBI,CIDADE INDUSTRIAL,Unidade Regional CIC,Telefone,True,False,1,pronto_para_geocodificar,none,"Candidato a geocodificacao; nao e coordenada, rotulo ou evidencia de treino.","Nao usar como ground truth, escore ou variavel derivada do rotulo."
919af46bac3c7f9c,2024,10/02/2024,Proteção ao cidadão - GM,"Enchentes, inundações ou alagamentos",Concluído,RUA NICOLAU VOROBI,CIDADE INDUSTRIAL,Unidade Regional CIC,Telefone,True,False,1,pronto_para_geocodificar,none,"Candidato a geocodificacao; nao e coordenada, rotulo ou evidencia de treino.","Nao usar como ground truth, escore ou variavel derivada do rotulo."
44be84a896383631,2024,07/02/2024,Drenagem,Alagamentos,Concluído,Rua Padre João Rzemelka,CIDADE INDUSTRIAL,Unidade Regional CIC,Telefone,True,False,1,pronto_para_geocodificar,none,"Candidato a geocodificacao; nao e coordenada, rotulo ou evidencia de treino.","Nao usar como ground truth, escore ou variavel derivada do rotulo."
c403f99603f00cfc,2024,08/02/2024,Drenagem,Alagamentos,Concluído,Rua Professor Antônio Martins Franco,NOVO MUNDO,Unidade Regional Pinheirinho,Portal,True,False,1,pronto_para_geocodificar,none,"Candidato a geocodificacao; nao e coordenada, rotulo ou evidencia de treino.","Nao usar como ground truth, escore ou variavel derivada do rotulo."
44be84a896383631,2024,07/02/2024,Proteção ao cidadão - GM,"Enchentes, inundações ou alagamentos",Aberto,Rua Padre João Rzemelka,CIDADE INDUSTRIAL,Unidade Regional CIC,Telefone,True,False,1,pronto_para_geocodificar,none,"Candidato a geocodificacao; nao e coordenada, rotulo ou evidencia de treino.","Nao usar como ground truth, escore ou variavel derivada do rotulo."
4f1bdd226ff5997f,2024,07/02/2024,Drenagem,Alagamentos,Concluído,AVENIDA PRESIDENTE WENCESLAU BRAZ,PAROLIN,Unidade Regional Portao,Portal,True,False,1,pronto_para_geocodificar,none,"Candidato a geocodificacao; nao e coordenada, rotulo ou evidencia de treino.","Nao usar como ground truth, escore ou variavel derivada do rotulo."
1d92f0f08f9cb087,2024,16/02/2024,Drenagem,Alagamentos,Concluído,AVENIDA SETE DE SETEMBRO,SEMINARIO,Unidade Regional Portao,Telefone,True,False,1,pronto_para_geocodificar,none,"Candidato a geocodificacao; nao e coordenada, rotulo ou evidencia de treino.","Nao usar como ground truth, escore ou variavel derivada do rotulo."
b9cb3f5bb7d03d8b,2024,15/02/2024,Drenagem,Alagamentos,Concluído,RUA ADYR PAROLIM,PINHEIRINHO,Unidade Regional Pinheirinho,Telefone,True,False,1,pronto_para_geocodificar,none,"Candidato a geocodificacao; nao e coordenada, rotulo ou evidencia de treino.","Nao usar como ground truth, escore ou variavel derivada do rotulo."
fcfb1332b219fd25,2024,15/02/2024,Drenagem,Alagamentos,Concluído,RUA AGUDOS DO SUL,SITIO CERCADO,Unidade Regional Bairro Novo,Telefone,True,False,1,pronto_para_geocodificar,none,"Candidato a geocodificacao; nao e coordenada, rotulo ou evidencia de treino.","Nao usar como ground truth, escore ou variavel derivada do rotulo."
550f436246d080d5,2024,19/02/2024,Proteção ao cidadão - GM,"Enchentes, inundações ou alagamentos",Concluído,Rua Dante Honório,XAXIM,Unidade Regional Boqueirao,Telefone,True,False,1,pronto_para_geocodificar,none,"Candidato a geocodificacao; nao e coordenada, rotulo ou evidencia de treino.","Nao usar como ground truth, escore ou variavel derivada do rotulo."
01a660901f9ac3d3,2024,19/02/2024,Drenagem,Alagamentos,Concluído,Rua Evaristo da Veiga,BOQUEIRAO,Unidade Regional Boqueirao,Telefone,True,False,1,pronto_para_geocodificar,none,"Candidato a geocodificacao; nao e coordenada, rotulo ou evidencia de treino.","Nao usar como ground truth, escore ou variavel derivada do rotulo."
808bd2ad2fe7fabb,2024,19/02/2024,Drenagem,Alagamentos,Concluído,Rua Nicolau Kresko,HAUER,Unidade Regional Boqueirao,Portal,True,False,1,pronto_para_geocodificar,none,"Candidato a geocodificacao; nao e coordenada, rotulo ou evidencia de treino.","Nao usar como ground truth, escore ou variavel derivada do rotulo."
c87fb2df2be9f099,2024,19/02/2024,Drenagem,Alagamentos,Concluído,Rua Tenente Francisco Ferreira de Souza,HAUER,Unidade Regional Boqueirao,Portal,True,False,1,pronto_para_geocodificar,none,"Candidato a geocodificacao; nao e coordenada, rotulo ou evidencia de treino.","Nao usar como ground truth, escore ou variavel derivada do rotulo."
59879d0789d82166,2024,19/02/2024,Proteção ao cidadão - GM,"Enchentes, inundações ou alagamentos",Concluído,RUA JOÃO CARLOS DE SOUZA CASTRO,GUABIROTUBA,Unidade Regional Cajuru,Telefone,True,False,1,pronto_para_geocodificar,none,"Candidato a geocodificacao; nao e coordenada, rotulo ou evidencia de treino.","Nao usar como ground truth, escore ou variavel derivada do rotulo."
80e24fac2b7b344f,2024,18/02/2024,Drenagem,Alagamentos,Concluído,RUA PROFESSOR OMAR GONÇALVES DA MOTTA,BOA VISTA,Unidade Regional Boa Vista,Telefone,True,False,1,pronto_para_geocodificar,none,"Candidato a geocodificacao; nao e coordenada, rotulo ou evidencia de treino.","Nao usar como ground truth, escore ou variavel derivada do rotulo."
5c9681a89eae4425,2024,18/02/2024,Drenagem,Alagamentos,Concluído,Travessa José Aníbal Dutra Lamin,TATUQUARA,Unidade Regional Tatuquara,Portal,True,False,2,pronto_para_geocodificar,none,"Candidato a geocodificacao; nao e coordenada, rotulo ou evidencia de treino.","Nao usar como ground truth, escore ou variavel derivada do rotulo."
5c9681a89eae4425,2024,18/02/2024,Drenagem,Alagamentos,Concluído,Travessa José Aníbal Dutra Lamin,TATUQUARA,Unidade Regional Tatuquara,Portal,True,False,2,pronto_para_geocodificar,none,"Candidato a geocodificacao; nao e coordenada, rotulo ou evidencia de treino.","Nao usar como ground truth, escore ou variavel derivada do rotulo."
caf9184f393c5f1d,2024,19/02/2024,Drenagem,Alagamentos,Concluído,RUA SARGENTO LUIZ GONZAGA MARTINS RIBAS,UBERABA,Unidade Regional Cajuru,Telefone,True,False,1,pronto_para_geocodificar,none,"Candidato a geocodificacao; nao e coordenada, rotulo ou evidencia de treino.","Nao usar como ground truth, escore ou variavel derivada do rotulo."
cc29d27ce7944ef1,2024,18/02/2024,Drenagem,Alagamentos,Concluído,RUA CARLOS AUGUSTO ALDENUCCI,SITIO CERCADO,Unidade Regional Bairro Novo,Telefone,True,False,1,pronto_para_geocodificar,none,"Candidato a geocodificacao; nao e coordenada, rotulo ou evidencia de treino.","Nao usar como ground truth, escore ou variavel derivada do rotulo."
420d435621b5a63f,2024,18/02/2024,Drenagem,Alagamentos,Concluído,Rua Diogo Mugiatti,BOQUEIRAO,Unidade Regional Boqueirao,Telefone,True,False,2,pronto_para_geocodificar,none,"Candidato a geocodificacao; nao e coordenada, rotulo ou evidencia de treino.","Nao usar como ground truth, escore ou variavel derivada do rotulo."
e8afa0b66732b027,2024,18/02/2024,Drenagem,Alagamentos,Concluído,Rua Das Carmelitas,BOQUEIRAO,Unidade Regional Boqueirao,Telefone,True,False,1,pronto_para_geocodificar,none,"Candidato a geocodificacao; nao e coordenada, rotulo ou evidencia de treino.","Nao usar como ground truth, escore ou variavel derivada do rotulo."
a0a6bc5ecb4281dd,2024,18/02/2024,Drenagem,Alagamentos,Concluído,Rua Daniel Cândido de Carvalho,UBERABA,Unidade Regional Cajuru,Telefone,True,False,1,pronto_para_geocodificar,none,"Candidato a geocodificacao; nao e coordenada, rotulo ou evidencia de treino.","Nao usar como ground truth, escore ou variavel derivada do rotulo."
1fcbd044e30bad15,2024,18/02/2024,Drenagem,Alagamentos,Concluído,Rua Enette Dubard,TATUQUARA,Unidade Regional Tatuquara,Telefone,True,False,1,pronto_para_geocodificar,none,"Candidato a geocodificacao; nao e coordenada, rotulo ou evidencia de treino.","Nao usar como ground truth, escore ou variavel derivada do rotulo."
cc29d27ce7944ef1,2024,18/02/2024,Proteção ao cidadão - GM,"Enchentes, inundações ou alagamentos",Concluído,RUA CARLOS AUGUSTO ALDENUCCI,SITIO CERCADO,Unidade Regional Bairro Novo,Telefone,True,False,1,pronto_para_geocodificar,none,"Candidato a geocodificacao; nao e coordenada, rotulo ou evidencia de treino.","Nao usar como ground truth, escore ou variavel derivada do rotulo."
b665003359c14866,2024,18/02/2024,Proteção ao cidadão - GM,"Enchentes, inundações ou alagamentos",Concluído,AVENIDA SANTA RITA DE CASSIA DOS IMPOSSÍVEIS,TATUQUARA,Unidade Regional Tatuquara,Telefone,True,False,1,pronto_para_geocodificar,none,"Candidato a geocodificacao; nao e coordenada, rotulo ou evidencia de treino.","Nao usar como ground truth, escore ou variavel derivada do rotulo."
7db59ea930cfc997,2024,18/02/2024,Drenagem,Alagamentos,Concluído,Rua João Azolin,SANTA FELICIDADE,Unidade Regional Santa Felicidade,Portal,True,False,1,pronto_para_geocodificar,none,"Candidato a geocodificacao; nao e coordenada, rotulo ou evidencia de treino.","Nao usar como ground truth, escore ou variavel derivada do rotulo."
53aca7bbeecacd53,2024,18/02/2024,Drenagem,Alagamentos,Concluído,RUA JORNALISTA EMÍLIO ZOLA FLORENZANO,TATUQUARA,Unidade Regional Tatuquara,Telefone,True,False,1,pronto_para_geocodificar,none,"Candidato a geocodificacao; nao e coordenada, rotulo ou evidencia de treino.","Nao usar como ground truth, escore ou variavel derivada do rotulo."
9ed249d99a2ed475,2024,18/02/2024,Drenagem,Alagamentos,Concluído,Cid José dos Santos,UBERABA,Unidade Regional Cajuru,Telefone,True,False,1,pronto_para_geocodificar,none,"Candidato a geocodificacao; nao e coordenada, rotulo ou evidencia de treino.","Nao usar como ground truth, escore ou variavel derivada do rotulo."
157cff8d5fefcb57,2024,18/02/2024,Drenagem,Alagamentos,Concluído,RUA JOSÉ ANIBAL DUTRA LAMIM,TATUQUARA,Unidade Regional Tatuquara,Telefone,True,False,1,pronto_para_geocodificar,none,"Candidato a geocodificacao; nao e coordenada, rotulo ou evidencia de treino.","Nao usar como ground truth, escore ou variavel derivada do rotulo."
53aca7bbeecacd53,2024,18/02/2024,Proteção ao cidadão - GM,"Enchentes, inundações ou alagamentos",Concluído,RUA JORNALISTA EMÍLIO ZOLA FLORENZANO,TATUQUARA,Unidade Regional Tatuquara,Telefone,True,False,1,pronto_para_geocodificar,none,"Candidato a geocodificacao; nao e coordenada, rotulo ou evidencia de treino.","Nao usar como ground truth, escore ou variavel derivada do rotulo."
63d00b272ebff253,2024,18/02/2024,Proteção ao cidadão - GM,"Enchentes, inundações ou alagamentos",Concluído,Enette Dubard,TATUQUARA,Unidade Regional Tatuquara,Telefone,True,False,1,pronto_para_geocodificar,none,"Candidato a geocodificacao; nao e coordenada, rotulo ou evidencia de treino.","Nao usar como ground truth, escore ou variavel derivada do rotulo."
8731ef37edb2a62e,2024,18/02/2024,Drenagem,Alagamentos,Concluído,Rua João Malucelli Neto,CIDADE INDUSTRIAL,Unidade Regional CIC,Telefone,True,False,2,pronto_para_geocodificar,none,"Candidato a geocodificacao; nao e coordenada, rotulo ou evidencia de treino.","Nao usar como ground truth, escore ou variavel derivada do rotulo."
cc8171cfbdda4bab,2024,18/02/2024,Drenagem,Alagamentos,Concluído,Rua Engenheiro Eduardo Afonso Nadolny,CIDADE INDUSTRIAL,Unidade Regional CIC,Telefone,True,False,1,pronto_para_geocodificar,none,"Candidato a geocodificacao; nao e coordenada, rotulo ou evidencia de treino.","Nao usar como ground truth, escore ou variavel derivada do rotulo."
8731ef37edb2a62e,2024,18/02/2024,Drenagem,Alagamentos,Concluído,Rua João Malucelli Neto,CIDADE INDUSTRIAL,Unidade Regional CIC,Telefone,True,False,2,pronto_para_geocodificar,none,"Candidato a geocodificacao; nao e coordenada, rotulo ou evidencia de treino.","Nao usar como ground truth, escore ou variavel derivada do rotulo."
dec9c2478b6dbb7f,2024,18/02/2024,Drenagem,Alagamentos,Concluído,Rua Delegado Ruy Rebello Vieira,SITIO CERCADO,Unidade Regional Bairro Novo,Telefone,True,False,1,pronto_para_geocodificar,none,"Candidato a geocodificacao; nao e coordenada, rotulo ou evidencia de treino.","Nao usar como ground truth, escore ou variavel derivada do rotulo."
b6997cd920e5e8a6,2024,18/02/2024,Drenagem,Alagamentos,Concluído,RUA DIOGO MUGIATTI,BOQUEIRAO,Unidade Regional Boqueirao,Telefone,True,False,2,pronto_para_geocodificar,none,"Candidato a geocodificacao; nao e coordenada, rotulo ou evidencia de treino.","Nao usar como ground truth, escore ou variavel derivada do rotulo."
c12826c2502d4bd5,2024,18/02/2024,Proteção ao cidadão - GM,"Enchentes, inundações ou alagamentos",Concluído,Florindo José Moreschi,GUAIRA,Unidade Regional Portao,Telefone,True,False,1,pronto_para_geocodificar,none,"Candidato a geocodificacao; nao e coordenada, rotulo ou evidencia de treino.","Nao usar como ground truth, escore ou variavel derivada do rotulo."
bf16bc50b3543f3e,2024,18/02/2024,Proteção ao cidadão - GM,"Enchentes, inundações ou alagamentos",Concluído,Rua Waldemiro Ziliotto,NOVO MUNDO,Unidade Regional Pinheirinho,Telefone,True,False,1,pronto_para_geocodificar,none,"Candidato a geocodificacao; nao e coordenada, rotulo ou evidencia de treino.","Nao usar como ground truth, escore ou variavel derivada do rotulo."
4cbbb100bfab89b9,2024,18/02/2024,Drenagem,Alagamentos,Concluído,Rua Carlos Essenfelder,BOQUEIRAO,Unidade Regional Boqueirao,Telefone,True,False,1,pronto_para_geocodificar,none,"Candidato a geocodificacao; nao e coordenada, rotulo ou evidencia de treino.","Nao usar como ground truth, escore ou variavel derivada do rotulo."
9f624182940a3cf3,2024,18/02/2024,Proteção ao cidadão - GM,"Enchentes, inundações ou alagamentos",Concluído,RUA MARANHÃO,AGUA VERDE,Unidade Regional Portao,Telefone,True,False,1,pronto_para_geocodificar,none,"Candidato a geocodificacao; nao e coordenada, rotulo ou evidencia de treino.","Nao usar como ground truth, escore ou variavel derivada do rotulo."
e8afa0b66732b027,2024,18/02/2024,Proteção ao cidadão - GM,"Enchentes, inundações ou alagamentos",Concluído,Rua Das Carmelitas,BOQUEIRAO,Unidade Regional Boqueirao,Telefone,True,False,1,pronto_para_geocodificar,none,"Candidato a geocodificacao; nao e coordenada, rotulo ou evidencia de treino.","Nao usar como ground truth, escore ou variavel derivada do rotulo."
4aec54914e01669e,2024,18/02/2024,Drenagem,Alagamentos,Concluído,Rua Ivaiporã,ALTO BOQUEIRAO,Unidade Regional Boqueirao,Telefone,True,False,1,pronto_para_geocodificar,none,"Candidato a geocodificacao; nao e coordenada, rotulo ou evidencia de treino.","Nao usar como ground truth, escore ou variavel derivada do rotulo."
4f1e5dead9ed0c87,2024,18/02/2024,Drenagem,Alagamentos,Concluído,RUA ARTHUR MANOEL IWERSEN,BOQUEIRAO,Unidade Regional Boqueirao,Telefone,True,False,1,pronto_para_geocodificar,none,"Candidato a geocodificacao; nao e coordenada, rotulo ou evidencia de treino.","Nao usar como ground truth, escore ou variavel derivada do rotulo."
e94daceee3ce3ba7,2024,18/02/2024,Drenagem,Alagamentos,Concluído,Laranjeiras do Sul,ALTO BOQUEIRAO,Unidade Regional Boqueirao,Telefone,True,False,1,pronto_para_geocodificar,none,"Candidato a geocodificacao; nao e coordenada, rotulo ou evidencia de treino.","Nao usar como ground truth, escore ou variavel derivada do rotulo."
9aabf1a498ee7376,2024,19/02/2024,Drenagem,Alagamentos,Concluído,RUA LUCIANO PAVAROTTI,CACHOEIRA,Unidade Regional Boa Vista,Telefone,True,False,1,pronto_para_geocodificar,none,"Candidato a geocodificacao; nao e coordenada, rotulo ou evidencia de treino.","Nao usar como ground truth, escore ou variavel derivada do rotulo."
364c80675912dd16,2024,24/02/2024,Drenagem,Alagamentos,Concluído,RUA ALFERES POLI,CENTRO,Unidade Regional Matriz,Telefone,True,False,1,pronto_para_geocodificar,none,"Candidato a geocodificacao; nao e coordenada, rotulo ou evidencia de treino.","Nao usar como ground truth, escore ou variavel derivada do rotulo."
cdc28e4a207db37a,2024,22/02/2024,Drenagem,Alagamentos,Concluído,Rua Antônio Rebelatto,BOQUEIRAO,Unidade Regional Boqueirao,Portal,True,False,1,pronto_para_geocodificar,none,"Candidato a geocodificacao; nao e coordenada, rotulo ou evidencia de treino.","Nao usar como ground truth, escore ou variavel derivada do rotulo."
835ffd03df250f5a,2024,19/02/2024,Drenagem,Alagamentos,Concluído,Rua Rodolpho Senff Júnior,CAPAO RASO,Unidade Regional Pinheirinho,Telefone,True,False,1,pronto_para_geocodificar,none,"Candidato a geocodificacao; nao e coordenada, rotulo ou evidencia de treino.","Nao usar como ground truth, escore ou variavel derivada do rotulo."
96516854f0c75286,2024,23/02/2024,Drenagem,Alagamentos,Concluído,Rua Simão Guebur,UBERABA,Unidade Regional Cajuru,Portal,True,False,1,pronto_para_geocodificar,none,"Candidato a geocodificacao; nao e coordenada, rotulo ou evidencia de treino.","Nao usar como ground truth, escore ou variavel derivada do rotulo."
fe8fe424e30f31ad,2024,19/02/2024,Drenagem,Alagamentos,Concluído,RUA JOSÉ ANIBAL DUTRA LAMIM,TATUQUARA,Unidade Regional Tatuquara,Telefone,True,False,1,pronto_para_geocodificar,none,"Candidato a geocodificacao; nao e coordenada, rotulo ou evidencia de treino.","Nao usar como ground truth, escore ou variavel derivada do rotulo."
4c336716a3b8cb2e,2024,19/02/2024,Drenagem,Alagamentos,Concluído,RUA ANNE FRANK,BOQUEIRAO,Unidade Regional Boqueirao,Telefone,True,False,1,pronto_para_geocodificar,none,"Candidato a geocodificacao; nao e coordenada, rotulo ou evidencia de treino.","Nao usar como ground truth, escore ou variavel derivada do rotulo."
8e1a3856e1bc7c32,2024,19/02/2024,Drenagem,Alagamentos,Concluído,RUA JOSÉ AUGUSTO DA SILVA,SITIO CERCADO,Unidade Regional Bairro Novo,Telefone,True,False,1,pronto_para_geocodificar,none,"Candidato a geocodificacao; nao e coordenada, rotulo ou evidencia de treino.","Nao usar como ground truth, escore ou variavel derivada do rotulo."
a79d0dfa35434568,2024,19/02/2024,Drenagem,Alagamentos,Concluído,RUA VALPARAIZO,BACACHERI,Unidade Regional Boa Vista,Telefone,True,False,1,pronto_para_geocodificar,none,"Candidato a geocodificacao; nao e coordenada, rotulo ou evidencia de treino.","Nao usar como ground truth, escore ou variavel derivada do rotulo."
b6d3a4abe4f8c7e7,2024,19/02/2024,Drenagem,Alagamentos,Concluído,Rua Jacob Brandalise,UBERABA,Unidade Regional Cajuru,Telefone,True,False,2,pronto_para_geocodificar,none,"Candidato a geocodificacao; nao e coordenada, rotulo ou evidencia de treino.","Nao usar como ground truth, escore ou variavel derivada do rotulo."
b6d3a4abe4f8c7e7,2024,19/02/2024,Drenagem,Alagamentos,Concluído,Rua Jacob Brandalise,UBERABA,Unidade Regional Cajuru,Telefone,True,False,2,pronto_para_geocodificar,none,"Candidato a geocodificacao; nao e coordenada, rotulo ou evidencia de treino.","Nao usar como ground truth, escore ou variavel derivada do rotulo."
53d1d69f18810b80,2024,20/02/2024,Drenagem,Alagamentos,Concluído,RUA BITURUNA,XAXIM,Unidade Regional Boqueirao,Telefone,True,False,1,pronto_para_geocodificar,none,"Candidato a geocodificacao; nao e coordenada, rotulo ou evidencia de treino.","Nao usar como ground truth, escore ou variavel derivada do rotulo."
69ebdfdc3288b280,2024,22/02/2024,Drenagem,Alagamentos,Concluído,Rua Salvador Evangelista,ALTO BOQUEIRAO,Unidade Regional Boqueirao,Telefone,True,False,1,pronto_para_geocodificar,none,"Candidato a geocodificacao; nao e coordenada, rotulo ou evidencia de treino.","Nao usar como ground truth, escore ou variavel derivada do rotulo."
27f8ca8be26160a9,2024,22/02/2024,Drenagem,Alagamentos,Concluído,RUA LOURENÇO PINTO,CENTRO,Unidade Regional Matriz,Telefone,True,False,1,pronto_para_geocodificar,none,"Candidato a geocodificacao; nao e coordenada, rotulo ou evidencia de treino.","Nao usar como ground truth, escore ou variavel derivada do rotulo."
c9e626a0fbd14db6,2024,27/02/2024,Drenagem,Alagamentos,Concluído,Rua Professora Kloldi Jane Assis,SITIO CERCADO,Unidade Regional Bairro Novo,Portal,True,False,1,pronto_para_geocodificar,none,"Candidato a geocodificacao; nao e coordenada, rotulo ou evidencia de treino.","Nao usar como ground truth, escore ou variavel derivada do rotulo."
735a3abd1daf4293,2024,29/02/2024,Drenagem,Alagamentos,Concluído,Rua General Polli Coelho,TARUMA,Unidade Regional Cajuru,Portal,True,False,1,pronto_para_geocodificar,none,"Candidato a geocodificacao; nao e coordenada, rotulo ou evidencia de treino.","Nao usar como ground truth, escore ou variavel derivada do rotulo."
a41913f0c66f5d98,2024,29/02/2024,Drenagem,Alagamentos,Concluído,Rua Rio do Sul,CAMPO COMPRIDO,Unidade Regional Portao,Portal,True,False,1,pronto_para_geocodificar,none,"Candidato a geocodificacao; nao e coordenada, rotulo ou evidencia de treino.","Nao usar como ground truth, escore ou variavel derivada do rotulo."
279008231b8dc3f9,2024,29/02/2024,Drenagem,Alagamentos,Concluído,Rua Olegário Maciel,FAZENDINHA,Unidade Regional Portao,Portal,True,False,1,pronto_para_geocodificar,none,"Candidato a geocodificacao; nao e coordenada, rotulo ou evidencia de treino.","Nao usar como ground truth, escore ou variavel derivada do rotulo."
61752862b5d9cd3e,2024,21/02/2024,Drenagem,Alagamentos,Concluído,RUA DESEMBARGADOR JOÃO ANTONIO DE BARROS JÚNIOR,XAXIM,Unidade Regional Boqueirao,Portal,True,False,1,pronto_para_geocodificar,none,"Candidato a geocodificacao; nao e coordenada, rotulo ou evidencia de treino.","Nao usar como ground truth, escore ou variavel derivada do rotulo."
56af2d793b49660b,2024,02/03/2024,Drenagem,Alagamentos,Concluído,RUA EDMUNDO ANGELY,JARDIM DAS AMERICAS,Unidade Regional Cajuru,Portal,True,False,1,pronto_para_geocodificar,none,"Candidato a geocodificacao; nao e coordenada, rotulo ou evidencia de treino.","Nao usar como ground truth, escore ou variavel derivada do rotulo."
f389be8241afc2b5,2024,05/03/2024,Drenagem,Alagamentos,Concluído,Rua João Socha,SITIO CERCADO,Unidade Regional Bairro Novo,Portal,True,False,1,pronto_para_geocodificar,none,"Candidato a geocodificacao; nao e coordenada, rotulo ou evidencia de treino.","Nao usar como ground truth, escore ou variavel derivada do rotulo."
5ca5ca6d0c27923c,2024,05/03/2024,Drenagem,Alagamentos,Concluído,RUA CELESTE TORTATO GABARDO,SITIO CERCADO,Unidade Regional Bairro Novo,Telefone,True,False,1,pronto_para_geocodificar,none,"Candidato a geocodificacao; nao e coordenada, rotulo ou evidencia de treino.","Nao usar como ground truth, escore ou variavel derivada do rotulo."
c92e0e7a286526b2,2024,05/03/2024,Drenagem,Alagamentos,Concluído,RUA PROFESSOR JOSÉ MAURÍCIO HIGGINS,BOQUEIRAO,Unidade Regional Boqueirao,Telefone,True,False,1,pronto_para_geocodificar,none,"Candidato a geocodificacao; nao e coordenada, rotulo ou evidencia de treino.","Nao usar como ground truth, escore ou variavel derivada do rotulo."
948e5647a0d4ed71,2024,05/03/2024,Drenagem,Alagamentos,Concluído,Rua Tenente José Mendes Magno,SITIO CERCADO,Unidade Regional Bairro Novo,Portal,True,False,1,pronto_para_geocodificar,none,"Candidato a geocodificacao; nao e coordenada, rotulo ou evidencia de treino.","Nao usar como ground truth, escore ou variavel derivada do rotulo."
44d05c8e327170c1,2024,06/03/2024,Drenagem,Alagamentos,Concluído,RUA SWAMI VIVEKANANDA,UBERABA,Unidade Regional Cajuru,Portal,True,False,2,pronto_para_geocodificar,none,"Candidato a geocodificacao; nao e coordenada, rotulo ou evidencia de treino.","Nao usar como ground truth, escore ou variavel derivada do rotulo."
eb533cf9a48da23f,2024,06/03/2024,Drenagem,Alagamentos,Concluído,Rua Swami Vivekananda,UBERABA,Unidade Regional Cajuru,Portal,True,False,2,pronto_para_geocodificar,none,"Candidato a geocodificacao; nao e coordenada, rotulo ou evidencia de treino.","Nao usar como ground truth, escore ou variavel derivada do rotulo."
75b4f84f53a51f7a,2024,23/02/2024,Drenagem,Alagamentos,Concluído,Avenida Cândido de Abreu,CENTRO CIVICO,Unidade Regional Matriz,Portal,True,False,1,pronto_para_geocodificar,none,"Candidato a geocodificacao; nao e coordenada, rotulo ou evidencia de treino.","Nao usar como ground truth, escore ou variavel derivada do rotulo."
0033b2b93c31619f,2024,05/03/2024,Drenagem,Alagamentos,Concluído,RUA NOVA CANTU,SITIO CERCADO,Unidade Regional Bairro Novo,Telefone,True,False,1,pronto_para_geocodificar,none,"Candidato a geocodificacao; nao e coordenada, rotulo ou evidencia de treino.","Nao usar como ground truth, escore ou variavel derivada do rotulo."
e9fb05143c0638e7,2024,04/03/2024,Drenagem,Alagamentos,Concluído,Rua Professor Assis Gonçalves,AGUA VERDE,Unidade Regional Portao,Portal,True,False,1,pronto_para_geocodificar,none,"Candidato a geocodificacao; nao e coordenada, rotulo ou evidencia de treino.","Nao usar como ground truth, escore ou variavel derivada do rotulo."
c8a041c6823dc407,2024,04/03/2024,Drenagem,Alagamentos,Concluído,Rua Nova Aurora,SITIO CERCADO,Unidade Regional Bairro Novo,Portal,True,False,1,pronto_para_geocodificar,none,"Candidato a geocodificacao; nao e coordenada, rotulo ou evidencia de treino.","Nao usar como ground truth, escore ou variavel derivada do rotulo."
9084ed09de7e98f4,2024,04/03/2024,Drenagem,Alagamentos,Concluído,Rua Guaçuí,SITIO CERCADO,Unidade Regional Bairro Novo,Telefone,True,False,1,pronto_para_geocodificar,none,"Candidato a geocodificacao; nao e coordenada, rotulo ou evidencia de treino.","Nao usar como ground truth, escore ou variavel derivada do rotulo."
5ebf539e461186e2,2025,20/10/2025,Drenagem,Alagamentos,Respondido,RUA BARTOLOMEU LOURENÇO DE GUSMÃO,BOQUEIRAO,Unidade Regional Boqueirao,Telefone,True,False,1,pronto_para_geocodificar,none,"Candidato a geocodificacao; nao e coordenada, rotulo ou evidencia de treino.","Nao usar como ground truth, escore ou variavel derivada do rotulo."
8fd7025ac39320d0,2025,25/12/2025,Drenagem,Alagamentos,Aberto,Ponta Grossa,PORTAO,Unidade Regional Portao,Portal,True,False,1,pronto_para_geocodificar,none,"Candidato a geocodificacao; nao e coordenada, rotulo ou evidencia de treino.","Nao usar como ground truth, escore ou variavel derivada do rotulo."
76344eac6171253d,2025,31/12/2025,Drenagem,Alagamentos,Aberto,Doutor Carvalho Chaves,PAROLIN,Unidade Regional Portao,Portal,True,False,2,pronto_para_geocodificar,none,"Candidato a geocodificacao; nao e coordenada, rotulo ou evidencia de treino.","Nao usar como ground truth, escore ou variavel derivada do rotulo."
76344eac6171253d,2025,31/12/2025,Drenagem,Alagamentos,Aberto,Doutor Carvalho Chaves,PAROLIN,Unidade Regional Portao,Portal,True,False,2,pronto_para_geocodificar,none,"Candidato a geocodificacao; nao e coordenada, rotulo ou evidencia de treino.","Nao usar como ground truth, escore ou variavel derivada do rotulo."
c1a368a69212bf96,2025,31/12/2025,Drenagem,Alagamentos,Aberto,Francisco Parolin,PAROLIN,Unidade Regional Portao,Portal,True,False,1,pronto_para_geocodificar,none,"Candidato a geocodificacao; nao e coordenada, rotulo ou evidencia de treino.","Nao usar como ground truth, escore ou variavel derivada do rotulo."
4e2054c594278815,2025,09/09/2025,Drenagem,Alagamentos,Aberto,João Volpe,BUTIATUVINHA,Unidade Regional Santa Felicidade,Portal,True,False,1,pronto_para_geocodificar,none,"Candidato a geocodificacao; nao e coordenada, rotulo ou evidencia de treino.","Nao usar como ground truth, escore ou variavel derivada do rotulo."
d1e0cd4a7aa4e359,2025,30/10/2025,Drenagem,Alagamentos,Aberto,Jaçanã,SAO BRAZ,Unidade Regional Santa Felicidade,Portal,True,False,1,pronto_para_geocodificar,none,"Candidato a geocodificacao; nao e coordenada, rotulo ou evidencia de treino.","Nao usar como ground truth, escore ou variavel derivada do rotulo."
f7368bf197ab9f23,2025,04/12/2025,Drenagem,Alagamentos,Aberto,RUA SOLEDADE REGINA SANZOVO MOURÃO,BUTIATUVINHA,Unidade Regional Santa Felicidade,Telefone,True,False,1,pronto_para_geocodificar,none,"Candidato a geocodificacao; nao e coordenada, rotulo ou evidencia de treino.","Nao usar como ground truth, escore ou variavel derivada do rotulo."
454a54408e1a4039,2025,29/10/2025,Drenagem,Alagamentos,Concluído,PRACA PADRE AGOSTINHO LEGROS,BIGORRILHO,Unidade Regional Matriz,Telefone,True,False,1,pronto_para_geocodificar,none,"Candidato a geocodificacao; nao e coordenada, rotulo ou evidencia de treino.","Nao usar como ground truth, escore ou variavel derivada do rotulo."
0ee37679a632e048,2025,19/11/2025,Drenagem,Alagamentos,Concluído,Comendador Franco,JARDIM BOTANICO,Unidade Regional Matriz,Portal,True,False,1,pronto_para_geocodificar,none,"Candidato a geocodificacao; nao e coordenada, rotulo ou evidencia de treino.","Nao usar como ground truth, escore ou variavel derivada do rotulo."
c51947c5de06db9f,2025,11/12/2025,Drenagem,Alagamentos,Concluído,Júlia Wanderley,MERCES,Unidade Regional Matriz,Portal,True,False,1,pronto_para_geocodificar,none,"Candidato a geocodificacao; nao e coordenada, rotulo ou evidencia de treino.","Nao usar como ground truth, escore ou variavel derivada do rotulo."
f73f4e177c7afe46,2025,11/12/2025,Drenagem,Alagamentos,Concluído,RUA DESEMBARGADOR MOTTA,CENTRO,Unidade Regional Matriz,Portal,True,False,1,pronto_para_geocodificar,none,"Candidato a geocodificacao; nao e coordenada, rotulo ou evidencia de treino.","Nao usar como ground truth, escore ou variavel derivada do rotulo."
e1a55191afe77cae,2025,23/11/2025,Drenagem,Alagamentos,Aberto,Presidente Pádua Fleury,HAUER,Unidade Regional Boqueirao,Portal,True,False,1,pronto_para_geocodificar,none,"Candidato a geocodificacao; nao e coordenada, rotulo ou evidencia de treino.","Nao usar como ground truth, escore ou variavel derivada do rotulo."
f2a1d458c583e778,2025,30/11/2025,Drenagem,Alagamentos,Aberto,Eugênio José de Souza,AGUA VERDE,Unidade Regional Portao,Portal,True,False,2,pronto_para_geocodificar,none,"Candidato a geocodificacao; nao e coordenada, rotulo ou evidencia de treino.","Nao usar como ground truth, escore ou variavel derivada do rotulo."
7476a277cffe0bc4,2025,10/12/2025,Drenagem,Alagamentos,Aberto,Ary Rolim Costa,FAZENDINHA,Unidade Regional Portao,Portal,True,False,1,pronto_para_geocodificar,none,"Candidato a geocodificacao; nao e coordenada, rotulo ou evidencia de treino.","Nao usar como ground truth, escore ou variavel derivada do rotulo."
2995f7ecfabbe020,2025,16/12/2025,Drenagem,Alagamentos,Aberto,Amazonas,AGUA VERDE,Unidade Regional Portao,Portal,True,False,1,pronto_para_geocodificar,none,"Candidato a geocodificacao; nao e coordenada, rotulo ou evidencia de treino.","Nao usar como ground truth, escore ou variavel derivada do rotulo."
320f47e7cf004558,2025,16/12/2025,Drenagem,Alagamentos,Aberto,Eugênio José de Souza,AGUA VERDE,Unidade Regional Portao,Portal,True,False,2,pronto_para_geocodificar,none,"Candidato a geocodificacao; nao e coordenada, rotulo ou evidencia de treino.","Nao usar como ground truth, escore ou variavel derivada do rotulo."
320f47e7cf004558,2025,16/12/2025,Drenagem,Alagamentos,Aberto,Eugênio José de Souza,AGUA VERDE,Unidade Regional Portao,Portal,True,False,2,pronto_para_geocodificar,none,"Candidato a geocodificacao; nao e coordenada, rotulo ou evidencia de treino.","Nao usar como ground truth, escore ou variavel derivada do rotulo."
2a27af6b09be5e8a,2025,26/08/2025,Drenagem,Alagamentos,Aberto,José Ferreira Barros,FANNY,Unidade Regional Pinheirinho,Portal,True,False,1,pronto_para_geocodificar,none,"Candidato a geocodificacao; nao e coordenada, rotulo ou evidencia de treino.","Nao usar como ground truth, escore ou variavel derivada do rotulo."
405d265b3decd220,2025,23/09/2025,Drenagem,Alagamentos,Aberto,RUA DORACI DOLORES KERETCH,PINHEIRINHO,Unidade Regional Pinheirinho,Telefone,True,False,1,pronto_para_geocodificar,none,"Candidato a geocodificacao; nao e coordenada, rotulo ou evidencia de treino.","Nao usar como ground truth, escore ou variavel derivada do rotulo."
35c03e5c42b3f7af,2025,22/12/2025,Drenagem,Alagamentos,Aberto,Rua Luiz Nichele,UMBARA,Unidade Regional Bairro Novo,Telefone,True,False,1,pronto_para_geocodificar,none,"Candidato a geocodificacao; nao e coordenada, rotulo ou evidencia de treino.","Nao usar como ground truth, escore ou variavel derivada do rotulo."
1aaf25c179dc70d1,2025,18/02/2025,Proteção ao cidadão - GM,"Enchentes, inundações ou alagamentos",Aberto,RUA JORGE KOZAKA,CAJURU,Unidade Regional Cajuru,Telefone,True,False,1,pronto_para_geocodificar,none,"Candidato a geocodificacao; nao e coordenada, rotulo ou evidencia de treino.","Nao usar como ground truth, escore ou variavel derivada do rotulo."
cf7f1de9a1da01e5,2025,21/02/2025,Proteção ao cidadão - GM,"Enchentes, inundações ou alagamentos",Aberto,RUA ALMIRANTE GONÇALVES,REBOUCAS,Unidade Regional Matriz,Telefone,True,False,1,pronto_para_geocodificar,none,"Candidato a geocodificacao; nao e coordenada, rotulo ou evidencia de treino.","Nao usar como ground truth, escore ou variavel derivada do rotulo."
9cd0449984d5fde9,2025,21/02/2025,Proteção ao cidadão - GM,"Enchentes, inundações ou alagamentos",Aberto,AVENIDA MARECHAL FLORIANO PEIXOTO,HAUER,Unidade Regional Boqueirao,Telefone,True,False,1,pronto_para_geocodificar,none,"Candidato a geocodificacao; nao e coordenada, rotulo ou evidencia de treino.","Nao usar como ground truth, escore ou variavel derivada do rotulo."
504f6804d7891775,2025,21/02/2025,Proteção ao cidadão - GM,"Enchentes, inundações ou alagamentos",Aberto,RUA BRIGADEIRO FRANCO,CENTRO,Unidade Regional Matriz,Telefone,True,False,1,pronto_para_geocodificar,none,"Candidato a geocodificacao; nao e coordenada, rotulo ou evidencia de treino.","Nao usar como ground truth, escore ou variavel derivada do rotulo."
a0c8be07f7352151,2025,24/02/2025,Proteção ao cidadão - GM,"Enchentes, inundações ou alagamentos",Aberto,RUA IRATI,SANTA QUITERIA,Unidade Regional Portao,Telefone,True,False,1,pronto_para_geocodificar,none,"Candidato a geocodificacao; nao e coordenada, rotulo ou evidencia de treino.","Nao usar como ground truth, escore ou variavel derivada do rotulo."
7471614fc011b8f2,2025,25/12/2025,Drenagem,Alagamentos,Aberto,RUA LAMENHA LINS,PAROLIN,Unidade Regional Portao,Portal,True,False,1,pronto_para_geocodificar,none,"Candidato a geocodificacao; nao e coordenada, rotulo ou evidencia de treino.","Nao usar como ground truth, escore ou variavel derivada do rotulo."
fcf56098b2e0bf5d,2025,05/12/2025,Drenagem,Alagamentos,Respondido,RUA DANTE MELARA,CAJURU,Unidade Regional Cajuru,Telefone,True,False,1,pronto_para_geocodificar,none,"Candidato a geocodificacao; nao e coordenada, rotulo ou evidencia de treino.","Nao usar como ground truth, escore ou variavel derivada do rotulo."
d8f38b1062dd4436,2025,07/11/2025,Drenagem,Alagamentos,Respondido,RUA JOVINO DO ROSÁRIO,BOA VISTA,Unidade Regional Boa Vista,Telefone,True,False,1,pronto_para_geocodificar,none,"Candidato a geocodificacao; nao e coordenada, rotulo ou evidencia de treino.","Nao usar como ground truth, escore ou variavel derivada do rotulo."
d98bfa2ea8f5b7c3,2025,12/12/2025,Drenagem,Alagamentos,Respondido,RUA JOÃO KANIA,SANTA CANDIDA,Unidade Regional Boa Vista,Telefone,True,False,1,pronto_para_geocodificar,none,"Candidato a geocodificacao; nao e coordenada, rotulo ou evidencia de treino.","Nao usar como ground truth, escore ou variavel derivada do rotulo."
77a49d1fee938cde,2025,27/11/2025,Drenagem,Alagamentos,Respondido,AVENIDA JUSCELINO KUBITSCHEK DE OLIVEIRA LD,CIDADE INDUSTRIAL,Unidade Regional CIC,Telefone,True,False,1,pronto_para_geocodificar,none,"Candidato a geocodificacao; nao e coordenada, rotulo ou evidencia de treino.","Nao usar como ground truth, escore ou variavel derivada do rotulo."
08f0c745c783b114,2025,25/11/2025,Drenagem,Alagamentos,Em andamento,Anna Garcia de Moura,PILARZINHO,Unidade Regional Boa Vista,Portal,True,False,1,pronto_para_geocodificar,none,"Candidato a geocodificacao; nao e coordenada, rotulo ou evidencia de treino.","Nao usar como ground truth, escore ou variavel derivada do rotulo."
67e43a0f3c10dc67,2025,09/06/2025,Drenagem,Alagamentos,Concluído,Rua Bento Viana,AGUA VERDE,Unidade Regional Portao,Telefone,True,False,1,pronto_para_geocodificar,none,"Candidato a geocodificacao; nao e coordenada, rotulo ou evidencia de treino.","Nao usar como ground truth, escore ou variavel derivada do rotulo."
6a40836cb462140b,2025,24/06/2025,Drenagem,Alagamentos,Concluído,RUA JOSÉ AUGUSTO DOS SANTOS,VISTA ALEGRE,Unidade Regional Santa Felicidade,Telefone,True,False,1,pronto_para_geocodificar,none,"Candidato a geocodificacao; nao e coordenada, rotulo ou evidencia de treino.","Nao usar como ground truth, escore ou variavel derivada do rotulo."
10d21eaf2e751807,2025,01/09/2025,Drenagem,Alagamentos,Concluído,Rua Santa Joana D'Arc,LINDOIA,Unidade Regional Pinheirinho,Telefone,True,False,1,pronto_para_geocodificar,none,"Candidato a geocodificacao; nao e coordenada, rotulo ou evidencia de treino.","Nao usar como ground truth, escore ou variavel derivada do rotulo."
888ba89240b584cb,2025,01/09/2025,Drenagem,Alagamentos,Concluído,AVENIDA PRESIDENTE WENCESLAU BRAZ,LINDOIA,Unidade Regional Pinheirinho,Telefone,True,False,1,pronto_para_geocodificar,none,"Candidato a geocodificacao; nao e coordenada, rotulo ou evidencia de treino.","Nao usar como ground truth, escore ou variavel derivada do rotulo."
2426bd03c002f5ee,2025,28/01/2025,Drenagem,Alagamentos,Concluído,Rua Francisco de Paula Gonzaga,UBERABA,Unidade Regional Cajuru,Telefone,True,False,1,pronto_para_geocodificar,none,"Candidato a geocodificacao; nao e coordenada, rotulo ou evidencia de treino.","Nao usar como ground truth, escore ou variavel derivada do rotulo."
869f4ccde7a06111,2025,18/02/2025,Proteção ao cidadão - GM,"Enchentes, inundações ou alagamentos",Concluído,RUA DESEMBARGADOR SEGISMUNDO GRADOWSKI,CIDADE INDUSTRIAL,Unidade Regional CIC,Telefone,True,False,1,pronto_para_geocodificar,none,"Candidato a geocodificacao; nao e coordenada, rotulo ou evidencia de treino.","Nao usar como ground truth, escore ou variavel derivada do rotulo."
aaacf48baea492c7,2025,18/02/2025,Proteção ao cidadão - GM,"Enchentes, inundações ou alagamentos",Concluído,Rua Professor Pedro Viriato Parigot de Souza,CAMPO COMPRIDO,Unidade Regional Portao,Telefone,True,False,1,pronto_para_geocodificar,none,"Candidato a geocodificacao; nao e coordenada, rotulo ou evidencia de treino.","Nao usar como ground truth, escore ou variavel derivada do rotulo."
d80b3c11e12a85b3,2025,18/02/2025,Proteção ao cidadão - GM,"Enchentes, inundações ou alagamentos",Concluído,RUA CANAL BELEM,HAUER,Unidade Regional Boqueirao,Telefone,True,False,1,pronto_para_geocodificar,none,"Candidato a geocodificacao; nao e coordenada, rotulo ou evidencia de treino.","Nao usar como ground truth, escore ou variavel derivada do rotulo."
4fd0f378941b7505,2025,18/02/2025,Proteção ao cidadão - GM,"Enchentes, inundações ou alagamentos",Concluído,Rua Marquês de Beccaria,PINHEIRINHO,Unidade Regional Pinheirinho,Telefone,True,False,1,pronto_para_geocodificar,none,"Candidato a geocodificacao; nao e coordenada, rotulo ou evidencia de treino.","Nao usar como ground truth, escore ou variavel derivada do rotulo."
ce87cbe5166e0394,2025,18/02/2025,Proteção ao cidadão - GM,"Enchentes, inundações ou alagamentos",Concluído,RUA BARTOLOMEU LOURENÇO DE GUSMÃO,BOQUEIRAO,Unidade Regional Boqueirao,Telefone,True,False,1,pronto_para_geocodificar,none,"Candidato a geocodificacao; nao e coordenada, rotulo ou evidencia de treino.","Nao usar como ground truth, escore ou variavel derivada do rotulo."
fec87ce7eb0c98ce,2025,29/05/2025,Drenagem,Alagamentos,Concluído,RUA SOFIA DUBIELLA,ABRANCHES,Unidade Regional Boa Vista,Telefone,True,False,1,pronto_para_geocodificar,none,"Candidato a geocodificacao; nao e coordenada, rotulo ou evidencia de treino.","Nao usar como ground truth, escore ou variavel derivada do rotulo."
15483f96d08fd7cd,2025,09/06/2025,Drenagem,Alagamentos,Concluído,Rua Pedro Antônio da Costa,BOA VISTA,Unidade Regional Boa Vista,Telefone,True,False,1,pronto_para_geocodificar,none,"Candidato a geocodificacao; nao e coordenada, rotulo ou evidencia de treino.","Nao usar como ground truth, escore ou variavel derivada do rotulo."
c4d858bd3ac885c4,2025,05/11/2025,Drenagem,Alagamentos,Concluído,RUA MATEUS LEME,SAO LOURENCO,Unidade Regional Boa Vista,Portal,True,False,1,pronto_para_geocodificar,none,"Candidato a geocodificacao; nao e coordenada, rotulo ou evidencia de treino.","Nao usar como ground truth, escore ou variavel derivada do rotulo."
236dae8ce2cd40ce,2025,12/12/2025,Drenagem,Alagamentos,Concluído,RUA GAGO COUTINHO,BACACHERI,Unidade Regional Boa Vista,Telefone,True,False,1,pronto_para_geocodificar,none,"Candidato a geocodificacao; nao e coordenada, rotulo ou evidencia de treino.","Nao usar como ground truth, escore ou variavel derivada do rotulo."
3628fc9729167da9,2025,16/12/2025,Drenagem,Alagamentos,Concluído,RUA GAGO COUTINHO,BACACHERI,Unidade Regional Boa Vista,Telefone,True,False,1,pronto_para_geocodificar,none,"Candidato a geocodificacao; nao e coordenada, rotulo ou evidencia de treino.","Nao usar como ground truth, escore ou variavel derivada do rotulo."
7b4d0199949c33ec,2025,08/01/2025,Drenagem,Alagamentos,Concluído,Manoel Ordones,ALTO BOQUEIRAO,Unidade Regional Boqueirao,Portal,True,False,1,pronto_para_geocodificar,none,"Candidato a geocodificacao; nao e coordenada, rotulo ou evidencia de treino.","Nao usar como ground truth, escore ou variavel derivada do rotulo."
43d64a5ac98cedb5,2025,21/01/2025,Drenagem,Alagamentos,Concluído,Oliveira Viana,HAUER,Unidade Regional Boqueirao,Portal,True,False,1,pronto_para_geocodificar,none,"Candidato a geocodificacao; nao e coordenada, rotulo ou evidencia de treino.","Nao usar como ground truth, escore ou variavel derivada do rotulo."
a598c11eeaed0b04,2025,22/01/2025,Drenagem,Alagamentos,Concluído,Augusto Dias Paredes,ALTO BOQUEIRAO,Unidade Regional Boqueirao,Portal,True,False,1,pronto_para_geocodificar,none,"Candidato a geocodificacao; nao e coordenada, rotulo ou evidencia de treino.","Nao usar como ground truth, escore ou variavel derivada do rotulo."
361261ee2e7d006a,2025,27/01/2025,Drenagem,Alagamentos,Concluído,RUA KLEVERSON LOPES DE PAULA,ALTO BOQUEIRAO,Unidade Regional Boqueirao,Telefone,True,False,1,pronto_para_geocodificar,none,"Candidato a geocodificacao; nao e coordenada, rotulo ou evidencia de treino.","Nao usar como ground truth, escore ou variavel derivada do rotulo."
df5c37cae292534b,2025,31/01/2025,Drenagem,Alagamentos,Concluído,Bartolomeu Lourenço de Gusmão,HAUER,Unidade Regional Boqueirao,Portal,True,False,1,pronto_para_geocodificar,none,"Candidato a geocodificacao; nao e coordenada, rotulo ou evidencia de treino.","Nao usar como ground truth, escore ou variavel derivada do rotulo."
ed907aadfd419811,2025,03/02/2025,Drenagem,Alagamentos,Concluído,RUA PAULO SETUBAL,HAUER,Unidade Regional Boqueirao,Telefone,True,False,1,pronto_para_geocodificar,none,"Candidato a geocodificacao; nao e coordenada, rotulo ou evidencia de treino.","Nao usar como ground truth, escore ou variavel derivada do rotulo."
ff93c4fe43d533e1,2025,03/02/2025,Drenagem,Alagamentos,Concluído,RUA HELCIO DA CUNHA AJUZ,XAXIM,Unidade Regional Boqueirao,Telefone,True,False,1,pronto_para_geocodificar,none,"Candidato a geocodificacao; nao e coordenada, rotulo ou evidencia de treino.","Nao usar como ground truth, escore ou variavel derivada do rotulo."
918876684393f0fb,2025,03/02/2025,Drenagem,Alagamentos,Concluído,Rua Rodolfo Amoedo,XAXIM,Unidade Regional Boqueirao,Telefone,True,False,2,pronto_para_geocodificar,none,"Candidato a geocodificacao; nao e coordenada, rotulo ou evidencia de treino.","Nao usar como ground truth, escore ou variavel derivada do rotulo."
50d6e8fc41762b4f,2025,03/02/2025,Drenagem,Alagamentos,Concluído,RUA DOLORES DURAN,XAXIM,Unidade Regional Boqueirao,Telefone,True,False,1,pronto_para_geocodificar,none,"Candidato a geocodificacao; nao e coordenada, rotulo ou evidencia de treino.","Nao usar como ground truth, escore ou variavel derivada do rotulo."
760be264b12cec73,2025,03/02/2025,Drenagem,Alagamentos,Concluído,RUA CARLOS DE LAET,ALTO BOQUEIRAO,Unidade Regional Boqueirao,Telefone,True,False,2,pronto_para_geocodificar,none,"Candidato a geocodificacao; nao e coordenada, rotulo ou evidencia de treino.","Nao usar como ground truth, escore ou variavel derivada do rotulo."
45d17f2029ee6e9a,2025,03/02/2025,Drenagem,Alagamentos,Concluído,RUA CATARINA GOOSSEN,XAXIM,Unidade Regional Boqueirao,Telefone,True,False,1,pronto_para_geocodificar,none,"Candidato a geocodificacao; nao e coordenada, rotulo ou evidencia de treino.","Nao usar como ground truth, escore ou variavel derivada do rotulo."
62db729472b4b564,2025,03/02/2025,Drenagem,Alagamentos,Concluído,Rua Expedicionário Francisco Pereira Dos Santos,ALTO BOQUEIRAO,Unidade Regional Boqueirao,Telefone,True,False,1,pronto_para_geocodificar,none,"Candidato a geocodificacao; nao e coordenada, rotulo ou evidencia de treino.","Nao usar como ground truth, escore ou variavel derivada do rotulo."
593a530933a0c40d,2025,03/02/2025,Drenagem,Alagamentos,Concluído,RUA RODOLFO AMOEDO,XAXIM,Unidade Regional Boqueirao,Telefone,True,False,2,pronto_para_geocodificar,none,"Candidato a geocodificacao; nao e coordenada, rotulo ou evidencia de treino.","Nao usar como ground truth, escore ou variavel derivada do rotulo."
760be264b12cec73,2025,03/02/2025,Drenagem,Alagamentos,Concluído,RUA CARLOS DE LAET,ALTO BOQUEIRAO,Unidade Regional Boqueirao,Telefone,True,False,2,pronto_para_geocodificar,none,"Candidato a geocodificacao; nao e coordenada, rotulo ou evidencia de treino.","Nao usar como ground truth, escore ou variavel derivada do rotulo."
24427180a09a040c,2025,03/02/2025,Drenagem,Alagamentos,Concluído,RUA 25 DE AGOSTO,ALTO BOQUEIRAO,Unidade Regional Boqueirao,Telefone,True,False,1,pronto_para_geocodificar,none,"Candidato a geocodificacao; nao e coordenada, rotulo ou evidencia de treino.","Nao usar como ground truth, escore ou variavel derivada do rotulo."
81fea2e7e8ac7c1e,2025,03/02/2025,Drenagem,Alagamentos,Concluído,Oliveira Viana,HAUER,Unidade Regional Boqueirao,Portal,True,False,1,pronto_para_geocodificar,none,"Candidato a geocodificacao; nao e coordenada, rotulo ou evidencia de treino.","Nao usar como ground truth, escore ou variavel derivada do rotulo."
08f607044742d21c,2025,04/02/2025,Drenagem,Alagamentos,Concluído,Rua Conde de São João Das Duas Barras,ALTO BOQUEIRAO,Unidade Regional Boqueirao,Telefone,True,False,1,pronto_para_geocodificar,none,"Candidato a geocodificacao; nao e coordenada, rotulo ou evidencia de treino.","Nao usar como ground truth, escore ou variavel derivada do rotulo."
3ecdc9387aceec69,2025,05/02/2025,Drenagem,Alagamentos,Concluído,Carlos de Laet,HAUER,Unidade Regional Boqueirao,Portal,True,False,1,pronto_para_geocodificar,none,"Candidato a geocodificacao; nao e coordenada, rotulo ou evidencia de treino.","Nao usar como ground truth, escore ou variavel derivada do rotulo."
5b7bec087a5413a1,2025,18/02/2025,Drenagem,Alagamentos,Concluído,William Booth,BOQUEIRAO,Unidade Regional Boqueirao,Portal,True,False,1,pronto_para_geocodificar,none,"Candidato a geocodificacao; nao e coordenada, rotulo ou evidencia de treino.","Nao usar como ground truth, escore ou variavel derivada do rotulo."
98329e1c83308e23,2025,18/02/2025,Drenagem,Alagamentos,Concluído,RUA EXPEDICIONÁRIO FRANCISCO PEREIRA DOS SANTOS,ALTO BOQUEIRAO,Unidade Regional Boqueirao,Telefone,True,False,1,pronto_para_geocodificar,none,"Candidato a geocodificacao; nao e coordenada, rotulo ou evidencia de treino.","Nao usar como ground truth, escore ou variavel derivada do rotulo."
db58f16610fd93bc,2025,18/02/2025,Drenagem,Alagamentos,Concluído,Rua Bartolomeu Lourenço de Gusmão,BOQUEIRAO,Unidade Regional Boqueirao,Telefone,True,False,2,pronto_para_geocodificar,none,"Candidato a geocodificacao; nao e coordenada, rotulo ou evidencia de treino.","Nao usar como ground truth, escore ou variavel derivada do rotulo."
f4226e96159d4baf,2025,18/02/2025,Drenagem,Alagamentos,Concluído,Rua Bom Jesus de Iguape,HAUER,Unidade Regional Boqueirao,Telefone,True,False,2,pronto_para_geocodificar,none,"Candidato a geocodificacao; nao e coordenada, rotulo ou evidencia de treino.","Nao usar como ground truth, escore ou variavel derivada do rotulo."
d8d7ed501b83b0f5,2025,18/02/2025,Drenagem,Alagamentos,Concluído,RUA ELTON ROBERTO DE MOURA TORRES,BOQUEIRAO,Unidade Regional Boqueirao,Telefone,True,False,1,pronto_para_geocodificar,none,"Candidato a geocodificacao; nao e coordenada, rotulo ou evidencia de treino.","Nao usar como ground truth, escore ou variavel derivada do rotulo."
f4226e96159d4baf,2025,18/02/2025,Drenagem,Alagamentos,Concluído,Rua Bom Jesus de Iguape,HAUER,Unidade Regional Boqueirao,Telefone,True,False,2,pronto_para_geocodificar,none,"Candidato a geocodificacao; nao e coordenada, rotulo ou evidencia de treino.","Nao usar como ground truth, escore ou variavel derivada do rotulo."
67e866ad01a35a83,2025,18/02/2025,Drenagem,Alagamentos,Concluído,RUA CARLOS DE LAET,HAUER,Unidade Regional Boqueirao,Telefone,True,False,1,pronto_para_geocodificar,none,"Candidato a geocodificacao; nao e coordenada, rotulo ou evidencia de treino.","Nao usar como ground truth, escore ou variavel derivada do rotulo."
ce87cbe5166e0394,2025,18/02/2025,Drenagem,Alagamentos,Concluído,RUA BARTOLOMEU LOURENÇO DE GUSMÃO,BOQUEIRAO,Unidade Regional Boqueirao,Telefone,True,False,2,pronto_para_geocodificar,none,"Candidato a geocodificacao; nao e coordenada, rotulo ou evidencia de treino.","Nao usar como ground truth, escore ou variavel derivada do rotulo."
7ce48c0199a4b023,2025,22/02/2025,Drenagem,Alagamentos,Concluído,José Peixoto de Lacerda Wernek,BOQUEIRAO,Unidade Regional Boqueirao,Portal,True,False,1,pronto_para_geocodificar,none,"Candidato a geocodificacao; nao e coordenada, rotulo ou evidencia de treino.","Nao usar como ground truth, escore ou variavel derivada do rotulo."
6131aed1ae4afcc2,2025,27/02/2025,Drenagem,Alagamentos,Concluído,RUA ANGÉLICA MARIA TABORDA SANTOS,BOQUEIRAO,Unidade Regional Boqueirao,Telefone,True,False,1,pronto_para_geocodificar,none,"Candidato a geocodificacao; nao e coordenada, rotulo ou evidencia de treino.","Nao usar como ground truth, escore ou variavel derivada do rotulo."
977a96d24d63a559,2025,27/02/2025,Drenagem,Alagamentos,Concluído,RUA WILLIAM BOOTH,BOQUEIRAO,Unidade Regional Boqueirao,Telefone,True,False,1,pronto_para_geocodificar,none,"Candidato a geocodificacao; nao e coordenada, rotulo ou evidencia de treino.","Nao usar como ground truth, escore ou variavel derivada do rotulo."
8d858e114663f6ac,2025,27/02/2025,Drenagem,Alagamentos,Concluído,RUA DESEMBARGADOR ANTÔNIO DE PAULA,BOQUEIRAO,Unidade Regional Boqueirao,Telefone,True,False,2,pronto_para_geocodificar,none,"Candidato a geocodificacao; nao e coordenada, rotulo ou evidencia de treino.","Nao usar como ground truth, escore ou variavel derivada do rotulo."
8d858e114663f6ac,2025,27/02/2025,Drenagem,Alagamentos,Concluído,RUA DESEMBARGADOR ANTÔNIO DE PAULA,BOQUEIRAO,Unidade Regional Boqueirao,Telefone,True,False,2,pronto_para_geocodificar,none,"Candidato a geocodificacao; nao e coordenada, rotulo ou evidencia de treino.","Nao usar como ground truth, escore ou variavel derivada do rotulo."
a5cf28a101aedd7a,2025,27/02/2025,Drenagem,Alagamentos,Concluído,AVENIDA MARECHAL FLORIANO PEIXOTO,BOQUEIRAO,Unidade Regional Boqueirao,Telefone,True,False,1,pronto_para_geocodificar,none,"Candidato a geocodificacao; nao e coordenada, rotulo ou evidencia de treino.","Nao usar como ground truth, escore ou variavel derivada do rotulo."
895f4aca1c2ff4af,2025,28/02/2025,Drenagem,Alagamentos,Concluído,RUA ITAÚNA DO SUL,ALTO BOQUEIRAO,Unidade Regional Boqueirao,Telefone,True,False,1,pronto_para_geocodificar,none,"Candidato a geocodificacao; nao e coordenada, rotulo ou evidencia de treino.","Nao usar como ground truth, escore ou variavel derivada do rotulo."
6b96a5221a1ef3c4,2025,12/03/2025,Drenagem,Alagamentos,Concluído,Professora Joanita Bernett Passos,BOQUEIRAO,Unidade Regional Boqueirao,Portal,True,False,1,pronto_para_geocodificar,none,"Candidato a geocodificacao; nao e coordenada, rotulo ou evidencia de treino.","Nao usar como ground truth, escore ou variavel derivada do rotulo."
214bec65937b5796,2025,17/03/2025,Drenagem,Alagamentos,Concluído,Bartolomeu Lourenço de Gusmão,HAUER,Unidade Regional Boqueirao,Portal,True,False,1,pronto_para_geocodificar,none,"Candidato a geocodificacao; nao e coordenada, rotulo ou evidencia de treino.","Nao usar como ground truth, escore ou variavel derivada do rotulo."
95ac0b480271f9e0,2025,26/03/2025,Drenagem,Alagamentos,Concluído,José Brum,XAXIM,Unidade Regional Boqueirao,Portal,True,False,1,pronto_para_geocodificar,none,"Candidato a geocodificacao; nao e coordenada, rotulo ou evidencia de treino.","Nao usar como ground truth, escore ou variavel derivada do rotulo."
c7e21ef406ba75fc,2025,15/04/2025,Drenagem,Alagamentos,Concluído,RUA RODOLFO AMOEDO,XAXIM,Unidade Regional Boqueirao,Telefone,True,False,1,pronto_para_geocodificar,none,"Candidato a geocodificacao; nao e coordenada, rotulo ou evidencia de treino.","Nao usar como ground truth, escore ou variavel derivada do rotulo."
d9dc79c310bcb7ab,2025,18/04/2025,Drenagem,Alagamentos,Concluído,RODOVIA BR-476,HAUER,Unidade Regional Boqueirao,Portal,True,False,1,pronto_para_geocodificar,none,"Candidato a geocodificacao; nao e coordenada, rotulo ou evidencia de treino.","Nao usar como ground truth, escore ou variavel derivada do rotulo."
ca061b3df6f81e55,2025,06/05/2025,Drenagem,Alagamentos,Concluído,Arthur Manoel Iwersen,BOQUEIRAO,Unidade Regional Boqueirao,Portal,True,False,1,pronto_para_geocodificar,none,"Candidato a geocodificacao; nao e coordenada, rotulo ou evidencia de treino.","Nao usar como ground truth, escore ou variavel derivada do rotulo."
bd2508c8ccc3e5d5,2025,08/05/2025,Drenagem,Alagamentos,Concluído,RUA DESEMBARGADOR JOÃO ANTONIO DE BARROS JÚNIOR,XAXIM,Unidade Regional Boqueirao,Telefone,True,False,1,pronto_para_geocodificar,none,"Candidato a geocodificacao; nao e coordenada, rotulo ou evidencia de treino.","Nao usar como ground truth, escore ou variavel derivada do rotulo."
c1a8bf89df6282e5,2025,09/06/2025,Drenagem,Alagamentos,Concluído,Diogo Mugiatti,BOQUEIRAO,Unidade Regional Boqueirao,Portal,True,False,1,pronto_para_geocodificar,none,"Candidato a geocodificacao; nao e coordenada, rotulo ou evidencia de treino.","Nao usar como ground truth, escore ou variavel derivada do rotulo."
9ddb697466f6432e,2025,22/09/2025,Drenagem,Alagamentos,Concluído,RUA DULCE TOTTI MARQUES,ALTO BOQUEIRAO,Unidade Regional Boqueirao,Telefone,True,False,1,pronto_para_geocodificar,none,"Candidato a geocodificacao; nao e coordenada, rotulo ou evidencia de treino.","Nao usar como ground truth, escore ou variavel derivada do rotulo."
0056e429bfefc1de,2025,03/10/2025,Drenagem,Alagamentos,Concluído,Irineu Prevedello Tedesco,ALTO BOQUEIRAO,Unidade Regional Boqueirao,Portal,True,False,1,pronto_para_geocodificar,none,"Candidato a geocodificacao; nao e coordenada, rotulo ou evidencia de treino.","Nao usar como ground truth, escore ou variavel derivada do rotulo."
9ba0d02e98cff387,2025,14/10/2025,Drenagem,Alagamentos,Concluído,Coronel Cypriano Gomes da Silveira,XAXIM,Unidade Regional Boqueirao,Portal,True,False,1,pronto_para_geocodificar,none,"Candidato a geocodificacao; nao e coordenada, rotulo ou evidencia de treino.","Nao usar como ground truth, escore ou variavel derivada do rotulo."
ede640e4b0102489,2025,04/11/2025,Drenagem,Alagamentos,Concluído,Abrão Winter,XAXIM,Unidade Regional Boqueirao,Portal,True,False,1,pronto_para_geocodificar,none,"Candidato a geocodificacao; nao e coordenada, rotulo ou evidencia de treino.","Nao usar como ground truth, escore ou variavel derivada do rotulo."
c3b9f8e903cdc628,2025,07/11/2025,Drenagem,Alagamentos,Concluído,RUA PROFESSOR JOSÉ NOGUEIRA DOS SANTOS,HAUER,Unidade Regional Boqueirao,Telefone,True,False,1,pronto_para_geocodificar,none,"Candidato a geocodificacao; nao e coordenada, rotulo ou evidencia de treino.","Nao usar como ground truth, escore ou variavel derivada do rotulo."
851ee50b7fcf5b0a,2025,03/02/2025,Drenagem,Alagamentos,Concluído,Rua Abrahão Kalil Fadel,SEMINARIO,Unidade Regional Portao,Telefone,True,False,1,pronto_para_geocodificar,none,"Candidato a geocodificacao; nao e coordenada, rotulo ou evidencia de treino.","Nao usar como ground truth, escore ou variavel derivada do rotulo."
cad1cd4d64db2d09,2025,03/02/2025,Drenagem,Alagamentos,Concluído,Minas Gerais,GUAIRA,Unidade Regional Portao,Portal,True,False,1,pronto_para_geocodificar,none,"Candidato a geocodificacao; nao e coordenada, rotulo ou evidencia de treino.","Nao usar como ground truth, escore ou variavel derivada do rotulo."
3ec6ffb9c4348aa3,2025,14/02/2025,Drenagem,Alagamentos,Concluído,Pará,AGUA VERDE,Unidade Regional Portao,Portal,True,False,1,pronto_para_geocodificar,none,"Candidato a geocodificacao; nao e coordenada, rotulo ou evidencia de treino.","Nao usar como ground truth, escore ou variavel derivada do rotulo."
0ea473e090f5281f,2025,18/02/2025,Drenagem,Alagamentos,Concluído,RUA JOSÉ SCUISSIATO,SEMINARIO,Unidade Regional Portao,Telefone,True,False,1,pronto_para_geocodificar,none,"Candidato a geocodificacao; nao e coordenada, rotulo ou evidencia de treino.","Nao usar como ground truth, escore ou variavel derivada do rotulo."
efc79d3a6eec3949,2025,18/02/2025,Drenagem,Alagamentos,Concluído,Rua Waldemar Cavanha,CAMPO COMPRIDO,Unidade Regional Portao,Telefone,True,False,1,pronto_para_geocodificar,none,"Candidato a geocodificacao; nao e coordenada, rotulo ou evidencia de treino.","Nao usar como ground truth, escore ou variavel derivada do rotulo."
6b5d60560e652218,2025,18/02/2025,Drenagem,Alagamentos,Concluído,Pará,AGUA VERDE,Unidade Regional Portao,Portal,True,False,1,pronto_para_geocodificar,none,"Candidato a geocodificacao; nao e coordenada, rotulo ou evidencia de treino.","Nao usar como ground truth, escore ou variavel derivada do rotulo."
e8050b4ead0c2f56,2025,19/02/2025,Drenagem,Alagamentos,Concluído,RUA PEDRO KOSCHLA,CAMPO COMPRIDO,Unidade Regional Portao,Telefone,True,False,1,pronto_para_geocodificar,none,"Candidato a geocodificacao; nao e coordenada, rotulo ou evidencia de treino.","Nao usar como ground truth, escore ou variavel derivada do rotulo."
b0ea06392982c208,2025,25/02/2025,Drenagem,Alagamentos,Concluído,AVENIDA PRESIDENTE GETÚLIO VARGAS,AGUA VERDE,Unidade Regional Portao,Telefone,True,False,1,pronto_para_geocodificar,none,"Candidato a geocodificacao; nao e coordenada, rotulo ou evidencia de treino.","Nao usar como ground truth, escore ou variavel derivada do rotulo."
11425e9f44ad4b49,2025,16/04/2025,Drenagem,Alagamentos,Concluído,RUA REINALDO PAZELLO,SANTA QUITERIA,Unidade Regional Portao,Telefone,True,False,1,pronto_para_geocodificar,none,"Candidato a geocodificacao; nao e coordenada, rotulo ou evidencia de treino.","Nao usar como ground truth, escore ou variavel derivada do rotulo."
85f5f51df93122c0,2025,26/08/2025,Drenagem,Alagamentos,Concluído,RUA ALFERES POLI,PAROLIN,Unidade Regional Portao,Portal,True,False,1,pronto_para_geocodificar,none,"Candidato a geocodificacao; nao e coordenada, rotulo ou evidencia de treino.","Nao usar como ground truth, escore ou variavel derivada do rotulo."
4f1a6e9d5024e2de,2025,26/08/2025,Drenagem,Alagamentos,Concluído,Santo Amaro,AGUA VERDE,Unidade Regional Portao,Portal,True,False,1,pronto_para_geocodificar,none,"Candidato a geocodificacao; nao e coordenada, rotulo ou evidencia de treino.","Nao usar como ground truth, escore ou variavel derivada do rotulo."
dd24236802f9bd61,2025,22/09/2025,Drenagem,Alagamentos,Concluído,RUA BRIGADEIRO FRANCO,PAROLIN,Unidade Regional Portao,Portal,True,False,1,pronto_para_geocodificar,none,"Candidato a geocodificacao; nao e coordenada, rotulo ou evidencia de treino.","Nao usar como ground truth, escore ou variavel derivada do rotulo."
bc523ab055b79dc9,2025,22/09/2025,Drenagem,Alagamentos,Concluído,Professor Assis Gonçalves,AGUA VERDE,Unidade Regional Portao,Portal,True,False,1,pronto_para_geocodificar,none,"Candidato a geocodificacao; nao e coordenada, rotulo ou evidencia de treino.","Nao usar como ground truth, escore ou variavel derivada do rotulo."
a356aeea3966b20c,2025,05/10/2025,Drenagem,Alagamentos,Concluído,Nossa Senhora Aparecida,SEMINARIO,Unidade Regional Portao,Portal,True,False,1,pronto_para_geocodificar,none,"Candidato a geocodificacao; nao e coordenada, rotulo ou evidencia de treino.","Nao usar como ground truth, escore ou variavel derivada do rotulo."
088c9d6089a19427,2025,11/10/2025,Drenagem,Alagamentos,Concluído,Santo Amaro,AGUA VERDE,Unidade Regional Portao,Portal,True,False,1,pronto_para_geocodificar,none,"Candidato a geocodificacao; nao e coordenada, rotulo ou evidencia de treino.","Nao usar como ground truth, escore ou variavel derivada do rotulo."
5e45a4c4b56ea626,2025,19/10/2025,Drenagem,Alagamentos,Concluído,Francisco Parolin,PAROLIN,Unidade Regional Portao,Portal,True,False,1,pronto_para_geocodificar,none,"Candidato a geocodificacao; nao e coordenada, rotulo ou evidencia de treino.","Nao usar como ground truth, escore ou variavel derivada do rotulo."
48d96baa8e7cf219,2025,22/11/2025,Drenagem,Alagamentos,Concluído,Santo Amaro,AGUA VERDE,Unidade Regional Portao,Portal,True,False,1,pronto_para_geocodificar,none,"Candidato a geocodificacao; nao e coordenada, rotulo ou evidencia de treino.","Nao usar como ground truth, escore ou variavel derivada do rotulo."
20a7fb267041fc04,2025,23/11/2025,Drenagem,Alagamentos,Concluído,RUA BRIGADEIRO FRANCO,PAROLIN,Unidade Regional Portao,Portal,True,False,2,pronto_para_geocodificar,none,"Candidato a geocodificacao; nao e coordenada, rotulo ou evidencia de treino.","Nao usar como ground truth, escore ou variavel derivada do rotulo."
0bd71a3d909c71b6,2025,30/11/2025,Drenagem,Alagamentos,Concluído,RUA PAULO GORSKI,CAMPO COMPRIDO,Unidade Regional Portao,Portal,True,False,1,pronto_para_geocodificar,none,"Candidato a geocodificacao; nao e coordenada, rotulo ou evidencia de treino.","Nao usar como ground truth, escore ou variavel derivada do rotulo."
f2a1d458c583e778,2025,30/11/2025,Drenagem,Alagamentos,Concluído,Eugênio José de Souza,AGUA VERDE,Unidade Regional Portao,Portal,True,False,2,pronto_para_geocodificar,none,"Candidato a geocodificacao; nao e coordenada, rotulo ou evidencia de treino.","Nao usar como ground truth, escore ou variavel derivada do rotulo."
36b6d456a002bcf4,2025,30/11/2025,Drenagem,Alagamentos,Concluído,Palmeiras,AGUA VERDE,Unidade Regional Portao,Portal,True,False,1,pronto_para_geocodificar,none,"Candidato a geocodificacao; nao e coordenada, rotulo ou evidencia de treino.","Nao usar como ground truth, escore ou variavel derivada do rotulo."
fa15af287d8f7a3d,2025,30/11/2025,Drenagem,Alagamentos,Concluído,Professor Luiz César,AGUA VERDE,Unidade Regional Portao,Portal,True,False,1,pronto_para_geocodificar,none,"Candidato a geocodificacao; nao e coordenada, rotulo ou evidencia de treino.","Nao usar como ground truth, escore ou variavel derivada do rotulo."
737376e54aa14757,2025,30/11/2025,Drenagem,Alagamentos,Concluído,RUA 24 DE MAIO,PAROLIN,Unidade Regional Portao,Portal,True,False,1,pronto_para_geocodificar,none,"Candidato a geocodificacao; nao e coordenada, rotulo ou evidencia de treino.","Nao usar como ground truth, escore ou variavel derivada do rotulo."
b8ffe4605e48698c,2025,30/11/2025,Drenagem,Alagamentos,Concluído,RUA JOÃO PAROLIN,PAROLIN,Unidade Regional Portao,Portal,True,False,1,pronto_para_geocodificar,none,"Candidato a geocodificacao; nao e coordenada, rotulo ou evidencia de treino.","Nao usar como ground truth, escore ou variavel derivada do rotulo."
7b8ec5c487defaef,2025,02/12/2025,Drenagem,Alagamentos,Concluído,RUA BRIGADEIRO FRANCO,PAROLIN,Unidade Regional Portao,Portal,True,False,1,pronto_para_geocodificar,none,"Candidato a geocodificacao; nao e coordenada, rotulo ou evidencia de treino.","Nao usar como ground truth, escore ou variavel derivada do rotulo."
b4f6af57e0bfeecd,2025,06/12/2025,Drenagem,Alagamentos,Concluído,Nossa Senhora Aparecida,SEMINARIO,Unidade Regional Portao,Portal,True,False,1,pronto_para_geocodificar,none,"Candidato a geocodificacao; nao e coordenada, rotulo ou evidencia de treino.","Nao usar como ground truth, escore ou variavel derivada do rotulo."
9c575e52ea43dff0,2025,09/12/2025,Drenagem,Alagamentos,Concluído,RUA BRIGADEIRO FRANCO,PAROLIN,Unidade Regional Portao,Portal,True,False,1,pronto_para_geocodificar,none,"Candidato a geocodificacao; nao e coordenada, rotulo ou evidencia de treino.","Nao usar como ground truth, escore ou variavel derivada do rotulo."
3db05a70413c4e5f,2025,27/01/2025,Drenagem,Alagamentos,Concluído,Rua José Boiko,SANTO INACIO,Unidade Regional Santa Felicidade,Telefone,True,False,1,pronto_para_geocodificar,none,"Candidato a geocodificacao; nao e coordenada, rotulo ou evidencia de treino.","Nao usar como ground truth, escore ou variavel derivada do rotulo."
73852ce02c35374b,2025,30/01/2025,Drenagem,Alagamentos,Concluído,RUA BASÍLIO KOWALCZUK,SAO BRAZ,Unidade Regional Santa Felicidade,Telefone,True,False,1,pronto_para_geocodificar,none,"Candidato a geocodificacao; nao e coordenada, rotulo ou evidencia de treino.","Nao usar como ground truth, escore ou variavel derivada do rotulo."
bad1d7f11ebc53c4,2025,25/02/2025,Drenagem,Alagamentos,Concluído,Ari José Valle,SAO JOAO,Unidade Regional Santa Felicidade,Portal,True,False,1,pronto_para_geocodificar,none,"Candidato a geocodificacao; nao e coordenada, rotulo ou evidencia de treino.","Nao usar como ground truth, escore ou variavel derivada do rotulo."
1ad8da2c1a10bd02,2025,08/04/2025,Drenagem,Alagamentos,Concluído,Rua José Boiko,SANTO INACIO,Unidade Regional Santa Felicidade,Telefone,True,False,1,pronto_para_geocodificar,none,"Candidato a geocodificacao; nao e coordenada, rotulo ou evidencia de treino.","Nao usar como ground truth, escore ou variavel derivada do rotulo."
ce9cf8ae5804780b,2025,09/06/2025,Drenagem,Alagamentos,Concluído,RUA UBALDO BRUNATTI,ORLEANS,Unidade Regional Santa Felicidade,Telefone,True,False,1,pronto_para_geocodificar,none,"Candidato a geocodificacao; nao e coordenada, rotulo ou evidencia de treino.","Nao usar como ground truth, escore ou variavel derivada do rotulo."
b1939e36bd977798,2025,09/06/2025,Drenagem,Alagamentos,Concluído,RUA FRANCISCO KLEICHEVICZ,ORLEANS,Unidade Regional Santa Felicidade,Telefone,True,False,1,pronto_para_geocodificar,none,"Candidato a geocodificacao; nao e coordenada, rotulo ou evidencia de treino.","Nao usar como ground truth, escore ou variavel derivada do rotulo."
cfaa8ac2a16f4b75,2025,09/06/2025,Drenagem,Alagamentos,Concluído,Carlos Leinig Júnior,VISTA ALEGRE,Unidade Regional Santa Felicidade,Portal,True,False,1,pronto_para_geocodificar,none,"Candidato a geocodificacao; nao e coordenada, rotulo ou evidencia de treino.","Nao usar como ground truth, escore ou variavel derivada do rotulo."
72d43c9625b293c9,2025,10/06/2025,Drenagem,Alagamentos,Concluído,Ângelo Domingos Durigan,CASCATINHA,Unidade Regional Santa Felicidade,Portal,True,False,1,pronto_para_geocodificar,none,"Candidato a geocodificacao; nao e coordenada, rotulo ou evidencia de treino.","Nao usar como ground truth, escore ou variavel derivada do rotulo."
1d0c24f68869e743,2025,11/06/2025,Drenagem,Alagamentos,Concluído,Ruy de Santis,SANTA FELICIDADE,Unidade Regional Santa Felicidade,Portal,True,False,1,pronto_para_geocodificar,none,"Candidato a geocodificacao; nao e coordenada, rotulo ou evidencia de treino.","Nao usar como ground truth, escore ou variavel derivada do rotulo."
f89075547916bccd,2025,07/07/2025,Drenagem,Alagamentos,Concluído,RUA SAO JOSE DA BOA VISTA,SAO BRAZ,Unidade Regional Santa Felicidade,Telefone,True,False,1,pronto_para_geocodificar,none,"Candidato a geocodificacao; nao e coordenada, rotulo ou evidencia de treino.","Nao usar como ground truth, escore ou variavel derivada do rotulo."
2e62000fe43b0187,2025,03/02/2025,Drenagem,Alagamentos,Concluído,Rua Conde Dos Arcos,LINDOIA,Unidade Regional Pinheirinho,Telefone,True,False,2,pronto_para_geocodificar,none,"Candidato a geocodificacao; nao e coordenada, rotulo ou evidencia de treino.","Nao usar como ground truth, escore ou variavel derivada do rotulo."
588fd84dfa181459,2025,03/02/2025,Drenagem,Alagamentos,Concluído,RUA IZIDORO STAVITZKI,PINHEIRINHO,Unidade Regional Pinheirinho,Telefone,True,False,1,pronto_para_geocodificar,none,"Candidato a geocodificacao; nao e coordenada, rotulo ou evidencia de treino.","Nao usar como ground truth, escore ou variavel derivada do rotulo."
797a40c9b6b2c684,2025,03/02/2025,Drenagem,Alagamentos,Concluído,RUA CONDE DOS ARCOS,LINDOIA,Unidade Regional Pinheirinho,Telefone,True,False,2,pronto_para_geocodificar,none,"Candidato a geocodificacao; nao e coordenada, rotulo ou evidencia de treino.","Nao usar como ground truth, escore ou variavel derivada do rotulo."
c382a7fa5076343b,2025,03/02/2025,Drenagem,Alagamentos,Concluído,Nicolau Serrato Sobrinho,NOVO MUNDO,Unidade Regional Pinheirinho,Portal,True,False,1,pronto_para_geocodificar,none,"Candidato a geocodificacao; nao e coordenada, rotulo ou evidencia de treino.","Nao usar como ground truth, escore ou variavel derivada do rotulo."
c1d904c22666cc46,2025,10/02/2025,Drenagem,Alagamentos,Concluído,RUA ROSA MANFRON FERRO,PINHEIRINHO,Unidade Regional Pinheirinho,Telefone,True,False,1,pronto_para_geocodificar,none,"Candidato a geocodificacao; nao e coordenada, rotulo ou evidencia de treino.","Nao usar como ground truth, escore ou variavel derivada do rotulo."
9ae138365dcd87b8,2025,18/02/2025,Drenagem,Alagamentos,Concluído,RUA JOSÉ SILVA DE LIMA,CAPAO RASO,Unidade Regional Pinheirinho,Telefone,True,False,1,pronto_para_geocodificar,none,"Candidato a geocodificacao; nao e coordenada, rotulo ou evidencia de treino.","Nao usar como ground truth, escore ou variavel derivada do rotulo."
8d9e7bfb3d831227,2025,18/02/2025,Drenagem,Alagamentos,Concluído,RUA DELEGADO NABY PARANÁ,CAPAO RASO,Unidade Regional Pinheirinho,Telefone,True,False,1,pronto_para_geocodificar,none,"Candidato a geocodificacao; nao e coordenada, rotulo ou evidencia de treino.","Nao usar como ground truth, escore ou variavel derivada do rotulo."
d2176e8f83217c30,2025,18/02/2025,Drenagem,Alagamentos,Concluído,RUA JOSÉ FERREIRA DE  BARROS,FANNY,Unidade Regional Pinheirinho,Chat,True,False,1,pronto_para_geocodificar,none,"Candidato a geocodificacao; nao e coordenada, rotulo ou evidencia de treino.","Nao usar como ground truth, escore ou variavel derivada do rotulo."
110b64acb2aba65b,2025,18/02/2025,Drenagem,Alagamentos,Concluído,Rua Carolina Castelli,NOVO MUNDO,Unidade Regional Pinheirinho,Chat,True,False,1,pronto_para_geocodificar,none,"Candidato a geocodificacao; nao e coordenada, rotulo ou evidencia de treino.","Nao usar como ground truth, escore ou variavel derivada do rotulo."
30aeb78f7d57c2f2,2025,19/02/2025,Drenagem,Alagamentos,Concluído,Maestro Francisco Antonello,FANNY,Unidade Regional Pinheirinho,Portal,True,False,1,pronto_para_geocodificar,none,"Candidato a geocodificacao; nao e coordenada, rotulo ou evidencia de treino.","Nao usar como ground truth, escore ou variavel derivada do rotulo."
98213838a14bb854,2025,25/02/2025,Drenagem,Alagamentos,Concluído,José Alcides de Lima,NOVO MUNDO,Unidade Regional Pinheirinho,Portal,True,False,1,pronto_para_geocodificar,none,"Candidato a geocodificacao; nao e coordenada, rotulo ou evidencia de treino.","Nao usar como ground truth, escore ou variavel derivada do rotulo."
f4dd02bef30843d6,2025,27/02/2025,Drenagem,Alagamentos,Concluído,RUA MAESTRO FRANCISCO ANTONELLO,FANNY,Unidade Regional Pinheirinho,Telefone,True,False,1,pronto_para_geocodificar,none,"Candidato a geocodificacao; nao e coordenada, rotulo ou evidencia de treino.","Nao usar como ground truth, escore ou variavel derivada do rotulo."
370550cdbb103703,2025,12/03/2025,Drenagem,Alagamentos,Concluído,Jaime Rodrigues da Rocha,CAPAO RASO,Unidade Regional Pinheirinho,Portal,True,False,1,pronto_para_geocodificar,none,"Candidato a geocodificacao; nao e coordenada, rotulo ou evidencia de treino.","Nao usar como ground truth, escore ou variavel derivada do rotulo."
6787225528529ad2,2025,17/03/2025,Drenagem,Alagamentos,Concluído,RUA DOUTOR MANOEL LINHARES DE LACERDA,CAPAO RASO,Unidade Regional Pinheirinho,Telefone,True,False,1,pronto_para_geocodificar,none,"Candidato a geocodificacao; nao e coordenada, rotulo ou evidencia de treino.","Nao usar como ground truth, escore ou variavel derivada do rotulo."
d27e535ec40b4b7e,2025,17/03/2025,Drenagem,Alagamentos,Concluído,Rua Araçari,PINHEIRINHO,Unidade Regional Pinheirinho,Telefone,True,False,1,pronto_para_geocodificar,none,"Candidato a geocodificacao; nao e coordenada, rotulo ou evidencia de treino.","Nao usar como ground truth, escore ou variavel derivada do rotulo."
53aa7b19d35a335a,2025,26/05/2025,Drenagem,Alagamentos,Concluído,RUA JOSÉ AFONSO CORDEIRO,PINHEIRINHO,Unidade Regional Pinheirinho,Telefone,True,False,1,pronto_para_geocodificar,none,"Candidato a geocodificacao; nao e coordenada, rotulo ou evidencia de treino.","Nao usar como ground truth, escore ou variavel derivada do rotulo."
6cfb08e0fa2d19f5,2025,07/06/2025,Drenagem,Alagamentos,Concluído,RUA JOSÉ AFONSO CORDEIRO,PINHEIRINHO,Unidade Regional Pinheirinho,Telefone,True,False,1,pronto_para_geocodificar,none,"Candidato a geocodificacao; nao e coordenada, rotulo ou evidencia de treino.","Nao usar como ground truth, escore ou variavel derivada do rotulo."
f5e44dbfec15309a,2025,27/06/2025,Drenagem,Alagamentos,Concluído,RUA ALBERTO KRAMER,CAPAO RASO,Unidade Regional Pinheirinho,Telefone,True,False,1,pronto_para_geocodificar,none,"Candidato a geocodificacao; nao e coordenada, rotulo ou evidencia de treino.","Nao usar como ground truth, escore ou variavel derivada do rotulo."
85760c9962dc843f,2025,13/09/2025,Drenagem,Alagamentos,Concluído,Luiz Amora,CAPAO RASO,Unidade Regional Pinheirinho,Portal,True,False,1,pronto_para_geocodificar,none,"Candidato a geocodificacao; nao e coordenada, rotulo ou evidencia de treino.","Nao usar como ground truth, escore ou variavel derivada do rotulo."
27cc89101373df22,2025,22/09/2025,Drenagem,Alagamentos,Concluído,Rua Lufrido Costa,PINHEIRINHO,Unidade Regional Pinheirinho,Telefone,True,False,1,pronto_para_geocodificar,none,"Candidato a geocodificacao; nao e coordenada, rotulo ou evidencia de treino.","Nao usar como ground truth, escore ou variavel derivada do rotulo."
374be316eccb372f,2025,22/09/2025,Drenagem,Alagamentos,Concluído,José Alcides de Lima,NOVO MUNDO,Unidade Regional Pinheirinho,Portal,True,False,1,pronto_para_geocodificar,none,"Candidato a geocodificacao; nao e coordenada, rotulo ou evidencia de treino.","Nao usar como ground truth, escore ou variavel derivada do rotulo."
2d6b8b8a4ff3ce83,2025,13/10/2025,Drenagem,Alagamentos,Concluído,RUA DESEMBARGADOR ERNANI GUARITA CARTAXO,CAPAO RASO,Unidade Regional Pinheirinho,Telefone,True,False,1,pronto_para_geocodificar,none,"Candidato a geocodificacao; nao e coordenada, rotulo ou evidencia de treino.","Nao usar como ground truth, escore ou variavel derivada do rotulo."
8db7e03b8291dfff,2025,13/10/2025,Drenagem,Alagamentos,Concluído,RUA OLINDO SEQUINEL,CAPAO RASO,Unidade Regional Pinheirinho,Telefone,True,False,1,pronto_para_geocodificar,none,"Candidato a geocodificacao; nao e coordenada, rotulo ou evidencia de treino.","Nao usar como ground truth, escore ou variavel derivada do rotulo."
79674ccd9202cb2b,2025,11/01/2025,Drenagem,Alagamentos,Concluído,Rio Guaporé,BAIRRO ALTO,Unidade Regional Boa Vista,Portal,True,False,1,pronto_para_geocodificar,none,"Candidato a geocodificacao; nao e coordenada, rotulo ou evidencia de treino.","Nao usar como ground truth, escore ou variavel derivada do rotulo."
3a29956f41dc1468,2025,24/01/2025,Drenagem,Alagamentos,Concluído,Rua Sofia Dubiella,ABRANCHES,Unidade Regional Boa Vista,Telefone,True,False,1,pronto_para_geocodificar,none,"Candidato a geocodificacao; nao e coordenada, rotulo ou evidencia de treino.","Nao usar como ground truth, escore ou variavel derivada do rotulo."
798c4e1fbbb709e0,2025,26/01/2025,Drenagem,Alagamentos,Concluído,Rua Sofia Dubiella,ABRANCHES,Unidade Regional Boa Vista,Telefone,True,False,2,pronto_para_geocodificar,none,"Candidato a geocodificacao; nao e coordenada, rotulo ou evidencia de treino.","Nao usar como ground truth, escore ou variavel derivada do rotulo."
97561db1bc6473bf,2025,26/01/2025,Drenagem,Alagamentos,Concluído,RUA SOFIA DUBIELLA,ABRANCHES,Unidade Regional Boa Vista,Telefone,True,False,2,pronto_para_geocodificar,none,"Candidato a geocodificacao; nao e coordenada, rotulo ou evidencia de treino.","Nao usar como ground truth, escore ou variavel derivada do rotulo."
9e64b6654c5862ad,2025,28/01/2025,Drenagem,Alagamentos,Concluído,Professor Raul Pinheiro Machado,BACACHERI,Unidade Regional Boa Vista,Portal,True,False,1,pronto_para_geocodificar,none,"Candidato a geocodificacao; nao e coordenada, rotulo ou evidencia de treino.","Nao usar como ground truth, escore ou variavel derivada do rotulo."
9e8001c779257368,2025,28/01/2025,Drenagem,Alagamentos,Concluído,RUA VISCONDE DE ABAETÉ,BAIRRO ALTO,Unidade Regional Boa Vista,Telefone,True,False,1,pronto_para_geocodificar,none,"Candidato a geocodificacao; nao e coordenada, rotulo ou evidencia de treino.","Nao usar como ground truth, escore ou variavel derivada do rotulo."
cb7d37a47c621fd3,2025,28/01/2025,Drenagem,Alagamentos,Concluído,RUA ALBERTO DE OLIVEIRA,BAIRRO ALTO,Unidade Regional Boa Vista,Telefone,True,False,1,pronto_para_geocodificar,none,"Candidato a geocodificacao; nao e coordenada, rotulo ou evidencia de treino.","Nao usar como ground truth, escore ou variavel derivada do rotulo."
21cd7000aa509ffc,2025,28/01/2025,Drenagem,Alagamentos,Concluído,Rua Alberico Flores Bueno,BAIRRO ALTO,Unidade Regional Boa Vista,Telefone,True,False,1,pronto_para_geocodificar,none,"Candidato a geocodificacao; nao e coordenada, rotulo ou evidencia de treino.","Nao usar como ground truth, escore ou variavel derivada do rotulo."
3a3996aa0caf4277,2025,30/01/2025,Drenagem,Alagamentos,Concluído,Rua Catharina Prodlik,ABRANCHES,Unidade Regional Boa Vista,Telefone,True,False,1,pronto_para_geocodificar,none,"Candidato a geocodificacao; nao e coordenada, rotulo ou evidencia de treino.","Nao usar como ground truth, escore ou variavel derivada do rotulo."
0a07493cfdceb9d6,2025,31/01/2025,Drenagem,Alagamentos,Concluído,RUA CORONEL DOMINGOS SOARES,BAIRRO ALTO,Unidade Regional Boa Vista,Telefone,True,False,1,pronto_para_geocodificar,none,"Candidato a geocodificacao; nao e coordenada, rotulo ou evidencia de treino.","Nao usar como ground truth, escore ou variavel derivada do rotulo."
080dc607b2ef4511,2025,31/01/2025,Drenagem,Alagamentos,Concluído,RUA MARQUÊS DE ABRANTES,BAIRRO ALTO,Unidade Regional Boa Vista,Telefone,True,False,1,pronto_para_geocodificar,none,"Candidato a geocodificacao; nao e coordenada, rotulo ou evidencia de treino.","Nao usar como ground truth, escore ou variavel derivada do rotulo."
151b5e7ed9710396,2025,01/02/2025,Drenagem,Alagamentos,Concluído,Rua Rio Xingu,BAIRRO ALTO,Unidade Regional Boa Vista,Telefone,True,False,1,pronto_para_geocodificar,none,"Candidato a geocodificacao; nao e coordenada, rotulo ou evidencia de treino.","Nao usar como ground truth, escore ou variavel derivada do rotulo."
9bbe10f5900559e4,2025,03/02/2025,Drenagem,Alagamentos,Concluído,RUA CORONEL ARY PINHO,BOA VISTA,Unidade Regional Boa Vista,Telefone,True,False,1,pronto_para_geocodificar,none,"Candidato a geocodificacao; nao e coordenada, rotulo ou evidencia de treino.","Nao usar como ground truth, escore ou variavel derivada do rotulo."
f11bfc865e47cf9f,2025,05/02/2025,Drenagem,Alagamentos,Concluído,João Krasinski,ABRANCHES,Unidade Regional Boa Vista,Portal,True,False,1,pronto_para_geocodificar,none,"Candidato a geocodificacao; nao e coordenada, rotulo ou evidencia de treino.","Nao usar como ground truth, escore ou variavel derivada do rotulo."
b25d4e8698d77990,2025,12/02/2025,Drenagem,Alagamentos,Concluído,RUA LODOVICO GERONAZZO,BOA VISTA,Unidade Regional Boa Vista,Telefone,True,False,1,pronto_para_geocodificar,none,"Candidato a geocodificacao; nao e coordenada, rotulo ou evidencia de treino.","Nao usar como ground truth, escore ou variavel derivada do rotulo."
56daf046cf2cfb7b,2025,13/02/2025,Drenagem,Alagamentos,Concluído,RUA APOLÔNIO DE TIANA,SANTA CANDIDA,Unidade Regional Boa Vista,Telefone,True,False,1,pronto_para_geocodificar,none,"Candidato a geocodificacao; nao e coordenada, rotulo ou evidencia de treino.","Nao usar como ground truth, escore ou variavel derivada do rotulo."
c932a95bf4301ca2,2025,13/02/2025,Drenagem,Alagamentos,Concluído,RUA SOFIA DUBIELLA,ABRANCHES,Unidade Regional Boa Vista,Telefone,True,False,1,pronto_para_geocodificar,none,"Candidato a geocodificacao; nao e coordenada, rotulo ou evidencia de treino.","Nao usar como ground truth, escore ou variavel derivada do rotulo."
b161424eafba933f,2025,13/02/2025,Drenagem,Alagamentos,Concluído,RUA MUSTAPHA FRANCISCO LEMES,BARREIRINHA,Unidade Regional Boa Vista,Telefone,True,False,1,pronto_para_geocodificar,none,"Candidato a geocodificacao; nao e coordenada, rotulo ou evidencia de treino.","Nao usar como ground truth, escore ou variavel derivada do rotulo."
9533ff59729d54a3,2025,13/02/2025,Drenagem,Alagamentos,Concluído,RUA GUILHERME IHLENFELDT,BACACHERI,Unidade Regional Boa Vista,Telefone,True,False,2,pronto_para_geocodificar,none,"Candidato a geocodificacao; nao e coordenada, rotulo ou evidencia de treino.","Nao usar como ground truth, escore ou variavel derivada do rotulo."
c9901724255285ec,2025,13/02/2025,Drenagem,Alagamentos,Concluído,Rua Percy Feliciano de Castilho,BAIRRO ALTO,Unidade Regional Boa Vista,Telefone,True,False,1,pronto_para_geocodificar,none,"Candidato a geocodificacao; nao e coordenada, rotulo ou evidencia de treino.","Nao usar como ground truth, escore ou variavel derivada do rotulo."
f872cf96e2a7ce66,2025,13/02/2025,Drenagem,Alagamentos,Concluído,RUA JOSE ALCEU BERGER,SANTA CANDIDA,Unidade Regional Boa Vista,Telefone,True,False,1,pronto_para_geocodificar,none,"Candidato a geocodificacao; nao e coordenada, rotulo ou evidencia de treino.","Nao usar como ground truth, escore ou variavel derivada do rotulo."
2cd08771c64e0135,2025,13/02/2025,Drenagem,Alagamentos,Concluído,RUA CURIÚVA,BARREIRINHA,Unidade Regional Boa Vista,Telefone,True,False,1,pronto_para_geocodificar,none,"Candidato a geocodificacao; nao e coordenada, rotulo ou evidencia de treino.","Nao usar como ground truth, escore ou variavel derivada do rotulo."
930b36c1774c0241,2025,13/02/2025,Drenagem,Alagamentos,Concluído,Rua Guilherme Ihlenfeldt,BACACHERI,Unidade Regional Boa Vista,Telefone,True,False,2,pronto_para_geocodificar,none,"Candidato a geocodificacao; nao e coordenada, rotulo ou evidencia de treino.","Nao usar como ground truth, escore ou variavel derivada do rotulo."
4d5db349490400f5,2025,13/02/2025,Drenagem,Alagamentos,Concluído,Rua João Reboli,SANTA CANDIDA,Unidade Regional Boa Vista,Telefone,True,False,1,pronto_para_geocodificar,none,"Candidato a geocodificacao; nao e coordenada, rotulo ou evidencia de treino.","Nao usar como ground truth, escore ou variavel derivada do rotulo."
26c944a87fc96827,2025,14/02/2025,Drenagem,Alagamentos,Concluído,RUA JOSÉ VERÍSSIMO,BAIRRO ALTO,Unidade Regional Boa Vista,Telefone,True,False,1,pronto_para_geocodificar,none,"Candidato a geocodificacao; nao e coordenada, rotulo ou evidencia de treino.","Nao usar como ground truth, escore ou variavel derivada do rotulo."
3df1430611cc8145,2025,14/02/2025,Drenagem,Alagamentos,Concluído,RUA JOSÉ LINS DO REGO,BAIRRO ALTO,Unidade Regional Boa Vista,Telefone,True,False,1,pronto_para_geocodificar,none,"Candidato a geocodificacao; nao e coordenada, rotulo ou evidencia de treino.","Nao usar como ground truth, escore ou variavel derivada do rotulo."
6f62c40a04491b36,2025,17/02/2025,Drenagem,Alagamentos,Concluído,Santa Gema Galgani,BARREIRINHA,Unidade Regional Boa Vista,Portal,True,False,1,pronto_para_geocodificar,none,"Candidato a geocodificacao; nao e coordenada, rotulo ou evidencia de treino.","Nao usar como ground truth, escore ou variavel derivada do rotulo."
3e76f51087d63b84,2025,18/02/2025,Drenagem,Alagamentos,Concluído,Ayrton Luciano Franco,SANTA CANDIDA,Unidade Regional Boa Vista,Portal,True,False,1,pronto_para_geocodificar,none,"Candidato a geocodificacao; nao e coordenada, rotulo ou evidencia de treino.","Nao usar como ground truth, escore ou variavel derivada do rotulo."
7984f74175ad9b33,2025,19/02/2025,Drenagem,Alagamentos,Concluído,RUA SALVADOR DE MAURO,PILARZINHO,Unidade Regional Boa Vista,Telefone,True,False,1,pronto_para_geocodificar,none,"Candidato a geocodificacao; nao e coordenada, rotulo ou evidencia de treino.","Nao usar como ground truth, escore ou variavel derivada do rotulo."
4ab8702f34a34aa1,2025,12/03/2025,Drenagem,Alagamentos,Concluído,Rua Colômbia,BACACHERI,Unidade Regional Boa Vista,Telefone,True,False,1,pronto_para_geocodificar,none,"Candidato a geocodificacao; nao e coordenada, rotulo ou evidencia de treino.","Nao usar como ground truth, escore ou variavel derivada do rotulo."
3b65a1689b38d869,2025,18/03/2025,Drenagem,Alagamentos,Concluído,Rio Tietê,BAIRRO ALTO,Unidade Regional Boa Vista,Portal,True,False,1,pronto_para_geocodificar,none,"Candidato a geocodificacao; nao e coordenada, rotulo ou evidencia de treino.","Nao usar como ground truth, escore ou variavel derivada do rotulo."
8be8fb24a17d30a3,2025,19/03/2025,Drenagem,Alagamentos,Concluído,RUA ANTONIO CANDIDO CAVALIM,BAIRRO ALTO,Unidade Regional Boa Vista,Telefone,True,False,1,pronto_para_geocodificar,none,"Candidato a geocodificacao; nao e coordenada, rotulo ou evidencia de treino.","Nao usar como ground truth, escore ou variavel derivada do rotulo."
778c78d558b8d0e4,2025,20/03/2025,Drenagem,Alagamentos,Concluído,RUA DAVID GERONASSO,BOA VISTA,Unidade Regional Boa Vista,Telefone,True,False,1,pronto_para_geocodificar,none,"Candidato a geocodificacao; nao e coordenada, rotulo ou evidencia de treino.","Nao usar como ground truth, escore ou variavel derivada do rotulo."
bf82765ed032987b,2025,21/03/2025,Drenagem,Alagamentos,Concluído,Doutor Benedito Amorim,SANTA CANDIDA,Unidade Regional Boa Vista,Portal,True,False,2,pronto_para_geocodificar,none,"Candidato a geocodificacao; nao e coordenada, rotulo ou evidencia de treino.","Nao usar como ground truth, escore ou variavel derivada do rotulo."
e5b3333248c919da,2025,08/06/2025,Drenagem,Alagamentos,Concluído,RUA COLÔMBIA,BACACHERI,Unidade Regional Boa Vista,Telefone,True,False,1,pronto_para_geocodificar,none,"Candidato a geocodificacao; nao e coordenada, rotulo ou evidencia de treino.","Nao usar como ground truth, escore ou variavel derivada do rotulo."
fc5865b4518b8c38,2025,26/06/2025,Drenagem,Alagamentos,Concluído,RUA DINARTE DE JESUS,PILARZINHO,Unidade Regional Boa Vista,Telefone,True,False,1,pronto_para_geocodificar,none,"Candidato a geocodificacao; nao e coordenada, rotulo ou evidencia de treino.","Nao usar como ground truth, escore ou variavel derivada do rotulo."
b202d7a87f84c126,2025,07/07/2025,Drenagem,Alagamentos,Concluído,RUA ODETE FATUCH,BACACHERI,Unidade Regional Boa Vista,Telefone,True,False,1,pronto_para_geocodificar,none,"Candidato a geocodificacao; nao e coordenada, rotulo ou evidencia de treino.","Nao usar como ground truth, escore ou variavel derivada do rotulo."
99cce980905ff1c1,2025,08/07/2025,Drenagem,Alagamentos,Concluído,Rua Patativa,SANTA CANDIDA,Unidade Regional Boa Vista,Telefone,True,False,1,pronto_para_geocodificar,none,"Candidato a geocodificacao; nao e coordenada, rotulo ou evidencia de treino.","Nao usar como ground truth, escore ou variavel derivada do rotulo."
95ee41d2ed8e7d2d,2025,25/07/2025,Drenagem,Alagamentos,Concluído,RUA ODILON SANTANA GOMES,PILARZINHO,Unidade Regional Boa Vista,Telefone,True,False,1,pronto_para_geocodificar,none,"Candidato a geocodificacao; nao e coordenada, rotulo ou evidencia de treino.","Nao usar como ground truth, escore ou variavel derivada do rotulo."
0e18ecb4d7ee1cb5,2025,06/08/2025,Drenagem,Alagamentos,Concluído,RUA ODETE FATUCH,BACACHERI,Unidade Regional Boa Vista,Telefone,True,False,1,pronto_para_geocodificar,none,"Candidato a geocodificacao; nao e coordenada, rotulo ou evidencia de treino.","Nao usar como ground truth, escore ou variavel derivada do rotulo."
af0022af32e12d26,2025,08/08/2025,Drenagem,Alagamentos,Concluído,RUA JACOB PAYKALA,ATUBA,Unidade Regional Boa Vista,Telefone,True,False,1,pronto_para_geocodificar,none,"Candidato a geocodificacao; nao e coordenada, rotulo ou evidencia de treino.","Nao usar como ground truth, escore ou variavel derivada do rotulo."
d2ed0f35ef917b77,2025,20/10/2025,Drenagem,Alagamentos,Concluído,RUA DESEMBARGADOR MANOEL DE LACERDA PINTO,BACACHERI,Unidade Regional Boa Vista,Telefone,True,False,1,pronto_para_geocodificar,none,"Candidato a geocodificacao; nao e coordenada, rotulo ou evidencia de treino.","Nao usar como ground truth, escore ou variavel derivada do rotulo."
4a380aee2267de3b,2025,11/01/2025,Drenagem,Alagamentos,Concluído,Jordânia,CAJURU,Unidade Regional Cajuru,Portal,True,False,1,pronto_para_geocodificar,none,"Candidato a geocodificacao; nao e coordenada, rotulo ou evidencia de treino.","Nao usar como ground truth, escore ou variavel derivada do rotulo."
d37b83cef7a71a38,2025,20/01/2025,Drenagem,Alagamentos,Concluído,Sofia Bora,UBERABA,Unidade Regional Cajuru,Portal,True,False,1,pronto_para_geocodificar,none,"Candidato a geocodificacao; nao e coordenada, rotulo ou evidencia de treino.","Nao usar como ground truth, escore ou variavel derivada do rotulo."
8da26a4b2c1da483,2025,22/01/2025,Drenagem,Alagamentos,Concluído,Rua Manoela Stier Reiss,UBERABA,Unidade Regional Cajuru,Telefone,True,False,5,pronto_para_geocodificar,none,"Candidato a geocodificacao; nao e coordenada, rotulo ou evidencia de treino.","Nao usar como ground truth, escore ou variavel derivada do rotulo."
8da26a4b2c1da483,2025,22/01/2025,Drenagem,Alagamentos,Concluído,Rua Manoela Stier Reiss,UBERABA,Unidade Regional Cajuru,Telefone,True,False,5,pronto_para_geocodificar,none,"Candidato a geocodificacao; nao e coordenada, rotulo ou evidencia de treino.","Nao usar como ground truth, escore ou variavel derivada do rotulo."
55f8b2172607745b,2025,22/01/2025,Drenagem,Alagamentos,Concluído,RUA MANOELA STIER REISS,UBERABA,Unidade Regional Cajuru,Telefone,True,False,5,pronto_para_geocodificar,none,"Candidato a geocodificacao; nao e coordenada, rotulo ou evidencia de treino.","Nao usar como ground truth, escore ou variavel derivada do rotulo."
55f8b2172607745b,2025,22/01/2025,Drenagem,Alagamentos,Concluído,RUA MANOELA STIER REISS,UBERABA,Unidade Regional Cajuru,Telefone,True,False,5,pronto_para_geocodificar,none,"Candidato a geocodificacao; nao e coordenada, rotulo ou evidencia de treino.","Nao usar como ground truth, escore ou variavel derivada do rotulo."
8da26a4b2c1da483,2025,22/01/2025,Drenagem,Alagamentos,Concluído,Rua Manoela Stier Reiss,UBERABA,Unidade Regional Cajuru,Telefone,True,False,5,pronto_para_geocodificar,none,"Candidato a geocodificacao; nao e coordenada, rotulo ou evidencia de treino.","Nao usar como ground truth, escore ou variavel derivada do rotulo."
e928de5995aa5a78,2025,28/01/2025,Drenagem,Alagamentos,Concluído,Rua Arlindo Natal,UBERABA,Unidade Regional Cajuru,Telefone,True,False,1,pronto_para_geocodificar,none,"Candidato a geocodificacao; nao e coordenada, rotulo ou evidencia de treino.","Nao usar como ground truth, escore ou variavel derivada do rotulo."
a080876b64da981c,2025,28/01/2025,Drenagem,Alagamentos,Concluído,Rua Índia,CAJURU,Unidade Regional Cajuru,Telefone,True,False,1,pronto_para_geocodificar,none,"Candidato a geocodificacao; nao e coordenada, rotulo ou evidencia de treino.","Nao usar como ground truth, escore ou variavel derivada do rotulo."
f848e73e19b0ab57,2025,28/01/2025,Drenagem,Alagamentos,Concluído,RUA CELSO CESAR OSTERNACK,CAJURU,Unidade Regional Cajuru,Telefone,True,False,1,pronto_para_geocodificar,none,"Candidato a geocodificacao; nao e coordenada, rotulo ou evidencia de treino.","Nao usar como ground truth, escore ou variavel derivada do rotulo."
5f008f1a82b69627,2025,28/01/2025,Drenagem,Alagamentos,Concluído,Rua Maceió,CAJURU,Unidade Regional Cajuru,Telefone,True,False,1,pronto_para_geocodificar,none,"Candidato a geocodificacao; nao e coordenada, rotulo ou evidencia de treino.","Nao usar como ground truth, escore ou variavel derivada do rotulo."
79ed9dc9f7aa7535,2025,28/01/2025,Drenagem,Alagamentos,Concluído,RUA CID JOSÉ DOS SANTOS,UBERABA,Unidade Regional Cajuru,Telefone,True,False,1,pronto_para_geocodificar,none,"Candidato a geocodificacao; nao e coordenada, rotulo ou evidencia de treino.","Nao usar como ground truth, escore ou variavel derivada do rotulo."
ba63279a3a7b3a07,2025,28/01/2025,Drenagem,Alagamentos,Concluído,RUA NITEROI,CAJURU,Unidade Regional Cajuru,Telefone,True,False,1,pronto_para_geocodificar,none,"Candidato a geocodificacao; nao e coordenada, rotulo ou evidencia de treino.","Nao usar como ground truth, escore ou variavel derivada do rotulo."
e2e83535263399b1,2025,28/01/2025,Drenagem,Alagamentos,Concluído,Salvador,CAJURU,Unidade Regional Cajuru,Portal,True,False,1,pronto_para_geocodificar,none,"Candidato a geocodificacao; nao e coordenada, rotulo ou evidencia de treino.","Nao usar como ground truth, escore ou variavel derivada do rotulo."
e9abc69640dd694e,2025,28/01/2025,Drenagem,Alagamentos,Concluído,Monsenhor Dunand,UBERABA,Unidade Regional Cajuru,Telefone,True,False,1,pronto_para_geocodificar,none,"Candidato a geocodificacao; nao e coordenada, rotulo ou evidencia de treino.","Nao usar como ground truth, escore ou variavel derivada do rotulo."
e71cdbf9488bece4,2025,28/01/2025,Drenagem,Alagamentos,Concluído,Rua Osmário de Lima,CAPAO DA IMBUIA,Unidade Regional Cajuru,Telefone,True,False,1,pronto_para_geocodificar,none,"Candidato a geocodificacao; nao e coordenada, rotulo ou evidencia de treino.","Nao usar como ground truth, escore ou variavel derivada do rotulo."
25ca1912fd91417c,2025,28/01/2025,Drenagem,Alagamentos,Concluído,RUA CAJÁ-MANGA,UBERABA,Unidade Regional Cajuru,Telefone,True,False,1,pronto_para_geocodificar,none,"Candidato a geocodificacao; nao e coordenada, rotulo ou evidencia de treino.","Nao usar como ground truth, escore ou variavel derivada do rotulo."
887752a9cd7a2f85,2025,28/01/2025,Drenagem,Alagamentos,Concluído,Rua Etiópia,CAJURU,Unidade Regional Cajuru,Telefone,True,False,1,pronto_para_geocodificar,none,"Candidato a geocodificacao; nao e coordenada, rotulo ou evidencia de treino.","Nao usar como ground truth, escore ou variavel derivada do rotulo."
37a19c1396ed9dce,2025,28/01/2025,Drenagem,Alagamentos,Concluído,RUA PROFESSORA ANTÔNIA REGINATO VIANNA,CAPAO DA IMBUIA,Unidade Regional Cajuru,Telefone,True,False,2,pronto_para_geocodificar,none,"Candidato a geocodificacao; nao e coordenada, rotulo ou evidencia de treino.","Nao usar como ground truth, escore ou variavel derivada do rotulo."
fbf20aa790d83391,2025,28/01/2025,Drenagem,Alagamentos,Concluído,RUA CAPITÃO VARASSIN,CAPAO DA IMBUIA,Unidade Regional Cajuru,Telefone,True,False,1,pronto_para_geocodificar,none,"Candidato a geocodificacao; nao e coordenada, rotulo ou evidencia de treino.","Nao usar como ground truth, escore ou variavel derivada do rotulo."
982ba6ad5540ee95,2025,28/01/2025,Drenagem,Alagamentos,Concluído,RUA CASIMIRO TOSI,CAPAO DA IMBUIA,Unidade Regional Cajuru,Telefone,True,False,1,pronto_para_geocodificar,none,"Candidato a geocodificacao; nao e coordenada, rotulo ou evidencia de treino.","Nao usar como ground truth, escore ou variavel derivada do rotulo."
a1cef93907ea7305,2025,28/01/2025,Drenagem,Alagamentos,Concluído,Rua Laurentino Rosa Dos Santos,CAJURU,Unidade Regional Cajuru,Telefone,True,False,1,pronto_para_geocodificar,none,"Candidato a geocodificacao; nao e coordenada, rotulo ou evidencia de treino.","Nao usar como ground truth, escore ou variavel derivada do rotulo."
608d0fab7c12d4e5,2025,28/01/2025,Drenagem,Alagamentos,Concluído,Rua Professora Antônia Reginato Vianna,CAPAO DA IMBUIA,Unidade Regional Cajuru,Telefone,True,False,2,pronto_para_geocodificar,none,"Candidato a geocodificacao; nao e coordenada, rotulo ou evidencia de treino.","Nao usar como ground truth, escore ou variavel derivada do rotulo."
f4c08b71f15f7218,2025,28/01/2025,Drenagem,Alagamentos,Concluído,Rua Doutor João Luiz Bettega,CAJURU,Unidade Regional Cajuru,Telefone,True,False,2,pronto_para_geocodificar,none,"Candidato a geocodificacao; nao e coordenada, rotulo ou evidencia de treino.","Nao usar como ground truth, escore ou variavel derivada do rotulo."
f7e8943802428171,2025,28/01/2025,Drenagem,Alagamentos,Concluído,RUA MANOELA STIER REISS - UMS ALVORADA PSF,UBERABA,Unidade Regional Cajuru,Telefone,True,False,1,pronto_para_geocodificar,none,"Candidato a geocodificacao; nao e coordenada, rotulo ou evidencia de treino.","Nao usar como ground truth, escore ou variavel derivada do rotulo."
7f09197eddb15aa2,2025,28/01/2025,Drenagem,Alagamentos,Concluído,RUA DOUTOR JOÃO LUIZ BETTEGA,CAJURU,Unidade Regional Cajuru,Telefone,True,False,2,pronto_para_geocodificar,none,"Candidato a geocodificacao; nao e coordenada, rotulo ou evidencia de treino.","Nao usar como ground truth, escore ou variavel derivada do rotulo."
cdaf7abe07c12d82,2025,28/01/2025,Drenagem,Alagamentos,Concluído,Rua Professora Leoni Idazima Fila do Nascimento,CAJURU,Unidade Regional Cajuru,Telefone,True,False,1,pronto_para_geocodificar,none,"Candidato a geocodificacao; nao e coordenada, rotulo ou evidencia de treino.","Nao usar como ground truth, escore ou variavel derivada do rotulo."
4672aa70992205b5,2025,28/01/2025,Drenagem,Alagamentos,Concluído,Edgard de Alencar Guimarães,CAJURU,Unidade Regional Cajuru,Portal,True,False,1,pronto_para_geocodificar,none,"Candidato a geocodificacao; nao e coordenada, rotulo ou evidencia de treino.","Nao usar como ground truth, escore ou variavel derivada do rotulo."
dcdaf514907517f5,2025,31/01/2025,Drenagem,Alagamentos,Concluído,RUA SANTO ANÍBAL MARIA DIFRANCIA,UBERABA,Unidade Regional Cajuru,Telefone,True,False,1,pronto_para_geocodificar,none,"Candidato a geocodificacao; nao e coordenada, rotulo ou evidencia de treino.","Nao usar como ground truth, escore ou variavel derivada do rotulo."
720b107f33e57f8b,2025,31/01/2025,Drenagem,Alagamentos,Concluído,Rua Tranquilo Saragiotto,CAJURU,Unidade Regional Cajuru,Telefone,True,False,1,pronto_para_geocodificar,none,"Candidato a geocodificacao; nao e coordenada, rotulo ou evidencia de treino.","Nao usar como ground truth, escore ou variavel derivada do rotulo."
9f2a8db2b360149e,2025,31/01/2025,Drenagem,Alagamentos,Concluído,Rua Ladislau Smak,UBERABA,Unidade Regional Cajuru,Telefone,True,False,1,pronto_para_geocodificar,none,"Candidato a geocodificacao; nao e coordenada, rotulo ou evidencia de treino.","Nao usar como ground truth, escore ou variavel derivada do rotulo."
d19fcaad6258ecbe,2025,31/01/2025,Drenagem,Alagamentos,Concluído,RUA NATAL,CAJURU,Unidade Regional Cajuru,Telefone,True,False,2,pronto_para_geocodificar,none,"Candidato a geocodificacao; nao e coordenada, rotulo ou evidencia de treino.","Nao usar como ground truth, escore ou variavel derivada do rotulo."
9aa2844e832a574c,2025,31/01/2025,Drenagem,Alagamentos,Concluído,RUA SALVADOR,CAJURU,Unidade Regional Cajuru,Chat,True,False,1,pronto_para_geocodificar,none,"Candidato a geocodificacao; nao e coordenada, rotulo ou evidencia de treino.","Nao usar como ground truth, escore ou variavel derivada do rotulo."
773b10e82973d85e,2025,31/01/2025,Drenagem,Alagamentos,Concluído,Rua Natal,CAJURU,Unidade Regional Cajuru,Chat,True,False,2,pronto_para_geocodificar,none,"Candidato a geocodificacao; nao e coordenada, rotulo ou evidencia de treino.","Nao usar como ground truth, escore ou variavel derivada do rotulo."
579819a935c70aba,2025,01/02/2025,Drenagem,Alagamentos,Concluído,Manoel Máximo dos Santos,CAJURU,Unidade Regional Cajuru,Portal,True,False,1,pronto_para_geocodificar,none,"Candidato a geocodificacao; nao e coordenada, rotulo ou evidencia de treino.","Nao usar como ground truth, escore ou variavel derivada do rotulo."
38069c98f8109622,2025,01/02/2025,Drenagem,Alagamentos,Concluído,Rua Avelino Mantovani,UBERABA,Unidade Regional Cajuru,Telefone,True,False,1,pronto_para_geocodificar,none,"Candidato a geocodificacao; nao e coordenada, rotulo ou evidencia de treino.","Nao usar como ground truth, escore ou variavel derivada do rotulo."
a8534f4b868adc7a,2025,03/02/2025,Drenagem,Alagamentos,Concluído,Nagib da Silva,CAJURU,Unidade Regional Cajuru,Portal,True,False,1,pronto_para_geocodificar,none,"Candidato a geocodificacao; nao e coordenada, rotulo ou evidencia de treino.","Nao usar como ground truth, escore ou variavel derivada do rotulo."
067d8c96439ec860,2025,03/02/2025,Drenagem,Alagamentos,Concluído,RUA ALETE DACHEAUX STORI,JARDIM DAS AMERICAS,Unidade Regional Cajuru,Telefone,True,False,1,pronto_para_geocodificar,none,"Candidato a geocodificacao; nao e coordenada, rotulo ou evidencia de treino.","Nao usar como ground truth, escore ou variavel derivada do rotulo."
a7747794b3ee2774,2025,03/02/2025,Drenagem,Alagamentos,Concluído,RUA ARAGUAIA,CAPAO DA IMBUIA,Unidade Regional Cajuru,Telefone,True,False,1,pronto_para_geocodificar,none,"Candidato a geocodificacao; nao e coordenada, rotulo ou evidencia de treino.","Nao usar como ground truth, escore ou variavel derivada do rotulo."
04e547690a45a8a9,2025,03/02/2025,Drenagem,Alagamentos,Concluído,RUA CAJA-MANGA,UBERABA,Unidade Regional Cajuru,Telefone,True,False,1,pronto_para_geocodificar,none,"Candidato a geocodificacao; nao e coordenada, rotulo ou evidencia de treino.","Nao usar como ground truth, escore ou variavel derivada do rotulo."
4359cba776668ed6,2025,05/02/2025,Drenagem,Alagamentos,Concluído,Aviador Armin Buhrer,UBERABA,Unidade Regional Cajuru,Portal,True,False,1,pronto_para_geocodificar,none,"Candidato a geocodificacao; nao e coordenada, rotulo ou evidencia de treino.","Nao usar como ground truth, escore ou variavel derivada do rotulo."
fc252157aa128d14,2025,12/02/2025,Drenagem,Alagamentos,Concluído,RUA JÚLIO WISCHRAL,UBERABA,Unidade Regional Cajuru,Telefone,True,False,1,pronto_para_geocodificar,none,"Candidato a geocodificacao; nao e coordenada, rotulo ou evidencia de treino.","Nao usar como ground truth, escore ou variavel derivada do rotulo."
d43f69e951adee9e,2025,13/02/2025,Drenagem,Alagamentos,Concluído,RUA PADRE ARNALDO JANSSEN,CAJURU,Unidade Regional Cajuru,Telefone,True,False,2,pronto_para_geocodificar,none,"Candidato a geocodificacao; nao e coordenada, rotulo ou evidencia de treino.","Nao usar como ground truth, escore ou variavel derivada do rotulo."
0c566ad67f56b855,2025,13/02/2025,Drenagem,Alagamentos,Concluído,RUA PAULO DE FRONTIN,CAJURU,Unidade Regional Cajuru,Telefone,True,False,1,pronto_para_geocodificar,none,"Candidato a geocodificacao; nao e coordenada, rotulo ou evidencia de treino.","Nao usar como ground truth, escore ou variavel derivada do rotulo."
365a5e8374671d1b,2025,13/02/2025,Drenagem,Alagamentos,Concluído,Rua José Demeterco,CAJURU,Unidade Regional Cajuru,Telefone,True,False,1,pronto_para_geocodificar,none,"Candidato a geocodificacao; nao e coordenada, rotulo ou evidencia de treino.","Nao usar como ground truth, escore ou variavel derivada do rotulo."
6bf0b7da7430115e,2025,13/02/2025,Drenagem,Alagamentos,Concluído,Rua Carlota Pereira de Queiroz,CAJURU,Unidade Regional Cajuru,Telefone,True,False,1,pronto_para_geocodificar,none,"Candidato a geocodificacao; nao e coordenada, rotulo ou evidencia de treino.","Nao usar como ground truth, escore ou variavel derivada do rotulo."
551c5cbe88435bd8,2025,13/02/2025,Drenagem,Alagamentos,Concluído,RUA CUIABÁ,CAJURU,Unidade Regional Cajuru,Telefone,True,False,1,pronto_para_geocodificar,none,"Candidato a geocodificacao; nao e coordenada, rotulo ou evidencia de treino.","Nao usar como ground truth, escore ou variavel derivada do rotulo."
7fd06417312dbd4e,2025,13/02/2025,Drenagem,Alagamentos,Concluído,Rua Etiópia,CAJURU,Unidade Regional Cajuru,Telefone,True,False,1,pronto_para_geocodificar,none,"Candidato a geocodificacao; nao e coordenada, rotulo ou evidencia de treino.","Nao usar como ground truth, escore ou variavel derivada do rotulo."
e178b46c2f767873,2025,13/02/2025,Drenagem,Alagamentos,Concluído,RUA ARAGUAIA,CAPAO DA IMBUIA,Unidade Regional Cajuru,Telefone,True,False,1,pronto_para_geocodificar,none,"Candidato a geocodificacao; nao e coordenada, rotulo ou evidencia de treino.","Nao usar como ground truth, escore ou variavel derivada do rotulo."
c3bdd698427069c3,2025,13/02/2025,Drenagem,Alagamentos,Concluído,Rua Germânia,CAJURU,Unidade Regional Cajuru,Telefone,True,False,1,pronto_para_geocodificar,none,"Candidato a geocodificacao; nao e coordenada, rotulo ou evidencia de treino.","Nao usar como ground truth, escore ou variavel derivada do rotulo."
acff9406c5ade790,2025,13/02/2025,Drenagem,Alagamentos,Concluído,RUA NATAL,CAJURU,Unidade Regional Cajuru,Telefone,True,False,1,pronto_para_geocodificar,none,"Candidato a geocodificacao; nao e coordenada, rotulo ou evidencia de treino.","Nao usar como ground truth, escore ou variavel derivada do rotulo."
39e5cf85d1257cf5,2025,13/02/2025,Drenagem,Alagamentos,Concluído,Rua Aviador Armin Buhrer,UBERABA,Unidade Regional Cajuru,Telefone,True,False,2,pronto_para_geocodificar,none,"Candidato a geocodificacao; nao e coordenada, rotulo ou evidencia de treino.","Nao usar como ground truth, escore ou variavel derivada do rotulo."
b267f0ffd3c8f641,2025,13/02/2025,Drenagem,Alagamentos,Concluído,Rua Pastor Nilson do Amaral Fanin,CAJURU,Unidade Regional Cajuru,Telefone,True,False,1,pronto_para_geocodificar,none,"Candidato a geocodificacao; nao e coordenada, rotulo ou evidencia de treino.","Nao usar como ground truth, escore ou variavel derivada do rotulo."
a0f382e307542d9a,2025,13/02/2025,Drenagem,Alagamentos,Concluído,Rua Gabirobas,UBERABA,Unidade Regional Cajuru,Telefone,True,False,1,pronto_para_geocodificar,none,"Candidato a geocodificacao; nao e coordenada, rotulo ou evidencia de treino.","Nao usar como ground truth, escore ou variavel derivada do rotulo."
7831ab425ffb019b,2025,14/02/2025,Drenagem,Alagamentos,Concluído,Rua Doutor Ozéas Saraiva de Araújo,UBERABA,Unidade Regional Cajuru,Telefone,True,False,1,pronto_para_geocodificar,none,"Candidato a geocodificacao; nao e coordenada, rotulo ou evidencia de treino.","Nao usar como ground truth, escore ou variavel derivada do rotulo."
255913e791b93964,2025,15/02/2025,Drenagem,Alagamentos,Concluído,Fortaleza,CAJURU,Unidade Regional Cajuru,Portal,True,False,1,pronto_para_geocodificar,none,"Candidato a geocodificacao; nao e coordenada, rotulo ou evidencia de treino.","Nao usar como ground truth, escore ou variavel derivada do rotulo."
edbec9edaaf6e937,2025,17/02/2025,Drenagem,Alagamentos,Concluído,AVENIDA COMENDADOR FRANCO,UBERABA,Unidade Regional Cajuru,Portal,True,False,1,pronto_para_geocodificar,none,"Candidato a geocodificacao; nao e coordenada, rotulo ou evidencia de treino.","Nao usar como ground truth, escore ou variavel derivada do rotulo."
9a65ed6ff34a9e0a,2025,18/02/2025,Drenagem,Alagamentos,Concluído,RUA CUIABÁ,CAJURU,Unidade Regional Cajuru,Telefone,True,False,2,pronto_para_geocodificar,none,"Candidato a geocodificacao; nao e coordenada, rotulo ou evidencia de treino.","Nao usar como ground truth, escore ou variavel derivada do rotulo."
cc1a46ebaf3b4ad5,2025,18/02/2025,Drenagem,Alagamentos,Concluído,Rua Nicácio Riquelme,CAPAO DA IMBUIA,Unidade Regional Cajuru,Telefone,True,False,1,pronto_para_geocodificar,none,"Candidato a geocodificacao; nao e coordenada, rotulo ou evidencia de treino.","Nao usar como ground truth, escore ou variavel derivada do rotulo."
16ddf19332019b34,2025,18/02/2025,Drenagem,Alagamentos,Concluído,Doutor Hamilton Dybowicz,UBERABA,Unidade Regional Cajuru,Portal,True,False,1,pronto_para_geocodificar,none,"Candidato a geocodificacao; nao e coordenada, rotulo ou evidencia de treino.","Nao usar como ground truth, escore ou variavel derivada do rotulo."
1d773f974712c7a2,2025,18/02/2025,Drenagem,Alagamentos,Concluído,Rua Arlindo Natal,UBERABA,Unidade Regional Cajuru,Chat,True,False,2,pronto_para_geocodificar,none,"Candidato a geocodificacao; nao e coordenada, rotulo ou evidencia de treino.","Nao usar como ground truth, escore ou variavel derivada do rotulo."
b1e16c3feb94859b,2025,18/02/2025,Drenagem,Alagamentos,Concluído,Rua Francisco José Martin,UBERABA,Unidade Regional Cajuru,Telefone,True,False,1,pronto_para_geocodificar,none,"Candidato a geocodificacao; nao e coordenada, rotulo ou evidencia de treino.","Nao usar como ground truth, escore ou variavel derivada do rotulo."
813d5a70ee625662,2025,18/02/2025,Drenagem,Alagamentos,Concluído,General Polli Coelho,TARUMA,Unidade Regional Cajuru,Portal,True,False,1,pronto_para_geocodificar,none,"Candidato a geocodificacao; nao e coordenada, rotulo ou evidencia de treino.","Nao usar como ground truth, escore ou variavel derivada do rotulo."
f2e441bfdaf1a2fb,2025,18/02/2025,Drenagem,Alagamentos,Concluído,Armando Della Bianca,CAJURU,Unidade Regional Cajuru,Portal,True,False,1,pronto_para_geocodificar,none,"Candidato a geocodificacao; nao e coordenada, rotulo ou evidencia de treino.","Nao usar como ground truth, escore ou variavel derivada do rotulo."
18d9e39572117ca0,2025,18/02/2025,Drenagem,Alagamentos,Concluído,Rua José Hauer,UBERABA,Unidade Regional Cajuru,Telefone,True,False,1,pronto_para_geocodificar,none,"Candidato a geocodificacao; nao e coordenada, rotulo ou evidencia de treino.","Nao usar como ground truth, escore ou variavel derivada do rotulo."
5659089230f64053,2025,18/02/2025,Drenagem,Alagamentos,Concluído,Rua Doutor Urbano Toniolo,CAJURU,Unidade Regional Cajuru,Telefone,True,False,2,pronto_para_geocodificar,none,"Candidato a geocodificacao; nao e coordenada, rotulo ou evidencia de treino.","Nao usar como ground truth, escore ou variavel derivada do rotulo."
1d773f974712c7a2,2025,18/02/2025,Drenagem,Alagamentos,Concluído,Rua Arlindo Natal,UBERABA,Unidade Regional Cajuru,Telefone,True,False,2,pronto_para_geocodificar,none,"Candidato a geocodificacao; nao e coordenada, rotulo ou evidencia de treino.","Nao usar como ground truth, escore ou variavel derivada do rotulo."
b9d77c13a639af24,2025,18/02/2025,Drenagem,Alagamentos,Concluído,Rua Pedro Saturnino,UBERABA,Unidade Regional Cajuru,Telefone,True,False,1,pronto_para_geocodificar,none,"Candidato a geocodificacao; nao e coordenada, rotulo ou evidencia de treino.","Nao usar como ground truth, escore ou variavel derivada do rotulo."
9a65ed6ff34a9e0a,2025,18/02/2025,Drenagem,Alagamentos,Concluído,RUA CUIABÁ,CAJURU,Unidade Regional Cajuru,Telefone,True,False,2,pronto_para_geocodificar,none,"Candidato a geocodificacao; nao e coordenada, rotulo ou evidencia de treino.","Nao usar como ground truth, escore ou variavel derivada do rotulo."
14efc639a6f55ecd,2025,18/02/2025,Drenagem,Alagamentos,Concluído,Rua Etiópia,CAJURU,Unidade Regional Cajuru,Telefone,True,False,1,pronto_para_geocodificar,none,"Candidato a geocodificacao; nao e coordenada, rotulo ou evidencia de treino.","Nao usar como ground truth, escore ou variavel derivada do rotulo."
8ada814ddb9b7bb5,2025,19/02/2025,Drenagem,Alagamentos,Concluído,Reverendo Raul Rodrigues de Castro,CAJURU,Unidade Regional Cajuru,Portal,True,False,1,pronto_para_geocodificar,none,"Candidato a geocodificacao; nao e coordenada, rotulo ou evidencia de treino.","Nao usar como ground truth, escore ou variavel derivada do rotulo."
fa3f3f1efac0af34,2025,19/02/2025,Drenagem,Alagamentos,Concluído,RUA ANTONIO MOREIRA LOPES,CAJURU,Unidade Regional Cajuru,Telefone,True,False,1,pronto_para_geocodificar,none,"Candidato a geocodificacao; nao e coordenada, rotulo ou evidencia de treino.","Nao usar como ground truth, escore ou variavel derivada do rotulo."
43cae9de8d23d41b,2025,27/02/2025,Drenagem,Alagamentos,Concluído,RUA SANTO ANÍBAL MARIA DI FRANCIA,UBERABA,Unidade Regional Cajuru,Telefone,True,False,1,pronto_para_geocodificar,none,"Candidato a geocodificacao; nao e coordenada, rotulo ou evidencia de treino.","Nao usar como ground truth, escore ou variavel derivada do rotulo."
83161fae6e44a278,2025,27/02/2025,Drenagem,Alagamentos,Concluído,Rua Marechal Cardoso Júnior,JARDIM DAS AMERICAS,Unidade Regional Cajuru,Telefone,True,False,1,pronto_para_geocodificar,none,"Candidato a geocodificacao; nao e coordenada, rotulo ou evidencia de treino.","Nao usar como ground truth, escore ou variavel derivada do rotulo."
54c035899ccb4d07,2025,06/03/2025,Drenagem,Alagamentos,Concluído,RUA ADÃO LAURO VARGAS,UBERABA,Unidade Regional Cajuru,Telefone,True,False,1,pronto_para_geocodificar,none,"Candidato a geocodificacao; nao e coordenada, rotulo ou evidencia de treino.","Nao usar como ground truth, escore ou variavel derivada do rotulo."
e32bb350091c268d,2025,09/03/2025,Drenagem,Alagamentos,Concluído,RUA TENENTE CORONEL BENJAMIN LAGE,UBERABA,Unidade Regional Cajuru,Telefone,True,False,1,pronto_para_geocodificar,none,"Candidato a geocodificacao; nao e coordenada, rotulo ou evidencia de treino.","Nao usar como ground truth, escore ou variavel derivada do rotulo."
0b0567e0a7cc4b96,2025,18/03/2025,Drenagem,Alagamentos,Concluído,RUA ADY LOBO SOTTO MAIOR,CAJURU,Unidade Regional Cajuru,Telefone,True,False,1,pronto_para_geocodificar,none,"Candidato a geocodificacao; nao e coordenada, rotulo ou evidencia de treino.","Nao usar como ground truth, escore ou variavel derivada do rotulo."
44f949bf4a065403,2025,10/04/2025,Drenagem,Alagamentos,Concluído,RUA SILVIO DA MAIA MOREIRA,UBERABA,Unidade Regional Cajuru,Telefone,True,False,1,pronto_para_geocodificar,none,"Candidato a geocodificacao; nao e coordenada, rotulo ou evidencia de treino.","Nao usar como ground truth, escore ou variavel derivada do rotulo."
8e7641b65496d5c1,2025,21/05/2025,Drenagem,Alagamentos,Concluído,Rua Reinaldo Issberner,CAJURU,Unidade Regional Cajuru,Telefone,True,False,1,pronto_para_geocodificar,none,"Candidato a geocodificacao; nao e coordenada, rotulo ou evidencia de treino.","Nao usar como ground truth, escore ou variavel derivada do rotulo."
4fef98e62807c0fe,2025,04/07/2025,Drenagem,Alagamentos,Concluído,Leonardo Gelinski,CAJURU,Unidade Regional Cajuru,Portal,True,False,1,pronto_para_geocodificar,none,"Candidato a geocodificacao; nao e coordenada, rotulo ou evidencia de treino.","Nao usar como ground truth, escore ou variavel derivada do rotulo."
079ae537bc99214f,2025,15/08/2025,Drenagem,Alagamentos,Concluído,RUA SANTO AGOSTINHO,CAJURU,Unidade Regional Cajuru,Telefone,True,False,1,pronto_para_geocodificar,none,"Candidato a geocodificacao; nao e coordenada, rotulo ou evidencia de treino.","Nao usar como ground truth, escore ou variavel derivada do rotulo."
8dc9a40ba77e0bb0,2025,24/01/2025,Drenagem,Alagamentos,Concluído,Rua Celeste Tortato Gabardo,SITIO CERCADO,Unidade Regional Bairro Novo,Telefone,True,False,1,pronto_para_geocodificar,none,"Candidato a geocodificacao; nao e coordenada, rotulo ou evidencia de treino.","Nao usar como ground truth, escore ou variavel derivada do rotulo."
95fedcf48bf3d65e,2025,28/01/2025,Drenagem,Alagamentos,Concluído,Profeta Elizeu,UMBARA,Unidade Regional Bairro Novo,Portal,True,False,1,pronto_para_geocodificar,none,"Candidato a geocodificacao; nao e coordenada, rotulo ou evidencia de treino.","Nao usar como ground truth, escore ou variavel derivada do rotulo."
486d8c01d3aef3ac,2025,29/01/2025,Drenagem,Alagamentos,Concluído,Profeta Elizeu,UMBARA,Unidade Regional Bairro Novo,Portal,True,False,1,pronto_para_geocodificar,none,"Candidato a geocodificacao; nao e coordenada, rotulo ou evidencia de treino.","Nao usar como ground truth, escore ou variavel derivada do rotulo."
4237487fe942094b,2025,30/01/2025,Drenagem,Alagamentos,Concluído,RUA PROFESSOR JOÃO POECK,SITIO CERCADO,Unidade Regional Bairro Novo,Telefone,True,False,1,pronto_para_geocodificar,none,"Candidato a geocodificacao; nao e coordenada, rotulo ou evidencia de treino.","Nao usar como ground truth, escore ou variavel derivada do rotulo."
7693a18a74af27ce,2025,03/02/2025,Drenagem,Alagamentos,Concluído,Rua Doutor Carlos Franco Ferreira da Costa,SITIO CERCADO,Unidade Regional Bairro Novo,Telefone,True,False,1,pronto_para_geocodificar,none,"Candidato a geocodificacao; nao e coordenada, rotulo ou evidencia de treino.","Nao usar como ground truth, escore ou variavel derivada do rotulo."
d6e47f2f59ca5d63,2025,13/02/2025,Drenagem,Alagamentos,Concluído,RUA OURIZONA,SITIO CERCADO,Unidade Regional Bairro Novo,Telefone,True,False,1,pronto_para_geocodificar,none,"Candidato a geocodificacao; nao e coordenada, rotulo ou evidencia de treino.","Nao usar como ground truth, escore ou variavel derivada do rotulo."
28c04cd4c5f6506f,2025,18/02/2025,Drenagem,Alagamentos,Concluído,RUA CAMBÉ,SITIO CERCADO,Unidade Regional Bairro Novo,Telefone,True,False,1,pronto_para_geocodificar,none,"Candidato a geocodificacao; nao e coordenada, rotulo ou evidencia de treino.","Nao usar como ground truth, escore ou variavel derivada do rotulo."
69a0ebdb30535488,2025,07/04/2025,Drenagem,Alagamentos,Concluído,RUA AGUDOS DO SUL,SITIO CERCADO,Unidade Regional Bairro Novo,Telefone,True,False,1,pronto_para_geocodificar,none,"Candidato a geocodificacao; nao e coordenada, rotulo ou evidencia de treino.","Nao usar como ground truth, escore ou variavel derivada do rotulo."
2c7b0c134e3dd803,2025,13/04/2025,Drenagem,Alagamentos,Concluído,Rua Deputado Sinval Martins Araújo,GANCHINHO,Unidade Regional Bairro Novo,Telefone,True,False,2,pronto_para_geocodificar,none,"Candidato a geocodificacao; nao e coordenada, rotulo ou evidencia de treino.","Nao usar como ground truth, escore ou variavel derivada do rotulo."
e71081063b0eee21,2025,13/04/2025,Drenagem,Alagamentos,Concluído,RUA DEPUTADO SINVAL MARTINS ARAÚJO,GANCHINHO,Unidade Regional Bairro Novo,Telefone,True,False,2,pronto_para_geocodificar,none,"Candidato a geocodificacao; nao e coordenada, rotulo ou evidencia de treino.","Nao usar como ground truth, escore ou variavel derivada do rotulo."
b8fd99500426d525,2025,31/07/2025,Drenagem,Alagamentos,Concluído,RUA FRANCISCO CLAUDINO FERREIRA,SITIO CERCADO,Unidade Regional Bairro Novo,Telefone,True,False,1,pronto_para_geocodificar,none,"Candidato a geocodificacao; nao e coordenada, rotulo ou evidencia de treino.","Nao usar como ground truth, escore ou variavel derivada do rotulo."
28833d32a8344c5f,2025,20/08/2025,Drenagem,Alagamentos,Concluído,RUA PROFESSOR MILTON VIANNA,SITIO CERCADO,Unidade Regional Bairro Novo,Telefone,True,False,1,pronto_para_geocodificar,none,"Candidato a geocodificacao; nao e coordenada, rotulo ou evidencia de treino.","Nao usar como ground truth, escore ou variavel derivada do rotulo."
2d1cd407f6051bda,2025,27/08/2025,Drenagem,Alagamentos,Concluído,RUA SANT ANA DO ITARARÉ,SITIO CERCADO,Unidade Regional Bairro Novo,Telefone,True,False,1,pronto_para_geocodificar,none,"Candidato a geocodificacao; nao e coordenada, rotulo ou evidencia de treino.","Nao usar como ground truth, escore ou variavel derivada do rotulo."
d2f01e614dfcab47,2025,29/09/2025,Drenagem,Alagamentos,Concluído,Antônio Schwartz,SITIO CERCADO,Unidade Regional Bairro Novo,Portal,True,False,1,pronto_para_geocodificar,none,"Candidato a geocodificacao; nao e coordenada, rotulo ou evidencia de treino.","Nao usar como ground truth, escore ou variavel derivada do rotulo."
befcf4e9f4d36609,2025,27/10/2025,Drenagem,Alagamentos,Concluído,Rua Vereador Ângelo Burbello,UMBARA,Unidade Regional Bairro Novo,Telefone,True,False,1,pronto_para_geocodificar,none,"Candidato a geocodificacao; nao e coordenada, rotulo ou evidencia de treino.","Nao usar como ground truth, escore ou variavel derivada do rotulo."
da977384e4bcf85a,2025,24/01/2025,Drenagem,Alagamentos,Concluído,Rua Frederico Cantarelli,BIGORRILHO,Unidade Regional Matriz,Chat,True,False,1,pronto_para_geocodificar,none,"Candidato a geocodificacao; nao e coordenada, rotulo ou evidencia de treino.","Nao usar como ground truth, escore ou variavel derivada do rotulo."
ebc3019d7f5858a8,2025,28/01/2025,Drenagem,Alagamentos,Concluído,Oyapock,CRISTO REI,Unidade Regional Matriz,Portal,True,False,1,pronto_para_geocodificar,none,"Candidato a geocodificacao; nao e coordenada, rotulo ou evidencia de treino.","Nao usar como ground truth, escore ou variavel derivada do rotulo."
a714afde0ae9acc8,2025,28/01/2025,Drenagem,Alagamentos,Concluído,RUA CAMÕES,HUGO LANGE,Unidade Regional Matriz,Telefone,True,False,1,pronto_para_geocodificar,none,"Candidato a geocodificacao; nao e coordenada, rotulo ou evidencia de treino.","Nao usar como ground truth, escore ou variavel derivada do rotulo."
efde6483325a5c0e,2025,18/02/2025,Drenagem,Alagamentos,Concluído,Rua Professor Brandão,ALTO DA RUA XV,Unidade Regional Matriz,Telefone,True,False,1,pronto_para_geocodificar,none,"Candidato a geocodificacao; nao e coordenada, rotulo ou evidencia de treino.","Nao usar como ground truth, escore ou variavel derivada do rotulo."
945c585c42eebf84,2025,18/02/2025,Drenagem,Alagamentos,Concluído,RUA CHICHORRO JÚNIOR,CABRAL,Unidade Regional Matriz,Telefone,True,False,1,pronto_para_geocodificar,none,"Candidato a geocodificacao; nao e coordenada, rotulo ou evidencia de treino.","Nao usar como ground truth, escore ou variavel derivada do rotulo."
5de85250b85d972e,2025,18/02/2025,Drenagem,Alagamentos,Concluído,Fernandes de Barros,CRISTO REI,Unidade Regional Matriz,Portal,True,False,1,pronto_para_geocodificar,none,"Candidato a geocodificacao; nao e coordenada, rotulo ou evidencia de treino.","Nao usar como ground truth, escore ou variavel derivada do rotulo."
92d92f81334db02b,2025,26/02/2025,Drenagem,Alagamentos,Concluído,Henrique Itiberê da Cunha,BOM RETIRO,Unidade Regional Matriz,Portal,True,False,2,pronto_para_geocodificar,none,"Candidato a geocodificacao; nao e coordenada, rotulo ou evidencia de treino.","Nao usar como ground truth, escore ou variavel derivada do rotulo."
92d92f81334db02b,2025,26/02/2025,Drenagem,Alagamentos,Concluído,Henrique Itiberê da Cunha,BOM RETIRO,Unidade Regional Matriz,Portal,True,False,2,pronto_para_geocodificar,none,"Candidato a geocodificacao; nao e coordenada, rotulo ou evidencia de treino.","Nao usar como ground truth, escore ou variavel derivada do rotulo."
3524c9800f0cddb2,2025,24/03/2025,Drenagem,Alagamentos,Concluído,Coronel Amazonas Marcondes,CABRAL,Unidade Regional Matriz,Portal,True,False,1,pronto_para_geocodificar,none,"Candidato a geocodificacao; nao e coordenada, rotulo ou evidencia de treino.","Nao usar como ground truth, escore ou variavel derivada do rotulo."
6eb8d38b76c22192,2025,08/04/2025,Drenagem,Alagamentos,Concluído,RUA LÚCIO RASERA,BIGORRILHO,Unidade Regional Matriz,Telefone,True,False,1,pronto_para_geocodificar,none,"Candidato a geocodificacao; nao e coordenada, rotulo ou evidencia de treino.","Nao usar como ground truth, escore ou variavel derivada do rotulo."
31fe36b2eceb2259,2025,04/06/2025,Drenagem,Alagamentos,Concluído,RUA DOUTOR MANOEL PEDRO,CABRAL,Unidade Regional Matriz,Telefone,True,False,1,pronto_para_geocodificar,none,"Candidato a geocodificacao; nao e coordenada, rotulo ou evidencia de treino.","Nao usar como ground truth, escore ou variavel derivada do rotulo."
292a101c5eaf2f9c,2025,09/06/2025,Drenagem,Alagamentos,Concluído,LARGO ERASMO DE ROTTERDAM,AHU,Unidade Regional Matriz,Telefone,True,False,1,pronto_para_geocodificar,none,"Candidato a geocodificacao; nao e coordenada, rotulo ou evidencia de treino.","Nao usar como ground truth, escore ou variavel derivada do rotulo."
55f8b2172607745b,2025,22/01/2025,Proteção ao cidadão - GM,"Enchentes, inundações ou alagamentos",Concluído,RUA MANOELA STIER REISS,UBERABA,Unidade Regional Cajuru,Telefone,True,False,2,pronto_para_geocodificar,none,"Candidato a geocodificacao; nao e coordenada, rotulo ou evidencia de treino.","Nao usar como ground truth, escore ou variavel derivada do rotulo."
798c4e1fbbb709e0,2025,26/01/2025,Proteção ao cidadão - GM,"Enchentes, inundações ou alagamentos",Concluído,Rua Sofia Dubiella,ABRANCHES,Unidade Regional Boa Vista,Telefone,True,False,1,pronto_para_geocodificar,none,"Candidato a geocodificacao; nao e coordenada, rotulo ou evidencia de treino.","Nao usar como ground truth, escore ou variavel derivada do rotulo."
a1cef93907ea7305,2025,28/01/2025,Proteção ao cidadão - GM,"Enchentes, inundações ou alagamentos",Concluído,Rua Laurentino Rosa Dos Santos,CAJURU,Unidade Regional Cajuru,Telefone,True,False,1,pronto_para_geocodificar,none,"Candidato a geocodificacao; nao e coordenada, rotulo ou evidencia de treino.","Nao usar como ground truth, escore ou variavel derivada do rotulo."
5284a0f4b173c864,2025,28/01/2025,Proteção ao cidadão - GM,"Enchentes, inundações ou alagamentos",Concluído,RUA MARIA BARCHIKI CHINASSO,CAJURU,Unidade Regional Cajuru,Telefone,True,False,1,pronto_para_geocodificar,none,"Candidato a geocodificacao; nao e coordenada, rotulo ou evidencia de treino.","Nao usar como ground truth, escore ou variavel derivada do rotulo."
7f09197eddb15aa2,2025,28/01/2025,Proteção ao cidadão - GM,"Enchentes, inundações ou alagamentos",Concluído,RUA DOUTOR JOÃO LUIZ BETTEGA,CAJURU,Unidade Regional Cajuru,Telefone,True,False,1,pronto_para_geocodificar,none,"Candidato a geocodificacao; nao e coordenada, rotulo ou evidencia de treino.","Nao usar como ground truth, escore ou variavel derivada do rotulo."
3f47d0fd24d9ea46,2025,28/01/2025,Proteção ao cidadão - GM,"Enchentes, inundações ou alagamentos",Concluído,Rua Justiniano de Melo Silva,JARDIM SOCIAL,Unidade Regional Matriz,Telefone,True,False,1,pronto_para_geocodificar,none,"Candidato a geocodificacao; nao e coordenada, rotulo ou evidencia de treino.","Nao usar como ground truth, escore ou variavel derivada do rotulo."
02465aaf4e5b47c1,2025,31/01/2025,Proteção ao cidadão - GM,"Enchentes, inundações ou alagamentos",Concluído,Rua Douglas Victor Novitzki,CIDADE INDUSTRIAL,Unidade Regional CIC,Telefone,True,False,1,pronto_para_geocodificar,none,"Candidato a geocodificacao; nao e coordenada, rotulo ou evidencia de treino.","Nao usar como ground truth, escore ou variavel derivada do rotulo."
de0fad399243375d,2025,31/01/2025,Proteção ao cidadão - GM,"Enchentes, inundações ou alagamentos",Concluído,RUA BENEDITO FRANCA,CAPAO DA IMBUIA,Unidade Regional Cajuru,Telefone,True,False,1,pronto_para_geocodificar,none,"Candidato a geocodificacao; nao e coordenada, rotulo ou evidencia de treino.","Nao usar como ground truth, escore ou variavel derivada do rotulo."
b71d969cf9c85aa2,2025,03/02/2025,Proteção ao cidadão - GM,"Enchentes, inundações ou alagamentos",Concluído,RUA ABRÃO WINTER,XAXIM,Unidade Regional Boqueirao,Telefone,True,False,1,pronto_para_geocodificar,none,"Candidato a geocodificacao; nao e coordenada, rotulo ou evidencia de treino.","Nao usar como ground truth, escore ou variavel derivada do rotulo."
945c585c42eebf84,2025,18/02/2025,Proteção ao cidadão - GM,"Enchentes, inundações ou alagamentos",Concluído,RUA CHICHORRO JÚNIOR,CABRAL,Unidade Regional Matriz,Telefone,True,False,1,pronto_para_geocodificar,none,"Candidato a geocodificacao; nao e coordenada, rotulo ou evidencia de treino.","Nao usar como ground truth, escore ou variavel derivada do rotulo."
1994e4df01e8cee7,2025,18/02/2025,Proteção ao cidadão - GM,"Enchentes, inundações ou alagamentos",Concluído,RUA BOM JESUS DE IGUAPE,HAUER,Unidade Regional Boqueirao,Telefone,True,False,2,pronto_para_geocodificar,none,"Candidato a geocodificacao; nao e coordenada, rotulo ou evidencia de treino.","Nao usar como ground truth, escore ou variavel derivada do rotulo."
ae94311cbdbc04d7,2025,18/02/2025,Proteção ao cidadão - GM,"Enchentes, inundações ou alagamentos",Concluído,RUA BALDUR MAGNUS GRUBBA,NOVO MUNDO,Unidade Regional Pinheirinho,Telefone,True,False,2,pronto_para_geocodificar,none,"Candidato a geocodificacao; nao e coordenada, rotulo ou evidencia de treino.","Nao usar como ground truth, escore ou variavel derivada do rotulo."
e5f8ce4a8817c78b,2025,18/02/2025,Proteção ao cidadão - GM,"Enchentes, inundações ou alagamentos",Concluído,RUA WATERLOO MARCHESINI,SEMINARIO,Unidade Regional Portao,Telefone,True,False,1,pronto_para_geocodificar,none,"Candidato a geocodificacao; nao e coordenada, rotulo ou evidencia de treino.","Nao usar como ground truth, escore ou variavel derivada do rotulo."
f4226e96159d4baf,2025,18/02/2025,Proteção ao cidadão - GM,"Enchentes, inundações ou alagamentos",Concluído,Rua Bom Jesus de Iguape,HAUER,Unidade Regional Boqueirao,Telefone,True,False,2,pronto_para_geocodificar,none,"Candidato a geocodificacao; nao e coordenada, rotulo ou evidencia de treino.","Nao usar como ground truth, escore ou variavel derivada do rotulo."
4e87ea6fe19ca488,2025,27/02/2025,Proteção ao cidadão - GM,"Enchentes, inundações ou alagamentos",Concluído,RUA DAS CARMELITAS,BOQUEIRAO,Unidade Regional Boqueirao,Telefone,True,False,1,pronto_para_geocodificar,none,"Candidato a geocodificacao; nao e coordenada, rotulo ou evidencia de treino.","Nao usar como ground truth, escore ou variavel derivada do rotulo."
8d858e114663f6ac,2025,27/02/2025,Proteção ao cidadão - GM,"Enchentes, inundações ou alagamentos",Concluído,RUA DESEMBARGADOR ANTÔNIO DE PAULA,BOQUEIRAO,Unidade Regional Boqueirao,Telefone,True,False,1,pronto_para_geocodificar,none,"Candidato a geocodificacao; nao e coordenada, rotulo ou evidencia de treino.","Nao usar como ground truth, escore ou variavel derivada do rotulo."
b7f6f9386d1c4cf3,2025,27/02/2025,Proteção ao cidadão - GM,"Enchentes, inundações ou alagamentos",Concluído,RUA CARLOS ESSENFELDER,BOQUEIRAO,Unidade Regional Boqueirao,Telefone,True,False,1,pronto_para_geocodificar,none,"Candidato a geocodificacao; nao e coordenada, rotulo ou evidencia de treino.","Nao usar como ground truth, escore ou variavel derivada do rotulo."
fb2588f9a5658eb7,2025,27/02/2025,Proteção ao cidadão - GM,"Enchentes, inundações ou alagamentos",Concluído,Adão Picussa Netto,BOQUEIRAO,Unidade Regional Boqueirao,Telefone,True,False,1,pronto_para_geocodificar,none,"Candidato a geocodificacao; nao e coordenada, rotulo ou evidencia de treino.","Nao usar como ground truth, escore ou variavel derivada do rotulo."
aca15138b83250fe,2025,26/08/2025,Proteção ao cidadão - GM,"Enchentes, inundações ou alagamentos",Concluído,Rua Lins de Vasconcelos,CIDADE INDUSTRIAL,Unidade Regional CIC,Telefone,True,False,1,pronto_para_geocodificar,none,"Candidato a geocodificacao; nao e coordenada, rotulo ou evidencia de treino.","Nao usar como ground truth, escore ou variavel derivada do rotulo."
0105010383137578,2025,26/09/2025,Proteção ao cidadão - GM,"Enchentes, inundações ou alagamentos",Concluído,RUA BENVENUTO GUSSO,BOA VISTA,Unidade Regional Boa Vista,Telefone,True,False,1,pronto_para_geocodificar,none,"Candidato a geocodificacao; nao e coordenada, rotulo ou evidencia de treino.","Nao usar como ground truth, escore ou variavel derivada do rotulo."
1ba7b2b713bcf498,2025,03/11/2025,Proteção ao cidadão - GM,"Enchentes, inundações ou alagamentos",Concluído,Rua Guiroku Gastão Ayabe,UBERABA,Unidade Regional Cajuru,Telefone,True,False,3,pronto_para_geocodificar,none,"Candidato a geocodificacao; nao e coordenada, rotulo ou evidencia de treino.","Nao usar como ground truth, escore ou variavel derivada do rotulo."
c0ea5a3d45daee9f,2025,03/11/2025,Proteção ao cidadão - GM,"Enchentes, inundações ou alagamentos",Concluído,RUA GUIROKU GASTÃO AYABE,UBERABA,Unidade Regional Cajuru,Telefone,True,False,3,pronto_para_geocodificar,none,"Candidato a geocodificacao; nao e coordenada, rotulo ou evidencia de treino.","Nao usar como ground truth, escore ou variavel derivada do rotulo."
1ba7b2b713bcf498,2025,03/11/2025,Proteção ao cidadão - GM,"Enchentes, inundações ou alagamentos",Concluído,Rua Guiroku Gastão Ayabe,UBERABA,Unidade Regional Cajuru,Telefone,True,False,3,pronto_para_geocodificar,none,"Candidato a geocodificacao; nao e coordenada, rotulo ou evidencia de treino.","Nao usar como ground truth, escore ou variavel derivada do rotulo."
fa8ff59034481fbc,2025,08/11/2025,Proteção ao cidadão - GM,"Enchentes, inundações ou alagamentos",Concluído,Rua Osvaldo Felippetto,BUTIATUVINHA,Unidade Regional Santa Felicidade,Telefone,True,False,1,pronto_para_geocodificar,none,"Candidato a geocodificacao; nao e coordenada, rotulo ou evidencia de treino.","Nao usar como ground truth, escore ou variavel derivada do rotulo."
5fe62d9a85dc58cf,2025,08/11/2025,Proteção ao cidadão - GM,"Enchentes, inundações ou alagamentos",Concluído,Rua Pedro Ferrari,BUTIATUVINHA,Unidade Regional Santa Felicidade,Telefone,True,False,1,pronto_para_geocodificar,none,"Candidato a geocodificacao; nao e coordenada, rotulo ou evidencia de treino.","Nao usar como ground truth, escore ou variavel derivada do rotulo."
065ecd2c8d9140ac,2025,01/12/2025,Proteção ao cidadão - GM,"Enchentes, inundações ou alagamentos",Concluído,RUA SOLANGE LUIZ CARLOS,PILARZINHO,Unidade Regional Boa Vista,Telefone,True,False,1,pronto_para_geocodificar,none,"Candidato a geocodificacao; nao e coordenada, rotulo ou evidencia de treino.","Nao usar como ground truth, escore ou variavel derivada do rotulo."
10ee494b6b79b13f,2025,28/01/2025,Drenagem,Alagamentos,Concluído,RUA PADRE ESTANISLAU PIASECKI,CIDADE INDUSTRIAL,Unidade Regional CIC,Telefone,True,False,1,pronto_para_geocodificar,none,"Candidato a geocodificacao; nao e coordenada, rotulo ou evidencia de treino.","Nao usar como ground truth, escore ou variavel derivada do rotulo."
12233f0e2f6712b3,2025,03/02/2025,Drenagem,Alagamentos,Concluído,Doutor Libânio Estanislau Cardoso,CIDADE INDUSTRIAL,Unidade Regional CIC,Portal,True,False,1,pronto_para_geocodificar,none,"Candidato a geocodificacao; nao e coordenada, rotulo ou evidencia de treino.","Nao usar como ground truth, escore ou variavel derivada do rotulo."
fe081ca4edda22bd,2025,07/02/2025,Drenagem,Alagamentos,Concluído,RUA DOUTOR JOSÉ GUILHERME LOYOLA,CIDADE INDUSTRIAL,Unidade Regional CIC,Telefone,True,False,1,pronto_para_geocodificar,none,"Candidato a geocodificacao; nao e coordenada, rotulo ou evidencia de treino.","Nao usar como ground truth, escore ou variavel derivada do rotulo."
869f4ccde7a06111,2025,18/02/2025,Drenagem,Alagamentos,Concluído,RUA DESEMBARGADOR SEGISMUNDO GRADOWSKI,CIDADE INDUSTRIAL,Unidade Regional CIC,Telefone,True,False,1,pronto_para_geocodificar,none,"Candidato a geocodificacao; nao e coordenada, rotulo ou evidencia de treino.","Nao usar como ground truth, escore ou variavel derivada do rotulo."
fe4d04b37c4284f6,2025,18/02/2025,Drenagem,Alagamentos,Concluído,RUA FREI EGÍDIO CARLOTTO,CIDADE INDUSTRIAL,Unidade Regional CIC,Telefone,True,False,1,pronto_para_geocodificar,none,"Candidato a geocodificacao; nao e coordenada, rotulo ou evidencia de treino.","Nao usar como ground truth, escore ou variavel derivada do rotulo."
2f783f5bbde40d4a,2025,18/02/2025,Drenagem,Alagamentos,Concluído,RUA MUNICÍPIO DE ENÉAS MARQUES,CIDADE INDUSTRIAL,Unidade Regional CIC,Telefone,True,False,2,pronto_para_geocodificar,none,"Candidato a geocodificacao; nao e coordenada, rotulo ou evidencia de treino.","Nao usar como ground truth, escore ou variavel derivada do rotulo."
de1d7c09a0aca3cc,2025,19/02/2025,Drenagem,Alagamentos,Concluído,RUA CORONEL NICOLAU BLEY NETO,CIDADE INDUSTRIAL,Unidade Regional CIC,Telefone,True,False,1,pronto_para_geocodificar,none,"Candidato a geocodificacao; nao e coordenada, rotulo ou evidencia de treino.","Nao usar como ground truth, escore ou variavel derivada do rotulo."
d74b68a594bfb60e,2025,20/02/2025,Drenagem,Alagamentos,Concluído,Rogério Pereira de Camargo,CIDADE INDUSTRIAL,Unidade Regional CIC,Portal,True,False,1,pronto_para_geocodificar,none,"Candidato a geocodificacao; nao e coordenada, rotulo ou evidencia de treino.","Nao usar como ground truth, escore ou variavel derivada do rotulo."
03043dbbd12466a5,2025,26/08/2025,Drenagem,Alagamentos,Concluído,Rua Jacinto Cunha,CIDADE INDUSTRIAL,Unidade Regional CIC,Telefone,True,False,1,pronto_para_geocodificar,none,"Candidato a geocodificacao; nao e coordenada, rotulo ou evidencia de treino.","Nao usar como ground truth, escore ou variavel derivada do rotulo."
d283d08c3fd95ef6,2025,26/08/2025,Drenagem,Alagamentos,Concluído,Rua Padre Estanislau Piasecki,CIDADE INDUSTRIAL,Unidade Regional CIC,Telefone,True,False,1,pronto_para_geocodificar,none,"Candidato a geocodificacao; nao e coordenada, rotulo ou evidencia de treino.","Nao usar como ground truth, escore ou variavel derivada do rotulo."
f3a1a1de9ee56419,2025,03/11/2025,Drenagem,Alagamentos,Concluído,Rua Jacinto Cunha,CIDADE INDUSTRIAL,Unidade Regional CIC,Telefone,True,False,1,pronto_para_geocodificar,none,"Candidato a geocodificacao; nao e coordenada, rotulo ou evidencia de treino.","Nao usar como ground truth, escore ou variavel derivada do rotulo."
8cafbff763a30db4,2025,05/11/2025,Drenagem,Alagamentos,Concluído,Jacinto Cunha,CIDADE INDUSTRIAL,Unidade Regional CIC,Portal,True,False,1,pronto_para_geocodificar,none,"Candidato a geocodificacao; nao e coordenada, rotulo ou evidencia de treino.","Nao usar como ground truth, escore ou variavel derivada do rotulo."
6b67d5a433e0ea8a,2025,28/01/2025,Drenagem,Alagamentos,Concluído,RUA IGNEZ DE SOUZA SOARES,TATUQUARA,Unidade Regional Tatuquara,Telefone,True,False,1,pronto_para_geocodificar,none,"Candidato a geocodificacao; nao e coordenada, rotulo ou evidencia de treino.","Nao usar como ground truth, escore ou variavel derivada do rotulo."
7dedc86b111e02dc,2025,01/02/2025,Drenagem,Alagamentos,Concluído,Rua João Amadeu Pedro Bom,TATUQUARA,Unidade Regional Tatuquara,Telefone,True,False,1,pronto_para_geocodificar,none,"Candidato a geocodificacao; nao e coordenada, rotulo ou evidencia de treino.","Nao usar como ground truth, escore ou variavel derivada do rotulo."
4a5c34ae10381af4,2025,04/02/2025,Drenagem,Alagamentos,Concluído,Paulo Romeiro Marcondes Filho,TATUQUARA,Unidade Regional Tatuquara,Portal,True,False,1,pronto_para_geocodificar,none,"Candidato a geocodificacao; nao e coordenada, rotulo ou evidencia de treino.","Nao usar como ground truth, escore ou variavel derivada do rotulo."
fdc25e1f7151986d,2025,10/02/2025,Drenagem,Alagamentos,Concluído,Marcos Bertoldi,CAMPO DE SANTANA,Unidade Regional Tatuquara,Portal,True,False,1,pronto_para_geocodificar,none,"Candidato a geocodificacao; nao e coordenada, rotulo ou evidencia de treino.","Nao usar como ground truth, escore ou variavel derivada do rotulo."
f149384ac9b48693,2025,15/05/2025,Drenagem,Alagamentos,Concluído,Antônio Zanon,TATUQUARA,Unidade Regional Tatuquara,Portal,True,False,1,pronto_para_geocodificar,none,"Candidato a geocodificacao; nao e coordenada, rotulo ou evidencia de treino.","Nao usar como ground truth, escore ou variavel derivada do rotulo."
f7ac46cff82c6d90,2025,23/06/2025,Drenagem,Alagamentos,Concluído,José Sosari,TATUQUARA,Unidade Regional Tatuquara,Portal,True,False,1,pronto_para_geocodificar,none,"Candidato a geocodificacao; nao e coordenada, rotulo ou evidencia de treino.","Nao usar como ground truth, escore ou variavel derivada do rotulo."
817772911535cb0c,2025,27/10/2025,Drenagem,Alagamentos,Concluído,RUA EMILE PAUL DECOK,CAMPO DE SANTANA,Unidade Regional Tatuquara,Telefone,True,False,1,pronto_para_geocodificar,none,"Candidato a geocodificacao; nao e coordenada, rotulo ou evidencia de treino.","Nao usar como ground truth, escore ou variavel derivada do rotulo."
fa48ea4c02bb8558,2025,11/02/2025,Drenagem,Alagamentos,Concluído,Raggi Izar,HAUER,Unidade Regional Boqueirao,Portal,True,False,1,pronto_para_geocodificar,none,"Candidato a geocodificacao; nao e coordenada, rotulo ou evidencia de treino.","Nao usar como ground truth, escore ou variavel derivada do rotulo."
aebf7eb267ea8138,2025,14/02/2025,Drenagem,Alagamentos,Concluído,Cleto da Silva,BOQUEIRAO,Unidade Regional Boqueirao,Portal,True,False,1,pronto_para_geocodificar,none,"Candidato a geocodificacao; nao e coordenada, rotulo ou evidencia de treino.","Nao usar como ground truth, escore ou variavel derivada do rotulo."
c9383e5c1704caa4,2025,18/02/2025,Drenagem,Alagamentos,Concluído,O Brasil para Cristo,BOQUEIRAO,Unidade Regional Boqueirao,Mobile,True,False,1,pronto_para_geocodificar,none,"Candidato a geocodificacao; nao e coordenada, rotulo ou evidencia de treino.","Nao usar como ground truth, escore ou variavel derivada do rotulo."
fb2588f9a5658eb7,2025,27/02/2025,Drenagem,Alagamentos,Concluído,Adão Picussa Netto,BOQUEIRAO,Unidade Regional Boqueirao,Telefone,True,False,1,pronto_para_geocodificar,none,"Candidato a geocodificacao; nao e coordenada, rotulo ou evidencia de treino.","Nao usar como ground truth, escore ou variavel derivada do rotulo."
9e89aee5f63a1b8a,2025,27/02/2025,Drenagem,Alagamentos,Concluído,RUA ITAÚNA DO SUL,ALTO BOQUEIRAO,Unidade Regional Boqueirao,Telefone,True,False,1,pronto_para_geocodificar,none,"Candidato a geocodificacao; nao e coordenada, rotulo ou evidencia de treino.","Nao usar como ground truth, escore ou variavel derivada do rotulo."
ffb9dec21cfdaa3b,2025,28/02/2025,Drenagem,Alagamentos,Concluído,Doutor Heleno da Silveira,BOQUEIRAO,Unidade Regional Boqueirao,Portal,True,False,1,pronto_para_geocodificar,none,"Candidato a geocodificacao; nao e coordenada, rotulo ou evidencia de treino.","Nao usar como ground truth, escore ou variavel derivada do rotulo."
801719bbe648f82a,2025,15/04/2025,Drenagem,Alagamentos,Concluído,RUA FRANCISCO DEROSSO,XAXIM,Unidade Regional Boqueirao,Telefone,True,False,1,pronto_para_geocodificar,none,"Candidato a geocodificacao; nao e coordenada, rotulo ou evidencia de treino.","Nao usar como ground truth, escore ou variavel derivada do rotulo."
596f43dade331e9f,2025,22/01/2025,Drenagem,Alagamentos,Concluído,RUA DOUTOR ALEXANDRE GUTIERREZ,AGUA VERDE,Unidade Regional Portao,Telefone,True,False,1,pronto_para_geocodificar,none,"Candidato a geocodificacao; nao e coordenada, rotulo ou evidencia de treino.","Nao usar como ground truth, escore ou variavel derivada do rotulo."
c96820ad0bf456b7,2025,24/01/2025,Drenagem,Alagamentos,Concluído,Rosamélia de Oliveira,CAMPO COMPRIDO,Unidade Regional Portao,Portal,True,False,1,pronto_para_geocodificar,none,"Candidato a geocodificacao; nao e coordenada, rotulo ou evidencia de treino.","Nao usar como ground truth, escore ou variavel derivada do rotulo."
8a6e60ff17c37f26,2025,03/02/2025,Drenagem,Alagamentos,Concluído,RUA VICENTE CELESTINO,FAZENDINHA,Unidade Regional Portao,Telefone,True,False,1,pronto_para_geocodificar,none,"Candidato a geocodificacao; nao e coordenada, rotulo ou evidencia de treino.","Nao usar como ground truth, escore ou variavel derivada do rotulo."
409a656d8904c88d,2025,03/02/2025,Drenagem,Alagamentos,Concluído,Rosamélia de Oliveira,CAMPO COMPRIDO,Unidade Regional Portao,Portal,True,False,1,pronto_para_geocodificar,none,"Candidato a geocodificacao; nao e coordenada, rotulo ou evidencia de treino.","Nao usar como ground truth, escore ou variavel derivada do rotulo."
d63210fdb9ad8cec,2025,04/02/2025,Drenagem,Alagamentos,Concluído,Rosamélia de Oliveira,CAMPO COMPRIDO,Unidade Regional Portao,Portal,True,False,3,pronto_para_geocodificar,none,"Candidato a geocodificacao; nao e coordenada, rotulo ou evidencia de treino.","Nao usar como ground truth, escore ou variavel derivada do rotulo."
d63210fdb9ad8cec,2025,04/02/2025,Drenagem,Alagamentos,Concluído,Rosamélia de Oliveira,CAMPO COMPRIDO,Unidade Regional Portao,Portal,True,False,3,pronto_para_geocodificar,none,"Candidato a geocodificacao; nao e coordenada, rotulo ou evidencia de treino.","Nao usar como ground truth, escore ou variavel derivada do rotulo."
d63210fdb9ad8cec,2025,04/02/2025,Drenagem,Alagamentos,Concluído,Rosamélia de Oliveira,CAMPO COMPRIDO,Unidade Regional Portao,Portal,True,False,3,pronto_para_geocodificar,none,"Candidato a geocodificacao; nao e coordenada, rotulo ou evidencia de treino.","Nao usar como ground truth, escore ou variavel derivada do rotulo."
d63f1fbd65144590,2025,05/02/2025,Drenagem,Alagamentos,Concluído,Rosamélia de Oliveira,CAMPO COMPRIDO,Unidade Regional Portao,Portal,True,False,3,pronto_para_geocodificar,none,"Candidato a geocodificacao; nao e coordenada, rotulo ou evidencia de treino.","Nao usar como ground truth, escore ou variavel derivada do rotulo."
d63f1fbd65144590,2025,05/02/2025,Drenagem,Alagamentos,Concluído,Rosamélia de Oliveira,CAMPO COMPRIDO,Unidade Regional Portao,Portal,True,False,3,pronto_para_geocodificar,none,"Candidato a geocodificacao; nao e coordenada, rotulo ou evidencia de treino.","Nao usar como ground truth, escore ou variavel derivada do rotulo."
d63f1fbd65144590,2025,05/02/2025,Drenagem,Alagamentos,Concluído,Rosamélia de Oliveira,CAMPO COMPRIDO,Unidade Regional Portao,Portal,True,False,3,pronto_para_geocodificar,none,"Candidato a geocodificacao; nao e coordenada, rotulo ou evidencia de treino.","Nao usar como ground truth, escore ou variavel derivada do rotulo."
207e4ac6471e5fe1,2025,06/02/2025,Drenagem,Alagamentos,Concluído,Rosamélia de Oliveira,CAMPO COMPRIDO,Unidade Regional Portao,Portal,True,False,1,pronto_para_geocodificar,none,"Candidato a geocodificacao; nao e coordenada, rotulo ou evidencia de treino.","Nao usar como ground truth, escore ou variavel derivada do rotulo."
36affbd22f081270,2025,25/02/2025,Drenagem,Alagamentos,Concluído,RUA CARLOS KLEMTZ,FAZENDINHA,Unidade Regional Portao,Telefone,True,False,1,pronto_para_geocodificar,none,"Candidato a geocodificacao; nao e coordenada, rotulo ou evidencia de treino.","Nao usar como ground truth, escore ou variavel derivada do rotulo."
1c93c668abf3ca54,2025,11/04/2025,Drenagem,Alagamentos,Concluído,Augusto de Mari,GUAIRA,Unidade Regional Portao,Portal,True,False,1,pronto_para_geocodificar,none,"Candidato a geocodificacao; nao e coordenada, rotulo ou evidencia de treino.","Nao usar como ground truth, escore ou variavel derivada do rotulo."
5e40042be350365e,2025,26/08/2025,Drenagem,Alagamentos,Concluído,Pará,AGUA VERDE,Unidade Regional Portao,Portal,True,False,1,pronto_para_geocodificar,none,"Candidato a geocodificacao; nao e coordenada, rotulo ou evidencia de treino.","Nao usar como ground truth, escore ou variavel derivada do rotulo."
9697270ebf6d4c7d,2025,11/09/2025,Drenagem,Alagamentos,Concluído,Delegado Trindade,SANTA QUITERIA,Unidade Regional Portao,Portal,True,False,1,pronto_para_geocodificar,none,"Candidato a geocodificacao; nao e coordenada, rotulo ou evidencia de treino.","Nao usar como ground truth, escore ou variavel derivada do rotulo."
20a7fb267041fc04,2025,23/11/2025,Drenagem,Alagamentos,Concluído,RUA BRIGADEIRO FRANCO,PAROLIN,Unidade Regional Portao,Portal,True,False,2,pronto_para_geocodificar,none,"Candidato a geocodificacao; nao e coordenada, rotulo ou evidencia de treino.","Nao usar como ground truth, escore ou variavel derivada do rotulo."
df1d1e8c4798cd91,2025,19/02/2025,Drenagem,Alagamentos,Concluído,RUA SILVIO PIOTTO,ORLEANS,Unidade Regional Santa Felicidade,Portal,True,False,1,pronto_para_geocodificar,none,"Candidato a geocodificacao; nao e coordenada, rotulo ou evidencia de treino.","Nao usar como ground truth, escore ou variavel derivada do rotulo."
a0dca1389a3cccf6,2025,21/05/2025,Drenagem,Alagamentos,Concluído,RUA EMÍLIO BORDENOSKI,VISTA ALEGRE,Unidade Regional Santa Felicidade,Telefone,True,False,1,pronto_para_geocodificar,none,"Candidato a geocodificacao; nao e coordenada, rotulo ou evidencia de treino.","Nao usar como ground truth, escore ou variavel derivada do rotulo."
86de7774c81d203d,2025,06/06/2025,Drenagem,Alagamentos,Concluído,AVENIDA MANOEL RIBAS,BUTIATUVINHA,Unidade Regional Santa Felicidade,Portal,True,False,1,pronto_para_geocodificar,none,"Candidato a geocodificacao; nao e coordenada, rotulo ou evidencia de treino.","Nao usar como ground truth, escore ou variavel derivada do rotulo."
2dac4c72c9e7be5b,2025,12/12/2025,Drenagem,Alagamentos,Concluído,Rua Engenheiro Roberto Guilherme Pereira Leite,VISTA ALEGRE,Unidade Regional Santa Felicidade,Telefone,True,False,1,pronto_para_geocodificar,none,"Candidato a geocodificacao; nao e coordenada, rotulo ou evidencia de treino.","Nao usar como ground truth, escore ou variavel derivada do rotulo."
323aafb3d4456763,2025,05/02/2025,Drenagem,Alagamentos,Concluído,RUA JOÃO STENZOWSKI,NOVO MUNDO,Unidade Regional Pinheirinho,Telefone,True,False,1,pronto_para_geocodificar,none,"Candidato a geocodificacao; nao e coordenada, rotulo ou evidencia de treino.","Nao usar como ground truth, escore ou variavel derivada do rotulo."
fb9f84071ff6fea3,2025,18/02/2025,Drenagem,Alagamentos,Concluído,Nicolau Serrato Sobrinho,NOVO MUNDO,Unidade Regional Pinheirinho,Portal,True,False,1,pronto_para_geocodificar,none,"Candidato a geocodificacao; nao e coordenada, rotulo ou evidencia de treino.","Nao usar como ground truth, escore ou variavel derivada do rotulo."
3b4cb6c7036d2e3b,2025,18/02/2025,Drenagem,Alagamentos,Concluído,Rua Conde Dos Arcos,LINDOIA,Unidade Regional Pinheirinho,Telefone,True,False,1,pronto_para_geocodificar,none,"Candidato a geocodificacao; nao e coordenada, rotulo ou evidencia de treino.","Nao usar como ground truth, escore ou variavel derivada do rotulo."
99eb716a0bd4b82a,2025,06/03/2025,Drenagem,Alagamentos,Concluído,Delegado Naby Paraná,CAPAO RASO,Unidade Regional Pinheirinho,Portal,True,False,1,pronto_para_geocodificar,none,"Candidato a geocodificacao; nao e coordenada, rotulo ou evidencia de treino.","Nao usar como ground truth, escore ou variavel derivada do rotulo."
300a518ee90fc5a0,2025,21/05/2025,Drenagem,Alagamentos,Concluído,José Ferreira Barros,FANNY,Unidade Regional Pinheirinho,Portal,True,False,1,pronto_para_geocodificar,none,"Candidato a geocodificacao; nao e coordenada, rotulo ou evidencia de treino.","Nao usar como ground truth, escore ou variavel derivada do rotulo."
71635abb479043d9,2025,04/06/2025,Drenagem,Alagamentos,Concluído,RUA CAROLINA CASTELLI,NOVO MUNDO,Unidade Regional Pinheirinho,Telefone,True,False,1,pronto_para_geocodificar,none,"Candidato a geocodificacao; nao e coordenada, rotulo ou evidencia de treino.","Nao usar como ground truth, escore ou variavel derivada do rotulo."
eb0a2b385668f2f3,2025,29/01/2025,Drenagem,Alagamentos,Concluído,Estrada da Graciosa,BAIRRO ALTO,Unidade Regional Boa Vista,Portal,True,False,1,pronto_para_geocodificar,none,"Candidato a geocodificacao; nao e coordenada, rotulo ou evidencia de treino.","Nao usar como ground truth, escore ou variavel derivada do rotulo."
f7f433c8037acb91,2025,13/02/2025,Drenagem,Alagamentos,Concluído,David Geronasso,BOA VISTA,Unidade Regional Boa Vista,Portal,True,False,2,pronto_para_geocodificar,none,"Candidato a geocodificacao; nao e coordenada, rotulo ou evidencia de treino.","Nao usar como ground truth, escore ou variavel derivada do rotulo."
f7f433c8037acb91,2025,13/02/2025,Drenagem,Alagamentos,Concluído,David Geronasso,BOA VISTA,Unidade Regional Boa Vista,Portal,True,False,2,pronto_para_geocodificar,none,"Candidato a geocodificacao; nao e coordenada, rotulo ou evidencia de treino.","Nao usar como ground truth, escore ou variavel derivada do rotulo."
81bf0cef11939b9b,2025,14/02/2025,Drenagem,Alagamentos,Concluído,Monsenhor Isidoro Mikosz,CACHOEIRA,Unidade Regional Boa Vista,Portal,True,False,3,pronto_para_geocodificar,none,"Candidato a geocodificacao; nao e coordenada, rotulo ou evidencia de treino.","Nao usar como ground truth, escore ou variavel derivada do rotulo."
81bf0cef11939b9b,2025,14/02/2025,Drenagem,Alagamentos,Concluído,Monsenhor Isidoro Mikosz,CACHOEIRA,Unidade Regional Boa Vista,Portal,True,False,3,pronto_para_geocodificar,none,"Candidato a geocodificacao; nao e coordenada, rotulo ou evidencia de treino.","Nao usar como ground truth, escore ou variavel derivada do rotulo."
81bf0cef11939b9b,2025,14/02/2025,Drenagem,Alagamentos,Concluído,Monsenhor Isidoro Mikosz,CACHOEIRA,Unidade Regional Boa Vista,Portal,True,False,3,pronto_para_geocodificar,none,"Candidato a geocodificacao; nao e coordenada, rotulo ou evidencia de treino.","Nao usar como ground truth, escore ou variavel derivada do rotulo."
8a43885b09d956b7,2025,18/02/2025,Drenagem,Alagamentos,Concluído,RUA AUGUSTO DOS ANJOS,ABRANCHES,Unidade Regional Boa Vista,Telefone,True,False,1,pronto_para_geocodificar,none,"Candidato a geocodificacao; nao e coordenada, rotulo ou evidencia de treino.","Nao usar como ground truth, escore ou variavel derivada do rotulo."
13a134ace5d58904,2025,12/03/2025,Drenagem,Alagamentos,Concluído,RUA MARECHAL ANOR TEIXEIRA DOS SANTOS,BOA VISTA,Unidade Regional Boa Vista,Telefone,True,False,1,pronto_para_geocodificar,none,"Candidato a geocodificacao; nao e coordenada, rotulo ou evidencia de treino.","Nao usar como ground truth, escore ou variavel derivada do rotulo."
1b7fb346384255bb,2025,12/03/2025,Drenagem,Alagamentos,Concluído,RUA MERCEDES SEILER ROCHA,BACACHERI,Unidade Regional Boa Vista,Telefone,True,False,1,pronto_para_geocodificar,none,"Candidato a geocodificacao; nao e coordenada, rotulo ou evidencia de treino.","Nao usar como ground truth, escore ou variavel derivada do rotulo."
129bef2a1b327def,2025,20/03/2025,Drenagem,Alagamentos,Concluído,RUA JACOB PAYKALA,ATUBA,Unidade Regional Boa Vista,Telefone,True,False,1,pronto_para_geocodificar,none,"Candidato a geocodificacao; nao e coordenada, rotulo ou evidencia de treino.","Nao usar como ground truth, escore ou variavel derivada do rotulo."
bf82765ed032987b,2025,21/03/2025,Drenagem,Alagamentos,Concluído,Doutor Benedito Amorim,SANTA CANDIDA,Unidade Regional Boa Vista,Portal,True,False,2,pronto_para_geocodificar,none,"Candidato a geocodificacao; nao e coordenada, rotulo ou evidencia de treino.","Nao usar como ground truth, escore ou variavel derivada do rotulo."
011d913bd2483cf8,2025,08/05/2025,Drenagem,Alagamentos,Concluído,AVENIDA MARECHAL MASCARENHAS DE MORAES,ATUBA,Unidade Regional Boa Vista,Telefone,True,False,1,pronto_para_geocodificar,none,"Candidato a geocodificacao; nao e coordenada, rotulo ou evidencia de treino.","Nao usar como ground truth, escore ou variavel derivada do rotulo."
a0759c83ff63d4d1,2025,10/07/2025,Drenagem,Alagamentos,Concluído,RUA SOFIA DUBIELLA,ABRANCHES,Unidade Regional Boa Vista,Telefone,True,False,1,pronto_para_geocodificar,none,"Candidato a geocodificacao; nao e coordenada, rotulo ou evidencia de treino.","Nao usar como ground truth, escore ou variavel derivada do rotulo."
b44ccb2e0ae429e9,2025,29/07/2025,Drenagem,Alagamentos,Concluído,RUA THEODORO MAKIOLKA,SANTA CANDIDA,Unidade Regional Boa Vista,Telefone,True,False,1,pronto_para_geocodificar,none,"Candidato a geocodificacao; nao e coordenada, rotulo ou evidencia de treino.","Nao usar como ground truth, escore ou variavel derivada do rotulo."
7364dcac5dd80cbe,2025,29/07/2025,Drenagem,Alagamentos,Concluído,RUA DINARTE DE JESUS,PILARZINHO,Unidade Regional Boa Vista,Telefone,True,False,1,pronto_para_geocodificar,none,"Candidato a geocodificacao; nao e coordenada, rotulo ou evidencia de treino.","Nao usar como ground truth, escore ou variavel derivada do rotulo."
3e6ca7d31a7a8806,2025,31/07/2025,Drenagem,Alagamentos,Concluído,RUA PRIMEIRO MINISTRO BROCHADO DA ROCHA,PILARZINHO,Unidade Regional Boa Vista,Telefone,True,False,1,pronto_para_geocodificar,none,"Candidato a geocodificacao; nao e coordenada, rotulo ou evidencia de treino.","Nao usar como ground truth, escore ou variavel derivada do rotulo."
487d75cf4a681cb3,2025,26/08/2025,Drenagem,Alagamentos,Concluído,João Havro,BOA VISTA,Unidade Regional Boa Vista,Portal,True,False,1,pronto_para_geocodificar,none,"Candidato a geocodificacao; nao e coordenada, rotulo ou evidencia de treino.","Nao usar como ground truth, escore ou variavel derivada do rotulo."
d775648cb9566149,2025,28/08/2025,Drenagem,Alagamentos,Concluído,RUA JORNALISTA GERALDO RUSSE,PILARZINHO,Unidade Regional Boa Vista,Telefone,True,False,1,pronto_para_geocodificar,none,"Candidato a geocodificacao; nao e coordenada, rotulo ou evidencia de treino.","Nao usar como ground truth, escore ou variavel derivada do rotulo."
0105010383137578,2025,26/09/2025,Drenagem,Alagamentos,Concluído,RUA BENVENUTO GUSSO,BOA VISTA,Unidade Regional Boa Vista,Telefone,True,False,1,pronto_para_geocodificar,none,"Candidato a geocodificacao; nao e coordenada, rotulo ou evidencia de treino.","Nao usar como ground truth, escore ou variavel derivada do rotulo."
05fd14223f968a5d,2025,14/11/2025,Drenagem,Alagamentos,Concluído,RUA MATEUS LEME,SAO LOURENCO,Unidade Regional Boa Vista,Portal,True,False,1,pronto_para_geocodificar,none,"Candidato a geocodificacao; nao e coordenada, rotulo ou evidencia de treino.","Nao usar como ground truth, escore ou variavel derivada do rotulo."
5284a0f4b173c864,2025,28/01/2025,Drenagem,Alagamentos,Concluído,RUA MARIA BARCHIKI CHINASSO,CAJURU,Unidade Regional Cajuru,Telefone,True,False,1,pronto_para_geocodificar,none,"Candidato a geocodificacao; nao e coordenada, rotulo ou evidencia de treino.","Nao usar como ground truth, escore ou variavel derivada do rotulo."
d43f69e951adee9e,2025,13/02/2025,Drenagem,Alagamentos,Concluído,RUA PADRE ARNALDO JANSSEN,CAJURU,Unidade Regional Cajuru,Telefone,True,False,2,pronto_para_geocodificar,none,"Candidato a geocodificacao; nao e coordenada, rotulo ou evidencia de treino.","Nao usar como ground truth, escore ou variavel derivada do rotulo."
39e5cf85d1257cf5,2025,13/02/2025,Drenagem,Alagamentos,Concluído,Rua Aviador Armin Buhrer,UBERABA,Unidade Regional Cajuru,Telefone,True,False,2,pronto_para_geocodificar,none,"Candidato a geocodificacao; nao e coordenada, rotulo ou evidencia de treino.","Nao usar como ground truth, escore ou variavel derivada do rotulo."
e335ab76a44f0f45,2025,18/02/2025,Drenagem,Alagamentos,Concluído,RUA DOUTOR URBANO TONIOLO,CAJURU,Unidade Regional Cajuru,Telefone,True,False,2,pronto_para_geocodificar,none,"Candidato a geocodificacao; nao e coordenada, rotulo ou evidencia de treino.","Nao usar como ground truth, escore ou variavel derivada do rotulo."
e8b2336c58729343,2025,21/02/2025,Drenagem,Alagamentos,Concluído,Ayrton Turra,CAJURU,Unidade Regional Cajuru,Portal,True,False,1,pronto_para_geocodificar,none,"Candidato a geocodificacao; nao e coordenada, rotulo ou evidencia de treino.","Nao usar como ground truth, escore ou variavel derivada do rotulo."
5af66512cdf8352f,2025,27/02/2025,Drenagem,Alagamentos,Concluído,RUA DONA BARBARA CID,UBERABA,Unidade Regional Cajuru,Telefone,True,False,1,pronto_para_geocodificar,none,"Candidato a geocodificacao; nao e coordenada, rotulo ou evidencia de treino.","Nao usar como ground truth, escore ou variavel derivada do rotulo."
687c369cf86ad607,2025,07/03/2025,Drenagem,Alagamentos,Concluído,Padre Karol Dworaczek,CAJURU,Unidade Regional Cajuru,Portal,True,False,1,pronto_para_geocodificar,none,"Candidato a geocodificacao; nao e coordenada, rotulo ou evidencia de treino.","Nao usar como ground truth, escore ou variavel derivada do rotulo."
c08b7c7185c0faf4,2025,22/04/2025,Drenagem,Alagamentos,Concluído,RUA EDUARDO COUTURE,JARDIM DAS AMERICAS,Unidade Regional Cajuru,Telefone,True,False,1,pronto_para_geocodificar,none,"Candidato a geocodificacao; nao e coordenada, rotulo ou evidencia de treino.","Nao usar como ground truth, escore ou variavel derivada do rotulo."
dc2091bd4daac770,2025,28/04/2025,Drenagem,Alagamentos,Concluído,AVENIDA CORONEL FRANCISCO H DOS SANTOS,JARDIM DAS AMERICAS,Unidade Regional Cajuru,Telefone,True,False,1,pronto_para_geocodificar,none,"Candidato a geocodificacao; nao e coordenada, rotulo ou evidencia de treino.","Nao usar como ground truth, escore ou variavel derivada do rotulo."
2762c1f32f7c7381,2025,28/04/2025,Drenagem,Alagamentos,Concluído,RUA RODOLPHO SENFF,JARDIM DAS AMERICAS,Unidade Regional Cajuru,Telefone,True,False,1,pronto_para_geocodificar,none,"Candidato a geocodificacao; nao e coordenada, rotulo ou evidencia de treino.","Nao usar como ground truth, escore ou variavel derivada do rotulo."
5536de93f3fe05f1,2025,07/08/2025,Drenagem,Alagamentos,Concluído,RUA ARLINDO ARAÚJO SOBRINHO,GUABIROTUBA,Unidade Regional Cajuru,Telefone,True,False,1,pronto_para_geocodificar,none,"Candidato a geocodificacao; nao e coordenada, rotulo ou evidencia de treino.","Nao usar como ground truth, escore ou variavel derivada do rotulo."
9229e33ff1480aea,2025,13/10/2025,Drenagem,Alagamentos,Concluído,Custódio Borges de Andrade,CAJURU,Unidade Regional Cajuru,Portal,True,False,1,pronto_para_geocodificar,none,"Candidato a geocodificacao; nao e coordenada, rotulo ou evidencia de treino.","Nao usar como ground truth, escore ou variavel derivada do rotulo."
de6c5699ffb6f69f,2025,06/02/2025,Drenagem,Alagamentos,Concluído,RUA TIJUCAS DO SUL,SITIO CERCADO,Unidade Regional Bairro Novo,Telefone,True,False,2,pronto_para_geocodificar,none,"Candidato a geocodificacao; nao e coordenada, rotulo ou evidencia de treino.","Nao usar como ground truth, escore ou variavel derivada do rotulo."
de6c5699ffb6f69f,2025,06/02/2025,Drenagem,Alagamentos,Concluído,RUA TIJUCAS DO SUL,SITIO CERCADO,Unidade Regional Bairro Novo,Telefone,True,False,2,pronto_para_geocodificar,none,"Candidato a geocodificacao; nao e coordenada, rotulo ou evidencia de treino.","Nao usar como ground truth, escore ou variavel derivada do rotulo."
32f2145af311f00e,2025,11/04/2025,Drenagem,Alagamentos,Concluído,Doutor Lauro Gentio Portugal Tavares,SITIO CERCADO,Unidade Regional Bairro Novo,Portal,True,False,1,pronto_para_geocodificar,none,"Candidato a geocodificacao; nao e coordenada, rotulo ou evidencia de treino.","Nao usar como ground truth, escore ou variavel derivada do rotulo."
8ff89cb7c39acd26,2025,05/06/2025,Drenagem,Alagamentos,Concluído,Cypriano Ribeiro Cid,SITIO CERCADO,Unidade Regional Bairro Novo,Portal,True,False,2,pronto_para_geocodificar,none,"Candidato a geocodificacao; nao e coordenada, rotulo ou evidencia de treino.","Nao usar como ground truth, escore ou variavel derivada do rotulo."
8ff89cb7c39acd26,2025,05/06/2025,Drenagem,Alagamentos,Concluído,Cypriano Ribeiro Cid,SITIO CERCADO,Unidade Regional Bairro Novo,Portal,True,False,2,pronto_para_geocodificar,none,"Candidato a geocodificacao; nao e coordenada, rotulo ou evidencia de treino.","Nao usar como ground truth, escore ou variavel derivada do rotulo."
0f0ca19f9b71db3d,2025,29/09/2025,Drenagem,Alagamentos,Concluído,RUA OURIZONA,SITIO CERCADO,Unidade Regional Bairro Novo,Telefone,True,False,1,pronto_para_geocodificar,none,"Candidato a geocodificacao; nao e coordenada, rotulo ou evidencia de treino.","Nao usar como ground truth, escore ou variavel derivada do rotulo."
da48f4557f27b9ee,2025,20/01/2025,Drenagem,Alagamentos,Concluído,RUA PRESIDENTE FARIA,CENTRO CIVICO,Unidade Regional Matriz,Telefone,True,False,1,pronto_para_geocodificar,none,"Candidato a geocodificacao; nao e coordenada, rotulo ou evidencia de treino.","Nao usar como ground truth, escore ou variavel derivada do rotulo."
78222a37fdd55462,2025,24/01/2025,Drenagem,Alagamentos,Concluído,AVENIDA MUNHOZ DA ROCHA,JUVEVE,Unidade Regional Matriz,Telefone,True,False,1,pronto_para_geocodificar,none,"Candidato a geocodificacao; nao e coordenada, rotulo ou evidencia de treino.","Nao usar como ground truth, escore ou variavel derivada do rotulo."
bac525526a636cc5,2025,24/01/2025,Drenagem,Alagamentos,Concluído,RUA SÃO LUIZ,CABRAL,Unidade Regional Matriz,Telefone,True,False,1,pronto_para_geocodificar,none,"Candidato a geocodificacao; nao e coordenada, rotulo ou evidencia de treino.","Nao usar como ground truth, escore ou variavel derivada do rotulo."
fcece405b4c229c2,2025,03/02/2025,Drenagem,Alagamentos,Concluído,Martim Afonso,SAO FRANCISCO,Unidade Regional Matriz,Portal,True,False,1,pronto_para_geocodificar,none,"Candidato a geocodificacao; nao e coordenada, rotulo ou evidencia de treino.","Nao usar como ground truth, escore ou variavel derivada do rotulo."
4754381bf693c6f0,2025,04/02/2025,Drenagem,Alagamentos,Concluído,RUA BARÃO DO SERRO AZUL,CENTRO,Unidade Regional Matriz,Telefone,True,False,1,pronto_para_geocodificar,none,"Candidato a geocodificacao; nao e coordenada, rotulo ou evidencia de treino.","Nao usar como ground truth, escore ou variavel derivada do rotulo."
e8630aec0b4b6aa0,2025,10/02/2025,Drenagem,Alagamentos,Concluído,Mateus Leme,SAO FRANCISCO,Unidade Regional Matriz,Portal,True,False,1,pronto_para_geocodificar,none,"Candidato a geocodificacao; nao e coordenada, rotulo ou evidencia de treino.","Nao usar como ground truth, escore ou variavel derivada do rotulo."
99856cf483b79ea2,2025,10/02/2025,Drenagem,Alagamentos,Concluído,Madre Leonie,JARDIM SOCIAL,Unidade Regional Matriz,Portal,True,False,1,pronto_para_geocodificar,none,"Candidato a geocodificacao; nao e coordenada, rotulo ou evidencia de treino.","Nao usar como ground truth, escore ou variavel derivada do rotulo."
5481c75903bf0ed7,2025,13/02/2025,Drenagem,Alagamentos,Concluído,RUA SÃO JOAQUIM,JARDIM BOTANICO,Unidade Regional Matriz,Telefone,True,False,1,pronto_para_geocodificar,none,"Candidato a geocodificacao; nao e coordenada, rotulo ou evidencia de treino.","Nao usar como ground truth, escore ou variavel derivada do rotulo."
5f3836cdd6a071d7,2025,13/02/2025,Drenagem,Alagamentos,Concluído,Desembargador Westphalen,CENTRO,Unidade Regional Matriz,Portal,True,False,1,pronto_para_geocodificar,none,"Candidato a geocodificacao; nao e coordenada, rotulo ou evidencia de treino.","Nao usar como ground truth, escore ou variavel derivada do rotulo."
f1d98fa3bf6e9eb9,2025,14/02/2025,Drenagem,Alagamentos,Concluído,RUA DESEMBARGADOR MOTTA,BATEL,Unidade Regional Matriz,Portal,True,False,1,pronto_para_geocodificar,none,"Candidato a geocodificacao; nao e coordenada, rotulo ou evidencia de treino.","Nao usar como ground truth, escore ou variavel derivada do rotulo."
2ebb74140db86683,2025,18/02/2025,Drenagem,Alagamentos,Concluído,Manoel Correia de Freitas,JARDIM SOCIAL,Unidade Regional Matriz,Portal,True,False,1,pronto_para_geocodificar,none,"Candidato a geocodificacao; nao e coordenada, rotulo ou evidencia de treino.","Nao usar como ground truth, escore ou variavel derivada do rotulo."
0180f4b0250baacd,2025,18/02/2025,Drenagem,Alagamentos,Concluído,RUA TIBAGI,CENTRO,Unidade Regional Matriz,Telefone,True,False,1,pronto_para_geocodificar,none,"Candidato a geocodificacao; nao e coordenada, rotulo ou evidencia de treino.","Nao usar como ground truth, escore ou variavel derivada do rotulo."
18b3b1b0e110ca77,2025,18/02/2025,Drenagem,Alagamentos,Concluído,RUA CELESTE SANTI,AHU,Unidade Regional Matriz,Telefone,True,False,1,pronto_para_geocodificar,none,"Candidato a geocodificacao; nao e coordenada, rotulo ou evidencia de treino.","Nao usar como ground truth, escore ou variavel derivada do rotulo."
dc53a2d3991c42d5,2025,18/02/2025,Drenagem,Alagamentos,Concluído,Coronel João Guilherme Guimarães,MERCES,Unidade Regional Matriz,Portal,True,False,1,pronto_para_geocodificar,none,"Candidato a geocodificacao; nao e coordenada, rotulo ou evidencia de treino.","Nao usar como ground truth, escore ou variavel derivada do rotulo."
ee3dcc7d0291747e,2025,19/02/2025,Drenagem,Alagamentos,Concluído,São José,CRISTO REI,Unidade Regional Matriz,Portal,True,False,1,pronto_para_geocodificar,none,"Candidato a geocodificacao; nao e coordenada, rotulo ou evidencia de treino.","Nao usar como ground truth, escore ou variavel derivada do rotulo."
d31efc342dd42bf2,2025,21/02/2025,Drenagem,Alagamentos,Concluído,RUA FRANCISCO ROCHA,BIGORRILHO,Unidade Regional Matriz,Telefone,True,False,1,pronto_para_geocodificar,none,"Candidato a geocodificacao; nao e coordenada, rotulo ou evidencia de treino.","Nao usar como ground truth, escore ou variavel derivada do rotulo."
31b734ac64caffae,2025,21/02/2025,Drenagem,Alagamentos,Concluído,RUA VISCONDE DE NACAR,MERCES,Unidade Regional Matriz,Telefone,True,False,1,pronto_para_geocodificar,none,"Candidato a geocodificacao; nao e coordenada, rotulo ou evidencia de treino.","Nao usar como ground truth, escore ou variavel derivada do rotulo."
c09f34587eead835,2025,24/02/2025,Drenagem,Alagamentos,Concluído,RUA NUNES MACHADO,CENTRO,Unidade Regional Matriz,Telefone,True,False,1,pronto_para_geocodificar,none,"Candidato a geocodificacao; nao e coordenada, rotulo ou evidencia de treino.","Nao usar como ground truth, escore ou variavel derivada do rotulo."
440eb21bdd5cd64d,2025,25/02/2025,Drenagem,Alagamentos,Concluído,Vicente Machado,CENTRO,Unidade Regional Matriz,Portal,True,False,1,pronto_para_geocodificar,none,"Candidato a geocodificacao; nao e coordenada, rotulo ou evidencia de treino.","Nao usar como ground truth, escore ou variavel derivada do rotulo."
c5628f2cd6d804ba,2025,25/02/2025,Drenagem,Alagamentos,Concluído,Brigadeiro Franco,MERCES,Unidade Regional Matriz,Portal,True,False,1,pronto_para_geocodificar,none,"Candidato a geocodificacao; nao e coordenada, rotulo ou evidencia de treino.","Nao usar como ground truth, escore ou variavel derivada do rotulo."
39ddc39329faed15,2025,25/02/2025,Drenagem,Alagamentos,Concluído,Professora Maria José Godoy,BOM RETIRO,Unidade Regional Matriz,Portal,True,False,1,pronto_para_geocodificar,none,"Candidato a geocodificacao; nao e coordenada, rotulo ou evidencia de treino.","Nao usar como ground truth, escore ou variavel derivada do rotulo."
0d2852a2a728e52a,2025,18/03/2025,Drenagem,Alagamentos,Concluído,RUA TIBAGI,CENTRO,Unidade Regional Matriz,Telefone,True,False,1,pronto_para_geocodificar,none,"Candidato a geocodificacao; nao e coordenada, rotulo ou evidencia de treino.","Nao usar como ground truth, escore ou variavel derivada do rotulo."
d7764c3e6e9a176b,2025,04/04/2025,Drenagem,Alagamentos,Concluído,RUA DOUTOR MANOEL PEDRO,CABRAL,Unidade Regional Matriz,Telefone,True,False,1,pronto_para_geocodificar,none,"Candidato a geocodificacao; nao e coordenada, rotulo ou evidencia de treino.","Nao usar como ground truth, escore ou variavel derivada do rotulo."
7b02d20a666ac557,2025,30/05/2025,Drenagem,Alagamentos,Concluído,RUA CARLOS PIOLI,BOM RETIRO,Unidade Regional Matriz,Telefone,True,False,1,pronto_para_geocodificar,none,"Candidato a geocodificacao; nao e coordenada, rotulo ou evidencia de treino.","Nao usar como ground truth, escore ou variavel derivada do rotulo."
20b0cace8cfc1183,2025,05/09/2025,Drenagem,Alagamentos,Concluído,RUA TREZE DE MAIO,CENTRO,Unidade Regional Matriz,Telefone,True,False,1,pronto_para_geocodificar,none,"Candidato a geocodificacao; nao e coordenada, rotulo ou evidencia de treino.","Nao usar como ground truth, escore ou variavel derivada do rotulo."
d43f69e951adee9e,2025,13/02/2025,Proteção ao cidadão - GM,"Enchentes, inundações ou alagamentos",Concluído,RUA PADRE ARNALDO JANSSEN,CAJURU,Unidade Regional Cajuru,Telefone,True,False,1,pronto_para_geocodificar,none,"Candidato a geocodificacao; nao e coordenada, rotulo ou evidencia de treino.","Nao usar como ground truth, escore ou variavel derivada do rotulo."
ae94311cbdbc04d7,2025,18/02/2025,Proteção ao cidadão - GM,"Enchentes, inundações ou alagamentos",Concluído,RUA BALDUR MAGNUS GRUBBA,NOVO MUNDO,Unidade Regional Pinheirinho,Telefone,True,False,2,pronto_para_geocodificar,none,"Candidato a geocodificacao; nao e coordenada, rotulo ou evidencia de treino.","Nao usar como ground truth, escore ou variavel derivada do rotulo."
a12eae2acf408bf2,2025,18/02/2025,Proteção ao cidadão - GM,"Enchentes, inundações ou alagamentos",Concluído,AVENIDA PRESIDENTE WENCESLAU BRAZ,PAROLIN,Unidade Regional Portao,Telefone,True,False,1,pronto_para_geocodificar,none,"Candidato a geocodificacao; nao e coordenada, rotulo ou evidencia de treino.","Nao usar como ground truth, escore ou variavel derivada do rotulo."
4ab8702f34a34aa1,2025,12/03/2025,Proteção ao cidadão - GM,"Enchentes, inundações ou alagamentos",Concluído,Rua Colômbia,BACACHERI,Unidade Regional Boa Vista,Telefone,True,False,1,pronto_para_geocodificar,none,"Candidato a geocodificacao; nao e coordenada, rotulo ou evidencia de treino.","Nao usar como ground truth, escore ou variavel derivada do rotulo."
2c7b0c134e3dd803,2025,13/04/2025,Proteção ao cidadão - GM,"Enchentes, inundações ou alagamentos",Concluído,Rua Deputado Sinval Martins Araújo,GANCHINHO,Unidade Regional Bairro Novo,Telefone,True,False,1,pronto_para_geocodificar,none,"Candidato a geocodificacao; nao e coordenada, rotulo ou evidencia de treino.","Nao usar como ground truth, escore ou variavel derivada do rotulo."
3a1b6c9d7ec0db69,2025,13/10/2025,Proteção ao cidadão - GM,"Enchentes, inundações ou alagamentos",Concluído,RUA DESEMBARGADOR ERNANI GUARITA CARTAXO,CIDADE INDUSTRIAL,Unidade Regional CIC,Telefone,True,False,1,pronto_para_geocodificar,none,"Candidato a geocodificacao; nao e coordenada, rotulo ou evidencia de treino.","Nao usar como ground truth, escore ou variavel derivada do rotulo."
51101836fb0d5594,2025,18/02/2025,Drenagem,Alagamentos,Concluído,Rua Município de Eneas Marques,CIDADE INDUSTRIAL,Unidade Regional CIC,Telefone,True,False,2,pronto_para_geocodificar,none,"Candidato a geocodificacao; nao e coordenada, rotulo ou evidencia de treino.","Nao usar como ground truth, escore ou variavel derivada do rotulo."
d9c465601344a0b2,2025,05/06/2025,Drenagem,Alagamentos,Concluído,AVENIDA JUSCELINO KUBITSCHEK DE OLIVEIRA,CIDADE INDUSTRIAL,Unidade Regional CIC,Telefone,True,False,1,pronto_para_geocodificar,none,"Candidato a geocodificacao; nao e coordenada, rotulo ou evidencia de treino.","Nao usar como ground truth, escore ou variavel derivada do rotulo."
9cafe6af424fd978,2025,05/06/2025,Drenagem,Alagamentos,Concluído,Juscelino Kubitschek de Oliveira,CIDADE INDUSTRIAL,Unidade Regional CIC,Portal,True,False,1,pronto_para_geocodificar,none,"Candidato a geocodificacao; nao e coordenada, rotulo ou evidencia de treino.","Nao usar como ground truth, escore ou variavel derivada do rotulo."
1808daeb6ab9acc6,2025,25/08/2025,Drenagem,Alagamentos,Concluído,AVENIDA JUSCELINO KUBITSCHEK DE OLIVEIRA LD,CIDADE INDUSTRIAL,Unidade Regional CIC,Telefone,True,False,1,pronto_para_geocodificar,none,"Candidato a geocodificacao; nao e coordenada, rotulo ou evidencia de treino.","Nao usar como ground truth, escore ou variavel derivada do rotulo."
8371dcf7e18d7cde,2025,26/08/2025,Drenagem,Alagamentos,Concluído,RUA OSMAR ROSA,CIDADE INDUSTRIAL,Unidade Regional CIC,Telefone,True,False,1,pronto_para_geocodificar,none,"Candidato a geocodificacao; nao e coordenada, rotulo ou evidencia de treino.","Nao usar como ground truth, escore ou variavel derivada do rotulo."
b5220f8f8b2210f6,2025,27/08/2025,Drenagem,Alagamentos,Concluído,AVENIDA JUSCELINO KUBITSCHEK DE OLIVEIRA LD,CIDADE INDUSTRIAL,Unidade Regional CIC,Telefone,True,False,1,pronto_para_geocodificar,none,"Candidato a geocodificacao; nao e coordenada, rotulo ou evidencia de treino.","Nao usar como ground truth, escore ou variavel derivada do rotulo."
48d9ad622abdc334,2025,05/09/2025,Drenagem,Alagamentos,Concluído,AVENIDA JUSCELINO KUBITSCHEK DE OLIVEIRA LE,CIDADE INDUSTRIAL,Unidade Regional CIC,Telefone,True,False,1,pronto_para_geocodificar,none,"Candidato a geocodificacao; nao e coordenada, rotulo ou evidencia de treino.","Nao usar como ground truth, escore ou variavel derivada do rotulo."
5deabb6285985677,2025,17/09/2025,Drenagem,Alagamentos,Concluído,RUA LEONOR FIORI GRANATO,CIDADE INDUSTRIAL,Unidade Regional CIC,Telefone,True,False,1,pronto_para_geocodificar,none,"Candidato a geocodificacao; nao e coordenada, rotulo ou evidencia de treino.","Nao usar como ground truth, escore ou variavel derivada do rotulo."
24bc79029077a6c3,2025,24/11/2025,Drenagem,Alagamentos,Concluído,AVENIDA JUSCELINO KUBITSCHEK DE OLIVEIRA EC,CIDADE INDUSTRIAL,Unidade Regional CIC,Telefone,True,False,1,pronto_para_geocodificar,none,"Candidato a geocodificacao; nao e coordenada, rotulo ou evidencia de treino.","Nao usar como ground truth, escore ou variavel derivada do rotulo."
d84edd65f0ccb013,2025,09/12/2025,Drenagem,Alagamentos,Concluído,Rua Andrelino Pereira da Silva,CAMPO DE SANTANA,Unidade Regional Tatuquara,Telefone,True,False,1,pronto_para_geocodificar,none,"Candidato a geocodificacao; nao e coordenada, rotulo ou evidencia de treino.","Nao usar como ground truth, escore ou variavel derivada do rotulo."
8da26a4b2c1da483,2025,22/01/2025,Proteção ao cidadão - GM,"Enchentes, inundações ou alagamentos",Concluído,Rua Manoela Stier Reiss,UBERABA,Unidade Regional Cajuru,Telefone,True,False,2,pronto_para_geocodificar,none,"Candidato a geocodificacao; nao e coordenada, rotulo ou evidencia de treino.","Nao usar como ground truth, escore ou variavel derivada do rotulo."
8dc9a40ba77e0bb0,2025,24/01/2025,Proteção ao cidadão - GM,"Enchentes, inundações ou alagamentos",Concluído,Rua Celeste Tortato Gabardo,SITIO CERCADO,Unidade Regional Bairro Novo,Telefone,True,False,1,pronto_para_geocodificar,none,"Candidato a geocodificacao; nao e coordenada, rotulo ou evidencia de treino.","Nao usar como ground truth, escore ou variavel derivada do rotulo."
1454f445b05788e0,2025,26/01/2025,Proteção ao cidadão - GM,"Enchentes, inundações ou alagamentos",Concluído,RUA BRUNO MERTENS,BARREIRINHA,Unidade Regional Boa Vista,Telefone,True,False,1,pronto_para_geocodificar,none,"Candidato a geocodificacao; nao e coordenada, rotulo ou evidencia de treino.","Nao usar como ground truth, escore ou variavel derivada do rotulo."
826da0887dc4a63e,2025,27/01/2025,Proteção ao cidadão - GM,"Enchentes, inundações ou alagamentos",Concluído,RUA PATRÍCIO BAGOLIN,CIDADE INDUSTRIAL,Unidade Regional CIC,Telefone,True,False,1,pronto_para_geocodificar,none,"Candidato a geocodificacao; nao e coordenada, rotulo ou evidencia de treino.","Nao usar como ground truth, escore ou variavel derivada do rotulo."
6b67d5a433e0ea8a,2025,28/01/2025,Proteção ao cidadão - GM,"Enchentes, inundações ou alagamentos",Concluído,RUA IGNEZ DE SOUZA SOARES,TATUQUARA,Unidade Regional Tatuquara,Telefone,True,False,1,pronto_para_geocodificar,none,"Candidato a geocodificacao; nao e coordenada, rotulo ou evidencia de treino.","Nao usar como ground truth, escore ou variavel derivada do rotulo."
e928de5995aa5a78,2025,28/01/2025,Proteção ao cidadão - GM,"Enchentes, inundações ou alagamentos",Concluído,Rua Arlindo Natal,UBERABA,Unidade Regional Cajuru,Telefone,True,False,1,pronto_para_geocodificar,none,"Candidato a geocodificacao; nao e coordenada, rotulo ou evidencia de treino.","Nao usar como ground truth, escore ou variavel derivada do rotulo."
7c2c1c125b601d15,2025,28/01/2025,Proteção ao cidadão - GM,"Enchentes, inundações ou alagamentos",Concluído,Rua Padre Estanislau Cebula,CAJURU,Unidade Regional Cajuru,Telefone,True,False,1,pronto_para_geocodificar,none,"Candidato a geocodificacao; nao e coordenada, rotulo ou evidencia de treino.","Nao usar como ground truth, escore ou variavel derivada do rotulo."
43f82388433fbfec,2025,28/01/2025,Proteção ao cidadão - GM,"Enchentes, inundações ou alagamentos",Concluído,Rua Oyapock,CRISTO REI,Unidade Regional Matriz,Telefone,True,False,1,pronto_para_geocodificar,none,"Candidato a geocodificacao; nao e coordenada, rotulo ou evidencia de treino.","Nao usar como ground truth, escore ou variavel derivada do rotulo."
a080876b64da981c,2025,28/01/2025,Proteção ao cidadão - GM,"Enchentes, inundações ou alagamentos",Concluído,Rua Índia,CAJURU,Unidade Regional Cajuru,Telefone,True,False,1,pronto_para_geocodificar,none,"Candidato a geocodificacao; nao e coordenada, rotulo ou evidencia de treino.","Nao usar como ground truth, escore ou variavel derivada do rotulo."
4ab41efc34e4ca38,2025,28/01/2025,Proteção ao cidadão - GM,"Enchentes, inundações ou alagamentos",Concluído,Rua Adelino Alexandrino Marquezini,ATUBA,Unidade Regional Boa Vista,Telefone,True,False,1,pronto_para_geocodificar,none,"Candidato a geocodificacao; nao e coordenada, rotulo ou evidencia de treino.","Nao usar como ground truth, escore ou variavel derivada do rotulo."
605a0a8e22c344a6,2025,28/01/2025,Proteção ao cidadão - GM,"Enchentes, inundações ou alagamentos",Concluído,RUA SANTO ANÍBAL MARIA DI FRANCIA,UBERABA,Unidade Regional Cajuru,Telefone,True,False,1,pronto_para_geocodificar,none,"Candidato a geocodificacao; nao e coordenada, rotulo ou evidencia de treino.","Nao usar como ground truth, escore ou variavel derivada do rotulo."
00c7feb7d2404d0e,2025,28/01/2025,Proteção ao cidadão - GM,"Enchentes, inundações ou alagamentos",Concluído,Rua Senador Alô Guimarães,UBERABA,Unidade Regional Cajuru,Telefone,True,False,1,pronto_para_geocodificar,none,"Candidato a geocodificacao; nao e coordenada, rotulo ou evidencia de treino.","Nao usar como ground truth, escore ou variavel derivada do rotulo."
26b530720f8d10b3,2025,28/01/2025,Proteção ao cidadão - GM,"Enchentes, inundações ou alagamentos",Concluído,Rua Niterói,CAJURU,Unidade Regional Cajuru,Telefone,True,False,2,pronto_para_geocodificar,none,"Candidato a geocodificacao; nao e coordenada, rotulo ou evidencia de treino.","Nao usar como ground truth, escore ou variavel derivada do rotulo."
89d1e94c2c8c29e5,2025,28/01/2025,Proteção ao cidadão - GM,"Enchentes, inundações ou alagamentos",Concluído,RUA IGNEZ ROMFELD OTTO,UBERABA,Unidade Regional Cajuru,Telefone,True,False,1,pronto_para_geocodificar,none,"Candidato a geocodificacao; nao e coordenada, rotulo ou evidencia de treino.","Nao usar como ground truth, escore ou variavel derivada do rotulo."
268f8fa0ff61a1e4,2025,28/01/2025,Proteção ao cidadão - GM,"Enchentes, inundações ou alagamentos",Concluído,Rua Capitão Guilherme Bianchi,CAJURU,Unidade Regional Cajuru,Telefone,True,False,1,pronto_para_geocodificar,none,"Candidato a geocodificacao; nao e coordenada, rotulo ou evidencia de treino.","Nao usar como ground truth, escore ou variavel derivada do rotulo."
e9abc69640dd694e,2025,28/01/2025,Proteção ao cidadão - GM,"Enchentes, inundações ou alagamentos",Concluído,Monsenhor Dunand,UBERABA,Unidade Regional Cajuru,Telefone,True,False,1,pronto_para_geocodificar,none,"Candidato a geocodificacao; nao e coordenada, rotulo ou evidencia de treino.","Nao usar como ground truth, escore ou variavel derivada do rotulo."
25ca1912fd91417c,2025,28/01/2025,Proteção ao cidadão - GM,"Enchentes, inundações ou alagamentos",Concluído,RUA CAJÁ-MANGA,UBERABA,Unidade Regional Cajuru,Telefone,True,False,1,pronto_para_geocodificar,none,"Candidato a geocodificacao; nao e coordenada, rotulo ou evidencia de treino.","Nao usar como ground truth, escore ou variavel derivada do rotulo."
1489a143114c665f,2025,28/01/2025,Proteção ao cidadão - GM,"Enchentes, inundações ou alagamentos",Concluído,RUA SANTO ANIBAL MARIA DIFRANCIA,UBERABA,Unidade Regional Cajuru,Telefone,True,False,1,pronto_para_geocodificar,none,"Candidato a geocodificacao; nao e coordenada, rotulo ou evidencia de treino.","Nao usar como ground truth, escore ou variavel derivada do rotulo."
887752a9cd7a2f85,2025,28/01/2025,Proteção ao cidadão - GM,"Enchentes, inundações ou alagamentos",Concluído,Rua Etiópia,CAJURU,Unidade Regional Cajuru,Telefone,True,False,1,pronto_para_geocodificar,none,"Candidato a geocodificacao; nao e coordenada, rotulo ou evidencia de treino.","Nao usar como ground truth, escore ou variavel derivada do rotulo."
cb7d37a47c621fd3,2025,28/01/2025,Proteção ao cidadão - GM,"Enchentes, inundações ou alagamentos",Concluído,RUA ALBERTO DE OLIVEIRA,BAIRRO ALTO,Unidade Regional Boa Vista,Telefone,True,False,1,pronto_para_geocodificar,none,"Candidato a geocodificacao; nao e coordenada, rotulo ou evidencia de treino.","Nao usar como ground truth, escore ou variavel derivada do rotulo."
9e8001c779257368,2025,28/01/2025,Proteção ao cidadão - GM,"Enchentes, inundações ou alagamentos",Concluído,RUA VISCONDE DE ABAETÉ,BAIRRO ALTO,Unidade Regional Boa Vista,Telefone,True,False,1,pronto_para_geocodificar,none,"Candidato a geocodificacao; nao e coordenada, rotulo ou evidencia de treino.","Nao usar como ground truth, escore ou variavel derivada do rotulo."
c03f5f5d9e2d2707,2025,28/01/2025,Proteção ao cidadão - GM,"Enchentes, inundações ou alagamentos",Concluído,Rua Paulo Kissula,CAPAO DA IMBUIA,Unidade Regional Cajuru,Telefone,True,False,1,pronto_para_geocodificar,none,"Candidato a geocodificacao; nao e coordenada, rotulo ou evidencia de treino.","Nao usar como ground truth, escore ou variavel derivada do rotulo."
09ab38b90db96c9e,2025,28/01/2025,Proteção ao cidadão - GM,"Enchentes, inundações ou alagamentos",Concluído,RUA ADÍLIO RAMOS,BAIRRO ALTO,Unidade Regional Boa Vista,Telefone,True,False,1,pronto_para_geocodificar,none,"Candidato a geocodificacao; nao e coordenada, rotulo ou evidencia de treino.","Nao usar como ground truth, escore ou variavel derivada do rotulo."
1370a5a8269d12e8,2025,28/01/2025,Proteção ao cidadão - GM,"Enchentes, inundações ou alagamentos",Concluído,RUA JOAQUIM DA COSTA RIBEIRO,BAIRRO ALTO,Unidade Regional Boa Vista,Telefone,True,False,1,pronto_para_geocodificar,none,"Candidato a geocodificacao; nao e coordenada, rotulo ou evidencia de treino.","Nao usar como ground truth, escore ou variavel derivada do rotulo."
26b530720f8d10b3,2025,28/01/2025,Proteção ao cidadão - GM,"Enchentes, inundações ou alagamentos",Concluído,Rua Niterói,CAJURU,Unidade Regional Cajuru,Chat,True,False,2,pronto_para_geocodificar,none,"Candidato a geocodificacao; nao e coordenada, rotulo ou evidencia de treino.","Nao usar como ground truth, escore ou variavel derivada do rotulo."
3a3996aa0caf4277,2025,30/01/2025,Proteção ao cidadão - GM,"Enchentes, inundações ou alagamentos",Concluído,Rua Catharina Prodlik,ABRANCHES,Unidade Regional Boa Vista,Telefone,True,False,1,pronto_para_geocodificar,none,"Candidato a geocodificacao; nao e coordenada, rotulo ou evidencia de treino.","Nao usar como ground truth, escore ou variavel derivada do rotulo."
cd555d8fb2f7358d,2025,31/01/2025,Proteção ao cidadão - GM,"Enchentes, inundações ou alagamentos",Concluído,RUA JOÃO CARLOS DE SOUZA CASTRO,GUABIROTUBA,Unidade Regional Cajuru,Telefone,True,False,1,pronto_para_geocodificar,none,"Candidato a geocodificacao; nao e coordenada, rotulo ou evidencia de treino.","Nao usar como ground truth, escore ou variavel derivada do rotulo."
720b107f33e57f8b,2025,31/01/2025,Proteção ao cidadão - GM,"Enchentes, inundações ou alagamentos",Concluído,Rua Tranquilo Saragiotto,CAJURU,Unidade Regional Cajuru,Telefone,True,False,1,pronto_para_geocodificar,none,"Candidato a geocodificacao; nao e coordenada, rotulo ou evidencia de treino.","Nao usar como ground truth, escore ou variavel derivada do rotulo."
9aa2844e832a574c,2025,31/01/2025,Proteção ao cidadão - GM,"Enchentes, inundações ou alagamentos",Concluído,RUA SALVADOR,CAJURU,Unidade Regional Cajuru,Chat,True,False,1,pronto_para_geocodificar,none,"Candidato a geocodificacao; nao e coordenada, rotulo ou evidencia de treino.","Nao usar como ground truth, escore ou variavel derivada do rotulo."
0f35f511f0979a4f,2025,31/01/2025,Proteção ao cidadão - GM,"Enchentes, inundações ou alagamentos",Concluído,RUA AGOSTINHO ÂNGELO TREVISAN,UBERABA,Unidade Regional Cajuru,Telefone,True,False,2,pronto_para_geocodificar,none,"Candidato a geocodificacao; nao e coordenada, rotulo ou evidencia de treino.","Nao usar como ground truth, escore ou variavel derivada do rotulo."
773b10e82973d85e,2025,31/01/2025,Proteção ao cidadão - GM,"Enchentes, inundações ou alagamentos",Concluído,Rua Natal,CAJURU,Unidade Regional Cajuru,Chat,True,False,1,pronto_para_geocodificar,none,"Candidato a geocodificacao; nao e coordenada, rotulo ou evidencia de treino.","Nao usar como ground truth, escore ou variavel derivada do rotulo."
0984002c53a8033f,2025,31/01/2025,Proteção ao cidadão - GM,"Enchentes, inundações ou alagamentos",Concluído,Rua Agostinho Ângelo Trevisan,UBERABA,Unidade Regional Cajuru,Chat,True,False,2,pronto_para_geocodificar,none,"Candidato a geocodificacao; nao e coordenada, rotulo ou evidencia de treino.","Nao usar como ground truth, escore ou variavel derivada do rotulo."
e25124d0500daad3,2025,31/01/2025,Proteção ao cidadão - GM,"Enchentes, inundações ou alagamentos",Concluído,Rua Brasílio Ribas,NOVO MUNDO,Unidade Regional Pinheirinho,Telefone,True,False,1,pronto_para_geocodificar,none,"Candidato a geocodificacao; nao e coordenada, rotulo ou evidencia de treino.","Nao usar como ground truth, escore ou variavel derivada do rotulo."
151b5e7ed9710396,2025,01/02/2025,Proteção ao cidadão - GM,"Enchentes, inundações ou alagamentos",Concluído,Rua Rio Xingu,BAIRRO ALTO,Unidade Regional Boa Vista,Telefone,True,False,1,pronto_para_geocodificar,none,"Candidato a geocodificacao; nao e coordenada, rotulo ou evidencia de treino.","Nao usar como ground truth, escore ou variavel derivada do rotulo."
9bbe10f5900559e4,2025,03/02/2025,Proteção ao cidadão - GM,"Enchentes, inundações ou alagamentos",Concluído,RUA CORONEL ARY PINHO,BOA VISTA,Unidade Regional Boa Vista,Telefone,True,False,1,pronto_para_geocodificar,none,"Candidato a geocodificacao; nao e coordenada, rotulo ou evidencia de treino.","Nao usar como ground truth, escore ou variavel derivada do rotulo."
03a6450866f83155,2025,03/02/2025,Proteção ao cidadão - GM,"Enchentes, inundações ou alagamentos",Concluído,RUA HAYTON DA SILVA PEREIRA,CAPAO DA IMBUIA,Unidade Regional Cajuru,Telefone,True,False,1,pronto_para_geocodificar,none,"Candidato a geocodificacao; nao e coordenada, rotulo ou evidencia de treino.","Nao usar como ground truth, escore ou variavel derivada do rotulo."
067d8c96439ec860,2025,03/02/2025,Proteção ao cidadão - GM,"Enchentes, inundações ou alagamentos",Concluído,RUA ALETE DACHEAUX STORI,JARDIM DAS AMERICAS,Unidade Regional Cajuru,Telefone,True,False,1,pronto_para_geocodificar,none,"Candidato a geocodificacao; nao e coordenada, rotulo ou evidencia de treino.","Nao usar como ground truth, escore ou variavel derivada do rotulo."
851ee50b7fcf5b0a,2025,03/02/2025,Proteção ao cidadão - GM,"Enchentes, inundações ou alagamentos",Concluído,Rua Abrahão Kalil Fadel,SEMINARIO,Unidade Regional Portao,Telefone,True,False,1,pronto_para_geocodificar,none,"Candidato a geocodificacao; nao e coordenada, rotulo ou evidencia de treino.","Nao usar como ground truth, escore ou variavel derivada do rotulo."
ff93c4fe43d533e1,2025,03/02/2025,Proteção ao cidadão - GM,"Enchentes, inundações ou alagamentos",Concluído,RUA HELCIO DA CUNHA AJUZ,XAXIM,Unidade Regional Boqueirao,Telefone,True,False,1,pronto_para_geocodificar,none,"Candidato a geocodificacao; nao e coordenada, rotulo ou evidencia de treino.","Nao usar como ground truth, escore ou variavel derivada do rotulo."
b0870ccfa3327ae0,2025,03/02/2025,Proteção ao cidadão - GM,"Enchentes, inundações ou alagamentos",Concluído,RUA MAESTRO FRANCISCO ANTONELLO,NOVO MUNDO,Unidade Regional Pinheirinho,Telefone,True,False,1,pronto_para_geocodificar,none,"Candidato a geocodificacao; nao e coordenada, rotulo ou evidencia de treino.","Nao usar como ground truth, escore ou variavel derivada do rotulo."
760be264b12cec73,2025,03/02/2025,Proteção ao cidadão - GM,"Enchentes, inundações ou alagamentos",Concluído,RUA CARLOS DE LAET,ALTO BOQUEIRAO,Unidade Regional Boqueirao,Telefone,True,False,1,pronto_para_geocodificar,none,"Candidato a geocodificacao; nao e coordenada, rotulo ou evidencia de treino.","Nao usar como ground truth, escore ou variavel derivada do rotulo."
4cde8dd60608615f,2025,03/02/2025,Proteção ao cidadão - GM,"Enchentes, inundações ou alagamentos",Concluído,Avenida Henry Ford,LINDOIA,Unidade Regional Pinheirinho,Telefone,True,False,2,pronto_para_geocodificar,none,"Candidato a geocodificacao; nao e coordenada, rotulo ou evidencia de treino.","Nao usar como ground truth, escore ou variavel derivada do rotulo."
5f55a72826d5a37e,2025,03/02/2025,Proteção ao cidadão - GM,"Enchentes, inundações ou alagamentos",Concluído,AVENIDA HENRY FORD,LINDOIA,Unidade Regional Pinheirinho,Telefone,True,False,2,pronto_para_geocodificar,none,"Candidato a geocodificacao; nao e coordenada, rotulo ou evidencia de treino.","Nao usar como ground truth, escore ou variavel derivada do rotulo."
10781772784b42e2,2025,03/02/2025,Proteção ao cidadão - GM,"Enchentes, inundações ou alagamentos",Concluído,Rua Dante Honório,XAXIM,Unidade Regional Boqueirao,Telefone,True,False,1,pronto_para_geocodificar,none,"Candidato a geocodificacao; nao e coordenada, rotulo ou evidencia de treino.","Nao usar como ground truth, escore ou variavel derivada do rotulo."
588fd84dfa181459,2025,03/02/2025,Proteção ao cidadão - GM,"Enchentes, inundações ou alagamentos",Concluído,RUA IZIDORO STAVITZKI,PINHEIRINHO,Unidade Regional Pinheirinho,Telefone,True,False,1,pronto_para_geocodificar,none,"Candidato a geocodificacao; nao e coordenada, rotulo ou evidencia de treino.","Nao usar como ground truth, escore ou variavel derivada do rotulo."
7782cd378f7653ff,2025,03/02/2025,Proteção ao cidadão - GM,"Enchentes, inundações ou alagamentos",Concluído,RUA RANDOLFO SERZEDELO,FANNY,Unidade Regional Pinheirinho,Telefone,True,False,1,pronto_para_geocodificar,none,"Candidato a geocodificacao; nao e coordenada, rotulo ou evidencia de treino.","Nao usar como ground truth, escore ou variavel derivada do rotulo."
850ed864d756681b,2025,03/02/2025,Proteção ao cidadão - GM,"Enchentes, inundações ou alagamentos",Concluído,Rua Francisco Klemtz,PORTAO,Unidade Regional Portao,Telefone,True,False,1,pronto_para_geocodificar,none,"Candidato a geocodificacao; nao e coordenada, rotulo ou evidencia de treino.","Nao usar como ground truth, escore ou variavel derivada do rotulo."
94de9166ddf724ed,2025,03/02/2025,Proteção ao cidadão - GM,"Enchentes, inundações ou alagamentos",Concluído,RUA DA DIVINA PROVIDÊNCIA,SANTA QUITERIA,Unidade Regional Portao,Telefone,True,False,1,pronto_para_geocodificar,none,"Candidato a geocodificacao; nao e coordenada, rotulo ou evidencia de treino.","Nao usar como ground truth, escore ou variavel derivada do rotulo."
acb383b54a46e8d2,2025,03/02/2025,Proteção ao cidadão - GM,"Enchentes, inundações ou alagamentos",Concluído,AVENIDA MARECHAL FLORIANO PEIXOTO,ALTO BOQUEIRAO,Unidade Regional Boqueirao,Telefone,True,False,1,pronto_para_geocodificar,none,"Candidato a geocodificacao; nao e coordenada, rotulo ou evidencia de treino.","Nao usar como ground truth, escore ou variavel derivada do rotulo."
77cc771f936d0feb,2025,03/02/2025,Proteção ao cidadão - GM,"Enchentes, inundações ou alagamentos",Concluído,Rua Oscar Wilde,LINDOIA,Unidade Regional Pinheirinho,Telefone,True,False,1,pronto_para_geocodificar,none,"Candidato a geocodificacao; nao e coordenada, rotulo ou evidencia de treino.","Nao usar como ground truth, escore ou variavel derivada do rotulo."
24427180a09a040c,2025,03/02/2025,Proteção ao cidadão - GM,"Enchentes, inundações ou alagamentos",Concluído,RUA 25 DE AGOSTO,ALTO BOQUEIRAO,Unidade Regional Boqueirao,Telefone,True,False,1,pronto_para_geocodificar,none,"Candidato a geocodificacao; nao e coordenada, rotulo ou evidencia de treino.","Nao usar como ground truth, escore ou variavel derivada do rotulo."
31e6f558fa7cb726,2025,04/02/2025,Proteção ao cidadão - GM,"Enchentes, inundações ou alagamentos",Concluído,Rua General Teodorico Guimarães,FANNY,Unidade Regional Pinheirinho,Chat,True,False,1,pronto_para_geocodificar,none,"Candidato a geocodificacao; nao e coordenada, rotulo ou evidencia de treino.","Nao usar como ground truth, escore ou variavel derivada do rotulo."
77ac111effcb70af,2025,04/02/2025,Proteção ao cidadão - GM,"Enchentes, inundações ou alagamentos",Concluído,Rua Coronel Luiz José Dos Santos,XAXIM,Unidade Regional Boqueirao,Telefone,True,False,1,pronto_para_geocodificar,none,"Candidato a geocodificacao; nao e coordenada, rotulo ou evidencia de treino.","Nao usar como ground truth, escore ou variavel derivada do rotulo."
8e550d83a4062902,2025,13/02/2025,Proteção ao cidadão - GM,"Enchentes, inundações ou alagamentos",Concluído,Rua Aguinaldo Dos Santos Pereira,CAJURU,Unidade Regional Cajuru,Telefone,True,False,1,pronto_para_geocodificar,none,"Candidato a geocodificacao; nao e coordenada, rotulo ou evidencia de treino.","Nao usar como ground truth, escore ou variavel derivada do rotulo."
5481c75903bf0ed7,2025,13/02/2025,Proteção ao cidadão - GM,"Enchentes, inundações ou alagamentos",Concluído,RUA SÃO JOAQUIM,JARDIM BOTANICO,Unidade Regional Matriz,Telefone,True,False,1,pronto_para_geocodificar,none,"Candidato a geocodificacao; nao e coordenada, rotulo ou evidencia de treino.","Nao usar como ground truth, escore ou variavel derivada do rotulo."
365a5e8374671d1b,2025,13/02/2025,Proteção ao cidadão - GM,"Enchentes, inundações ou alagamentos",Concluído,Rua José Demeterco,CAJURU,Unidade Regional Cajuru,Telefone,True,False,1,pronto_para_geocodificar,none,"Candidato a geocodificacao; nao e coordenada, rotulo ou evidencia de treino.","Nao usar como ground truth, escore ou variavel derivada do rotulo."
6bf0b7da7430115e,2025,13/02/2025,Proteção ao cidadão - GM,"Enchentes, inundações ou alagamentos",Concluído,Rua Carlota Pereira de Queiroz,CAJURU,Unidade Regional Cajuru,Telefone,True,False,1,pronto_para_geocodificar,none,"Candidato a geocodificacao; nao e coordenada, rotulo ou evidencia de treino.","Nao usar como ground truth, escore ou variavel derivada do rotulo."
c3bdd698427069c3,2025,13/02/2025,Proteção ao cidadão - GM,"Enchentes, inundações ou alagamentos",Concluído,Rua Germânia,CAJURU,Unidade Regional Cajuru,Telefone,True,False,1,pronto_para_geocodificar,none,"Candidato a geocodificacao; nao e coordenada, rotulo ou evidencia de treino.","Nao usar como ground truth, escore ou variavel derivada do rotulo."
79081ad7d0d1c41d,2025,13/02/2025,Proteção ao cidadão - GM,"Enchentes, inundações ou alagamentos",Concluído,Rua Osmário de Lima,CAPAO DA IMBUIA,Unidade Regional Cajuru,Telefone,True,False,1,pronto_para_geocodificar,none,"Candidato a geocodificacao; nao e coordenada, rotulo ou evidencia de treino.","Nao usar como ground truth, escore ou variavel derivada do rotulo."
c932a95bf4301ca2,2025,13/02/2025,Proteção ao cidadão - GM,"Enchentes, inundações ou alagamentos",Concluído,RUA SOFIA DUBIELLA,ABRANCHES,Unidade Regional Boa Vista,Telefone,True,False,1,pronto_para_geocodificar,none,"Candidato a geocodificacao; nao e coordenada, rotulo ou evidencia de treino.","Nao usar como ground truth, escore ou variavel derivada do rotulo."
ab91fa4242981136,2025,13/02/2025,Proteção ao cidadão - GM,"Enchentes, inundações ou alagamentos",Concluído,RUA CLARA KUCHENNY,ABRANCHES,Unidade Regional Boa Vista,Telefone,True,False,1,pronto_para_geocodificar,none,"Candidato a geocodificacao; nao e coordenada, rotulo ou evidencia de treino.","Nao usar como ground truth, escore ou variavel derivada do rotulo."
0318352b6fc7e7eb,2025,13/02/2025,Proteção ao cidadão - GM,"Enchentes, inundações ou alagamentos",Concluído,RUA ASSIS BRASIL,BARREIRINHA,Unidade Regional Boa Vista,Telefone,True,False,1,pronto_para_geocodificar,none,"Candidato a geocodificacao; nao e coordenada, rotulo ou evidencia de treino.","Nao usar como ground truth, escore ou variavel derivada do rotulo."
45210eeaf9b4cafc,2025,13/02/2025,Proteção ao cidadão - GM,"Enchentes, inundações ou alagamentos",Concluído,RUA NAGIB DA SILVA,CAJURU,Unidade Regional Cajuru,Telefone,True,False,1,pronto_para_geocodificar,none,"Candidato a geocodificacao; nao e coordenada, rotulo ou evidencia de treino.","Nao usar como ground truth, escore ou variavel derivada do rotulo."
9533ff59729d54a3,2025,13/02/2025,Proteção ao cidadão - GM,"Enchentes, inundações ou alagamentos",Concluído,RUA GUILHERME IHLENFELDT,BACACHERI,Unidade Regional Boa Vista,Telefone,True,False,1,pronto_para_geocodificar,none,"Candidato a geocodificacao; nao e coordenada, rotulo ou evidencia de treino.","Nao usar como ground truth, escore ou variavel derivada do rotulo."
61509c43413db666,2025,13/02/2025,Proteção ao cidadão - GM,"Enchentes, inundações ou alagamentos",Concluído,Rua Henrique Mehl,UBERABA,Unidade Regional Cajuru,Telefone,True,False,1,pronto_para_geocodificar,none,"Candidato a geocodificacao; nao e coordenada, rotulo ou evidencia de treino.","Nao usar como ground truth, escore ou variavel derivada do rotulo."
2cd08771c64e0135,2025,13/02/2025,Proteção ao cidadão - GM,"Enchentes, inundações ou alagamentos",Concluído,RUA CURIÚVA,BARREIRINHA,Unidade Regional Boa Vista,Telefone,True,False,1,pronto_para_geocodificar,none,"Candidato a geocodificacao; nao e coordenada, rotulo ou evidencia de treino.","Nao usar como ground truth, escore ou variavel derivada do rotulo."
a0f382e307542d9a,2025,13/02/2025,Proteção ao cidadão - GM,"Enchentes, inundações ou alagamentos",Concluído,Rua Gabirobas,UBERABA,Unidade Regional Cajuru,Telefone,True,False,1,pronto_para_geocodificar,none,"Candidato a geocodificacao; nao e coordenada, rotulo ou evidencia de treino.","Nao usar como ground truth, escore ou variavel derivada do rotulo."
0c7b1574bd4e1866,2025,13/02/2025,Proteção ao cidadão - GM,"Enchentes, inundações ou alagamentos",Concluído,RUA PARÁ,AGUA VERDE,Unidade Regional Portao,Telefone,True,False,1,pronto_para_geocodificar,none,"Candidato a geocodificacao; nao e coordenada, rotulo ou evidencia de treino.","Nao usar como ground truth, escore ou variavel derivada do rotulo."
825c941ed750fc8c,2025,15/02/2025,Proteção ao cidadão - GM,"Enchentes, inundações ou alagamentos",Concluído,RUA SUDÃO,CAJURU,Unidade Regional Cajuru,Telefone,True,False,1,pronto_para_geocodificar,none,"Candidato a geocodificacao; nao e coordenada, rotulo ou evidencia de treino.","Nao usar como ground truth, escore ou variavel derivada do rotulo."
210a7c859a606137,2025,18/02/2025,Proteção ao cidadão - GM,"Enchentes, inundações ou alagamentos",Concluído,Rua Francisco Klemtz,PORTAO,Unidade Regional Portao,Telefone,True,False,1,pronto_para_geocodificar,none,"Candidato a geocodificacao; nao e coordenada, rotulo ou evidencia de treino.","Nao usar como ground truth, escore ou variavel derivada do rotulo."
09ddd222e196f386,2025,18/02/2025,Proteção ao cidadão - GM,"Enchentes, inundações ou alagamentos",Concluído,Rua Vereador Elias Karam,FAZENDINHA,Unidade Regional Portao,Telefone,True,False,1,pronto_para_geocodificar,none,"Candidato a geocodificacao; nao e coordenada, rotulo ou evidencia de treino.","Nao usar como ground truth, escore ou variavel derivada do rotulo."
c84432161b224fb3,2025,18/02/2025,Proteção ao cidadão - GM,"Enchentes, inundações ou alagamentos",Concluído,RUA ROSAMÉLIA DE OLIVEIRA,CAMPO COMPRIDO,Unidade Regional Portao,Telefone,True,False,1,pronto_para_geocodificar,none,"Candidato a geocodificacao; nao e coordenada, rotulo ou evidencia de treino.","Nao usar como ground truth, escore ou variavel derivada do rotulo."
228b0eac20cd9b34,2025,18/02/2025,Proteção ao cidadão - GM,"Enchentes, inundações ou alagamentos",Concluído,Rua Lins de Vasconcelos,CIDADE INDUSTRIAL,Unidade Regional CIC,Telefone,True,False,1,pronto_para_geocodificar,none,"Candidato a geocodificacao; nao e coordenada, rotulo ou evidencia de treino.","Nao usar como ground truth, escore ou variavel derivada do rotulo."
0180f4b0250baacd,2025,18/02/2025,Proteção ao cidadão - GM,"Enchentes, inundações ou alagamentos",Concluído,RUA TIBAGI,CENTRO,Unidade Regional Matriz,Telefone,True,False,1,pronto_para_geocodificar,none,"Candidato a geocodificacao; nao e coordenada, rotulo ou evidencia de treino.","Nao usar como ground truth, escore ou variavel derivada do rotulo."
de4d42bc9b4ce3bf,2025,18/02/2025,Proteção ao cidadão - GM,"Enchentes, inundações ou alagamentos",Concluído,RUA BANDEIRANTES,SITIO CERCADO,Unidade Regional Bairro Novo,Telefone,True,False,1,pronto_para_geocodificar,none,"Candidato a geocodificacao; nao e coordenada, rotulo ou evidencia de treino.","Nao usar como ground truth, escore ou variavel derivada do rotulo."
0e96f59b8628c6e6,2025,18/02/2025,Proteção ao cidadão - GM,"Enchentes, inundações ou alagamentos",Concluído,RUA DAS CARMELITAS,BOQUEIRAO,Unidade Regional Boqueirao,Telefone,True,False,1,pronto_para_geocodificar,none,"Candidato a geocodificacao; nao e coordenada, rotulo ou evidencia de treino.","Nao usar como ground truth, escore ou variavel derivada do rotulo."
0f391957ea7a969f,2025,18/02/2025,Proteção ao cidadão - GM,"Enchentes, inundações ou alagamentos",Concluído,Rua Olegário Maciel,FAZENDINHA,Unidade Regional Portao,Telefone,True,False,1,pronto_para_geocodificar,none,"Candidato a geocodificacao; nao e coordenada, rotulo ou evidencia de treino.","Nao usar como ground truth, escore ou variavel derivada do rotulo."
3858fa859a47453f,2025,18/02/2025,Proteção ao cidadão - GM,"Enchentes, inundações ou alagamentos",Concluído,Rua Olga Baptista Bevilaqua,ALTO BOQUEIRAO,Unidade Regional Boqueirao,Chat,True,False,1,pronto_para_geocodificar,none,"Candidato a geocodificacao; nao e coordenada, rotulo ou evidencia de treino.","Nao usar como ground truth, escore ou variavel derivada do rotulo."
48f6e106d01eaa2d,2025,25/02/2025,Proteção ao cidadão - GM,"Enchentes, inundações ou alagamentos",Concluído,RUA FERNANDO SIMAS,MERCES,Unidade Regional Matriz,Telefone,True,False,1,pronto_para_geocodificar,none,"Candidato a geocodificacao; nao e coordenada, rotulo ou evidencia de treino.","Nao usar como ground truth, escore ou variavel derivada do rotulo."
a5cf28a101aedd7a,2025,27/02/2025,Proteção ao cidadão - GM,"Enchentes, inundações ou alagamentos",Concluído,AVENIDA MARECHAL FLORIANO PEIXOTO,BOQUEIRAO,Unidade Regional Boqueirao,Telefone,True,False,1,pronto_para_geocodificar,none,"Candidato a geocodificacao; nao e coordenada, rotulo ou evidencia de treino.","Nao usar como ground truth, escore ou variavel derivada do rotulo."
18e866989d0bab0c,2025,05/03/2025,Proteção ao cidadão - GM,"Enchentes, inundações ou alagamentos",Concluído,TERMINAL BAIRRO ALTO,BOQUEIRAO,Unidade Regional Boqueirao,Telefone,True,False,1,pronto_para_geocodificar,none,"Candidato a geocodificacao; nao e coordenada, rotulo ou evidencia de treino.","Nao usar como ground truth, escore ou variavel derivada do rotulo."
f87c37b05b339445,2025,05/03/2025,Proteção ao cidadão - GM,"Enchentes, inundações ou alagamentos",Concluído,RUA ROGERIO PEREIRA DE CAMARGO,CIDADE INDUSTRIAL,Unidade Regional CIC,Telefone,True,False,1,pronto_para_geocodificar,none,"Candidato a geocodificacao; nao e coordenada, rotulo ou evidencia de treino.","Nao usar como ground truth, escore ou variavel derivada do rotulo."
cc9caed157ae43b0,2025,09/03/2025,Proteção ao cidadão - GM,"Enchentes, inundações ou alagamentos",Concluído,Rua Professora Woyslava Trzeciak Ângelotti,SITIO CERCADO,Unidade Regional Bairro Novo,Telefone,True,False,1,pronto_para_geocodificar,none,"Candidato a geocodificacao; nao e coordenada, rotulo ou evidencia de treino.","Nao usar como ground truth, escore ou variavel derivada do rotulo."
7e91ffbe681808a5,2025,09/03/2025,Proteção ao cidadão - GM,"Enchentes, inundações ou alagamentos",Concluído,Rua João Sarot,TATUQUARA,Unidade Regional Tatuquara,Telefone,True,False,1,pronto_para_geocodificar,none,"Candidato a geocodificacao; nao e coordenada, rotulo ou evidencia de treino.","Nao usar como ground truth, escore ou variavel derivada do rotulo."
bc0ff8c99b4251cf,2025,23/04/2025,Proteção ao cidadão - GM,"Enchentes, inundações ou alagamentos",Concluído,RUA IZOLINA MOLETTA MAURER,CIDADE INDUSTRIAL,Unidade Regional CIC,Telefone,True,False,1,pronto_para_geocodificar,none,"Candidato a geocodificacao; nao e coordenada, rotulo ou evidencia de treino.","Nao usar como ground truth, escore ou variavel derivada do rotulo."
a0dca1389a3cccf6,2025,21/05/2025,Proteção ao cidadão - GM,"Enchentes, inundações ou alagamentos",Concluído,RUA EMÍLIO BORDENOSKI,VISTA ALEGRE,Unidade Regional Santa Felicidade,Telefone,True,False,1,pronto_para_geocodificar,none,"Candidato a geocodificacao; nao e coordenada, rotulo ou evidencia de treino.","Nao usar como ground truth, escore ou variavel derivada do rotulo."
b5818d063ad733bd,2025,21/05/2025,Proteção ao cidadão - GM,"Enchentes, inundações ou alagamentos",Concluído,Rua Rodolfo Bernardelli,UBERABA,Unidade Regional Cajuru,Telefone,True,False,1,pronto_para_geocodificar,none,"Candidato a geocodificacao; nao e coordenada, rotulo ou evidencia de treino.","Nao usar como ground truth, escore ou variavel derivada do rotulo."
fdaee6d433d7a1e2,2025,07/06/2025,Proteção ao cidadão - GM,"Enchentes, inundações ou alagamentos",Concluído,RUA FRANCISCO KLEICHEVICZ,ORLEANS,Unidade Regional Santa Felicidade,Telefone,True,False,1,pronto_para_geocodificar,none,"Candidato a geocodificacao; nao e coordenada, rotulo ou evidencia de treino.","Nao usar como ground truth, escore ou variavel derivada do rotulo."
6871fa8cac2bc00d,2025,07/06/2025,Proteção ao cidadão - GM,"Enchentes, inundações ou alagamentos",Concluído,AVENIDA MANOEL RIBAS,BUTIATUVINHA,Unidade Regional Santa Felicidade,Telefone,True,False,1,pronto_para_geocodificar,none,"Candidato a geocodificacao; nao e coordenada, rotulo ou evidencia de treino.","Nao usar como ground truth, escore ou variavel derivada do rotulo."
e5b3333248c919da,2025,08/06/2025,Proteção ao cidadão - GM,"Enchentes, inundações ou alagamentos",Concluído,RUA COLÔMBIA,BACACHERI,Unidade Regional Boa Vista,Telefone,True,False,1,pronto_para_geocodificar,none,"Candidato a geocodificacao; nao e coordenada, rotulo ou evidencia de treino.","Nao usar como ground truth, escore ou variavel derivada do rotulo."
67e43a0f3c10dc67,2025,09/06/2025,Proteção ao cidadão - GM,"Enchentes, inundações ou alagamentos",Concluído,Rua Bento Viana,AGUA VERDE,Unidade Regional Portao,Telefone,True,False,1,pronto_para_geocodificar,none,"Candidato a geocodificacao; nao e coordenada, rotulo ou evidencia de treino.","Nao usar como ground truth, escore ou variavel derivada do rotulo."
15483f96d08fd7cd,2025,09/06/2025,Proteção ao cidadão - GM,"Enchentes, inundações ou alagamentos",Concluído,Rua Pedro Antônio da Costa,BOA VISTA,Unidade Regional Boa Vista,Telefone,True,False,1,pronto_para_geocodificar,none,"Candidato a geocodificacao; nao e coordenada, rotulo ou evidencia de treino.","Nao usar como ground truth, escore ou variavel derivada do rotulo."
292a101c5eaf2f9c,2025,09/06/2025,Proteção ao cidadão - GM,"Enchentes, inundações ou alagamentos",Concluído,LARGO ERASMO DE ROTTERDAM,AHU,Unidade Regional Matriz,Telefone,True,False,1,pronto_para_geocodificar,none,"Candidato a geocodificacao; nao e coordenada, rotulo ou evidencia de treino.","Nao usar como ground truth, escore ou variavel derivada do rotulo."
eb5f39ae8c13122d,2025,20/06/2025,Proteção ao cidadão - GM,"Enchentes, inundações ou alagamentos",Concluído,RUA PALMIRA GLÓRIA DE QUEIROZ,ORLEANS,Unidade Regional Santa Felicidade,Telefone,True,False,1,pronto_para_geocodificar,none,"Candidato a geocodificacao; nao e coordenada, rotulo ou evidencia de treino.","Nao usar como ground truth, escore ou variavel derivada do rotulo."
d283d08c3fd95ef6,2025,26/08/2025,Proteção ao cidadão - GM,"Enchentes, inundações ou alagamentos",Concluído,Rua Padre Estanislau Piasecki,CIDADE INDUSTRIAL,Unidade Regional CIC,Telefone,True,False,1,pronto_para_geocodificar,none,"Candidato a geocodificacao; nao e coordenada, rotulo ou evidencia de treino.","Nao usar como ground truth, escore ou variavel derivada do rotulo."
c467e1ad59b75c68,2025,21/09/2025,Proteção ao cidadão - GM,"Enchentes, inundações ou alagamentos",Concluído,RUA EDMUNDO GILLUNG,ALTO BOQUEIRAO,Unidade Regional Boqueirao,Telefone,True,False,1,pronto_para_geocodificar,none,"Candidato a geocodificacao; nao e coordenada, rotulo ou evidencia de treino.","Nao usar como ground truth, escore ou variavel derivada do rotulo."
27cc89101373df22,2025,22/09/2025,Proteção ao cidadão - GM,"Enchentes, inundações ou alagamentos",Concluído,Rua Lufrido Costa,PINHEIRINHO,Unidade Regional Pinheirinho,Telefone,True,False,1,pronto_para_geocodificar,none,"Candidato a geocodificacao; nao e coordenada, rotulo ou evidencia de treino.","Nao usar como ground truth, escore ou variavel derivada do rotulo."
10171616e8b6c152,2025,22/09/2025,Proteção ao cidadão - GM,"Enchentes, inundações ou alagamentos",Concluído,Rua Vitório Stevan,CIDADE INDUSTRIAL,Unidade Regional CIC,Telefone,True,False,1,pronto_para_geocodificar,none,"Candidato a geocodificacao; nao e coordenada, rotulo ou evidencia de treino.","Nao usar como ground truth, escore ou variavel derivada do rotulo."
97c25eb1dbf928c2,2025,18/10/2025,Proteção ao cidadão - GM,"Enchentes, inundações ou alagamentos",Concluído,RUA OLINDO CAETANI,UBERABA,Unidade Regional Cajuru,Telefone,True,False,1,pronto_para_geocodificar,none,"Candidato a geocodificacao; nao e coordenada, rotulo ou evidencia de treino.","Nao usar como ground truth, escore ou variavel derivada do rotulo."
f3a1a1de9ee56419,2025,03/11/2025,Proteção ao cidadão - GM,"Enchentes, inundações ou alagamentos",Concluído,Rua Jacinto Cunha,CIDADE INDUSTRIAL,Unidade Regional CIC,Telefone,True,False,1,pronto_para_geocodificar,none,"Candidato a geocodificacao; nao e coordenada, rotulo ou evidencia de treino.","Nao usar como ground truth, escore ou variavel derivada do rotulo."
52b668f4b31fedcc,2025,08/11/2025,Proteção ao cidadão - GM,"Enchentes, inundações ou alagamentos",Concluído,Avenida Francisco Gulin,SANTA FELICIDADE,Unidade Regional Santa Felicidade,Telefone,True,False,1,pronto_para_geocodificar,none,"Candidato a geocodificacao; nao e coordenada, rotulo ou evidencia de treino.","Nao usar como ground truth, escore ou variavel derivada do rotulo."
a04cde267ed4f8cc,2025,29/12/2025,Drenagem,Alagamentos,Aberto,Rua Estados Unidos,BOA VISTA,Unidade Regional Boa Vista,Telefone,True,False,1,pronto_para_geocodificar,none,"Candidato a geocodificacao; nao e coordenada, rotulo ou evidencia de treino.","Nao usar como ground truth, escore ou variavel derivada do rotulo."
7f99842e2d532a7b,2025,29/12/2025,Drenagem,Alagamentos,Aberto,Humberto Cezarino,SANTA CANDIDA,Unidade Regional Boa Vista,Portal,True,False,1,pronto_para_geocodificar,none,"Candidato a geocodificacao; nao e coordenada, rotulo ou evidencia de treino.","Nao usar como ground truth, escore ou variavel derivada do rotulo."
9293ff3703860e52,2025,18/11/2025,Drenagem,Alagamentos,Aberto,Rua Iapó,PRADO VELHO,Unidade Regional Matriz,Telefone,True,False,1,pronto_para_geocodificar,none,"Candidato a geocodificacao; nao e coordenada, rotulo ou evidencia de treino.","Nao usar como ground truth, escore ou variavel derivada do rotulo."
1d6238ace7f7f16f,2025,14/12/2025,Drenagem,Alagamentos,Aberto,Júlia Wanderley,MERCES,Unidade Regional Matriz,Portal,True,False,1,pronto_para_geocodificar,none,"Candidato a geocodificacao; nao e coordenada, rotulo ou evidencia de treino.","Nao usar como ground truth, escore ou variavel derivada do rotulo."
b9a380480174f767,2025,15/12/2025,Drenagem,Alagamentos,Aberto,RUA DESEMBARGADOR MOTTA,CENTRO,Unidade Regional Matriz,Telefone,True,False,1,pronto_para_geocodificar,none,"Candidato a geocodificacao; nao e coordenada, rotulo ou evidencia de treino.","Nao usar como ground truth, escore ou variavel derivada do rotulo."
26ca17889f0ecee5,2025,16/12/2025,Drenagem,Alagamentos,Aberto,RUA Desembargador Motta,CENTRO,Unidade Regional Matriz,Telefone,True,False,1,pronto_para_geocodificar,none,"Candidato a geocodificacao; nao e coordenada, rotulo ou evidencia de treino.","Nao usar como ground truth, escore ou variavel derivada do rotulo."
919abcfef21a9a57,2025,31/12/2025,Drenagem,Alagamentos,Aberto,Nestor Lopes da Silva,MERCES,Unidade Regional Matriz,Portal,True,False,1,pronto_para_geocodificar,none,"Candidato a geocodificacao; nao e coordenada, rotulo ou evidencia de treino.","Nao usar como ground truth, escore ou variavel derivada do rotulo."
e5792ba922af9122,2025,31/12/2025,Drenagem,Alagamentos,Aberto,Júlia Wanderley,MERCES,Unidade Regional Matriz,Portal,True,False,1,pronto_para_geocodificar,none,"Candidato a geocodificacao; nao e coordenada, rotulo ou evidencia de treino.","Nao usar como ground truth, escore ou variavel derivada do rotulo."
f03e3a4bf1d6f02b,2026,22/07/2026,Drenagem,Alagamentos,Aberto,RUA JEREMIAS MACIEL PERRETTO,MOSSUNGUE,Unidade Regional Santa Felicidade,Portal,True,False,1,pronto_para_geocodificar,none,"Candidato a geocodificacao; nao e coordenada, rotulo ou evidencia de treino.","Nao usar como ground truth, escore ou variavel derivada do rotulo."
125a5a58ea7bcb67,2026,03/02/2026,Proteção ao cidadão - GM,"Enchentes, inundações ou alagamentos",Respondido,RUA 25 DE AGOSTO,BOQUEIRAO,Unidade Regional Boqueirao,Telefone,True,False,1,pronto_para_geocodificar,none,"Candidato a geocodificacao; nao e coordenada, rotulo ou evidencia de treino.","Nao usar como ground truth, escore ou variavel derivada do rotulo."
70147e14533c4873,2026,29/07/2026,Drenagem,Alagamentos,Aberto,RUA DESEMBARGADOR ANTÔNIO DE PAULA,BOQUEIRAO,Unidade Regional Boqueirao,Telefone,True,False,1,pronto_para_geocodificar,none,"Candidato a geocodificacao; nao e coordenada, rotulo ou evidencia de treino.","Nao usar como ground truth, escore ou variavel derivada do rotulo."
ecfe0cb10c94daa8,2026,11/07/2026,Drenagem,Alagamentos,Aberto,Rua Manoela Stier Reiss,UBERABA,Unidade Regional Cajuru,Portal,True,False,1,pronto_para_geocodificar,none,"Candidato a geocodificacao; nao e coordenada, rotulo ou evidencia de treino.","Nao usar como ground truth, escore ou variavel derivada do rotulo."
d5e316912c7f1f8c,2026,17/07/2026,Drenagem,Alagamentos,Aberto,RUA PAULINA KAVINSKI PONTAROLLA,TATUQUARA,Unidade Regional Tatuquara,Telefone,True,False,1,pronto_para_geocodificar,none,"Candidato a geocodificacao; nao e coordenada, rotulo ou evidencia de treino.","Nao usar como ground truth, escore ou variavel derivada do rotulo."
80eb888aa54635f6,2026,29/07/2026,Drenagem,Alagamentos,Aberto,RUA JAIME JOSÉ VOJCIECHOVSKI,TATUQUARA,Unidade Regional Tatuquara,Telefone,True,False,1,pronto_para_geocodificar,none,"Candidato a geocodificacao; nao e coordenada, rotulo ou evidencia de treino.","Nao usar como ground truth, escore ou variavel derivada do rotulo."
83c86b79337ffc63,2026,08/06/2026,Drenagem,Alagamentos,Aberto,RUA FLÁVIO DALLEGRAVE,HUGO LANGE,Unidade Regional Matriz,Telefone,True,False,1,pronto_para_geocodificar,none,"Candidato a geocodificacao; nao e coordenada, rotulo ou evidencia de treino.","Nao usar como ground truth, escore ou variavel derivada do rotulo."
0b07e9e7ad21c566,2026,22/07/2026,Drenagem,Alagamentos,Aberto,AVENIDA VICENTE MACHADO,CENTRO,Unidade Regional Matriz,Telefone,True,False,1,pronto_para_geocodificar,none,"Candidato a geocodificacao; nao e coordenada, rotulo ou evidencia de treino.","Nao usar como ground truth, escore ou variavel derivada do rotulo."
fb502bbb78db2090,2026,22/07/2026,Drenagem,Alagamentos,Aberto,Brigadeiro Franco,MERCES,Unidade Regional Matriz,Portal,True,False,1,pronto_para_geocodificar,none,"Candidato a geocodificacao; nao e coordenada, rotulo ou evidencia de treino.","Nao usar como ground truth, escore ou variavel derivada do rotulo."
b9f086ce8ad65ead,2026,03/02/2026,Drenagem,Alagamentos,Em andamento,Assis Figueiredo,GUAIRA,Unidade Regional Portao,Portal,True,False,1,pronto_para_geocodificar,none,"Candidato a geocodificacao; nao e coordenada, rotulo ou evidencia de treino.","Nao usar como ground truth, escore ou variavel derivada do rotulo."
67936c6de8e520d0,2026,15/05/2026,Drenagem,Alagamentos,Concluído,RUA PROFESSOR FERNANDO MOREIRA,MERCES,Unidade Regional Matriz,Telefone,True,False,1,pronto_para_geocodificar,none,"Candidato a geocodificacao; nao e coordenada, rotulo ou evidencia de treino.","Nao usar como ground truth, escore ou variavel derivada do rotulo."
20cf97ed1e895ac0,2026,05/01/2026,Drenagem,Alagamentos,Concluído,Santa Catarina,AGUA VERDE,Unidade Regional Portao,Portal,True,False,1,pronto_para_geocodificar,none,"Candidato a geocodificacao; nao e coordenada, rotulo ou evidencia de treino.","Nao usar como ground truth, escore ou variavel derivada do rotulo."
879be60340949c1b,2026,06/01/2026,Drenagem,Alagamentos,Concluído,Professor Assis Gonçalves,AGUA VERDE,Unidade Regional Portao,Portal,True,False,1,pronto_para_geocodificar,none,"Candidato a geocodificacao; nao e coordenada, rotulo ou evidencia de treino.","Nao usar como ground truth, escore ou variavel derivada do rotulo."
dfc290f8bcbe60c6,2026,11/01/2026,Drenagem,Alagamentos,Concluído,Alcebíades Plaisant,AGUA VERDE,Unidade Regional Portao,Portal,True,False,1,pronto_para_geocodificar,none,"Candidato a geocodificacao; nao e coordenada, rotulo ou evidencia de treino.","Nao usar como ground truth, escore ou variavel derivada do rotulo."
0c51b233dcd223df,2026,13/01/2026,Drenagem,Alagamentos,Concluído,RUA 24 DE MAIO,PAROLIN,Unidade Regional Portao,Portal,True,False,1,pronto_para_geocodificar,none,"Candidato a geocodificacao; nao e coordenada, rotulo ou evidencia de treino.","Nao usar como ground truth, escore ou variavel derivada do rotulo."
dfd67b8b2d9921d1,2026,14/01/2026,Drenagem,Alagamentos,Concluído,RUA SÃO PAULO,GUAIRA,Unidade Regional Portao,Telefone,True,False,1,pronto_para_geocodificar,none,"Candidato a geocodificacao; nao e coordenada, rotulo ou evidencia de treino.","Nao usar como ground truth, escore ou variavel derivada do rotulo."
eea1fc51bc2878de,2026,24/01/2026,Drenagem,Alagamentos,Concluído,Professor Assis Gonçalves,AGUA VERDE,Unidade Regional Portao,Portal,True,False,1,pronto_para_geocodificar,none,"Candidato a geocodificacao; nao e coordenada, rotulo ou evidencia de treino.","Nao usar como ground truth, escore ou variavel derivada do rotulo."
3939199ef111f5ae,2026,29/01/2026,Drenagem,Alagamentos,Concluído,Rua Guapirama,FAZENDINHA,Unidade Regional Portao,Telefone,True,False,1,pronto_para_geocodificar,none,"Candidato a geocodificacao; nao e coordenada, rotulo ou evidencia de treino.","Nao usar como ground truth, escore ou variavel derivada do rotulo."
3b13f759b392f46d,2026,03/02/2026,Drenagem,Alagamentos,Concluído,RUA BRIGADEIRO FRANCO,PAROLIN,Unidade Regional Portao,Portal,True,False,1,pronto_para_geocodificar,none,"Candidato a geocodificacao; nao e coordenada, rotulo ou evidencia de treino.","Nao usar como ground truth, escore ou variavel derivada do rotulo."
4786b6985cc0f134,2026,03/02/2026,Drenagem,Alagamentos,Concluído,RUA SANTA CATARINA,AGUA VERDE,Unidade Regional Portao,Telefone,True,False,1,pronto_para_geocodificar,none,"Candidato a geocodificacao; nao e coordenada, rotulo ou evidencia de treino.","Nao usar como ground truth, escore ou variavel derivada do rotulo."
82686c925bffdac2,2026,03/02/2026,Drenagem,Alagamentos,Concluído,RUA MARANHÃO,PORTAO,Unidade Regional Portao,Telefone,True,False,1,pronto_para_geocodificar,none,"Candidato a geocodificacao; nao e coordenada, rotulo ou evidencia de treino.","Nao usar como ground truth, escore ou variavel derivada do rotulo."
86fc6d8de1a9cac9,2026,04/02/2026,Drenagem,Alagamentos,Concluído,Rio de Janeiro,AGUA VERDE,Unidade Regional Portao,Portal,True,False,1,pronto_para_geocodificar,none,"Candidato a geocodificacao; nao e coordenada, rotulo ou evidencia de treino.","Nao usar como ground truth, escore ou variavel derivada do rotulo."
59e1b6b02e25511d,2026,05/02/2026,Drenagem,Alagamentos,Concluído,RUA CARLOS KLEMTZ,FAZENDINHA,Unidade Regional Portao,Telefone,True,False,1,pronto_para_geocodificar,none,"Candidato a geocodificacao; nao e coordenada, rotulo ou evidencia de treino.","Nao usar como ground truth, escore ou variavel derivada do rotulo."
ec0db3ee8e929a79,2026,06/02/2026,Drenagem,Alagamentos,Concluído,Eugênio José de Souza,AGUA VERDE,Unidade Regional Portao,Portal,True,False,2,pronto_para_geocodificar,none,"Candidato a geocodificacao; nao e coordenada, rotulo ou evidencia de treino.","Nao usar como ground truth, escore ou variavel derivada do rotulo."
5e64dd8b5e471cea,2026,13/02/2026,Drenagem,Alagamentos,Concluído,Rua Jandira Ferreira Dos Santos,FAZENDINHA,Unidade Regional Portao,Telefone,True,False,1,pronto_para_geocodificar,none,"Candidato a geocodificacao; nao e coordenada, rotulo ou evidencia de treino.","Nao usar como ground truth, escore ou variavel derivada do rotulo."
616411eab1c04993,2026,27/04/2026,Drenagem,Alagamentos,Concluído,Marquês do Paraná,AGUA VERDE,Unidade Regional Portao,Portal,True,False,1,pronto_para_geocodificar,none,"Candidato a geocodificacao; nao e coordenada, rotulo ou evidencia de treino.","Nao usar como ground truth, escore ou variavel derivada do rotulo."
ae10ffe0cc812d38,2026,06/06/2026,Drenagem,Alagamentos,Concluído,Alagoas,GUAIRA,Unidade Regional Portao,Portal,True,False,1,pronto_para_geocodificar,none,"Candidato a geocodificacao; nao e coordenada, rotulo ou evidencia de treino.","Nao usar como ground truth, escore ou variavel derivada do rotulo."
3df24dafa2c980b4,2026,21/06/2026,Drenagem,Alagamentos,Concluído,Doutor Carvalho Chaves,PAROLIN,Unidade Regional Portao,Portal,True,False,1,pronto_para_geocodificar,none,"Candidato a geocodificacao; nao e coordenada, rotulo ou evidencia de treino.","Nao usar como ground truth, escore ou variavel derivada do rotulo."
7a8c4e1bdfde86a4,2026,03/02/2026,Drenagem,Alagamentos,Concluído,Rua Engenheiro Oswaldo Siqueira,TABOAO,Unidade Regional Boa Vista,Telefone,True,False,1,pronto_para_geocodificar,none,"Candidato a geocodificacao; nao e coordenada, rotulo ou evidencia de treino.","Nao usar como ground truth, escore ou variavel derivada do rotulo."
335856edbab73b88,2026,05/02/2026,Drenagem,Alagamentos,Concluído,RUA OSCAR SPENA,ATUBA,Unidade Regional Boa Vista,Telefone,True,False,1,pronto_para_geocodificar,none,"Candidato a geocodificacao; nao e coordenada, rotulo ou evidencia de treino.","Nao usar como ground truth, escore ou variavel derivada do rotulo."
bc73dd9c712e22f6,2026,06/02/2026,Drenagem,Alagamentos,Concluído,RUA LODOVICO GERONAZZO,BACACHERI,Unidade Regional Boa Vista,Telefone,True,False,1,pronto_para_geocodificar,none,"Candidato a geocodificacao; nao e coordenada, rotulo ou evidencia de treino.","Nao usar como ground truth, escore ou variavel derivada do rotulo."
cce9a67519972a78,2026,11/02/2026,Drenagem,Alagamentos,Concluído,RUA GUILHERME IHLENFELDT,BACACHERI,Unidade Regional Boa Vista,Telefone,True,False,1,pronto_para_geocodificar,none,"Candidato a geocodificacao; nao e coordenada, rotulo ou evidencia de treino.","Nao usar como ground truth, escore ou variavel derivada do rotulo."
485150672f750ccb,2026,11/02/2026,Drenagem,Alagamentos,Concluído,RUA CAPITÃO CARLOS HENRIQUE CASTOR,PILARZINHO,Unidade Regional Boa Vista,Telefone,True,False,1,pronto_para_geocodificar,none,"Candidato a geocodificacao; nao e coordenada, rotulo ou evidencia de treino.","Nao usar como ground truth, escore ou variavel derivada do rotulo."
dd5d97b7c14d47a6,2026,05/03/2026,Drenagem,Alagamentos,Concluído,RUA JOSÉ MERHY,BOA VISTA,Unidade Regional Boa Vista,Telefone,True,False,1,pronto_para_geocodificar,none,"Candidato a geocodificacao; nao e coordenada, rotulo ou evidencia de treino.","Nao usar como ground truth, escore ou variavel derivada do rotulo."
9c8b82bfc72d45c3,2026,09/03/2026,Drenagem,Alagamentos,Concluído,RUA OSCAR SPENA,ATUBA,Unidade Regional Boa Vista,Telefone,True,False,1,pronto_para_geocodificar,none,"Candidato a geocodificacao; nao e coordenada, rotulo ou evidencia de treino.","Nao usar como ground truth, escore ou variavel derivada do rotulo."
31dfecad4221ccb9,2026,12/03/2026,Drenagem,Alagamentos,Concluído,Oscar Spena,ATUBA,Unidade Regional Boa Vista,Portal,True,False,1,pronto_para_geocodificar,none,"Candidato a geocodificacao; nao e coordenada, rotulo ou evidencia de treino.","Nao usar como ground truth, escore ou variavel derivada do rotulo."
29f9a2589e152baa,2026,16/04/2026,Drenagem,Alagamentos,Concluído,da Nogueira,BARREIRINHA,Unidade Regional Boa Vista,Portal,True,False,1,pronto_para_geocodificar,none,"Candidato a geocodificacao; nao e coordenada, rotulo ou evidencia de treino.","Nao usar como ground truth, escore ou variavel derivada do rotulo."
cc9f29e73512cf14,2026,29/06/2026,Drenagem,Alagamentos,Concluído,RUA APARECIDA CALLEGARINE BARRETO,ATUBA,Unidade Regional Boa Vista,Telefone,True,False,1,pronto_para_geocodificar,none,"Candidato a geocodificacao; nao e coordenada, rotulo ou evidencia de treino.","Nao usar como ground truth, escore ou variavel derivada do rotulo."
3990c8a77ae4de0d,2026,10/07/2026,Drenagem,Alagamentos,Concluído,Rua Rei David,SANTA CANDIDA,Unidade Regional Boa Vista,Telefone,True,False,1,pronto_para_geocodificar,none,"Candidato a geocodificacao; nao e coordenada, rotulo ou evidencia de treino.","Nao usar como ground truth, escore ou variavel derivada do rotulo."
849e38b88a0bd33e,2026,13/07/2026,Drenagem,Alagamentos,Concluído,Abrão Calixto,ATUBA,Unidade Regional Boa Vista,Portal,True,False,1,pronto_para_geocodificar,none,"Candidato a geocodificacao; nao e coordenada, rotulo ou evidencia de treino.","Nao usar como ground truth, escore ou variavel derivada do rotulo."
35c654e407eb2193,2026,03/02/2026,Drenagem,Alagamentos,Concluído,RUA ZIRES PEREIRA RIBAS,ALTO BOQUEIRAO,Unidade Regional Boqueirao,Telefone,True,False,1,pronto_para_geocodificar,none,"Candidato a geocodificacao; nao e coordenada, rotulo ou evidencia de treino.","Nao usar como ground truth, escore ou variavel derivada do rotulo."
adb2a31ee323a9bd,2026,03/02/2026,Drenagem,Alagamentos,Concluído,RUA BOM JESUS DE IGUAPE,BOQUEIRAO,Unidade Regional Boqueirao,Telefone,True,False,1,pronto_para_geocodificar,none,"Candidato a geocodificacao; nao e coordenada, rotulo ou evidencia de treino.","Nao usar como ground truth, escore ou variavel derivada do rotulo."
a19a677d679c6b8d,2026,03/02/2026,Drenagem,Alagamentos,Concluído,Zires Pereira Ribas,ALTO BOQUEIRAO,Unidade Regional Boqueirao,Telefone,True,False,1,pronto_para_geocodificar,none,"Candidato a geocodificacao; nao e coordenada, rotulo ou evidencia de treino.","Nao usar como ground truth, escore ou variavel derivada do rotulo."
db5ec08f7debb53d,2026,03/02/2026,Drenagem,Alagamentos,Concluído,RUA MAJOR THEOLINDO FERREIRA RIBAS,HAUER,Unidade Regional Boqueirao,Telefone,True,False,1,pronto_para_geocodificar,none,"Candidato a geocodificacao; nao e coordenada, rotulo ou evidencia de treino.","Nao usar como ground truth, escore ou variavel derivada do rotulo."
4a420a1e4ac7b30d,2026,03/02/2026,Drenagem,Alagamentos,Concluído,Rua Reskala Snege,ALTO BOQUEIRAO,Unidade Regional Boqueirao,Telefone,True,False,1,pronto_para_geocodificar,none,"Candidato a geocodificacao; nao e coordenada, rotulo ou evidencia de treino.","Nao usar como ground truth, escore ou variavel derivada do rotulo."
2e571472726ffd69,2026,03/02/2026,Drenagem,Alagamentos,Concluído,RUA JOÃO BATISTA ZAGONEL PASSOS,XAXIM,Unidade Regional Boqueirao,Telefone,True,False,1,pronto_para_geocodificar,none,"Candidato a geocodificacao; nao e coordenada, rotulo ou evidencia de treino.","Nao usar como ground truth, escore ou variavel derivada do rotulo."
18049b81e248932d,2026,03/02/2026,Drenagem,Alagamentos,Concluído,RUA ITAÚNA DO SUL,ALTO BOQUEIRAO,Unidade Regional Boqueirao,Telefone,True,False,1,pronto_para_geocodificar,none,"Candidato a geocodificacao; nao e coordenada, rotulo ou evidencia de treino.","Nao usar como ground truth, escore ou variavel derivada do rotulo."
931417e768392f49,2026,03/02/2026,Drenagem,Alagamentos,Concluído,Rua Menino Jesus,XAXIM,Unidade Regional Boqueirao,Telefone,True,False,1,pronto_para_geocodificar,none,"Candidato a geocodificacao; nao e coordenada, rotulo ou evidencia de treino.","Nao usar como ground truth, escore ou variavel derivada do rotulo."
9ebf453310f16eac,2026,04/02/2026,Drenagem,Alagamentos,Concluído,Angelina Legat Pasini,ALTO BOQUEIRAO,Unidade Regional Boqueirao,Portal,True,False,2,pronto_para_geocodificar,none,"Candidato a geocodificacao; nao e coordenada, rotulo ou evidencia de treino.","Nao usar como ground truth, escore ou variavel derivada do rotulo."
9ebf453310f16eac,2026,04/02/2026,Drenagem,Alagamentos,Concluído,Angelina Legat Pasini,ALTO BOQUEIRAO,Unidade Regional Boqueirao,Portal,True,False,2,pronto_para_geocodificar,none,"Candidato a geocodificacao; nao e coordenada, rotulo ou evidencia de treino.","Nao usar como ground truth, escore ou variavel derivada do rotulo."
2e0ca81947f9dc68,2026,04/02/2026,Drenagem,Alagamentos,Concluído,Zeferino da Costa,XAXIM,Unidade Regional Boqueirao,Portal,True,False,1,pronto_para_geocodificar,none,"Candidato a geocodificacao; nao e coordenada, rotulo ou evidencia de treino.","Nao usar como ground truth, escore ou variavel derivada do rotulo."
ff0fc42d45c88eba,2026,05/02/2026,Drenagem,Alagamentos,Concluído,Desembargador Estanislau Cardoso,XAXIM,Unidade Regional Boqueirao,Portal,True,False,1,pronto_para_geocodificar,none,"Candidato a geocodificacao; nao e coordenada, rotulo ou evidencia de treino.","Nao usar como ground truth, escore ou variavel derivada do rotulo."
ea0dedc877cc296a,2026,06/02/2026,Drenagem,Alagamentos,Concluído,TRAVESSA CÉLIA CARDOZO DOS SANTOS,ALTO BOQUEIRAO,Unidade Regional Boqueirao,Telefone,True,False,1,pronto_para_geocodificar,none,"Candidato a geocodificacao; nao e coordenada, rotulo ou evidencia de treino.","Nao usar como ground truth, escore ou variavel derivada do rotulo."
0d636acc104fb89e,2026,06/02/2026,Drenagem,Alagamentos,Concluído,RUA RODOLFO AMOEDO,XAXIM,Unidade Regional Boqueirao,Telefone,True,False,1,pronto_para_geocodificar,none,"Candidato a geocodificacao; nao e coordenada, rotulo ou evidencia de treino.","Nao usar como ground truth, escore ou variavel derivada do rotulo."
622df5aca5cde819,2026,09/02/2026,Drenagem,Alagamentos,Concluído,RUA MOACIR POTIER,XAXIM,Unidade Regional Boqueirao,Telefone,True,False,1,pronto_para_geocodificar,none,"Candidato a geocodificacao; nao e coordenada, rotulo ou evidencia de treino.","Nao usar como ground truth, escore ou variavel derivada do rotulo."
07fb78d0bd0861a3,2026,10/02/2026,Drenagem,Alagamentos,Concluído,RUA ANGELINA LEGAT PASINI,ALTO BOQUEIRAO,Unidade Regional Boqueirao,Telefone,True,False,1,pronto_para_geocodificar,none,"Candidato a geocodificacao; nao e coordenada, rotulo ou evidencia de treino.","Nao usar como ground truth, escore ou variavel derivada do rotulo."
a5eb60d94a8c2a19,2026,10/02/2026,Drenagem,Alagamentos,Concluído,RUA EXPEDICIONÁRIO ERNESTO GONÇALVES,XAXIM,Unidade Regional Boqueirao,Telefone,True,False,1,pronto_para_geocodificar,none,"Candidato a geocodificacao; nao e coordenada, rotulo ou evidencia de treino.","Nao usar como ground truth, escore ou variavel derivada do rotulo."
7ee30388bb75f83e,2026,13/02/2026,Drenagem,Alagamentos,Concluído,Rua Guilherme Nievola,XAXIM,Unidade Regional Boqueirao,Telefone,True,False,1,pronto_para_geocodificar,none,"Candidato a geocodificacao; nao e coordenada, rotulo ou evidencia de treino.","Nao usar como ground truth, escore ou variavel derivada do rotulo."
247a1b26d4902d9e,2026,13/02/2026,Drenagem,Alagamentos,Concluído,RUA PROFESSOR OSCAR MARTINS GOMES,XAXIM,Unidade Regional Boqueirao,Telefone,True,False,1,pronto_para_geocodificar,none,"Candidato a geocodificacao; nao e coordenada, rotulo ou evidencia de treino.","Nao usar como ground truth, escore ou variavel derivada do rotulo."
619d8cab7c0b923f,2026,15/05/2026,Drenagem,Alagamentos,Concluído,RUA IRMÃ FLÁVIA BORLET,HAUER,Unidade Regional Boqueirao,Telefone,True,False,1,pronto_para_geocodificar,none,"Candidato a geocodificacao; nao e coordenada, rotulo ou evidencia de treino.","Nao usar como ground truth, escore ou variavel derivada do rotulo."
5e85807752f58139,2026,20/06/2026,Drenagem,Alagamentos,Concluído,RUA JEREMIAS MACIEL PERRETTO,MOSSUNGUE,Unidade Regional Santa Felicidade,Telefone,True,False,1,pronto_para_geocodificar,none,"Candidato a geocodificacao; nao e coordenada, rotulo ou evidencia de treino.","Nao usar como ground truth, escore ou variavel derivada do rotulo."
9158932cec0dc431,2026,29/01/2026,Drenagem,Alagamentos,Concluído,RUA ALBERTO KRAMER,CAPAO RASO,Unidade Regional Pinheirinho,Telefone,True,False,1,pronto_para_geocodificar,none,"Candidato a geocodificacao; nao e coordenada, rotulo ou evidencia de treino.","Nao usar como ground truth, escore ou variavel derivada do rotulo."
8b06ade941f2e427,2026,03/02/2026,Drenagem,Alagamentos,Concluído,AVENIDA BRASÍLIA,NOVO MUNDO,Unidade Regional Pinheirinho,Telefone,True,False,1,pronto_para_geocodificar,none,"Candidato a geocodificacao; nao e coordenada, rotulo ou evidencia de treino.","Nao usar como ground truth, escore ou variavel derivada do rotulo."
06a141c3ff66225b,2026,03/02/2026,Drenagem,Alagamentos,Concluído,João Nogarolli,FANNY,Unidade Regional Pinheirinho,Telefone,True,False,1,pronto_para_geocodificar,none,"Candidato a geocodificacao; nao e coordenada, rotulo ou evidencia de treino.","Nao usar como ground truth, escore ou variavel derivada do rotulo."
0dad81c3f5f58d19,2026,03/02/2026,Drenagem,Alagamentos,Concluído,RUA GENERAL TEODORICO GUIMARÃES,FANNY,Unidade Regional Pinheirinho,Telefone,True,False,1,pronto_para_geocodificar,none,"Candidato a geocodificacao; nao e coordenada, rotulo ou evidencia de treino.","Nao usar como ground truth, escore ou variavel derivada do rotulo."
892c0efc8a4daa9d,2026,03/02/2026,Drenagem,Alagamentos,Concluído,Rua Madame Curie,PINHEIRINHO,Unidade Regional Pinheirinho,Telefone,True,False,1,pronto_para_geocodificar,none,"Candidato a geocodificacao; nao e coordenada, rotulo ou evidencia de treino.","Nao usar como ground truth, escore ou variavel derivada do rotulo."
fa3a1ad5a8c67a8f,2026,04/02/2026,Drenagem,Alagamentos,Concluído,AVENIDA HENRY FORD,FANNY,Unidade Regional Pinheirinho,Telefone,True,False,1,pronto_para_geocodificar,none,"Candidato a geocodificacao; nao e coordenada, rotulo ou evidencia de treino.","Nao usar como ground truth, escore ou variavel derivada do rotulo."
fb483caf96bba6fb,2026,04/02/2026,Drenagem,Alagamentos,Concluído,Rua Francisco Habinovski,CAPAO RASO,Unidade Regional Pinheirinho,Telefone,True,False,1,pronto_para_geocodificar,none,"Candidato a geocodificacao; nao e coordenada, rotulo ou evidencia de treino.","Nao usar como ground truth, escore ou variavel derivada do rotulo."
3d043050441dd4c7,2026,05/02/2026,Drenagem,Alagamentos,Concluído,RUA HUGO GUSSO,CAPAO RASO,Unidade Regional Pinheirinho,Telefone,True,False,1,pronto_para_geocodificar,none,"Candidato a geocodificacao; nao e coordenada, rotulo ou evidencia de treino.","Nao usar como ground truth, escore ou variavel derivada do rotulo."
766619f72a16a7db,2026,09/02/2026,Drenagem,Alagamentos,Concluído,RUA AFFIFE MANSUR,NOVO MUNDO,Unidade Regional Pinheirinho,Telefone,True,False,1,pronto_para_geocodificar,none,"Candidato a geocodificacao; nao e coordenada, rotulo ou evidencia de treino.","Nao usar como ground truth, escore ou variavel derivada do rotulo."
6263080f0c5adedc,2026,09/03/2026,Drenagem,Alagamentos,Concluído,Rua José Symchack,PINHEIRINHO,Unidade Regional Pinheirinho,Telefone,True,False,1,pronto_para_geocodificar,none,"Candidato a geocodificacao; nao e coordenada, rotulo ou evidencia de treino.","Nao usar como ground truth, escore ou variavel derivada do rotulo."
12f53fea6c90b93a,2026,11/03/2026,Drenagem,Alagamentos,Concluído,Rua Brasílio Ribas,NOVO MUNDO,Unidade Regional Pinheirinho,Telefone,True,False,1,pronto_para_geocodificar,none,"Candidato a geocodificacao; nao e coordenada, rotulo ou evidencia de treino.","Nao usar como ground truth, escore ou variavel derivada do rotulo."
67a763ba85c753d6,2026,22/04/2026,Drenagem,Alagamentos,Concluído,Brasília,NOVO MUNDO,Unidade Regional Pinheirinho,Portal,True,False,1,pronto_para_geocodificar,none,"Candidato a geocodificacao; nao e coordenada, rotulo ou evidencia de treino.","Nao usar como ground truth, escore ou variavel derivada do rotulo."
d414e1790e068c82,2026,29/04/2026,Drenagem,Alagamentos,Concluído,RUA João de Oliveira Franco,FANNY,Unidade Regional Pinheirinho,Portal,True,False,1,pronto_para_geocodificar,none,"Candidato a geocodificacao; nao e coordenada, rotulo ou evidencia de treino.","Nao usar como ground truth, escore ou variavel derivada do rotulo."
ad68ea8b3ea6d68d,2026,04/06/2026,Drenagem,Alagamentos,Concluído,Rua Bernardo Jacintho da Veiga,NOVO MUNDO,Unidade Regional Pinheirinho,Portal,True,False,1,pronto_para_geocodificar,none,"Candidato a geocodificacao; nao e coordenada, rotulo ou evidencia de treino.","Nao usar como ground truth, escore ou variavel derivada do rotulo."
f19666edbd0d10c5,2026,12/06/2026,Proteção ao cidadão - GM,"Enchentes, inundações ou alagamentos",Concluído,RUA ANTÔNIO DE OLIVEIRA,CAJURU,Unidade Regional Cajuru,Telefone,True,False,1,pronto_para_geocodificar,none,"Candidato a geocodificacao; nao e coordenada, rotulo ou evidencia de treino.","Nao usar como ground truth, escore ou variavel derivada do rotulo."
0fddfa8bf0ef9caf,2026,19/07/2026,Drenagem,Alagamentos,Concluído,Rua Guilherme Tragante,TARUMA,Unidade Regional Cajuru,Portal,True,False,1,pronto_para_geocodificar,none,"Candidato a geocodificacao; nao e coordenada, rotulo ou evidencia de treino.","Nao usar como ground truth, escore ou variavel derivada do rotulo."
10213c9d0829d5f5,2026,02/02/2026,Drenagem,Alagamentos,Concluído,Fortaleza,CAJURU,Unidade Regional Cajuru,Portal,True,False,1,pronto_para_geocodificar,none,"Candidato a geocodificacao; nao e coordenada, rotulo ou evidencia de treino.","Nao usar como ground truth, escore ou variavel derivada do rotulo."
d7bab382309a6330,2026,02/03/2026,Drenagem,Alagamentos,Concluído,RUA reinaldo pilato,TARUMA,Unidade Regional Cajuru,Telefone,True,False,1,pronto_para_geocodificar,none,"Candidato a geocodificacao; nao e coordenada, rotulo ou evidencia de treino.","Nao usar como ground truth, escore ou variavel derivada do rotulo."
3539db2d20df02f0,2026,11/03/2026,Drenagem,Alagamentos,Concluído,Jorge Luís Della Coletta,CAPAO DA IMBUIA,Unidade Regional Cajuru,Portal,True,False,1,pronto_para_geocodificar,none,"Candidato a geocodificacao; nao e coordenada, rotulo ou evidencia de treino.","Nao usar como ground truth, escore ou variavel derivada do rotulo."
ba498811aff65092,2026,12/03/2026,Drenagem,Alagamentos,Concluído,Frederico Stadler Júnior,CAPAO DA IMBUIA,Unidade Regional Cajuru,Portal,True,False,1,pronto_para_geocodificar,none,"Candidato a geocodificacao; nao e coordenada, rotulo ou evidencia de treino.","Nao usar como ground truth, escore ou variavel derivada do rotulo."
38e6aebae721dc81,2026,28/04/2026,Drenagem,Alagamentos,Concluído,Rua Pedro Violani,CAJURU,Unidade Regional Cajuru,Portal,True,False,1,pronto_para_geocodificar,none,"Candidato a geocodificacao; nao e coordenada, rotulo ou evidencia de treino.","Nao usar como ground truth, escore ou variavel derivada do rotulo."
5a1a967c05eea0dc,2026,21/05/2026,Drenagem,Alagamentos,Concluído,Júlio Wischral,UBERABA,Unidade Regional Cajuru,Portal,True,False,1,pronto_para_geocodificar,none,"Candidato a geocodificacao; nao e coordenada, rotulo ou evidencia de treino.","Nao usar como ground truth, escore ou variavel derivada do rotulo."
d45d20abe290539c,2026,11/06/2026,Drenagem,Alagamentos,Concluído,Serapião Mendes Soares,CAPAO DA IMBUIA,Unidade Regional Cajuru,Portal,True,False,1,pronto_para_geocodificar,none,"Candidato a geocodificacao; nao e coordenada, rotulo ou evidencia de treino.","Nao usar como ground truth, escore ou variavel derivada do rotulo."
f19666edbd0d10c5,2026,12/06/2026,Drenagem,Alagamentos,Concluído,RUA ANTÔNIO DE OLIVEIRA,CAJURU,Unidade Regional Cajuru,Telefone,True,False,1,pronto_para_geocodificar,none,"Candidato a geocodificacao; nao e coordenada, rotulo ou evidencia de treino.","Nao usar como ground truth, escore ou variavel derivada do rotulo."
a05bac47cd43b956,2026,20/06/2026,Drenagem,Alagamentos,Concluído,RUA ANTÔNIO JOSÉ BONATO,GANCHINHO,Unidade Regional Bairro Novo,Telefone,True,False,2,pronto_para_geocodificar,none,"Candidato a geocodificacao; nao e coordenada, rotulo ou evidencia de treino.","Nao usar como ground truth, escore ou variavel derivada do rotulo."
a05bac47cd43b956,2026,20/06/2026,Drenagem,Alagamentos,Concluído,RUA ANTÔNIO JOSÉ BONATO,GANCHINHO,Unidade Regional Bairro Novo,Telefone,True,False,2,pronto_para_geocodificar,none,"Candidato a geocodificacao; nao e coordenada, rotulo ou evidencia de treino.","Nao usar como ground truth, escore ou variavel derivada do rotulo."
da87956e9e5fe9b6,2026,05/01/2026,Drenagem,Alagamentos,Concluído,RUA JOSÉ BASSA,SITIO CERCADO,Unidade Regional Bairro Novo,Telefone,True,False,1,pronto_para_geocodificar,none,"Candidato a geocodificacao; nao e coordenada, rotulo ou evidencia de treino.","Nao usar como ground truth, escore ou variavel derivada do rotulo."
afdcdd9802d0fcbf,2026,15/01/2026,Drenagem,Alagamentos,Concluído,Rua Ourizona,SITIO CERCADO,Unidade Regional Bairro Novo,Telefone,True,False,2,pronto_para_geocodificar,none,"Candidato a geocodificacao; nao e coordenada, rotulo ou evidencia de treino.","Nao usar como ground truth, escore ou variavel derivada do rotulo."
14ddac1e85fd1389,2026,15/01/2026,Drenagem,Alagamentos,Concluído,RUA OURIZONA,SITIO CERCADO,Unidade Regional Bairro Novo,Telefone,True,False,2,pronto_para_geocodificar,none,"Candidato a geocodificacao; nao e coordenada, rotulo ou evidencia de treino.","Nao usar como ground truth, escore ou variavel derivada do rotulo."
8557912229ea3876,2026,03/02/2026,Drenagem,Alagamentos,Concluído,Rua Miguel Rossetim,GANCHINHO,Unidade Regional Bairro Novo,Telefone,True,False,1,pronto_para_geocodificar,none,"Candidato a geocodificacao; nao e coordenada, rotulo ou evidencia de treino.","Nao usar como ground truth, escore ou variavel derivada do rotulo."
4be6339d43431f53,2026,10/02/2026,Drenagem,Alagamentos,Concluído,João Socha,SITIO CERCADO,Unidade Regional Bairro Novo,Portal,True,False,1,pronto_para_geocodificar,none,"Candidato a geocodificacao; nao e coordenada, rotulo ou evidencia de treino.","Nao usar como ground truth, escore ou variavel derivada do rotulo."
c4c3bad681b27c06,2026,02/01/2026,Drenagem,Alagamentos,Concluído,Alcides Munhoz,MERCES,Unidade Regional Matriz,Portal,True,False,1,pronto_para_geocodificar,none,"Candidato a geocodificacao; nao e coordenada, rotulo ou evidencia de treino.","Nao usar como ground truth, escore ou variavel derivada do rotulo."
a54a485bfed0c273,2026,16/01/2026,Drenagem,Alagamentos,Concluído,RUA CHILE,JARDIM BOTANICO,Unidade Regional Matriz,Telefone,True,False,1,pronto_para_geocodificar,none,"Candidato a geocodificacao; nao e coordenada, rotulo ou evidencia de treino.","Nao usar como ground truth, escore ou variavel derivada do rotulo."
24120d58cb3215d7,2026,26/01/2026,Drenagem,Alagamentos,Concluído,RUA DESEMBARGADOR WESTPHALEN,REBOUCAS,Unidade Regional Matriz,Telefone,True,False,1,pronto_para_geocodificar,none,"Candidato a geocodificacao; nao e coordenada, rotulo ou evidencia de treino.","Nao usar como ground truth, escore ou variavel derivada do rotulo."
7672528908ca60f6,2026,03/02/2026,Drenagem,Alagamentos,Concluído,ALAMEDA JÚLIA DA COSTA,SAO FRANCISCO,Unidade Regional Matriz,Telefone,True,False,1,pronto_para_geocodificar,none,"Candidato a geocodificacao; nao e coordenada, rotulo ou evidencia de treino.","Nao usar como ground truth, escore ou variavel derivada do rotulo."
e2d453d2593c994d,2026,06/02/2026,Drenagem,Alagamentos,Concluído,RUA HENRIQUE ITIBERÊ DA CUNHA,BOM RETIRO,Unidade Regional Matriz,Telefone,True,False,1,pronto_para_geocodificar,none,"Candidato a geocodificacao; nao e coordenada, rotulo ou evidencia de treino.","Nao usar como ground truth, escore ou variavel derivada do rotulo."
29d9095bc5db14bf,2026,10/02/2026,Drenagem,Alagamentos,Concluído,Presidente Taunay,BATEL,Unidade Regional Matriz,Portal,True,False,1,pronto_para_geocodificar,none,"Candidato a geocodificacao; nao e coordenada, rotulo ou evidencia de treino.","Nao usar como ground truth, escore ou variavel derivada do rotulo."
33d6c0a527847d0d,2026,14/01/2026,Drenagem,Alagamentos,Concluído,AVENIDA JUSCELINO KUBITSCHEK DE OLIVEIRA,CIDADE INDUSTRIAL,Unidade Regional CIC,Telefone,True,False,1,pronto_para_geocodificar,none,"Candidato a geocodificacao; nao e coordenada, rotulo ou evidencia de treino.","Nao usar como ground truth, escore ou variavel derivada do rotulo."
ec519b123eea9121,2026,29/01/2026,Drenagem,Alagamentos,Concluído,São João Bosco,CIDADE INDUSTRIAL,Unidade Regional CIC,Portal,True,False,1,pronto_para_geocodificar,none,"Candidato a geocodificacao; nao e coordenada, rotulo ou evidencia de treino.","Nao usar como ground truth, escore ou variavel derivada do rotulo."
95b6ee9f39f6fde7,2026,29/01/2026,Drenagem,Alagamentos,Concluído,Rua Aldo Laval,CIDADE INDUSTRIAL,Unidade Regional CIC,Telefone,True,False,1,pronto_para_geocodificar,none,"Candidato a geocodificacao; nao e coordenada, rotulo ou evidencia de treino.","Nao usar como ground truth, escore ou variavel derivada do rotulo."
ea0a6e6de7f45544,2026,03/02/2026,Drenagem,Alagamentos,Concluído,Rua Michajlo Pantschenko,CIDADE INDUSTRIAL,Unidade Regional CIC,Telefone,True,False,1,pronto_para_geocodificar,none,"Candidato a geocodificacao; nao e coordenada, rotulo ou evidencia de treino.","Nao usar como ground truth, escore ou variavel derivada do rotulo."
9bc596ca1963718a,2026,06/02/2026,Drenagem,Alagamentos,Concluído,Santa Águeda,CIDADE INDUSTRIAL,Unidade Regional CIC,Portal,True,False,1,pronto_para_geocodificar,none,"Candidato a geocodificacao; nao e coordenada, rotulo ou evidencia de treino.","Nao usar como ground truth, escore ou variavel derivada do rotulo."
3c0ba96dbe5a9961,2026,07/02/2026,Drenagem,Alagamentos,Concluído,Rua São João Bosco,CIDADE INDUSTRIAL,Unidade Regional CIC,Telefone,True,False,1,pronto_para_geocodificar,none,"Candidato a geocodificacao; nao e coordenada, rotulo ou evidencia de treino.","Nao usar como ground truth, escore ou variavel derivada do rotulo."
d950e97276a625cb,2026,24/02/2026,Drenagem,Alagamentos,Concluído,RUA LUIZ CASAGRANDE,CIDADE INDUSTRIAL,Unidade Regional CIC,Telefone,True,False,1,pronto_para_geocodificar,none,"Candidato a geocodificacao; nao e coordenada, rotulo ou evidencia de treino.","Nao usar como ground truth, escore ou variavel derivada do rotulo."
03e6a632f5484fc5,2026,24/02/2026,Drenagem,Alagamentos,Concluído,RUA ARNAUD FERREIRA VELLOSO,CIDADE INDUSTRIAL,Unidade Regional CIC,Telefone,True,False,1,pronto_para_geocodificar,none,"Candidato a geocodificacao; nao e coordenada, rotulo ou evidencia de treino.","Nao usar como ground truth, escore ou variavel derivada do rotulo."
afe1c9b9f6632e13,2026,09/05/2026,Drenagem,Alagamentos,Concluído,Rua Desembargador Cid Campelo,CIDADE INDUSTRIAL,Unidade Regional CIC,Telefone,True,False,1,pronto_para_geocodificar,none,"Candidato a geocodificacao; nao e coordenada, rotulo ou evidencia de treino.","Nao usar como ground truth, escore ou variavel derivada do rotulo."
f9d53e8bff7264e0,2026,20/06/2026,Drenagem,Alagamentos,Concluído,Rua Orestes Thá,CIDADE INDUSTRIAL,Unidade Regional CIC,Chat,True,False,1,pronto_para_geocodificar,none,"Candidato a geocodificacao; nao e coordenada, rotulo ou evidencia de treino.","Nao usar como ground truth, escore ou variavel derivada do rotulo."
46fffd598ebb2bb8,2026,20/06/2026,Drenagem,Alagamentos,Concluído,Rua Sérgio Carlos Martins Leal,CIDADE INDUSTRIAL,Unidade Regional CIC,Telefone,True,False,2,pronto_para_geocodificar,none,"Candidato a geocodificacao; nao e coordenada, rotulo ou evidencia de treino.","Nao usar como ground truth, escore ou variavel derivada do rotulo."
a05bac47cd43b956,2026,20/06/2026,Proteção ao cidadão - GM,"Enchentes, inundações ou alagamentos",Concluído,RUA ANTÔNIO JOSÉ BONATO,GANCHINHO,Unidade Regional Bairro Novo,Telefone,True,False,1,pronto_para_geocodificar,none,"Candidato a geocodificacao; nao e coordenada, rotulo ou evidencia de treino.","Nao usar como ground truth, escore ou variavel derivada do rotulo."
7407d1b00de61d59,2026,23/07/2026,Drenagem,Alagamentos,Respondido,RUA AGENOR ANTONIO RODRIGUES,SITIO CERCADO,Unidade Regional Bairro Novo,Telefone,True,False,1,pronto_para_geocodificar,none,"Candidato a geocodificacao; nao e coordenada, rotulo ou evidencia de treino.","Nao usar como ground truth, escore ou variavel derivada do rotulo."
b414db0b1ab46c78,2026,03/02/2026,Proteção ao cidadão - GM,"Enchentes, inundações ou alagamentos",Aberto,Rua Itaúna do Sul,ALTO BOQUEIRAO,Unidade Regional Boqueirao,Telefone,True,False,2,pronto_para_geocodificar,none,"Candidato a geocodificacao; nao e coordenada, rotulo ou evidencia de treino.","Nao usar como ground truth, escore ou variavel derivada do rotulo."
f16fae43ec9e6927,2026,15/01/2026,Drenagem,Alagamentos,Concluído,Desembargador Aristóxenes Bittencourt,TARUMA,Unidade Regional Cajuru,Portal,True,False,1,pronto_para_geocodificar,none,"Candidato a geocodificacao; nao e coordenada, rotulo ou evidencia de treino.","Nao usar como ground truth, escore ou variavel derivada do rotulo."
a51bcc1350faa1da,2026,03/02/2026,Drenagem,Alagamentos,Concluído,Júlio Wischral,UBERABA,Unidade Regional Cajuru,Portal,True,False,1,pronto_para_geocodificar,none,"Candidato a geocodificacao; nao e coordenada, rotulo ou evidencia de treino.","Nao usar como ground truth, escore ou variavel derivada do rotulo."
a62a9b1a7afe79ab,2026,03/02/2026,Drenagem,Alagamentos,Concluído,RUA PADRE ESTANISLAU CEBULA,CAJURU,Unidade Regional Cajuru,Telefone,True,False,1,pronto_para_geocodificar,none,"Candidato a geocodificacao; nao e coordenada, rotulo ou evidencia de treino.","Nao usar como ground truth, escore ou variavel derivada do rotulo."
200ace32f6458ad6,2026,03/02/2026,Drenagem,Alagamentos,Concluído,Rua Osmário de Lima,CAPAO DA IMBUIA,Unidade Regional Cajuru,Telefone,True,False,1,pronto_para_geocodificar,none,"Candidato a geocodificacao; nao e coordenada, rotulo ou evidencia de treino.","Nao usar como ground truth, escore ou variavel derivada do rotulo."
6296277f01637202,2026,29/06/2026,Drenagem,Alagamentos,Respondido,RUA MIGUEL KOLTUN,NOVO MUNDO,Unidade Regional Pinheirinho,Telefone,True,False,1,pronto_para_geocodificar,none,"Candidato a geocodificacao; nao e coordenada, rotulo ou evidencia de treino.","Nao usar como ground truth, escore ou variavel derivada do rotulo."
b8946a59c1eeee33,2026,04/06/2026,Drenagem,Alagamentos,Aberto,Zonardy Ribas,BOQUEIRAO,Unidade Regional Boqueirao,Portal,True,False,1,pronto_para_geocodificar,none,"Candidato a geocodificacao; nao e coordenada, rotulo ou evidencia de treino.","Nao usar como ground truth, escore ou variavel derivada do rotulo."
5d7c37211432abd8,2026,20/06/2026,Drenagem,Alagamentos,Aberto,RUA OLIVEIRA VIANA,BOQUEIRAO,Unidade Regional Boqueirao,Telefone,True,False,1,pronto_para_geocodificar,none,"Candidato a geocodificacao; nao e coordenada, rotulo ou evidencia de treino.","Nao usar como ground truth, escore ou variavel derivada do rotulo."
862a9d62cc0a777f,2026,10/07/2026,Drenagem,Alagamentos,Aberto,Rua Antônio Schiebel,BOQUEIRAO,Unidade Regional Boqueirao,Portal,True,False,1,pronto_para_geocodificar,none,"Candidato a geocodificacao; nao e coordenada, rotulo ou evidencia de treino.","Nao usar como ground truth, escore ou variavel derivada do rotulo."
15e7edc3e3814009,2026,14/01/2026,Drenagem,Alagamentos,Concluído,Tenente Francisco Ferreira de Souza,HAUER,Unidade Regional Boqueirao,Portal,True,False,1,pronto_para_geocodificar,none,"Candidato a geocodificacao; nao e coordenada, rotulo ou evidencia de treino.","Nao usar como ground truth, escore ou variavel derivada do rotulo."
74af4bae3b8223b2,2026,04/02/2026,Drenagem,Alagamentos,Concluído,Francisco Derosso,XAXIM,Unidade Regional Boqueirao,Portal,True,False,1,pronto_para_geocodificar,none,"Candidato a geocodificacao; nao e coordenada, rotulo ou evidencia de treino.","Nao usar como ground truth, escore ou variavel derivada do rotulo."
b022365438d6cb6b,2026,05/02/2026,Drenagem,Alagamentos,Concluído,RUA JACOB ROMANICHEN,XAXIM,Unidade Regional Boqueirao,Telefone,True,False,1,pronto_para_geocodificar,none,"Candidato a geocodificacao; nao e coordenada, rotulo ou evidencia de treino.","Nao usar como ground truth, escore ou variavel derivada do rotulo."
d848940e8ef5b283,2026,01/01/2026,Drenagem,Alagamentos,Concluído,RUA ARTHUR MARTINS FRANCO,FAZENDINHA,Unidade Regional Portao,Telefone,True,False,1,pronto_para_geocodificar,none,"Candidato a geocodificacao; nao e coordenada, rotulo ou evidencia de treino.","Nao usar como ground truth, escore ou variavel derivada do rotulo."
0d4f9229f709e069,2026,12/01/2026,Drenagem,Alagamentos,Concluído,Rua Aristides Borsato,FAZENDINHA,Unidade Regional Portao,Telefone,True,False,1,pronto_para_geocodificar,none,"Candidato a geocodificacao; nao e coordenada, rotulo ou evidencia de treino.","Nao usar como ground truth, escore ou variavel derivada do rotulo."
1c7453c21cb1f504,2026,03/02/2026,Drenagem,Alagamentos,Concluído,Rosamélia de Oliveira,CAMPO COMPRIDO,Unidade Regional Portao,Portal,True,False,1,pronto_para_geocodificar,none,"Candidato a geocodificacao; nao e coordenada, rotulo ou evidencia de treino.","Nao usar como ground truth, escore ou variavel derivada do rotulo."
246a77f31875378f,2026,03/02/2026,Drenagem,Alagamentos,Concluído,RUA SILVEIRA NETO,AGUA VERDE,Unidade Regional Portao,Telefone,True,False,1,pronto_para_geocodificar,none,"Candidato a geocodificacao; nao e coordenada, rotulo ou evidencia de treino.","Nao usar como ground truth, escore ou variavel derivada do rotulo."
dd40865251dd09c4,2026,06/02/2026,Drenagem,Alagamentos,Concluído,RUA REZALA SIMÃO,SANTA QUITERIA,Unidade Regional Portao,Telefone,True,False,1,pronto_para_geocodificar,none,"Candidato a geocodificacao; nao e coordenada, rotulo ou evidencia de treino.","Nao usar como ground truth, escore ou variavel derivada do rotulo."
ec0db3ee8e929a79,2026,06/02/2026,Drenagem,Alagamentos,Concluído,Eugênio José de Souza,AGUA VERDE,Unidade Regional Portao,Portal,True,False,2,pronto_para_geocodificar,none,"Candidato a geocodificacao; nao e coordenada, rotulo ou evidencia de treino.","Nao usar como ground truth, escore ou variavel derivada do rotulo."
b50c7256eb278fda,2026,17/06/2026,Drenagem,Alagamentos,Concluído,Rua Guilherme Pugsley,AGUA VERDE,Unidade Regional Portao,Telefone,True,False,1,pronto_para_geocodificar,none,"Candidato a geocodificacao; nao e coordenada, rotulo ou evidencia de treino.","Nao usar como ground truth, escore ou variavel derivada do rotulo."
370c07973861b2e2,2026,20/06/2026,Drenagem,Alagamentos,Concluído,Rua Gamaliel Bueno Galvão,GUAIRA,Unidade Regional Portao,Telefone,True,False,1,pronto_para_geocodificar,none,"Candidato a geocodificacao; nao e coordenada, rotulo ou evidencia de treino.","Nao usar como ground truth, escore ou variavel derivada do rotulo."
8f29bd2c2eedc173,2026,01/07/2026,Drenagem,Alagamentos,Concluído,RUA SÃO PAULO,GUAIRA,Unidade Regional Portao,Telefone,True,False,1,pronto_para_geocodificar,none,"Candidato a geocodificacao; nao e coordenada, rotulo ou evidencia de treino.","Nao usar como ground truth, escore ou variavel derivada do rotulo."
f57b9ea24d3d503b,2026,03/02/2026,Drenagem,Alagamentos,Concluído,Rua Dos Dominicanos,BOA VISTA,Unidade Regional Boa Vista,Telefone,True,False,1,pronto_para_geocodificar,none,"Candidato a geocodificacao; nao e coordenada, rotulo ou evidencia de treino.","Nao usar como ground truth, escore ou variavel derivada do rotulo."
9d4c0f60f4a1a4cf,2026,26/05/2026,Drenagem,Alagamentos,Concluído,RUA JOVINO DO ROSÁRIO,BOA VISTA,Unidade Regional Boa Vista,Telefone,True,False,1,pronto_para_geocodificar,none,"Candidato a geocodificacao; nao e coordenada, rotulo ou evidencia de treino.","Nao usar como ground truth, escore ou variavel derivada do rotulo."
faeb33e2ac1f8f63,2026,10/07/2026,Drenagem,Alagamentos,Concluído,RUA MUSTAPHA FRANCISCO LEMES,BARREIRINHA,Unidade Regional Boa Vista,Telefone,True,False,1,pronto_para_geocodificar,none,"Candidato a geocodificacao; nao e coordenada, rotulo ou evidencia de treino.","Nao usar como ground truth, escore ou variavel derivada do rotulo."
ab54840dc77e308c,2026,08/05/2026,Drenagem,Alagamentos,Concluído,Rua Deputado Néo Martins,NOVO MUNDO,Unidade Regional Pinheirinho,Telefone,True,False,1,pronto_para_geocodificar,none,"Candidato a geocodificacao; nao e coordenada, rotulo ou evidencia de treino.","Nao usar como ground truth, escore ou variavel derivada do rotulo."
2697f4e6adb23426,2026,16/01/2026,Drenagem,Alagamentos,Concluído,Rua Waldemar Bona,ATUBA,Unidade Regional Boa Vista,Telefone,True,False,1,pronto_para_geocodificar,none,"Candidato a geocodificacao; nao e coordenada, rotulo ou evidencia de treino.","Nao usar como ground truth, escore ou variavel derivada do rotulo."
40db72f5cff3f946,2026,13/02/2026,Drenagem,Alagamentos,Concluído,Rua São Carlos,SANTA FELICIDADE,Unidade Regional Santa Felicidade,Telefone,True,False,1,pronto_para_geocodificar,none,"Candidato a geocodificacao; nao e coordenada, rotulo ou evidencia de treino.","Nao usar como ground truth, escore ou variavel derivada do rotulo."
89097250d723cd30,2026,10/04/2026,Drenagem,Alagamentos,Concluído,RUA ANGELO PIANARO,BUTIATUVINHA,Unidade Regional Santa Felicidade,Telefone,True,False,1,pronto_para_geocodificar,none,"Candidato a geocodificacao; nao e coordenada, rotulo ou evidencia de treino.","Nao usar como ground truth, escore ou variavel derivada do rotulo."
c600c62efc2a3105,2026,03/02/2026,Drenagem,Alagamentos,Concluído,RUA IZAAC FERREIRA DA CRUZ,SITIO CERCADO,Unidade Regional Bairro Novo,Telefone,True,False,2,pronto_para_geocodificar,none,"Candidato a geocodificacao; nao e coordenada, rotulo ou evidencia de treino.","Nao usar como ground truth, escore ou variavel derivada do rotulo."
a752e4ebf6245040,2026,03/02/2026,Drenagem,Alagamentos,Concluído,Rua Izaac Ferreira da Cruz,SITIO CERCADO,Unidade Regional Bairro Novo,Telefone,True,False,2,pronto_para_geocodificar,none,"Candidato a geocodificacao; nao e coordenada, rotulo ou evidencia de treino.","Nao usar como ground truth, escore ou variavel derivada do rotulo."
0986c0ace1bc4587,2026,16/02/2026,Drenagem,Alagamentos,Concluído,RUA LONDRINA,SITIO CERCADO,Unidade Regional Bairro Novo,Telefone,True,False,1,pronto_para_geocodificar,none,"Candidato a geocodificacao; nao e coordenada, rotulo ou evidencia de treino.","Nao usar como ground truth, escore ou variavel derivada do rotulo."
8b711cf97ee6c46f,2026,30/03/2026,Drenagem,Alagamentos,Concluído,RUA CAMBÉ,SITIO CERCADO,Unidade Regional Bairro Novo,Telefone,True,False,1,pronto_para_geocodificar,none,"Candidato a geocodificacao; nao e coordenada, rotulo ou evidencia de treino.","Nao usar como ground truth, escore ou variavel derivada do rotulo."
6ccdce51bdb2dfe0,2026,22/04/2026,Drenagem,Alagamentos,Concluído,ESTRADA DO GANCHINHO- LD,SITIO CERCADO,Unidade Regional Bairro Novo,Telefone,True,False,1,pronto_para_geocodificar,none,"Candidato a geocodificacao; nao e coordenada, rotulo ou evidencia de treino.","Nao usar como ground truth, escore ou variavel derivada do rotulo."
77dcce3062e03c95,2026,06/07/2026,Drenagem,Alagamentos,Concluído,RUA REYNALDO CONTIN,UMBARA,Unidade Regional Bairro Novo,Telefone,True,False,1,pronto_para_geocodificar,none,"Candidato a geocodificacao; nao e coordenada, rotulo ou evidencia de treino.","Nao usar como ground truth, escore ou variavel derivada do rotulo."
81cd5d4d39708632,2026,05/02/2026,Drenagem,Alagamentos,Concluído,AVENIDA VICENTE MACHADO,BATEL,Unidade Regional Matriz,Telefone,True,False,1,pronto_para_geocodificar,none,"Candidato a geocodificacao; nao e coordenada, rotulo ou evidencia de treino.","Nao usar como ground truth, escore ou variavel derivada do rotulo."
a7b9d34a8ff07a09,2026,01/01/2026,Drenagem,Alagamentos,Concluído,RUA PROFESSORA MARIA DO BELÉM FRANÇA,SAO MIGUEL,Unidade Regional CIC,Telefone,True,False,1,pronto_para_geocodificar,none,"Candidato a geocodificacao; nao e coordenada, rotulo ou evidencia de treino.","Nao usar como ground truth, escore ou variavel derivada do rotulo."
8b1e12967560023a,2026,07/02/2026,Drenagem,Alagamentos,Concluído,Professor Osvaldo Ormiamin,CIDADE INDUSTRIAL,Unidade Regional CIC,Portal,True,False,1,pronto_para_geocodificar,none,"Candidato a geocodificacao; nao e coordenada, rotulo ou evidencia de treino.","Nao usar como ground truth, escore ou variavel derivada do rotulo."
9e24aef6073bed92,2026,25/02/2026,Drenagem,Alagamentos,Concluído,Inácio Wolski,CIDADE INDUSTRIAL,Unidade Regional CIC,Portal,True,False,1,pronto_para_geocodificar,none,"Candidato a geocodificacao; nao e coordenada, rotulo ou evidencia de treino.","Nao usar como ground truth, escore ou variavel derivada do rotulo."
b9dd60977e473956,2026,26/02/2026,Drenagem,Alagamentos,Concluído,Inácio Wolski,CIDADE INDUSTRIAL,Unidade Regional CIC,Portal,True,False,1,pronto_para_geocodificar,none,"Candidato a geocodificacao; nao e coordenada, rotulo ou evidencia de treino.","Nao usar como ground truth, escore ou variavel derivada do rotulo."
47fb14b0b901141e,2026,03/03/2026,Drenagem,Alagamentos,Concluído,RUA PROFESSOR FERNANDO CARNEIRO,CIDADE INDUSTRIAL,Unidade Regional CIC,Telefone,True,False,1,pronto_para_geocodificar,none,"Candidato a geocodificacao; nao e coordenada, rotulo ou evidencia de treino.","Nao usar como ground truth, escore ou variavel derivada do rotulo."
372b0f60962c778c,2026,16/04/2026,Drenagem,Alagamentos,Concluído,Maria Aparecida Negrão Oliva,CIDADE INDUSTRIAL,Unidade Regional CIC,Portal,True,False,1,pronto_para_geocodificar,none,"Candidato a geocodificacao; nao e coordenada, rotulo ou evidencia de treino.","Nao usar como ground truth, escore ou variavel derivada do rotulo."
0fcfb66c4c62c197,2026,19/03/2026,Drenagem,Alagamentos,Concluído,RUA AUGUSTO OLESKOWICZ,CAMPO DE SANTANA,Unidade Regional Tatuquara,Telefone,True,False,1,pronto_para_geocodificar,none,"Candidato a geocodificacao; nao e coordenada, rotulo ou evidencia de treino.","Nao usar como ground truth, escore ou variavel derivada do rotulo."
b949298a9278b71e,2026,09/05/2026,Drenagem,Alagamentos,Concluído,Rua Jaime José Vojciechovski,TATUQUARA,Unidade Regional Tatuquara,Portal,True,False,1,pronto_para_geocodificar,none,"Candidato a geocodificacao; nao e coordenada, rotulo ou evidencia de treino.","Nao usar como ground truth, escore ou variavel derivada do rotulo."
1368efba145253ba,2026,10/06/2026,Drenagem,Alagamentos,Concluído,RUA JAIME JOSÉ VOJCIECHOVSKI,TATUQUARA,Unidade Regional Tatuquara,Telefone,True,False,1,pronto_para_geocodificar,none,"Candidato a geocodificacao; nao e coordenada, rotulo ou evidencia de treino.","Nao usar como ground truth, escore ou variavel derivada do rotulo."
39f2901d9ef3af23,2026,29/06/2026,Drenagem,Alagamentos,Concluído,RUA FRANCISCA BERALDE PAOLINI,CAXIMBA,Unidade Regional Tatuquara,Chat,True,False,1,pronto_para_geocodificar,none,"Candidato a geocodificacao; nao e coordenada, rotulo ou evidencia de treino.","Nao usar como ground truth, escore ou variavel derivada do rotulo."
1bc981ab1fae354f,2026,02/03/2026,Drenagem,Alagamentos,Falta de dados,RUA BARÃO DO RIO BRANCO,CENTRO,Unidade Regional Matriz,Telefone,True,False,1,pronto_para_geocodificar,none,"Candidato a geocodificacao; nao e coordenada, rotulo ou evidencia de treino.","Nao usar como ground truth, escore ou variavel derivada do rotulo."
b1efa5d623241313,2026,20/06/2026,Drenagem,Alagamentos,Concluído,RUA SÉRGIO CARLOS MARTINS LEAL,CIDADE INDUSTRIAL,Unidade Regional CIC,Telefone,True,False,2,pronto_para_geocodificar,none,"Candidato a geocodificacao; nao e coordenada, rotulo ou evidencia de treino.","Nao usar como ground truth, escore ou variavel derivada do rotulo."
bcfdaa8aba6f0418,2026,16/07/2026,Drenagem,Alagamentos,Concluído,Antônio Reinaldo Zanon,CIDADE INDUSTRIAL,Unidade Regional CIC,Portal,True,False,1,pronto_para_geocodificar,none,"Candidato a geocodificacao; nao e coordenada, rotulo ou evidencia de treino.","Nao usar como ground truth, escore ou variavel derivada do rotulo."
edd757801851bf82,2026,22/07/2026,Drenagem,Alagamentos,Aberto,RUA MATEUS LEME,SAO LOURENCO,Unidade Regional Boa Vista,Telefone,True,False,1,pronto_para_geocodificar,none,"Candidato a geocodificacao; nao e coordenada, rotulo ou evidencia de treino.","Nao usar como ground truth, escore ou variavel derivada do rotulo."
92b9eeb4c0de9f31,2026,20/06/2026,Drenagem,Alagamentos,Concluído,Coronel Alfredo Ferreira da Costa,JARDIM DAS AMERICAS,Unidade Regional Cajuru,Telefone,True,False,1,pronto_para_geocodificar,none,"Candidato a geocodificacao; nao e coordenada, rotulo ou evidencia de treino.","Nao usar como ground truth, escore ou variavel derivada do rotulo."
c68a68512df87696,2026,01/05/2026,Drenagem,Alagamentos,Concluído,Roque Lazarotto,BOA VISTA,Unidade Regional Boa Vista,Portal,True,False,1,pronto_para_geocodificar,none,"Candidato a geocodificacao; nao e coordenada, rotulo ou evidencia de treino.","Nao usar como ground truth, escore ou variavel derivada do rotulo."
05a49e3415b6f0b0,2026,12/05/2026,Drenagem,Alagamentos,Concluído,Rua Joaquim da Costa Ribeiro,BAIRRO ALTO,Unidade Regional Boa Vista,Portal,True,False,1,pronto_para_geocodificar,none,"Candidato a geocodificacao; nao e coordenada, rotulo ou evidencia de treino.","Nao usar como ground truth, escore ou variavel derivada do rotulo."
af31702f9ceb7507,2026,29/04/2026,Drenagem,Alagamentos,Concluído,RUA MAJOR FABRICIANO DO REGO BARROS,HAUER,Unidade Regional Boqueirao,Telefone,True,False,1,pronto_para_geocodificar,none,"Candidato a geocodificacao; nao e coordenada, rotulo ou evidencia de treino.","Nao usar como ground truth, escore ou variavel derivada do rotulo."
45b3e31aa2998f64,2026,14/01/2026,Drenagem,Alagamentos,Concluído,Henry Ford,LINDOIA,Unidade Regional Pinheirinho,Portal,True,False,1,pronto_para_geocodificar,none,"Candidato a geocodificacao; nao e coordenada, rotulo ou evidencia de treino.","Nao usar como ground truth, escore ou variavel derivada do rotulo."
948a5de181ba445e,2026,22/04/2026,Drenagem,Alagamentos,Concluído,Frederico Stadler Júnior,CAPAO DA IMBUIA,Unidade Regional Cajuru,Portal,True,False,1,pronto_para_geocodificar,none,"Candidato a geocodificacao; nao e coordenada, rotulo ou evidencia de treino.","Nao usar como ground truth, escore ou variavel derivada do rotulo."
a006f2b9732ccc53,2026,20/02/2026,Drenagem,Alagamentos,Concluído,Sargento Carlos Argemiro de Camargo,UBERABA,Unidade Regional Cajuru,Portal,True,False,1,pronto_para_geocodificar,none,"Candidato a geocodificacao; nao e coordenada, rotulo ou evidencia de treino.","Nao usar como ground truth, escore ou variavel derivada do rotulo."
31535ba0fa999043,2026,24/02/2026,Drenagem,Alagamentos,Concluído,Frederico Stadler Júnior,CAPAO DA IMBUIA,Unidade Regional Cajuru,Portal,True,False,1,pronto_para_geocodificar,none,"Candidato a geocodificacao; nao e coordenada, rotulo ou evidencia de treino.","Nao usar como ground truth, escore ou variavel derivada do rotulo."
f04997e9941ccb81,2026,26/02/2026,Drenagem,Alagamentos,Concluído,RUA SANTO ANÍBAL MARIA DI FRANCIA,UBERABA,Unidade Regional Cajuru,Telefone,True,False,1,pronto_para_geocodificar,none,"Candidato a geocodificacao; nao e coordenada, rotulo ou evidencia de treino.","Nao usar como ground truth, escore ou variavel derivada do rotulo."
5a52262047b4269d,2026,26/03/2026,Drenagem,Alagamentos,Concluído,RUA JOÃO PEREIRA DA SILVA,PILARZINHO,Unidade Regional Boa Vista,Telefone,True,False,1,pronto_para_geocodificar,none,"Candidato a geocodificacao; nao e coordenada, rotulo ou evidencia de treino.","Nao usar como ground truth, escore ou variavel derivada do rotulo."
05956214c012d02b,2026,20/07/2026,Drenagem,Alagamentos,Aberto,Bernardo Leinig,VILA IZABEL,Unidade Regional Portao,Portal,True,False,1,pronto_para_geocodificar,none,"Candidato a geocodificacao; nao e coordenada, rotulo ou evidencia de treino.","Nao usar como ground truth, escore ou variavel derivada do rotulo."
2283818aef20a9d3,2026,24/07/2026,Drenagem,Alagamentos,Aberto,Nossa Senhora Aparecida,SEMINARIO,Unidade Regional Portao,Portal,True,False,1,pronto_para_geocodificar,none,"Candidato a geocodificacao; nao e coordenada, rotulo ou evidencia de treino.","Nao usar como ground truth, escore ou variavel derivada do rotulo."
25963a373c85f627,2026,04/02/2026,Drenagem,Alagamentos,Aberto,Hugo Kinzelmann,CAMPINA DO SIQUEIRA,Unidade Regional Santa Felicidade,Portal,True,False,1,pronto_para_geocodificar,none,"Candidato a geocodificacao; nao e coordenada, rotulo ou evidencia de treino.","Nao usar como ground truth, escore ou variavel derivada do rotulo."
70f84d080f00341a,2026,25/05/2026,Drenagem,Alagamentos,Aberto,RUA ARTHUR BELACHE,SANTA FELICIDADE,Unidade Regional Santa Felicidade,Telefone,True,False,1,pronto_para_geocodificar,none,"Candidato a geocodificacao; nao e coordenada, rotulo ou evidencia de treino.","Nao usar como ground truth, escore ou variavel derivada do rotulo."
a7b9d34a8ff07a09,2026,01/01/2026,Proteção ao cidadão - GM,"Enchentes, inundações ou alagamentos",Concluído,RUA PROFESSORA MARIA DO BELÉM FRANÇA,SAO MIGUEL,Unidade Regional CIC,Telefone,True,False,1,pronto_para_geocodificar,none,"Candidato a geocodificacao; nao e coordenada, rotulo ou evidencia de treino.","Nao usar como ground truth, escore ou variavel derivada do rotulo."
3e98b85b16245c62,2026,14/01/2026,Proteção ao cidadão - GM,"Enchentes, inundações ou alagamentos",Concluído,Rua Professor Ulisses Vieira,PORTAO,Unidade Regional Portao,Telefone,True,False,1,pronto_para_geocodificar,none,"Candidato a geocodificacao; nao e coordenada, rotulo ou evidencia de treino.","Nao usar como ground truth, escore ou variavel derivada do rotulo."
42086b98b874b88b,2026,14/01/2026,Proteção ao cidadão - GM,"Enchentes, inundações ou alagamentos",Concluído,RUA VINTE E QUATRO DE MAIO,PAROLIN,Unidade Regional Portao,Telefone,True,False,1,pronto_para_geocodificar,none,"Candidato a geocodificacao; nao e coordenada, rotulo ou evidencia de treino.","Nao usar como ground truth, escore ou variavel derivada do rotulo."
33d6c0a527847d0d,2026,14/01/2026,Proteção ao cidadão - GM,"Enchentes, inundações ou alagamentos",Concluído,AVENIDA JUSCELINO KUBITSCHEK DE OLIVEIRA,CIDADE INDUSTRIAL,Unidade Regional CIC,Telefone,True,False,1,pronto_para_geocodificar,none,"Candidato a geocodificacao; nao e coordenada, rotulo ou evidencia de treino.","Nao usar como ground truth, escore ou variavel derivada do rotulo."
a755860dd0717583,2026,03/02/2026,Proteção ao cidadão - GM,"Enchentes, inundações ou alagamentos",Concluído,RUA RICHARD WAGNER,VISTA ALEGRE,Unidade Regional Santa Felicidade,Telefone,True,False,1,pronto_para_geocodificar,none,"Candidato a geocodificacao; nao e coordenada, rotulo ou evidencia de treino.","Nao usar como ground truth, escore ou variavel derivada do rotulo."
18049b81e248932d,2026,03/02/2026,Proteção ao cidadão - GM,"Enchentes, inundações ou alagamentos",Concluído,RUA ITAÚNA DO SUL,ALTO BOQUEIRAO,Unidade Regional Boqueirao,Telefone,True,False,2,pronto_para_geocodificar,none,"Candidato a geocodificacao; nao e coordenada, rotulo ou evidencia de treino.","Nao usar como ground truth, escore ou variavel derivada do rotulo."
adb2a31ee323a9bd,2026,03/02/2026,Proteção ao cidadão - GM,"Enchentes, inundações ou alagamentos",Concluído,RUA BOM JESUS DE IGUAPE,BOQUEIRAO,Unidade Regional Boqueirao,Telefone,True,False,1,pronto_para_geocodificar,none,"Candidato a geocodificacao; nao e coordenada, rotulo ou evidencia de treino.","Nao usar como ground truth, escore ou variavel derivada do rotulo."
7a8c4e1bdfde86a4,2026,03/02/2026,Proteção ao cidadão - GM,"Enchentes, inundações ou alagamentos",Concluído,Rua Engenheiro Oswaldo Siqueira,TABOAO,Unidade Regional Boa Vista,Telefone,True,False,1,pronto_para_geocodificar,none,"Candidato a geocodificacao; nao e coordenada, rotulo ou evidencia de treino.","Nao usar como ground truth, escore ou variavel derivada do rotulo."
c61f287a13cb541c,2026,03/02/2026,Proteção ao cidadão - GM,"Enchentes, inundações ou alagamentos",Concluído,Rua Coronel Herculano de Araújo,NOVO MUNDO,Unidade Regional Pinheirinho,Telefone,True,False,1,pronto_para_geocodificar,none,"Candidato a geocodificacao; nao e coordenada, rotulo ou evidencia de treino.","Nao usar como ground truth, escore ou variavel derivada do rotulo."
a19a677d679c6b8d,2026,03/02/2026,Proteção ao cidadão - GM,"Enchentes, inundações ou alagamentos",Concluído,Zires Pereira Ribas,ALTO BOQUEIRAO,Unidade Regional Boqueirao,Telefone,True,False,1,pronto_para_geocodificar,none,"Candidato a geocodificacao; nao e coordenada, rotulo ou evidencia de treino.","Nao usar como ground truth, escore ou variavel derivada do rotulo."
06437bdf624b5f9f,2026,03/02/2026,Proteção ao cidadão - GM,"Enchentes, inundações ou alagamentos",Concluído,RUA LEÓPOLIS,ALTO BOQUEIRAO,Unidade Regional Boqueirao,Telefone,True,False,1,pronto_para_geocodificar,none,"Candidato a geocodificacao; nao e coordenada, rotulo ou evidencia de treino.","Nao usar como ground truth, escore ou variavel derivada do rotulo."
06c3aa22fcd5889b,2026,03/02/2026,Proteção ao cidadão - GM,"Enchentes, inundações ou alagamentos",Concluído,Rua Laércio Nakashima,UBERABA,Unidade Regional Cajuru,Telefone,True,False,1,pronto_para_geocodificar,none,"Candidato a geocodificacao; nao e coordenada, rotulo ou evidencia de treino.","Nao usar como ground truth, escore ou variavel derivada do rotulo."
a62a9b1a7afe79ab,2026,03/02/2026,Proteção ao cidadão - GM,"Enchentes, inundações ou alagamentos",Concluído,RUA PADRE ESTANISLAU CEBULA,CAJURU,Unidade Regional Cajuru,Telefone,True,False,1,pronto_para_geocodificar,none,"Candidato a geocodificacao; nao e coordenada, rotulo ou evidencia de treino.","Nao usar como ground truth, escore ou variavel derivada do rotulo."
4a420a1e4ac7b30d,2026,03/02/2026,Proteção ao cidadão - GM,"Enchentes, inundações ou alagamentos",Concluído,Rua Reskala Snege,ALTO BOQUEIRAO,Unidade Regional Boqueirao,Telefone,True,False,1,pronto_para_geocodificar,none,"Candidato a geocodificacao; nao e coordenada, rotulo ou evidencia de treino.","Nao usar como ground truth, escore ou variavel derivada do rotulo."
200ace32f6458ad6,2026,03/02/2026,Proteção ao cidadão - GM,"Enchentes, inundações ou alagamentos",Concluído,Rua Osmário de Lima,CAPAO DA IMBUIA,Unidade Regional Cajuru,Telefone,True,False,1,pronto_para_geocodificar,none,"Candidato a geocodificacao; nao e coordenada, rotulo ou evidencia de treino.","Nao usar como ground truth, escore ou variavel derivada do rotulo."
a752e4ebf6245040,2026,03/02/2026,Proteção ao cidadão - GM,"Enchentes, inundações ou alagamentos",Concluído,Rua Izaac Ferreira da Cruz,SITIO CERCADO,Unidade Regional Bairro Novo,Telefone,True,False,1,pronto_para_geocodificar,none,"Candidato a geocodificacao; nao e coordenada, rotulo ou evidencia de treino.","Nao usar como ground truth, escore ou variavel derivada do rotulo."
931417e768392f49,2026,03/02/2026,Proteção ao cidadão - GM,"Enchentes, inundações ou alagamentos",Concluído,Rua Menino Jesus,XAXIM,Unidade Regional Boqueirao,Telefone,True,False,1,pronto_para_geocodificar,none,"Candidato a geocodificacao; nao e coordenada, rotulo ou evidencia de treino.","Nao usar como ground truth, escore ou variavel derivada do rotulo."
40db72f5cff3f946,2026,13/02/2026,Proteção ao cidadão - GM,"Enchentes, inundações ou alagamentos",Concluído,Rua São Carlos,SANTA FELICIDADE,Unidade Regional Santa Felicidade,Telefone,True,False,1,pronto_para_geocodificar,none,"Candidato a geocodificacao; nao e coordenada, rotulo ou evidencia de treino.","Nao usar como ground truth, escore ou variavel derivada do rotulo."
5e64dd8b5e471cea,2026,13/02/2026,Proteção ao cidadão - GM,"Enchentes, inundações ou alagamentos",Concluído,Rua Jandira Ferreira Dos Santos,FAZENDINHA,Unidade Regional Portao,Telefone,True,False,1,pronto_para_geocodificar,none,"Candidato a geocodificacao; nao e coordenada, rotulo ou evidencia de treino.","Nao usar como ground truth, escore ou variavel derivada do rotulo."
3280d955c0d654bb,2026,20/06/2026,Proteção ao cidadão - GM,"Enchentes, inundações ou alagamentos",Concluído,RUA HELLEN KELLER,CAPAO RASO,Unidade Regional Pinheirinho,Telefone,True,False,3,pronto_para_geocodificar,none,"Candidato a geocodificacao; nao e coordenada, rotulo ou evidencia de treino.","Nao usar como ground truth, escore ou variavel derivada do rotulo."
f9d53e8bff7264e0,2026,20/06/2026,Proteção ao cidadão - GM,"Enchentes, inundações ou alagamentos",Concluído,Rua Orestes Thá,CIDADE INDUSTRIAL,Unidade Regional CIC,Chat,True,False,1,pronto_para_geocodificar,none,"Candidato a geocodificacao; nao e coordenada, rotulo ou evidencia de treino.","Nao usar como ground truth, escore ou variavel derivada do rotulo."
3280d955c0d654bb,2026,20/06/2026,Proteção ao cidadão - GM,"Enchentes, inundações ou alagamentos",Concluído,RUA HELLEN KELLER,CAPAO RASO,Unidade Regional Pinheirinho,Telefone,True,False,3,pronto_para_geocodificar,none,"Candidato a geocodificacao; nao e coordenada, rotulo ou evidencia de treino.","Nao usar como ground truth, escore ou variavel derivada do rotulo."
822b5e031d09cc86,2026,20/06/2026,Proteção ao cidadão - GM,"Enchentes, inundações ou alagamentos",Concluído,Rua Hellen Keller,CAPAO RASO,Unidade Regional Pinheirinho,Telefone,True,False,3,pronto_para_geocodificar,none,"Candidato a geocodificacao; nao e coordenada, rotulo ou evidencia de treino.","Nao usar como ground truth, escore ou variavel derivada do rotulo."
2951a35284decb4c,2026,20/06/2026,Proteção ao cidadão - GM,"Enchentes, inundações ou alagamentos",Concluído,RUA JEREMIAS MACIEL PERRETTO,CAMPO COMPRIDO,Unidade Regional Portao,Telefone,True,False,1,pronto_para_geocodificar,none,"Candidato a geocodificacao; nao e coordenada, rotulo ou evidencia de treino.","Nao usar como ground truth, escore ou variavel derivada do rotulo."
14228f2b4ea866bb,2026,20/06/2026,Proteção ao cidadão - GM,"Enchentes, inundações ou alagamentos",Concluído,Rua Clementina Kulik,SANTA CANDIDA,Unidade Regional Boa Vista,Telefone,True,False,1,pronto_para_geocodificar,none,"Candidato a geocodificacao; nao e coordenada, rotulo ou evidencia de treino.","Nao usar como ground truth, escore ou variavel derivada do rotulo."
370c07973861b2e2,2026,20/06/2026,Proteção ao cidadão - GM,"Enchentes, inundações ou alagamentos",Concluído,Rua Gamaliel Bueno Galvão,GUAIRA,Unidade Regional Portao,Telefone,True,False,1,pronto_para_geocodificar,none,"Candidato a geocodificacao; nao e coordenada, rotulo ou evidencia de treino.","Nao usar como ground truth, escore ou variavel derivada do rotulo."
92b9eeb4c0de9f31,2026,20/06/2026,Proteção ao cidadão - GM,"Enchentes, inundações ou alagamentos",Concluído,Coronel Alfredo Ferreira da Costa,JARDIM DAS AMERICAS,Unidade Regional Cajuru,Telefone,True,False,1,pronto_para_geocodificar,none,"Candidato a geocodificacao; nao e coordenada, rotulo ou evidencia de treino.","Nao usar como ground truth, escore ou variavel derivada do rotulo."
46fffd598ebb2bb8,2026,20/06/2026,Proteção ao cidadão - GM,"Enchentes, inundações ou alagamentos",Concluído,Rua Sérgio Carlos Martins Leal,CIDADE INDUSTRIAL,Unidade Regional CIC,Telefone,True,False,1,pronto_para_geocodificar,none,"Candidato a geocodificacao; nao e coordenada, rotulo ou evidencia de treino.","Nao usar como ground truth, escore ou variavel derivada do rotulo."
6ffa1e976bad34f2,2026,29/06/2026,Proteção ao cidadão - GM,"Enchentes, inundações ou alagamentos",Concluído,RUA JOSÉ RIBEIRO DE CRISTO,PILARZINHO,Unidade Regional Boa Vista,Telefone,True,False,1,pronto_para_geocodificar,none,"Candidato a geocodificacao; nao e coordenada, rotulo ou evidencia de treino.","Nao usar como ground truth, escore ou variavel derivada do rotulo."
39f2901d9ef3af23,2026,29/06/2026,Proteção ao cidadão - GM,"Enchentes, inundações ou alagamentos",Concluído,RUA FRANCISCA BERALDE PAOLINI,CAXIMBA,Unidade Regional Tatuquara,Chat,True,False,1,pronto_para_geocodificar,none,"Candidato a geocodificacao; nao e coordenada, rotulo ou evidencia de treino.","Nao usar como ground truth, escore ou variavel derivada do rotulo."
