regiao,rotulo,ponto_id,lat,lon,data_evento,ano_fonte,assunto,subdivisao,logradouro,bairro,nivel_confianca,nominatim_nome_exibicao,nominatim_osm_id,n_grupo_duplicata,fenomeno_ocorrencia,papel_fonte_dataset,uso_permitido,uso_proibido
Curitiba,1,CUR_SIAC156_96cbab4cee639b97,-25.4283039,-49.2503145,24/01/2023,2023,Drenagem,Alagamentos,RUA SCHILLER,ALTO DA RUA XV,strong,"Rua Schiller, Alto da Rua XV, Curitiba, Paraná, Região Sul, 80045-245, Brasil",43948636,1,"flood (alagamento/enchente) - landslide excluded by category filter (SIAC 156 Assunto/Subdivisao is a distinct structured category, not free text)",siac156_curitiba_v1,"Ponto positivo administrativo geocodificado (mesmo criterio do v12 Recife). Nao e ground truth cartografico individual -- confianca strong = correspondencia de rua (geometria, nao numero exato); medium = fallback bairro-centroide.","Nao usar como escore, threshold ou variavel derivada do rotulo. Nao promover a 'validado'/'confirmado' sem revisao do REV-P."
Curitiba,1,CUR_SIAC156_495cde8a5dd11cac,-25.5050446,-49.3195865,07/07/2023,2023,Drenagem,Alagamentos,RUA PEDRO GUSSO,CIDADE INDUSTRIAL,strong,"Rua Pedro Gusso, Núcleo Habitacional Nossa Senhora da Luz dos Pinhais, Cidade Industrial de Curitiba, Curitiba, Paraná, Região Sul, 81310-900, Brasil",48361766,1,"flood (alagamento/enchente) - landslide excluded by category filter (SIAC 156 Assunto/Subdivisao is a distinct structured category, not free text)",siac156_curitiba_v1,"Ponto positivo administrativo geocodificado (mesmo criterio do v12 Recife). Nao e ground truth cartografico individual -- confianca strong = correspondencia de rua (geometria, nao numero exato); medium = fallback bairro-centroide.","Nao usar como escore, threshold ou variavel derivada do rotulo. Nao promover a 'validado'/'confirmado' sem revisao do REV-P."
Curitiba,1,CUR_SIAC156_618fb6087e256278,-25.5265376,-49.2759328,18/04/2023,2023,Drenagem,Alagamentos,Rua Monte Hermom,PINHEIRINHO,strong,"Rua Padre Rafael José Kalinowski, Moradias São Lucas, Pinheirinho, Curitiba, Paraná, Região Sul, 81825-300, Brasil",128988877,2,"flood (alagamento/enchente) - landslide excluded by category filter (SIAC 156 Assunto/Subdivisao is a distinct structured category, not free text)",siac156_curitiba_v1,"Ponto positivo administrativo geocodificado (mesmo criterio do v12 Recife). Nao e ground truth cartografico individual -- confianca strong = correspondencia de rua (geometria, nao numero exato); medium = fallback bairro-centroide.","Nao usar como escore, threshold ou variavel derivada do rotulo. Nao promover a 'validado'/'confirmado' sem revisao do REV-P."
Curitiba,1,CUR_SIAC156_9cc601905c28b06f,-25.5095439,-49.3396684,17/02/2023,2023,Drenagem,Alagamentos,RUA OSWALDO FERREIRA DOS SANTOS,CIDADE INDUSTRIAL,strong,"Rua Oswaldo Ferreira dos Santos, Cidade Industrial de Curitiba, Curitiba, Paraná, Região Sul, 81350-260, Brasil",570512336,1,"flood (alagamento/enchente) - landslide excluded by category filter (SIAC 156 Assunto/Subdivisao is a distinct structured category, not free text)",siac156_curitiba_v1,"Ponto positivo administrativo geocodificado (mesmo criterio do v12 Recife). Nao e ground truth cartografico individual -- confianca strong = correspondencia de rua (geometria, nao numero exato); medium = fallback bairro-centroide.","Nao usar como escore, threshold ou variavel derivada do rotulo. Nao promover a 'validado'/'confirmado' sem revisao do REV-P."
Curitiba,1,CUR_SIAC156_7737a80e069afb0f,-25.5537218,-49.2528012,09/05/2023,2023,Drenagem,Alagamentos,RUA ITAGUAJÉ,SITIO CERCADO,strong,"Rua Itaguajé, Vila Osternack, Sítio Cercado, Curitiba, Paraná, Região Sul, 81935-060, Brasil",164975535,1,"flood (alagamento/enchente) - landslide excluded by category filter (SIAC 156 Assunto/Subdivisao is a distinct structured category, not free text)",siac156_curitiba_v1,"Ponto positivo administrativo geocodificado (mesmo criterio do v12 Recife). Nao e ground truth cartografico individual -- confianca strong = correspondencia de rua (geometria, nao numero exato); medium = fallback bairro-centroide.","Nao usar como escore, threshold ou variavel derivada do rotulo. Nao promover a 'validado'/'confirmado' sem revisao do REV-P."
Curitiba,1,CUR_SIAC156_0283b5c9e0ad40e5,-25.4767366,-49.1923361,18/05/2023,2023,Drenagem,Alagamentos,RUA ANTONIO MOREIRA LOPES,CAJURU,strong,"Rua Antônio Moreira Lopes, Cajuru, Curitiba, Paraná, Região Sul, 82980-130, Brasil",1070406606,1,"flood (alagamento/enchente) - landslide excluded by category filter (SIAC 156 Assunto/Subdivisao is a distinct structured category, not free text)",siac156_curitiba_v1,"Ponto positivo administrativo geocodificado (mesmo criterio do v12 Recife). Nao e ground truth cartografico individual -- confianca strong = correspondencia de rua (geometria, nao numero exato); medium = fallback bairro-centroide.","Nao usar como escore, threshold ou variavel derivada do rotulo. Nao promover a 'validado'/'confirmado' sem revisao do REV-P."
Curitiba,1,CUR_SIAC156_f8bbb79b3d6341eb,-25.37057,-49.2477366,17/03/2023,2023,Drenagem,Alagamentos,RUA FERNANDO DE NORONHA,BARREIRINHA,strong,"Rua Fernando de Noronha, Barreirinha, Curitiba, Paraná, Região Sul, 82650-430, Brasil",976483006,1,"flood (alagamento/enchente) - landslide excluded by category filter (SIAC 156 Assunto/Subdivisao is a distinct structured category, not free text)",siac156_curitiba_v1,"Ponto positivo administrativo geocodificado (mesmo criterio do v12 Recife). Nao e ground truth cartografico individual -- confianca strong = correspondencia de rua (geometria, nao numero exato); medium = fallback bairro-centroide.","Nao usar como escore, threshold ou variavel derivada do rotulo. Nao promover a 'validado'/'confirmado' sem revisao do REV-P."
Curitiba,1,CUR_SIAC156_2b9e8aafe6c8e04b,-25.3675077,-49.2269901,02/10/2023,2023,Drenagem,Alagamentos,ESTRADA GUILHERME WEIGERT,SANTA CANDIDA,strong,"Estrada Guilherme Weigert, Santa Cândida, Curitiba, Paraná, Região Sul, 82620-360, Brasil",166726772,1,"flood (alagamento/enchente) - landslide excluded by category filter (SIAC 156 Assunto/Subdivisao is a distinct structured category, not free text)",siac156_curitiba_v1,"Ponto positivo administrativo geocodificado (mesmo criterio do v12 Recife). Nao e ground truth cartografico individual -- confianca strong = correspondencia de rua (geometria, nao numero exato); medium = fallback bairro-centroide.","Nao usar como escore, threshold ou variavel derivada do rotulo. Nao promover a 'validado'/'confirmado' sem revisao do REV-P."
Curitiba,1,CUR_SIAC156_bf9fed88ffa39a8d,-25.5378725,-49.2433394,07/10/2023,2023,Drenagem,Alagamentos,RUA EXPEDICIONARIO ANELIO DA LUZ,ALTO BOQUEIRAO,strong,"Rua Expedicionário Anélio da Luz, Alto Boqueirão, Curitiba, Paraná, Região Sul, 81850-360, Brasil",126822230,1,"flood (alagamento/enchente) - landslide excluded by category filter (SIAC 156 Assunto/Subdivisao is a distinct structured category, not free text)",siac156_curitiba_v1,"Ponto positivo administrativo geocodificado (mesmo criterio do v12 Recife). Nao e ground truth cartografico individual -- confianca strong = correspondencia de rua (geometria, nao numero exato); medium = fallback bairro-centroide.","Nao usar como escore, threshold ou variavel derivada do rotulo. Nao promover a 'validado'/'confirmado' sem revisao do REV-P."
Curitiba,1,CUR_SIAC156_d877fb2d8893b61c,-25.4006629,-49.3255125,07/10/2023,2023,Drenagem,Alagamentos,RUA CORONEL CARLOS VIEIRA DE CAMARGO,SANTA FELICIDADE,strong,"Rua Coronel Carlos Vieira de Camargo, Santa Felicidade, Curitiba, Paraná, Região Sul, 82020-470, Brasil",158126122,1,"flood (alagamento/enchente) - landslide excluded by category filter (SIAC 156 Assunto/Subdivisao is a distinct structured category, not free text)",siac156_curitiba_v1,"Ponto positivo administrativo geocodificado (mesmo criterio do v12 Recife). Nao e ground truth cartografico individual -- confianca strong = correspondencia de rua (geometria, nao numero exato); medium = fallback bairro-centroide.","Nao usar como escore, threshold ou variavel derivada do rotulo. Nao promover a 'validado'/'confirmado' sem revisao do REV-P."
Curitiba,1,CUR_SIAC156_ffad3210795a5245,-25.4192599,-49.2977595,18/10/2023,2023,Drenagem,Alagamentos,RUA ALCIDES MUNHOZ,MERCES,strong,"Rua Alcides Munhoz, Mercês, Curitiba, Paraná, Região Sul, 80810-345, Brasil",163148937,1,"flood (alagamento/enchente) - landslide excluded by category filter (SIAC 156 Assunto/Subdivisao is a distinct structured category, not free text)",siac156_curitiba_v1,"Ponto positivo administrativo geocodificado (mesmo criterio do v12 Recife). Nao e ground truth cartografico individual -- confianca strong = correspondencia de rua (geometria, nao numero exato); medium = fallback bairro-centroide.","Nao usar como escore, threshold ou variavel derivada do rotulo. Nao promover a 'validado'/'confirmado' sem revisao do REV-P."
Curitiba,1,CUR_SIAC156_d007de9c07df75c9,-25.481273,-49.3253888,30/10/2023,2023,Drenagem,Alagamentos,RUA NATÁLIO SCUSSIATO,FAZENDINHA,medium,"Fazendinha, Curitiba, Paraná, Região Sul, 81330-170, Brasil",961802189,1,"flood (alagamento/enchente) - landslide excluded by category filter (SIAC 156 Assunto/Subdivisao is a distinct structured category, not free text)",siac156_curitiba_v1,"Ponto positivo administrativo geocodificado (mesmo criterio do v12 Recife). Nao e ground truth cartografico individual -- confianca strong = correspondencia de rua (geometria, nao numero exato); medium = fallback bairro-centroide.","Nao usar como escore, threshold ou variavel derivada do rotulo. Nao promover a 'validado'/'confirmado' sem revisao do REV-P."
Curitiba,1,CUR_SIAC156_74dcc2c01ca0cefb,-25.4584517,-49.3222723,27/10/2023,2023,Drenagem,Alagamentos,Rua Mário Zanlorenzi,CAMPO COMPRIDO,strong,"Rua Mário Zanlorenzi, Campo Comprido, Curitiba, Paraná, Região Sul, 81220-060, Brasil",161501472,2,"flood (alagamento/enchente) - landslide excluded by category filter (SIAC 156 Assunto/Subdivisao is a distinct structured category, not free text)",siac156_curitiba_v1,"Ponto positivo administrativo geocodificado (mesmo criterio do v12 Recife). Nao e ground truth cartografico individual -- confianca strong = correspondencia de rua (geometria, nao numero exato); medium = fallback bairro-centroide.","Nao usar como escore, threshold ou variavel derivada do rotulo. Nao promover a 'validado'/'confirmado' sem revisao do REV-P."
Curitiba,1,CUR_SIAC156_f59ffef27a7a8e14,-25.4696329,-49.3037407,10/06/2023,2023,Drenagem,Alagamentos,RUA CARLOS DIETZSCH,PORTAO,strong,"Rua Carlos Dietzsch, Portão, Curitiba, Paraná, Região Sul, 80330-050, Brasil",282745184,1,"flood (alagamento/enchente) - landslide excluded by category filter (SIAC 156 Assunto/Subdivisao is a distinct structured category, not free text)",siac156_curitiba_v1,"Ponto positivo administrativo geocodificado (mesmo criterio do v12 Recife). Nao e ground truth cartografico individual -- confianca strong = correspondencia de rua (geometria, nao numero exato); medium = fallback bairro-centroide.","Nao usar como escore, threshold ou variavel derivada do rotulo. Nao promover a 'validado'/'confirmado' sem revisao do REV-P."
Curitiba,1,CUR_SIAC156_345f6504c6f5662d,-25.3784693,-49.2775896,29/10/2023,2023,Drenagem,Alagamentos,RUA CATHARINA PRODLIK,ABRANCHES,strong,"Rua Catharina Prodlik, Abranches, Curitiba, Paraná, Região Sul, 82130-290, Brasil",150348438,1,"flood (alagamento/enchente) - landslide excluded by category filter (SIAC 156 Assunto/Subdivisao is a distinct structured category, not free text)",siac156_curitiba_v1,"Ponto positivo administrativo geocodificado (mesmo criterio do v12 Recife). Nao e ground truth cartografico individual -- confianca strong = correspondencia de rua (geometria, nao numero exato); medium = fallback bairro-centroide.","Nao usar como escore, threshold ou variavel derivada do rotulo. Nao promover a 'validado'/'confirmado' sem revisao do REV-P."
Curitiba,1,CUR_SIAC156_1adb9d5cd3a6db7a,-25.4895782,-49.3459345,27/10/2023,2023,Drenagem,Alagamentos,Avenida Juscelino Kubitschek de Oliveira,CIDADE INDUSTRIAL,strong,"Avenida Juscelino Kubitschek de Oliveira (Marginal Oeste), Cidade Industrial de Curitiba, Curitiba, Paraná, Região Sul, 81250-460, Brasil",1259147529,1,"flood (alagamento/enchente) - landslide excluded by category filter (SIAC 156 Assunto/Subdivisao is a distinct structured category, not free text)",siac156_curitiba_v1,"Ponto positivo administrativo geocodificado (mesmo criterio do v12 Recife). Nao e ground truth cartografico individual -- confianca strong = correspondencia de rua (geometria, nao numero exato); medium = fallback bairro-centroide.","Nao usar como escore, threshold ou variavel derivada do rotulo. Nao promover a 'validado'/'confirmado' sem revisao do REV-P."
Curitiba,1,CUR_SIAC156_e1245e89ad06527c,-25.380009,-49.3315413,29/10/2023,2023,Drenagem,Alagamentos,Rua Rômulo César Alves,SANTA FELICIDADE,strong,"Rua Rômulo César Alves, Santa Felicidade, Curitiba, Paraná, Região Sul, 82410-220, Brasil",161364283,1,"flood (alagamento/enchente) - landslide excluded by category filter (SIAC 156 Assunto/Subdivisao is a distinct structured category, not free text)",siac156_curitiba_v1,"Ponto positivo administrativo geocodificado (mesmo criterio do v12 Recife). Nao e ground truth cartografico individual -- confianca strong = correspondencia de rua (geometria, nao numero exato); medium = fallback bairro-centroide.","Nao usar como escore, threshold ou variavel derivada do rotulo. Nao promover a 'validado'/'confirmado' sem revisao do REV-P."
Curitiba,1,CUR_SIAC156_9d9424d49008743e,-25.497993,-49.334522,23/10/2023,2023,Drenagem,Alagamentos,Rua Nossa Senhora de Monte Claro,CIDADE INDUSTRIAL,medium,"Cidade Industrial de Curitiba, Curitiba, Paraná, Região Sul, 81350-260, Brasil",3012156952,1,"flood (alagamento/enchente) - landslide excluded by category filter (SIAC 156 Assunto/Subdivisao is a distinct structured category, not free text)",siac156_curitiba_v1,"Ponto positivo administrativo geocodificado (mesmo criterio do v12 Recife). Nao e ground truth cartografico individual -- confianca strong = correspondencia de rua (geometria, nao numero exato); medium = fallback bairro-centroide.","Nao usar como escore, threshold ou variavel derivada do rotulo. Nao promover a 'validado'/'confirmado' sem revisao do REV-P."
Curitiba,1,CUR_SIAC156_d48218ec8553a21b,-25.4709825,-49.2722635,29/10/2023,2023,Drenagem,Alagamentos,RUA SERGIPE,GUAIRA,strong,"Rua Sergipe, Guaíra, Curitiba, Paraná, Região Sul, 80630-220, Brasil",48359719,2,"flood (alagamento/enchente) - landslide excluded by category filter (SIAC 156 Assunto/Subdivisao is a distinct structured category, not free text)",siac156_curitiba_v1,"Ponto positivo administrativo geocodificado (mesmo criterio do v12 Recife). Nao e ground truth cartografico individual -- confianca strong = correspondencia de rua (geometria, nao numero exato); medium = fallback bairro-centroide.","Nao usar como escore, threshold ou variavel derivada do rotulo. Nao promover a 'validado'/'confirmado' sem revisao do REV-P."
Curitiba,1,CUR_SIAC156_e70d9cc1b5d217c2,-25.4691194,-49.1942105,29/10/2023,2023,Drenagem,Alagamentos,Rua Victorio Celli,CAJURU,strong,"Rua Victório Celli, Cajuru, Curitiba, Paraná, Região Sul, 82980-100, Brasil",163153929,1,"flood (alagamento/enchente) - landslide excluded by category filter (SIAC 156 Assunto/Subdivisao is a distinct structured category, not free text)",siac156_curitiba_v1,"Ponto positivo administrativo geocodificado (mesmo criterio do v12 Recife). Nao e ground truth cartografico individual -- confianca strong = correspondencia de rua (geometria, nao numero exato); medium = fallback bairro-centroide.","Nao usar como escore, threshold ou variavel derivada do rotulo. Nao promover a 'validado'/'confirmado' sem revisao do REV-P."
Curitiba,1,CUR_SIAC156_270669d816937afb,-25.3846208,-49.2177896,03/11/2023,2023,Drenagem,Alagamentos,Felisbino Passos,TINGUI,strong,"Rua Felisbino Passos, Tingui, Curitiba, Paraná, Região Sul, 82600-010, Brasil",190730001,1,"flood (alagamento/enchente) - landslide excluded by category filter (SIAC 156 Assunto/Subdivisao is a distinct structured category, not free text)",siac156_curitiba_v1,"Ponto positivo administrativo geocodificado (mesmo criterio do v12 Recife). Nao e ground truth cartografico individual -- confianca strong = correspondencia de rua (geometria, nao numero exato); medium = fallback bairro-centroide.","Nao usar como escore, threshold ou variavel derivada do rotulo. Nao promover a 'validado'/'confirmado' sem revisao do REV-P."
Curitiba,1,CUR_SIAC156_bcd241e07845b28e,-25.475228,-49.3326118,29/10/2023,2023,Drenagem,Alagamentos,Leonor Cardoso,CAMPO COMPRIDO,strong,"Rua Leonor Cardoso, Campo Comprido, Curitiba, Paraná, Região Sul, 81240-000, Brasil",165357255,1,"flood (alagamento/enchente) - landslide excluded by category filter (SIAC 156 Assunto/Subdivisao is a distinct structured category, not free text)",siac156_curitiba_v1,"Ponto positivo administrativo geocodificado (mesmo criterio do v12 Recife). Nao e ground truth cartografico individual -- confianca strong = correspondencia de rua (geometria, nao numero exato); medium = fallback bairro-centroide.","Nao usar como escore, threshold ou variavel derivada do rotulo. Nao promover a 'validado'/'confirmado' sem revisao do REV-P."
Curitiba,1,CUR_SIAC156_8c571afb1e3461ad,-25.4660832,-49.2935325,26/10/2023,2023,Drenagem,Alagamentos,RUA FRANCISCO FRISCHMANN,PORTAO,strong,"Rua Francisco Frischmann, Portão, Curitiba, Paraná, Região Sul, 80620-060, Brasil",39453105,1,"flood (alagamento/enchente) - landslide excluded by category filter (SIAC 156 Assunto/Subdivisao is a distinct structured category, not free text)",siac156_curitiba_v1,"Ponto positivo administrativo geocodificado (mesmo criterio do v12 Recife). Nao e ground truth cartografico individual -- confianca strong = correspondencia de rua (geometria, nao numero exato); medium = fallback bairro-centroide.","Nao usar como escore, threshold ou variavel derivada do rotulo. Nao promover a 'validado'/'confirmado' sem revisao do REV-P."
Curitiba,1,CUR_SIAC156_bb385e1ce52d6837,-25.4869771,-49.2377774,03/11/2023,2023,Drenagem,Alagamentos,RUA DAS CARMELITAS,BOQUEIRAO,strong,"Rua das Carmelitas, Boqueirão, Curitiba, Paraná, Região Sul, 81650-110, Brasil",85573756,1,"flood (alagamento/enchente) - landslide excluded by category filter (SIAC 156 Assunto/Subdivisao is a distinct structured category, not free text)",siac156_curitiba_v1,"Ponto positivo administrativo geocodificado (mesmo criterio do v12 Recife). Nao e ground truth cartografico individual -- confianca strong = correspondencia de rua (geometria, nao numero exato); medium = fallback bairro-centroide.","Nao usar como escore, threshold ou variavel derivada do rotulo. Nao promover a 'validado'/'confirmado' sem revisao do REV-P."
Curitiba,1,CUR_SIAC156_5003b40257cb7fe1,-25.3794297,-49.2974549,29/10/2023,2023,Drenagem,Alagamentos,Rua Afonso Gonçalves Arantes,PILARZINHO,strong,"Rua Afonso Gonçalves Arantes, Pilarzinho, Curitiba, Paraná, Região Sul, 83508-250, Brasil",162042902,1,"flood (alagamento/enchente) - landslide excluded by category filter (SIAC 156 Assunto/Subdivisao is a distinct structured category, not free text)",siac156_curitiba_v1,"Ponto positivo administrativo geocodificado (mesmo criterio do v12 Recife). Nao e ground truth cartografico individual -- confianca strong = correspondencia de rua (geometria, nao numero exato); medium = fallback bairro-centroide.","Nao usar como escore, threshold ou variavel derivada do rotulo. Nao promover a 'validado'/'confirmado' sem revisao do REV-P."
Curitiba,1,CUR_SIAC156_eaee9e3b0c937d41,-25.3899829,-49.2511351,31/10/2023,2023,Drenagem,Alagamentos,Miguel Piekarski,BOA VISTA,strong,"Rua Miguel Piekarski, Boa Vista, Curitiba, Paraná, Região Sul, 82540-050, Brasil",35971381,1,"flood (alagamento/enchente) - landslide excluded by category filter (SIAC 156 Assunto/Subdivisao is a distinct structured category, not free text)",siac156_curitiba_v1,"Ponto positivo administrativo geocodificado (mesmo criterio do v12 Recife). Nao e ground truth cartografico individual -- confianca strong = correspondencia de rua (geometria, nao numero exato); medium = fallback bairro-centroide.","Nao usar como escore, threshold ou variavel derivada do rotulo. Nao promover a 'validado'/'confirmado' sem revisao do REV-P."
Curitiba,1,CUR_SIAC156_834a767fc0541f06,-25.4673864,-49.2745384,29/10/2023,2023,Drenagem,Alagamentos,RUA PARAÍBA,GUAIRA,strong,"Rua Paraíba, Guaíra, Curitiba, Paraná, Região Sul, 80630-000, Brasil",48359723,1,"flood (alagamento/enchente) - landslide excluded by category filter (SIAC 156 Assunto/Subdivisao is a distinct structured category, not free text)",siac156_curitiba_v1,"Ponto positivo administrativo geocodificado (mesmo criterio do v12 Recife). Nao e ground truth cartografico individual -- confianca strong = correspondencia de rua (geometria, nao numero exato); medium = fallback bairro-centroide.","Nao usar como escore, threshold ou variavel derivada do rotulo. Nao promover a 'validado'/'confirmado' sem revisao do REV-P."
Curitiba,1,CUR_SIAC156_49ec9d150fbf1a60,-25.3889495,-49.2156524,29/10/2023,2023,Drenagem,Alagamentos,RUA FREI NICODEMUS GRUNHOFF,TINGUI,strong,"Rua Frei Nicodemus Grunhoff, Tingui, Curitiba, Paraná, Região Sul, 82600-180, Brasil",160681462,1,"flood (alagamento/enchente) - landslide excluded by category filter (SIAC 156 Assunto/Subdivisao is a distinct structured category, not free text)",siac156_curitiba_v1,"Ponto positivo administrativo geocodificado (mesmo criterio do v12 Recife). Nao e ground truth cartografico individual -- confianca strong = correspondencia de rua (geometria, nao numero exato); medium = fallback bairro-centroide.","Nao usar como escore, threshold ou variavel derivada do rotulo. Nao promover a 'validado'/'confirmado' sem revisao do REV-P."
Curitiba,1,CUR_SIAC156_d26d2caafd015a21,-25.4584517,-49.3222723,27/10/2023,2023,Drenagem,Alagamentos,RUA MARIO ZANLORENZI,CAMPO COMPRIDO,strong,"Rua Mário Zanlorenzi, Campo Comprido, Curitiba, Paraná, Região Sul, 81220-060, Brasil",161501472,2,"flood (alagamento/enchente) - landslide excluded by category filter (SIAC 156 Assunto/Subdivisao is a distinct structured category, not free text)",siac156_curitiba_v1,"Ponto positivo administrativo geocodificado (mesmo criterio do v12 Recife). Nao e ground truth cartografico individual -- confianca strong = correspondencia de rua (geometria, nao numero exato); medium = fallback bairro-centroide.","Nao usar como escore, threshold ou variavel derivada do rotulo. Nao promover a 'validado'/'confirmado' sem revisao do REV-P."
Curitiba,1,CUR_SIAC156_9090591c420bab04,-25.497993,-49.334522,16/01/2023,2023,Drenagem,Alagamentos,RUA PADRE JACINTO MIENSOPUST,CIDADE INDUSTRIAL,medium,"Cidade Industrial de Curitiba, Curitiba, Paraná, Região Sul, 81350-260, Brasil",3012156952,1,"flood (alagamento/enchente) - landslide excluded by category filter (SIAC 156 Assunto/Subdivisao is a distinct structured category, not free text)",siac156_curitiba_v1,"Ponto positivo administrativo geocodificado (mesmo criterio do v12 Recife). Nao e ground truth cartografico individual -- confianca strong = correspondencia de rua (geometria, nao numero exato); medium = fallback bairro-centroide.","Nao usar como escore, threshold ou variavel derivada do rotulo. Nao promover a 'validado'/'confirmado' sem revisao do REV-P."
Curitiba,1,CUR_SIAC156_23325938c50090dd,-25.392013,-49.351697,01/12/2023,2023,Drenagem,Alagamentos,Avenida Manoel Ribas,BUTIATUVINHA,strong,"Avenida Manoel Ribas, Butiatuvinha, Curitiba, Paraná, Região Sul, 82320-750, Brasil",945716784,1,"flood (alagamento/enchente) - landslide excluded by category filter (SIAC 156 Assunto/Subdivisao is a distinct structured category, not free text)",siac156_curitiba_v1,"Ponto positivo administrativo geocodificado (mesmo criterio do v12 Recife). Nao e ground truth cartografico individual -- confianca strong = correspondencia de rua (geometria, nao numero exato); medium = fallback bairro-centroide.","Nao usar como escore, threshold ou variavel derivada do rotulo. Nao promover a 'validado'/'confirmado' sem revisao do REV-P."
Curitiba,1,CUR_SIAC156_0629f95a47c3b9b6,-25.4254959,-49.2031377,19/11/2023,2023,Drenagem,Alagamentos,rio negro,BAIRRO ALTO,strong,"Rua Rio Negro, Bairro Alto, Curitiba, Paraná, Região Sul, 82820-130, Brasil",157843251,1,"flood (alagamento/enchente) - landslide excluded by category filter (SIAC 156 Assunto/Subdivisao is a distinct structured category, not free text)",siac156_curitiba_v1,"Ponto positivo administrativo geocodificado (mesmo criterio do v12 Recife). Nao e ground truth cartografico individual -- confianca strong = correspondencia de rua (geometria, nao numero exato); medium = fallback bairro-centroide.","Nao usar como escore, threshold ou variavel derivada do rotulo. Nao promover a 'validado'/'confirmado' sem revisao do REV-P."
Curitiba,1,CUR_SIAC156_c3db1596fb9f4df8,-25.4030146,-49.3201613,05/12/2023,2023,Drenagem,Alagamentos,RUA LUIZ STIVAL,SANTA FELICIDADE,strong,"Rua Luíz Stival, Santa Felicidade, Curitiba, Paraná, Região Sul, 82020-000, Brasil",1221969458,1,"flood (alagamento/enchente) - landslide excluded by category filter (SIAC 156 Assunto/Subdivisao is a distinct structured category, not free text)",siac156_curitiba_v1,"Ponto positivo administrativo geocodificado (mesmo criterio do v12 Recife). Nao e ground truth cartografico individual -- confianca strong = correspondencia de rua (geometria, nao numero exato); medium = fallback bairro-centroide.","Nao usar como escore, threshold ou variavel derivada do rotulo. Nao promover a 'validado'/'confirmado' sem revisao do REV-P."
Curitiba,1,CUR_SIAC156_45d33c828b580387,-25.3952111,-49.3353581,05/12/2023,2023,Drenagem,Alagamentos,RUA SATURNINO MIRANDA,SANTA FELICIDADE,strong,"Rua Saturnino Miranda, Santa Felicidade, Curitiba, Paraná, Região Sul, 82400-070, Brasil",375466262,1,"flood (alagamento/enchente) - landslide excluded by category filter (SIAC 156 Assunto/Subdivisao is a distinct structured category, not free text)",siac156_curitiba_v1,"Ponto positivo administrativo geocodificado (mesmo criterio do v12 Recife). Nao e ground truth cartografico individual -- confianca strong = correspondencia de rua (geometria, nao numero exato); medium = fallback bairro-centroide.","Nao usar como escore, threshold ou variavel derivada do rotulo. Nao promover a 'validado'/'confirmado' sem revisao do REV-P."
Curitiba,1,CUR_SIAC156_22575d41c8b6b087,-25.4600165,-49.1991131,23/11/2023,2023,Drenagem,Alagamentos,Rua Sebastião Marcos Luiz,CAJURU,strong,"Rua Sebastião Marcos Luiz, Vila São Domingos Agrícola, Cajuru, Curitiba, Paraná, Região Sul, 82930-230, Brasil",759287709,1,"flood (alagamento/enchente) - landslide excluded by category filter (SIAC 156 Assunto/Subdivisao is a distinct structured category, not free text)",siac156_curitiba_v1,"Ponto positivo administrativo geocodificado (mesmo criterio do v12 Recife). Nao e ground truth cartografico individual -- confianca strong = correspondencia de rua (geometria, nao numero exato); medium = fallback bairro-centroide.","Nao usar como escore, threshold ou variavel derivada do rotulo. Nao promover a 'validado'/'confirmado' sem revisao do REV-P."
Curitiba,1,CUR_SIAC156_04c560594ab0c975,-25.5741809,-49.3403488,23/12/2023,2023,Drenagem,Alagamentos,Rua São Maximiliano Maria Kolbe,TATUQUARA,strong,"Rua São Maximiliano Maria Kolbe, Moradias Monteiro Lobato II e III, Tatuquara, Curitiba, Paraná, Região Sul, 81470-400, Brasil",568312577,2,"flood (alagamento/enchente) - landslide excluded by category filter (SIAC 156 Assunto/Subdivisao is a distinct structured category, not free text)",siac156_curitiba_v1,"Ponto positivo administrativo geocodificado (mesmo criterio do v12 Recife). Nao e ground truth cartografico individual -- confianca strong = correspondencia de rua (geometria, nao numero exato); medium = fallback bairro-centroide.","Nao usar como escore, threshold ou variavel derivada do rotulo. Nao promover a 'validado'/'confirmado' sem revisao do REV-P."
Curitiba,1,CUR_SIAC156_6ba6761bf22565fb,-25.3990622,-49.3671298,05/12/2023,2023,Drenagem,Alagamentos,RUA ANGELO PIANARO,BUTIATUVINHA,strong,"Rua Ângelo Pianaro, Butiatuvinha, Curitiba, Paraná, Região Sul, 82310-110, Brasil",383054232,1,"flood (alagamento/enchente) - landslide excluded by category filter (SIAC 156 Assunto/Subdivisao is a distinct structured category, not free text)",siac156_curitiba_v1,"Ponto positivo administrativo geocodificado (mesmo criterio do v12 Recife). Nao e ground truth cartografico individual -- confianca strong = correspondencia de rua (geometria, nao numero exato); medium = fallback bairro-centroide.","Nao usar como escore, threshold ou variavel derivada do rotulo. Nao promover a 'validado'/'confirmado' sem revisao do REV-P."
Curitiba,1,CUR_SIAC156_920fc86f5de1a8cd,-25.5623509,-49.334931,29/10/2023,2023,Drenagem,Alagamentos,Rua Deputado Vidal Vanhoni,TATUQUARA,strong,"Rua Deputado Vidal Vanhoni, Moradias Santa Rita, Tatuquara, Curitiba, Paraná, Região Sul, 81470-170, Brasil",165610633,1,"flood (alagamento/enchente) - landslide excluded by category filter (SIAC 156 Assunto/Subdivisao is a distinct structured category, not free text)",siac156_curitiba_v1,"Ponto positivo administrativo geocodificado (mesmo criterio do v12 Recife). Nao e ground truth cartografico individual -- confianca strong = correspondencia de rua (geometria, nao numero exato); medium = fallback bairro-centroide.","Nao usar como escore, threshold ou variavel derivada do rotulo. Nao promover a 'validado'/'confirmado' sem revisao do REV-P."
Curitiba,1,CUR_SIAC156_5fd86d74265bd51a,-25.5577995,-49.3301799,25/12/2023,2023,Proteção ao cidadão - GM,"Enchentes, inundações ou alagamentos",Rua Tenente Antônio Emílio Vaz Lobo,TATUQUARA,strong,"Rua Tenente Antônio Emílio Vaz Lobo, Vila Moradias Beira-rio, Tatuquara, Curitiba, Paraná, Região Sul, 81480-186, Brasil",165623210,1,"flood (alagamento/enchente) - landslide excluded by category filter (SIAC 156 Assunto/Subdivisao is a distinct structured category, not free text)",siac156_curitiba_v1,"Ponto positivo administrativo geocodificado (mesmo criterio do v12 Recife). Nao e ground truth cartografico individual -- confianca strong = correspondencia de rua (geometria, nao numero exato); medium = fallback bairro-centroide.","Nao usar como escore, threshold ou variavel derivada do rotulo. Nao promover a 'validado'/'confirmado' sem revisao do REV-P."
Curitiba,1,CUR_SIAC156_88ceda9f218aaae4,-25.4192599,-49.2977595,22/11/2023,2023,Drenagem,Alagamentos,Rua Alcides Munhoz,MERCES,strong,"Rua Alcides Munhoz, Mercês, Curitiba, Paraná, Região Sul, 80810-345, Brasil",163148937,1,"flood (alagamento/enchente) - landslide excluded by category filter (SIAC 156 Assunto/Subdivisao is a distinct structured category, not free text)",siac156_curitiba_v1,"Ponto positivo administrativo geocodificado (mesmo criterio do v12 Recife). Nao e ground truth cartografico individual -- confianca strong = correspondencia de rua (geometria, nao numero exato); medium = fallback bairro-centroide.","Nao usar como escore, threshold ou variavel derivada do rotulo. Nao promover a 'validado'/'confirmado' sem revisao do REV-P."
Curitiba,1,CUR_SIAC156_23134e2c77c8e773,-25.3814708,-49.3002811,29/10/2023,2023,Drenagem,Alagamentos,Rua Maria Gusso Sforza,PILARZINHO,strong,"Rua Maria Gusso Sforza, Vila Bracatinga, Pilarzinho, Curitiba, Paraná, Região Sul, 83508-250, Brasil",162042915,4,"flood (alagamento/enchente) - landslide excluded by category filter (SIAC 156 Assunto/Subdivisao is a distinct structured category, not free text)",siac156_curitiba_v1,"Ponto positivo administrativo geocodificado (mesmo criterio do v12 Recife). Nao e ground truth cartografico individual -- confianca strong = correspondencia de rua (geometria, nao numero exato); medium = fallback bairro-centroide.","Nao usar como escore, threshold ou variavel derivada do rotulo. Nao promover a 'validado'/'confirmado' sem revisao do REV-P."
Curitiba,1,CUR_SIAC156_c1ba923774f9410d,-25.4884385,-49.2891189,26/10/2023,2023,Drenagem,Alagamentos,Rua Waldemiro Ry,NOVO MUNDO,strong,"Rua Waldemiro Ry, Novo Mundo, Curitiba, Paraná, Região Sul, 81020-220, Brasil",87347297,1,"flood (alagamento/enchente) - landslide excluded by category filter (SIAC 156 Assunto/Subdivisao is a distinct structured category, not free text)",siac156_curitiba_v1,"Ponto positivo administrativo geocodificado (mesmo criterio do v12 Recife). Nao e ground truth cartografico individual -- confianca strong = correspondencia de rua (geometria, nao numero exato); medium = fallback bairro-centroide.","Nao usar como escore, threshold ou variavel derivada do rotulo. Nao promover a 'validado'/'confirmado' sem revisao do REV-P."
Curitiba,1,CUR_SIAC156_aeceea8e6eb92c03,-25.4533496,-49.2130027,11/10/2023,2023,Drenagem,Alagamentos,RUA RAIMUNDO NINA RODRIGUES,CAJURU,medium,"Cajuru, Curitiba, Paraná, Região Sul, Brasil",3882263,1,"flood (alagamento/enchente) - landslide excluded by category filter (SIAC 156 Assunto/Subdivisao is a distinct structured category, not free text)",siac156_curitiba_v1,"Ponto positivo administrativo geocodificado (mesmo criterio do v12 Recife). Nao e ground truth cartografico individual -- confianca strong = correspondencia de rua (geometria, nao numero exato); medium = fallback bairro-centroide.","Nao usar como escore, threshold ou variavel derivada do rotulo. Nao promover a 'validado'/'confirmado' sem revisao do REV-P."
Curitiba,1,CUR_SIAC156_89375d3f1c3214d0,-25.3859926,-49.2157918,23/11/2023,2023,Drenagem,Alagamentos,Rua Lívio Petterle,ATUBA,strong,"Rua Lívio Petterle, Atuba, Curitiba, Paraná, Região Sul, 82620-300, Brasil",160681574,1,"flood (alagamento/enchente) - landslide excluded by category filter (SIAC 156 Assunto/Subdivisao is a distinct structured category, not free text)",siac156_curitiba_v1,"Ponto positivo administrativo geocodificado (mesmo criterio do v12 Recife). Nao e ground truth cartografico individual -- confianca strong = correspondencia de rua (geometria, nao numero exato); medium = fallback bairro-centroide.","Nao usar como escore, threshold ou variavel derivada do rotulo. Nao promover a 'validado'/'confirmado' sem revisao do REV-P."
Curitiba,1,CUR_SIAC156_fa41d02d55844a80,-25.497993,-49.334522,10/11/2023,2023,Drenagem,Alagamentos,Rua Professor Pedro Viriato Parigot de Souza,CIDADE INDUSTRIAL,medium,"Cidade Industrial de Curitiba, Curitiba, Paraná, Região Sul, 81350-260, Brasil",3012156952,1,"flood (alagamento/enchente) - landslide excluded by category filter (SIAC 156 Assunto/Subdivisao is a distinct structured category, not free text)",siac156_curitiba_v1,"Ponto positivo administrativo geocodificado (mesmo criterio do v12 Recife). Nao e ground truth cartografico individual -- confianca strong = correspondencia de rua (geometria, nao numero exato); medium = fallback bairro-centroide.","Nao usar como escore, threshold ou variavel derivada do rotulo. Nao promover a 'validado'/'confirmado' sem revisao do REV-P."
Curitiba,1,CUR_SIAC156_bcc878936eb51537,-25.5123485,-49.336761,23/11/2023,2023,Drenagem,Alagamentos,RUA JERÔNIMO DE SOUZA SOBRINHO,CIDADE INDUSTRIAL,strong,"Rua Jerônimo de Souza Sobrinho, Cidade Industrial de Curitiba, Curitiba, Paraná, Região Sul, 81305-185, Brasil",138705697,1,"flood (alagamento/enchente) - landslide excluded by category filter (SIAC 156 Assunto/Subdivisao is a distinct structured category, not free text)",siac156_curitiba_v1,"Ponto positivo administrativo geocodificado (mesmo criterio do v12 Recife). Nao e ground truth cartografico individual -- confianca strong = correspondencia de rua (geometria, nao numero exato); medium = fallback bairro-centroide.","Nao usar como escore, threshold ou variavel derivada do rotulo. Nao promover a 'validado'/'confirmado' sem revisao do REV-P."
Curitiba,1,CUR_SIAC156_eccae95cdc9e6990,-25.4480231,-49.2531885,23/11/2023,2023,Drenagem,Alagamentos,Imaculada Conceição,PRADO VELHO,strong,"Rua Imaculada Conceição, Prado Velho, Curitiba, Paraná, Região Sul, 80215-180, Brasil",263504527,1,"flood (alagamento/enchente) - landslide excluded by category filter (SIAC 156 Assunto/Subdivisao is a distinct structured category, not free text)",siac156_curitiba_v1,"Ponto positivo administrativo geocodificado (mesmo criterio do v12 Recife). Nao e ground truth cartografico individual -- confianca strong = correspondencia de rua (geometria, nao numero exato); medium = fallback bairro-centroide.","Nao usar como escore, threshold ou variavel derivada do rotulo. Nao promover a 'validado'/'confirmado' sem revisao do REV-P."
Curitiba,1,CUR_SIAC156_10c3e2bf14f4e315,-25.3824437,-49.2932492,10/08/2023,2023,Drenagem,Alagamentos,RUA OSVALDO PFUTZENREUTER- VADICO,PILARZINHO,strong,"Rua Osvaldo Pfutzenreuter, Pilarzinho, Curitiba, Paraná, Região Sul, 82110-350, Brasil",162001718,1,"flood (alagamento/enchente) - landslide excluded by category filter (SIAC 156 Assunto/Subdivisao is a distinct structured category, not free text)",siac156_curitiba_v1,"Ponto positivo administrativo geocodificado (mesmo criterio do v12 Recife). Nao e ground truth cartografico individual -- confianca strong = correspondencia de rua (geometria, nao numero exato); medium = fallback bairro-centroide.","Nao usar como escore, threshold ou variavel derivada do rotulo. Nao promover a 'validado'/'confirmado' sem revisao do REV-P."
Curitiba,1,CUR_SIAC156_0970a242043ee694,-25.4479639,-49.3490765,29/11/2023,2023,Drenagem,Alagamentos,Rua Moacir Vieira Gomes,CAMPO COMPRIDO,strong,"Rua Moacir Vieira Gomes, Campo Comprido, Curitiba, Paraná, Região Sul, 81270-010, Brasil",158260310,1,"flood (alagamento/enchente) - landslide excluded by category filter (SIAC 156 Assunto/Subdivisao is a distinct structured category, not free text)",siac156_curitiba_v1,"Ponto positivo administrativo geocodificado (mesmo criterio do v12 Recife). Nao e ground truth cartografico individual -- confianca strong = correspondencia de rua (geometria, nao numero exato); medium = fallback bairro-centroide.","Nao usar como escore, threshold ou variavel derivada do rotulo. Nao promover a 'validado'/'confirmado' sem revisao do REV-P."
Curitiba,1,CUR_SIAC156_2a29d91f5bd1c646,-25.4666484,-49.1959418,23/11/2023,2023,Drenagem,Alagamentos,Rua Rutildo Pulido,CAJURU,strong,"Rua Rutildo Pulido, Cajuru, Curitiba, Paraná, Região Sul, 82980-100, Brasil",159680507,1,"flood (alagamento/enchente) - landslide excluded by category filter (SIAC 156 Assunto/Subdivisao is a distinct structured category, not free text)",siac156_curitiba_v1,"Ponto positivo administrativo geocodificado (mesmo criterio do v12 Recife). Nao e ground truth cartografico individual -- confianca strong = correspondencia de rua (geometria, nao numero exato); medium = fallback bairro-centroide.","Nao usar como escore, threshold ou variavel derivada do rotulo. Nao promover a 'validado'/'confirmado' sem revisao do REV-P."
Curitiba,1,CUR_SIAC156_12b23ca30a00e803,-25.3976619,-49.324626,05/12/2023,2023,Drenagem,Alagamentos,RUA ODILON NEGRÃO,SANTA FELICIDADE,strong,"Rua Odilon Negrão, Santa Felicidade, Curitiba, Paraná, Região Sul, 82020-470, Brasil",158126118,1,"flood (alagamento/enchente) - landslide excluded by category filter (SIAC 156 Assunto/Subdivisao is a distinct structured category, not free text)",siac156_curitiba_v1,"Ponto positivo administrativo geocodificado (mesmo criterio do v12 Recife). Nao e ground truth cartografico individual -- confianca strong = correspondencia de rua (geometria, nao numero exato); medium = fallback bairro-centroide.","Nao usar como escore, threshold ou variavel derivada do rotulo. Nao promover a 'validado'/'confirmado' sem revisao do REV-P."
Curitiba,1,CUR_SIAC156_1bf43605e07cc35b,-25.4605782,-49.2312899,20/11/2023,2023,Drenagem,Alagamentos,Rua Ana Berta Roskamp,JARDIM DAS AMERICAS,strong,"Rua Ana Berta Roskamp, Jardim das Américas, Curitiba, Paraná, Região Sul, 81530-230, Brasil",952164901,1,"flood (alagamento/enchente) - landslide excluded by category filter (SIAC 156 Assunto/Subdivisao is a distinct structured category, not free text)",siac156_curitiba_v1,"Ponto positivo administrativo geocodificado (mesmo criterio do v12 Recife). Nao e ground truth cartografico individual -- confianca strong = correspondencia de rua (geometria, nao numero exato); medium = fallback bairro-centroide.","Nao usar como escore, threshold ou variavel derivada do rotulo. Nao promover a 'validado'/'confirmado' sem revisao do REV-P."
Curitiba,1,CUR_SIAC156_5377f933647d3d24,-25.4265788,-49.2484718,23/11/2023,2023,Drenagem,Alagamentos,Rua Flávio Dallegrave,ALTO DA RUA XV,strong,"Rua Flávio Dallegrave, Alto da Rua XV, Curitiba, Paraná, Região Sul, 80050-981, Brasil",360750372,1,"flood (alagamento/enchente) - landslide excluded by category filter (SIAC 156 Assunto/Subdivisao is a distinct structured category, not free text)",siac156_curitiba_v1,"Ponto positivo administrativo geocodificado (mesmo criterio do v12 Recife). Nao e ground truth cartografico individual -- confianca strong = correspondencia de rua (geometria, nao numero exato); medium = fallback bairro-centroide.","Nao usar como escore, threshold ou variavel derivada do rotulo. Nao promover a 'validado'/'confirmado' sem revisao do REV-P."
Curitiba,1,CUR_SIAC156_f71c9b84288558fd,-25.392013,-49.351697,30/11/2023,2023,Drenagem,Alagamentos,Avenida Manoel Ribas,BUTIATUVINHA,strong,"Avenida Manoel Ribas, Butiatuvinha, Curitiba, Paraná, Região Sul, 82320-750, Brasil",945716784,1,"flood (alagamento/enchente) - landslide excluded by category filter (SIAC 156 Assunto/Subdivisao is a distinct structured category, not free text)",siac156_curitiba_v1,"Ponto positivo administrativo geocodificado (mesmo criterio do v12 Recife). Nao e ground truth cartografico individual -- confianca strong = correspondencia de rua (geometria, nao numero exato); medium = fallback bairro-centroide.","Nao usar como escore, threshold ou variavel derivada do rotulo. Nao promover a 'validado'/'confirmado' sem revisao do REV-P."
Curitiba,1,CUR_SIAC156_a1835d3aa878c43c,-25.3666473,-49.2683447,29/11/2023,2023,Drenagem,Alagamentos,RUA AUGUSTO DOS ANJOS,BARREIRINHA,strong,"Rua Augusto dos Anjos, Abranches, Curitiba, Paraná, Região Sul, 82220-330, Brasil",161237405,1,"flood (alagamento/enchente) - landslide excluded by category filter (SIAC 156 Assunto/Subdivisao is a distinct structured category, not free text)",siac156_curitiba_v1,"Ponto positivo administrativo geocodificado (mesmo criterio do v12 Recife). Nao e ground truth cartografico individual -- confianca strong = correspondencia de rua (geometria, nao numero exato); medium = fallback bairro-centroide.","Nao usar como escore, threshold ou variavel derivada do rotulo. Nao promover a 'validado'/'confirmado' sem revisao do REV-P."
Curitiba,1,CUR_SIAC156_3d487f2d59345c95,-25.4526098,-49.268275,23/11/2023,2023,Drenagem,Alagamentos,RUA NUNES MACHADO,REBOUCAS,strong,"Rua Nunes Machado, Rebouças, Curitiba, Paraná, Região Sul, 80220-181, Brasil",359642545,1,"flood (alagamento/enchente) - landslide excluded by category filter (SIAC 156 Assunto/Subdivisao is a distinct structured category, not free text)",siac156_curitiba_v1,"Ponto positivo administrativo geocodificado (mesmo criterio do v12 Recife). Nao e ground truth cartografico individual -- confianca strong = correspondencia de rua (geometria, nao numero exato); medium = fallback bairro-centroide.","Nao usar como escore, threshold ou variavel derivada do rotulo. Nao promover a 'validado'/'confirmado' sem revisao do REV-P."
Curitiba,1,CUR_SIAC156_23134e2c77c8e773,-25.3814708,-49.3002811,29/10/2023,2023,Drenagem,Alagamentos,Rua Maria Gusso Sforza,PILARZINHO,strong,"Rua Maria Gusso Sforza, Vila Bracatinga, Pilarzinho, Curitiba, Paraná, Região Sul, 83508-250, Brasil",162042915,4,"flood (alagamento/enchente) - landslide excluded by category filter (SIAC 156 Assunto/Subdivisao is a distinct structured category, not free text)",siac156_curitiba_v1,"Ponto positivo administrativo geocodificado (mesmo criterio do v12 Recife). Nao e ground truth cartografico individual -- confianca strong = correspondencia de rua (geometria, nao numero exato); medium = fallback bairro-centroide.","Nao usar como escore, threshold ou variavel derivada do rotulo. Nao promover a 'validado'/'confirmado' sem revisao do REV-P."
Curitiba,1,CUR_SIAC156_aa77824200be066e,-25.5101598,-49.2708732,12/10/2023,2023,Drenagem,Alagamentos,Rua Dante Honório,XAXIM,strong,"Rua Dante Honório, Xaxim, Curitiba, Paraná, Região Sul, 81810-150, Brasil",85019720,1,"flood (alagamento/enchente) - landslide excluded by category filter (SIAC 156 Assunto/Subdivisao is a distinct structured category, not free text)",siac156_curitiba_v1,"Ponto positivo administrativo geocodificado (mesmo criterio do v12 Recife). Nao e ground truth cartografico individual -- confianca strong = correspondencia de rua (geometria, nao numero exato); medium = fallback bairro-centroide.","Nao usar como escore, threshold ou variavel derivada do rotulo. Nao promover a 'validado'/'confirmado' sem revisao do REV-P."
Curitiba,1,CUR_SIAC156_135665d8f89057d8,-25.5065061,-49.3368871,23/11/2023,2023,Drenagem,Alagamentos,RUA RODRIGO FAIÇAL ZENI,CIDADE INDUSTRIAL,strong,"Rua Rodrigo Faiçal Zeni, Cidade Industrial de Curitiba, Curitiba, Paraná, Região Sul, 81350-260, Brasil",138705658,1,"flood (alagamento/enchente) - landslide excluded by category filter (SIAC 156 Assunto/Subdivisao is a distinct structured category, not free text)",siac156_curitiba_v1,"Ponto positivo administrativo geocodificado (mesmo criterio do v12 Recife). Nao e ground truth cartografico individual -- confianca strong = correspondencia de rua (geometria, nao numero exato); medium = fallback bairro-centroide.","Nao usar como escore, threshold ou variavel derivada do rotulo. Nao promover a 'validado'/'confirmado' sem revisao do REV-P."
Curitiba,1,CUR_SIAC156_20f9c0a4cc2753c5,-25.3748433,-49.2637875,04/12/2023,2023,Drenagem,Alagamentos,RUA FLÁVIO DALLEGRAVE,BARREIRINHA,strong,"Rua Flávio Dallegrave, Barreirinha, Curitiba, Paraná, Região Sul, 82700-110, Brasil",162249727,1,"flood (alagamento/enchente) - landslide excluded by category filter (SIAC 156 Assunto/Subdivisao is a distinct structured category, not free text)",siac156_curitiba_v1,"Ponto positivo administrativo geocodificado (mesmo criterio do v12 Recife). Nao e ground truth cartografico individual -- confianca strong = correspondencia de rua (geometria, nao numero exato); medium = fallback bairro-centroide.","Nao usar como escore, threshold ou variavel derivada do rotulo. Nao promover a 'validado'/'confirmado' sem revisao do REV-P."
Curitiba,1,CUR_SIAC156_55eb216f72c5759d,-25.4612572,-49.2260106,12/08/2023,2023,Drenagem,Alagamentos,RUA DOUTOR BRASÍLIO FERREIRA DA LUZ,JARDIM DAS AMERICAS,strong,"Rua Doutor Brasílio Ferreira da Luz, Jardim das Américas, Curitiba, Paraná, Região Sul, 81540-250, Brasil",32901072,1,"flood (alagamento/enchente) - landslide excluded by category filter (SIAC 156 Assunto/Subdivisao is a distinct structured category, not free text)",siac156_curitiba_v1,"Ponto positivo administrativo geocodificado (mesmo criterio do v12 Recife). Nao e ground truth cartografico individual -- confianca strong = correspondencia de rua (geometria, nao numero exato); medium = fallback bairro-centroide.","Nao usar como escore, threshold ou variavel derivada do rotulo. Nao promover a 'validado'/'confirmado' sem revisao do REV-P."
Curitiba,1,CUR_SIAC156_4d56646273952fc5,-25.4869771,-49.2377774,29/10/2023,2023,Drenagem,Alagamentos,RUA DAS CARMELITAS,BOQUEIRAO,strong,"Rua das Carmelitas, Boqueirão, Curitiba, Paraná, Região Sul, 81650-110, Brasil",85573756,1,"flood (alagamento/enchente) - landslide excluded by category filter (SIAC 156 Assunto/Subdivisao is a distinct structured category, not free text)",siac156_curitiba_v1,"Ponto positivo administrativo geocodificado (mesmo criterio do v12 Recife). Nao e ground truth cartografico individual -- confianca strong = correspondencia de rua (geometria, nao numero exato); medium = fallback bairro-centroide.","Nao usar como escore, threshold ou variavel derivada do rotulo. Nao promover a 'validado'/'confirmado' sem revisao do REV-P."
Curitiba,1,CUR_SIAC156_5fd86d74265bd51a,-25.5577995,-49.3301799,25/12/2023,2023,Drenagem,Alagamentos,Rua Tenente Antônio Emílio Vaz Lobo,TATUQUARA,strong,"Rua Tenente Antônio Emílio Vaz Lobo, Vila Moradias Beira-rio, Tatuquara, Curitiba, Paraná, Região Sul, 81480-186, Brasil",165623210,1,"flood (alagamento/enchente) - landslide excluded by category filter (SIAC 156 Assunto/Subdivisao is a distinct structured category, not free text)",siac156_curitiba_v1,"Ponto positivo administrativo geocodificado (mesmo criterio do v12 Recife). Nao e ground truth cartografico individual -- confianca strong = correspondencia de rua (geometria, nao numero exato); medium = fallback bairro-centroide.","Nao usar como escore, threshold ou variavel derivada do rotulo. Nao promover a 'validado'/'confirmado' sem revisao do REV-P."
Curitiba,1,CUR_SIAC156_3112e1bfa726dc84,-25.5845339,-49.258965,30/10/2023,2023,Drenagem,Alagamentos,RUA MARIA GABARDO DORIGO,GANCHINHO,strong,"Rua Maria Gabardo Dorigo, Ganchinho, Curitiba, Paraná, Região Sul, 81935-420, Brasil",975960768,1,"flood (alagamento/enchente) - landslide excluded by category filter (SIAC 156 Assunto/Subdivisao is a distinct structured category, not free text)",siac156_curitiba_v1,"Ponto positivo administrativo geocodificado (mesmo criterio do v12 Recife). Nao e ground truth cartografico individual -- confianca strong = correspondencia de rua (geometria, nao numero exato); medium = fallback bairro-centroide.","Nao usar como escore, threshold ou variavel derivada do rotulo. Nao promover a 'validado'/'confirmado' sem revisao do REV-P."
Curitiba,1,CUR_SIAC156_eca893aab68f648c,-25.5179793,-49.2247012,29/10/2023,2023,Drenagem,Alagamentos,RUA JOAQUIM DE FREITAS,BOQUEIRAO,strong,"Rua Joaquim de Freitas, Boqueirão, Curitiba, Paraná, Região Sul, 81730-320, Brasil",85573807,2,"flood (alagamento/enchente) - landslide excluded by category filter (SIAC 156 Assunto/Subdivisao is a distinct structured category, not free text)",siac156_curitiba_v1,"Ponto positivo administrativo geocodificado (mesmo criterio do v12 Recife). Nao e ground truth cartografico individual -- confianca strong = correspondencia de rua (geometria, nao numero exato); medium = fallback bairro-centroide.","Nao usar como escore, threshold ou variavel derivada do rotulo. Nao promover a 'validado'/'confirmado' sem revisao do REV-P."
Curitiba,1,CUR_SIAC156_a0457ed14cbad748,-25.3946072,-49.2691945,28/10/2023,2023,Drenagem,Alagamentos,Rua Amilton Dalledone,SAO LOURENCO,strong,"Rua Amilton Dalledone, São Lourenço, Curitiba, Paraná, Região Sul, 82200-000, Brasil",122738025,1,"flood (alagamento/enchente) - landslide excluded by category filter (SIAC 156 Assunto/Subdivisao is a distinct structured category, not free text)",siac156_curitiba_v1,"Ponto positivo administrativo geocodificado (mesmo criterio do v12 Recife). Nao e ground truth cartografico individual -- confianca strong = correspondencia de rua (geometria, nao numero exato); medium = fallback bairro-centroide.","Nao usar como escore, threshold ou variavel derivada do rotulo. Nao promover a 'validado'/'confirmado' sem revisao do REV-P."
Curitiba,1,CUR_SIAC156_833cd54069a1619f,-25.4651897,-49.3070035,17/01/2023,2023,Drenagem,Alagamentos,RUA PROFESSOR FÁBIO DE SOUZA,PORTAO,strong,"Rua Professor Fábio de Souza, Santa Quitéria, Curitiba, Paraná, Região Sul, 80310-130, Brasil",161320945,1,"flood (alagamento/enchente) - landslide excluded by category filter (SIAC 156 Assunto/Subdivisao is a distinct structured category, not free text)",siac156_curitiba_v1,"Ponto positivo administrativo geocodificado (mesmo criterio do v12 Recife). Nao e ground truth cartografico individual -- confianca strong = correspondencia de rua (geometria, nao numero exato); medium = fallback bairro-centroide.","Nao usar como escore, threshold ou variavel derivada do rotulo. Nao promover a 'validado'/'confirmado' sem revisao do REV-P."
Curitiba,1,CUR_SIAC156_865c968ab7f099d0,-25.547461,-49.2594093,23/01/2023,2023,Drenagem,Alagamentos,RUA ANTONIO BOZA,SITIO CERCADO,strong,"Rua Antônio Boza, Sítio Cercado, Curitiba, Paraná, Região Sul, 81925-410, Brasil",127255760,1,"flood (alagamento/enchente) - landslide excluded by category filter (SIAC 156 Assunto/Subdivisao is a distinct structured category, not free text)",siac156_curitiba_v1,"Ponto positivo administrativo geocodificado (mesmo criterio do v12 Recife). Nao e ground truth cartografico individual -- confianca strong = correspondencia de rua (geometria, nao numero exato); medium = fallback bairro-centroide.","Nao usar como escore, threshold ou variavel derivada do rotulo. Nao promover a 'validado'/'confirmado' sem revisao do REV-P."
Curitiba,1,CUR_SIAC156_ef467a322a42f782,-25.5068695,-49.2294642,06/12/2023,2023,Drenagem,Alagamentos,RUA BARTOLOMEU LOURENÇO DE GUSMÃO,BOQUEIRAO,strong,"Rua Bartolomeu Lourenço de Gusmão, Boqueirão, Curitiba, Paraná, Região Sul, 81730-360, Brasil",55204873,1,"flood (alagamento/enchente) - landslide excluded by category filter (SIAC 156 Assunto/Subdivisao is a distinct structured category, not free text)",siac156_curitiba_v1,"Ponto positivo administrativo geocodificado (mesmo criterio do v12 Recife). Nao e ground truth cartografico individual -- confianca strong = correspondencia de rua (geometria, nao numero exato); medium = fallback bairro-centroide.","Nao usar como escore, threshold ou variavel derivada do rotulo. Nao promover a 'validado'/'confirmado' sem revisao do REV-P."
Curitiba,1,CUR_SIAC156_052d7d90667cc2d3,-25.384328,-49.3591175,27/04/2023,2023,Drenagem,Alagamentos,RUA JURANT CVINTAL,BUTIATUVINHA,strong,"Rua Jurant Cvintal, Butiatuvinha, Curitiba, Paraná, Região Sul, 82400-384, Brasil",165974987,1,"flood (alagamento/enchente) - landslide excluded by category filter (SIAC 156 Assunto/Subdivisao is a distinct structured category, not free text)",siac156_curitiba_v1,"Ponto positivo administrativo geocodificado (mesmo criterio do v12 Recife). Nao e ground truth cartografico individual -- confianca strong = correspondencia de rua (geometria, nao numero exato); medium = fallback bairro-centroide.","Nao usar como escore, threshold ou variavel derivada do rotulo. Nao promover a 'validado'/'confirmado' sem revisao do REV-P."
Curitiba,1,CUR_SIAC156_ebc6a6f2ca8d7146,-25.3598731,-49.2660775,03/05/2023,2023,Drenagem,Alagamentos,RUA MONSENHOR ISIDORO MIKOSZ,CACHOEIRA,strong,"Rua Monsenhor Isidoro Mikosz, Cachoeira, Curitiba, Paraná, Região Sul, 82220-010, Brasil",162220962,1,"flood (alagamento/enchente) - landslide excluded by category filter (SIAC 156 Assunto/Subdivisao is a distinct structured category, not free text)",siac156_curitiba_v1,"Ponto positivo administrativo geocodificado (mesmo criterio do v12 Recife). Nao e ground truth cartografico individual -- confianca strong = correspondencia de rua (geometria, nao numero exato); medium = fallback bairro-centroide.","Nao usar como escore, threshold ou variavel derivada do rotulo. Nao promover a 'validado'/'confirmado' sem revisao do REV-P."
Curitiba,1,CUR_SIAC156_1d873dbb4bdafd3d,-25.3852998,-49.2374094,27/03/2023,2023,Drenagem,Alagamentos,RUA WALDEMIRO DAVID GERONASSO,BOA VISTA,strong,"Rua Waldemiro David Geronasso, Boa Vista, Curitiba, Paraná, Região Sul, 82640-390, Brasil",38229979,1,"flood (alagamento/enchente) - landslide excluded by category filter (SIAC 156 Assunto/Subdivisao is a distinct structured category, not free text)",siac156_curitiba_v1,"Ponto positivo administrativo geocodificado (mesmo criterio do v12 Recife). Nao e ground truth cartografico individual -- confianca strong = correspondencia de rua (geometria, nao numero exato); medium = fallback bairro-centroide.","Nao usar como escore, threshold ou variavel derivada do rotulo. Nao promover a 'validado'/'confirmado' sem revisao do REV-P."
Curitiba,1,CUR_SIAC156_5416958fa06e706b,-25.3814708,-49.3002811,24/11/2023,2023,Drenagem,Alagamentos,RUA MARIA GUSSO SFORZA,PILARZINHO,strong,"Rua Maria Gusso Sforza, Vila Bracatinga, Pilarzinho, Curitiba, Paraná, Região Sul, 83508-250, Brasil",162042915,2,"flood (alagamento/enchente) - landslide excluded by category filter (SIAC 156 Assunto/Subdivisao is a distinct structured category, not free text)",siac156_curitiba_v1,"Ponto positivo administrativo geocodificado (mesmo criterio do v12 Recife). Nao e ground truth cartografico individual -- confianca strong = correspondencia de rua (geometria, nao numero exato); medium = fallback bairro-centroide.","Nao usar como escore, threshold ou variavel derivada do rotulo. Nao promover a 'validado'/'confirmado' sem revisao do REV-P."
Curitiba,1,CUR_SIAC156_9236d6f4346f4241,-25.4894906,-49.2201498,22/11/2023,2023,Drenagem,Alagamentos,RUA AGOSTINHO ANGELO TREVISAN,UBERABA,strong,"Rua Agostinho Ângelo Trevisan, Uberaba, Curitiba, Paraná, Região Sul, 81560-000, Brasil",158947075,1,"flood (alagamento/enchente) - landslide excluded by category filter (SIAC 156 Assunto/Subdivisao is a distinct structured category, not free text)",siac156_curitiba_v1,"Ponto positivo administrativo geocodificado (mesmo criterio do v12 Recife). Nao e ground truth cartografico individual -- confianca strong = correspondencia de rua (geometria, nao numero exato); medium = fallback bairro-centroide.","Nao usar como escore, threshold ou variavel derivada do rotulo. Nao promover a 'validado'/'confirmado' sem revisao do REV-P."
Curitiba,1,CUR_SIAC156_a2cc82566cc12a57,-25.5808564,-49.3220757,16/01/2023,2023,Drenagem,Alagamentos,Waldemar Orso,CAMPO DE SANTANA,strong,"Rua Waldemar Orso, Vila Olinda II, Campo de Santana, Curitiba, Paraná, Região Sul, 81490-040, Brasil",169645467,1,"flood (alagamento/enchente) - landslide excluded by category filter (SIAC 156 Assunto/Subdivisao is a distinct structured category, not free text)",siac156_curitiba_v1,"Ponto positivo administrativo geocodificado (mesmo criterio do v12 Recife). Nao e ground truth cartografico individual -- confianca strong = correspondencia de rua (geometria, nao numero exato); medium = fallback bairro-centroide.","Nao usar como escore, threshold ou variavel derivada do rotulo. Nao promover a 'validado'/'confirmado' sem revisao do REV-P."
Curitiba,1,CUR_SIAC156_46cc8c0d58e24f5c,-25.3814708,-49.3002811,29/10/2023,2023,Drenagem,Alagamentos,RUA MARIA GUSSO SFORZA,PILARZINHO,strong,"Rua Maria Gusso Sforza, Vila Bracatinga, Pilarzinho, Curitiba, Paraná, Região Sul, 83508-250, Brasil",162042915,4,"flood (alagamento/enchente) - landslide excluded by category filter (SIAC 156 Assunto/Subdivisao is a distinct structured category, not free text)",siac156_curitiba_v1,"Ponto positivo administrativo geocodificado (mesmo criterio do v12 Recife). Nao e ground truth cartografico individual -- confianca strong = correspondencia de rua (geometria, nao numero exato); medium = fallback bairro-centroide.","Nao usar como escore, threshold ou variavel derivada do rotulo. Nao promover a 'validado'/'confirmado' sem revisao do REV-P."
Curitiba,1,CUR_SIAC156_01bb9f999367e601,-25.4425082,-49.3160636,23/11/2023,2023,Drenagem,Alagamentos,RUA DR FRANCISCO ALEXANDRE GUEDES CHAGAS,CAMPINA DO SIQUEIRA,strong,"Rua Doutor Francisco Alexandre Guedes Chagas, Campina do Siqueira, Curitiba, Paraná, Região Sul, 80740-050, Brasil",29465219,1,"flood (alagamento/enchente) - landslide excluded by category filter (SIAC 156 Assunto/Subdivisao is a distinct structured category, not free text)",siac156_curitiba_v1,"Ponto positivo administrativo geocodificado (mesmo criterio do v12 Recife). Nao e ground truth cartografico individual -- confianca strong = correspondencia de rua (geometria, nao numero exato); medium = fallback bairro-centroide.","Nao usar como escore, threshold ou variavel derivada do rotulo. Nao promover a 'validado'/'confirmado' sem revisao do REV-P."
Curitiba,1,CUR_SIAC156_b83432c073834cdf,-25.5578555,-49.3390588,24/12/2023,2023,Proteção ao cidadão - GM,"Enchentes, inundações ou alagamentos",Rua Vereadora Laís Peretti,TATUQUARA,strong,"Rua Vera Laís Peretti, Moradias Santa Rita, Tatuquara, Curitiba, Paraná, Região Sul, 81470-075, Brasil",166137513,1,"flood (alagamento/enchente) - landslide excluded by category filter (SIAC 156 Assunto/Subdivisao is a distinct structured category, not free text)",siac156_curitiba_v1,"Ponto positivo administrativo geocodificado (mesmo criterio do v12 Recife). Nao e ground truth cartografico individual -- confianca strong = correspondencia de rua (geometria, nao numero exato); medium = fallback bairro-centroide.","Nao usar como escore, threshold ou variavel derivada do rotulo. Nao promover a 'validado'/'confirmado' sem revisao do REV-P."
Curitiba,1,CUR_SIAC156_2d554e800d77ec77,-25.5153015,-49.3350953,16/01/2023,2023,Drenagem,Alagamentos,RUA SOLDADO HUDSON JAIR MENDES DE MORAES,CIDADE INDUSTRIAL,strong,"Rua Soldado Hudson Jair Mendes de Moraes, Cidade Industrial de Curitiba, Curitiba, Paraná, Região Sul, 81305-185, Brasil",138706806,1,"flood (alagamento/enchente) - landslide excluded by category filter (SIAC 156 Assunto/Subdivisao is a distinct structured category, not free text)",siac156_curitiba_v1,"Ponto positivo administrativo geocodificado (mesmo criterio do v12 Recife). Nao e ground truth cartografico individual -- confianca strong = correspondencia de rua (geometria, nao numero exato); medium = fallback bairro-centroide.","Nao usar como escore, threshold ou variavel derivada do rotulo. Nao promover a 'validado'/'confirmado' sem revisao do REV-P."
Curitiba,1,CUR_SIAC156_c54f149f339d7971,-25.4228532,-49.2133894,23/11/2023,2023,Drenagem,Alagamentos,Rua Paulo Turkiewicz,TARUMA,strong,"Rua Paulo Turkiewicz, Tarumã, Curitiba, Paraná, Região Sul, 82821-020, Brasil",162132212,1,"flood (alagamento/enchente) - landslide excluded by category filter (SIAC 156 Assunto/Subdivisao is a distinct structured category, not free text)",siac156_curitiba_v1,"Ponto positivo administrativo geocodificado (mesmo criterio do v12 Recife). Nao e ground truth cartografico individual -- confianca strong = correspondencia de rua (geometria, nao numero exato); medium = fallback bairro-centroide.","Nao usar como escore, threshold ou variavel derivada do rotulo. Nao promover a 'validado'/'confirmado' sem revisao do REV-P."
Curitiba,1,CUR_SIAC156_de504f0c1cce02dd,-25.4374932,-49.2730284,26/10/2023,2023,Drenagem,Alagamentos,RUA ALFERES POLI,CENTRO,strong,"Rua Alferes Poli, Centro, Curitiba, Paraná, Região Sul, 80230-090, Brasil",289598957,1,"flood (alagamento/enchente) - landslide excluded by category filter (SIAC 156 Assunto/Subdivisao is a distinct structured category, not free text)",siac156_curitiba_v1,"Ponto positivo administrativo geocodificado (mesmo criterio do v12 Recife). Nao e ground truth cartografico individual -- confianca strong = correspondencia de rua (geometria, nao numero exato); medium = fallback bairro-centroide.","Nao usar como escore, threshold ou variavel derivada do rotulo. Nao promover a 'validado'/'confirmado' sem revisao do REV-P."
Curitiba,1,CUR_SIAC156_04c560594ab0c975,-25.5741809,-49.3403488,23/12/2023,2023,Drenagem,Alagamentos,Rua São Maximiliano Maria Kolbe,TATUQUARA,strong,"Rua São Maximiliano Maria Kolbe, Moradias Monteiro Lobato II e III, Tatuquara, Curitiba, Paraná, Região Sul, 81470-400, Brasil",568312577,2,"flood (alagamento/enchente) - landslide excluded by category filter (SIAC 156 Assunto/Subdivisao is a distinct structured category, not free text)",siac156_curitiba_v1,"Ponto positivo administrativo geocodificado (mesmo criterio do v12 Recife). Nao e ground truth cartografico individual -- confianca strong = correspondencia de rua (geometria, nao numero exato); medium = fallback bairro-centroide.","Nao usar como escore, threshold ou variavel derivada do rotulo. Nao promover a 'validado'/'confirmado' sem revisao do REV-P."
Curitiba,1,CUR_SIAC156_e8444cab3484c03a,-25.5320557,-49.2774482,16/10/2023,2023,Drenagem,Alagamentos,RUA FRANCISCO JOSÉ LOBO,SITIO CERCADO,strong,"Rua Francisco José Lobo, Sítio Cercado, Curitiba, Paraná, Região Sul, 81900-050, Brasil",127264766,1,"flood (alagamento/enchente) - landslide excluded by category filter (SIAC 156 Assunto/Subdivisao is a distinct structured category, not free text)",siac156_curitiba_v1,"Ponto positivo administrativo geocodificado (mesmo criterio do v12 Recife). Nao e ground truth cartografico individual -- confianca strong = correspondencia de rua (geometria, nao numero exato); medium = fallback bairro-centroide.","Nao usar como escore, threshold ou variavel derivada do rotulo. Nao promover a 'validado'/'confirmado' sem revisao do REV-P."
Curitiba,1,CUR_SIAC156_d48218ec8553a21b,-25.4709825,-49.2722635,29/10/2023,2023,Drenagem,Alagamentos,RUA SERGIPE,GUAIRA,strong,"Rua Sergipe, Guaíra, Curitiba, Paraná, Região Sul, 80630-220, Brasil",48359719,2,"flood (alagamento/enchente) - landslide excluded by category filter (SIAC 156 Assunto/Subdivisao is a distinct structured category, not free text)",siac156_curitiba_v1,"Ponto positivo administrativo geocodificado (mesmo criterio do v12 Recife). Nao e ground truth cartografico individual -- confianca strong = correspondencia de rua (geometria, nao numero exato); medium = fallback bairro-centroide.","Nao usar como escore, threshold ou variavel derivada do rotulo. Nao promover a 'validado'/'confirmado' sem revisao do REV-P."
Curitiba,1,CUR_SIAC156_488ce3f3966b20b7,-25.4608306,-49.3733467,12/05/2023,2023,Drenagem,Alagamentos,RUA PEDRO CRUZETTA,AUGUSTA,strong,"Rua Pedro Cruzetta, Augusta, Curitiba, Paraná, Região Sul, 81290-260, Brasil",95670708,1,"flood (alagamento/enchente) - landslide excluded by category filter (SIAC 156 Assunto/Subdivisao is a distinct structured category, not free text)",siac156_curitiba_v1,"Ponto positivo administrativo geocodificado (mesmo criterio do v12 Recife). Nao e ground truth cartografico individual -- confianca strong = correspondencia de rua (geometria, nao numero exato); medium = fallback bairro-centroide.","Nao usar como escore, threshold ou variavel derivada do rotulo. Nao promover a 'validado'/'confirmado' sem revisao do REV-P."
Curitiba,1,CUR_SIAC156_06af0776dfefc530,-25.4152987,-49.199769,22/11/2023,2023,Drenagem,Alagamentos,Alberico Flores Bueno,BAIRRO ALTO,strong,"Rua Alberico Flores Bueno, Bairro Alto, Curitiba, Paraná, Região Sul, 82820-110, Brasil",730970609,1,"flood (alagamento/enchente) - landslide excluded by category filter (SIAC 156 Assunto/Subdivisao is a distinct structured category, not free text)",siac156_curitiba_v1,"Ponto positivo administrativo geocodificado (mesmo criterio do v12 Recife). Nao e ground truth cartografico individual -- confianca strong = correspondencia de rua (geometria, nao numero exato); medium = fallback bairro-centroide.","Nao usar como escore, threshold ou variavel derivada do rotulo. Nao promover a 'validado'/'confirmado' sem revisao do REV-P."
Curitiba,1,CUR_SIAC156_347a1741985d2f42,-25.4206206,-49.2953759,23/11/2023,2023,Drenagem,Alagamentos,Rua Professor Lycio Grein de Castro Vellozo,MERCES,strong,"Rua Professor Lýcio Grein de Castro Vellozo, Mercês, Curitiba, Paraná, Região Sul, 80810-345, Brasil",163603461,1,"flood (alagamento/enchente) - landslide excluded by category filter (SIAC 156 Assunto/Subdivisao is a distinct structured category, not free text)",siac156_curitiba_v1,"Ponto positivo administrativo geocodificado (mesmo criterio do v12 Recife). Nao e ground truth cartografico individual -- confianca strong = correspondencia de rua (geometria, nao numero exato); medium = fallback bairro-centroide.","Nao usar como escore, threshold ou variavel derivada do rotulo. Nao promover a 'validado'/'confirmado' sem revisao do REV-P."
Curitiba,1,CUR_SIAC156_f44ab489327730fd,-25.4328205,-49.2471688,13/11/2023,2023,Drenagem,Alagamentos,Rua do Herval,CRISTO REI,strong,"Rua do Herval, Cristo Rei, Curitiba, Paraná, Região Sul, 80050-152, Brasil",24879772,1,"flood (alagamento/enchente) - landslide excluded by category filter (SIAC 156 Assunto/Subdivisao is a distinct structured category, not free text)",siac156_curitiba_v1,"Ponto positivo administrativo geocodificado (mesmo criterio do v12 Recife). Nao e ground truth cartografico individual -- confianca strong = correspondencia de rua (geometria, nao numero exato); medium = fallback bairro-centroide.","Nao usar como escore, threshold ou variavel derivada do rotulo. Nao promover a 'validado'/'confirmado' sem revisao do REV-P."
Curitiba,1,CUR_SIAC156_25c128b18a666633,-25.5179793,-49.2247012,03/11/2023,2023,Drenagem,Alagamentos,RUA JOAQUIM DE FREITAS,BOQUEIRAO,strong,"Rua Joaquim de Freitas, Boqueirão, Curitiba, Paraná, Região Sul, 81730-320, Brasil",85573807,1,"flood (alagamento/enchente) - landslide excluded by category filter (SIAC 156 Assunto/Subdivisao is a distinct structured category, not free text)",siac156_curitiba_v1,"Ponto positivo administrativo geocodificado (mesmo criterio do v12 Recife). Nao e ground truth cartografico individual -- confianca strong = correspondencia de rua (geometria, nao numero exato); medium = fallback bairro-centroide.","Nao usar como escore, threshold ou variavel derivada do rotulo. Nao promover a 'validado'/'confirmado' sem revisao do REV-P."
Curitiba,1,CUR_SIAC156_b70ce9df34f7ec66,-25.3896485,-49.3010832,31/10/2023,2023,Drenagem,Alagamentos,Rua Antenor Pereira,PILARZINHO,strong,"Rua Antenor Pereira, Pilarzinho, Curitiba, Paraná, Região Sul, 82100-510, Brasil",149724935,1,"flood (alagamento/enchente) - landslide excluded by category filter (SIAC 156 Assunto/Subdivisao is a distinct structured category, not free text)",siac156_curitiba_v1,"Ponto positivo administrativo geocodificado (mesmo criterio do v12 Recife). Nao e ground truth cartografico individual -- confianca strong = correspondencia de rua (geometria, nao numero exato); medium = fallback bairro-centroide.","Nao usar como escore, threshold ou variavel derivada do rotulo. Nao promover a 'validado'/'confirmado' sem revisao do REV-P."
Curitiba,1,CUR_SIAC156_25833aa870efb30f,-25.4580778,-49.3101777,22/02/2023,2023,Drenagem,Alagamentos,RUA JÚLIO EDUARDO GINESTE,SANTA QUITERIA,strong,"Rua Júlio Eduardo Gineste, Santa Quitéria, Curitiba, Paraná, Região Sul, 80310-420, Brasil",129141976,1,"flood (alagamento/enchente) - landslide excluded by category filter (SIAC 156 Assunto/Subdivisao is a distinct structured category, not free text)",siac156_curitiba_v1,"Ponto positivo administrativo geocodificado (mesmo criterio do v12 Recife). Nao e ground truth cartografico individual -- confianca strong = correspondencia de rua (geometria, nao numero exato); medium = fallback bairro-centroide.","Nao usar como escore, threshold ou variavel derivada do rotulo. Nao promover a 'validado'/'confirmado' sem revisao do REV-P."
Curitiba,1,CUR_SIAC156_24cdb157db43ca7a,-25.3666473,-49.2683447,23/11/2023,2023,Drenagem,Alagamentos,RUA AUGUSTO DOS ANJOS,BARREIRINHA,strong,"Rua Augusto dos Anjos, Abranches, Curitiba, Paraná, Região Sul, 82220-330, Brasil",161237405,1,"flood (alagamento/enchente) - landslide excluded by category filter (SIAC 156 Assunto/Subdivisao is a distinct structured category, not free text)",siac156_curitiba_v1,"Ponto positivo administrativo geocodificado (mesmo criterio do v12 Recife). Nao e ground truth cartografico individual -- confianca strong = correspondencia de rua (geometria, nao numero exato); medium = fallback bairro-centroide.","Nao usar como escore, threshold ou variavel derivada do rotulo. Nao promover a 'validado'/'confirmado' sem revisao do REV-P."
Curitiba,1,CUR_SIAC156_8aff39d519e72cda,-25.4761113,-49.347329,22/11/2023,2023,Drenagem,Alagamentos,RUA NICOLAU VOROBI,CIDADE INDUSTRIAL,strong,"Rua Nicolau Vorobi, Cidade Industrial de Curitiba, Curitiba, Paraná, Região Sul, 81270-050, Brasil",161866123,1,"flood (alagamento/enchente) - landslide excluded by category filter (SIAC 156 Assunto/Subdivisao is a distinct structured category, not free text)",siac156_curitiba_v1,"Ponto positivo administrativo geocodificado (mesmo criterio do v12 Recife). Nao e ground truth cartografico individual -- confianca strong = correspondencia de rua (geometria, nao numero exato); medium = fallback bairro-centroide.","Nao usar como escore, threshold ou variavel derivada do rotulo. Nao promover a 'validado'/'confirmado' sem revisao do REV-P."
Curitiba,1,CUR_SIAC156_f77766ea08aaa720,-25.4276401,-49.2672078,11/02/2023,2023,Drenagem,Alagamentos,RUA TREZE DE MAIO,CENTRO,strong,"Rua Treze de Maio, Centro, Curitiba, Paraná, Região Sul, 80020-270, Brasil",654377004,1,"flood (alagamento/enchente) - landslide excluded by category filter (SIAC 156 Assunto/Subdivisao is a distinct structured category, not free text)",siac156_curitiba_v1,"Ponto positivo administrativo geocodificado (mesmo criterio do v12 Recife). Nao e ground truth cartografico individual -- confianca strong = correspondencia de rua (geometria, nao numero exato); medium = fallback bairro-centroide.","Nao usar como escore, threshold ou variavel derivada do rotulo. Nao promover a 'validado'/'confirmado' sem revisao do REV-P."
Curitiba,1,CUR_SIAC156_5416958fa06e706b,-25.3814708,-49.3002811,24/11/2023,2023,Drenagem,Alagamentos,RUA MARIA GUSSO SFORZA,PILARZINHO,strong,"Rua Maria Gusso Sforza, Vila Bracatinga, Pilarzinho, Curitiba, Paraná, Região Sul, 83508-250, Brasil",162042915,2,"flood (alagamento/enchente) - landslide excluded by category filter (SIAC 156 Assunto/Subdivisao is a distinct structured category, not free text)",siac156_curitiba_v1,"Ponto positivo administrativo geocodificado (mesmo criterio do v12 Recife). Nao e ground truth cartografico individual -- confianca strong = correspondencia de rua (geometria, nao numero exato); medium = fallback bairro-centroide.","Nao usar como escore, threshold ou variavel derivada do rotulo. Nao promover a 'validado'/'confirmado' sem revisao do REV-P."
Curitiba,1,CUR_SIAC156_6553199090a298eb,-25.5037673,-49.2221821,06/11/2023,2023,Drenagem,Alagamentos,Rua Augusto Dias Paredes,BOQUEIRAO,strong,"Rua Augusto Dias Paredes, Boqueirão, Curitiba, Paraná, Região Sul, 81730-100, Brasil",60150142,1,"flood (alagamento/enchente) - landslide excluded by category filter (SIAC 156 Assunto/Subdivisao is a distinct structured category, not free text)",siac156_curitiba_v1,"Ponto positivo administrativo geocodificado (mesmo criterio do v12 Recife). Nao e ground truth cartografico individual -- confianca strong = correspondencia de rua (geometria, nao numero exato); medium = fallback bairro-centroide.","Nao usar como escore, threshold ou variavel derivada do rotulo. Nao promover a 'validado'/'confirmado' sem revisao do REV-P."
Curitiba,1,CUR_SIAC156_4ed8b23d9728d463,-25.3875747,-49.2382763,16/10/2023,2023,Drenagem,Alagamentos,RUA ALBERTO POTIER,BOA VISTA,strong,"Rua Alberto Potier, Boa Vista, Curitiba, Paraná, Região Sul, 82510-290, Brasil",38229959,1,"flood (alagamento/enchente) - landslide excluded by category filter (SIAC 156 Assunto/Subdivisao is a distinct structured category, not free text)",siac156_curitiba_v1,"Ponto positivo administrativo geocodificado (mesmo criterio do v12 Recife). Nao e ground truth cartografico individual -- confianca strong = correspondencia de rua (geometria, nao numero exato); medium = fallback bairro-centroide.","Nao usar como escore, threshold ou variavel derivada do rotulo. Nao promover a 'validado'/'confirmado' sem revisao do REV-P."
Curitiba,1,CUR_SIAC156_e2e7f19a3bceba08,-25.5129008,-49.2655696,29/10/2023,2023,Drenagem,Alagamentos,Rua Basílio Fuck,XAXIM,strong,"Rua Basílio Fuck, Xaxim, Curitiba, Paraná, Região Sul, 81830-020, Brasil",85019618,1,"flood (alagamento/enchente) - landslide excluded by category filter (SIAC 156 Assunto/Subdivisao is a distinct structured category, not free text)",siac156_curitiba_v1,"Ponto positivo administrativo geocodificado (mesmo criterio do v12 Recife). Nao e ground truth cartografico individual -- confianca strong = correspondencia de rua (geometria, nao numero exato); medium = fallback bairro-centroide.","Nao usar como escore, threshold ou variavel derivada do rotulo. Nao promover a 'validado'/'confirmado' sem revisao do REV-P."
Curitiba,1,CUR_SIAC156_c8ad5b58ab0608a6,-25.5887801,-49.3238251,16/01/2023,2023,Drenagem,Alagamentos,Rua José Ribeiro Baptista,CAMPO DE SANTANA,strong,"Rua José Ribeiro Baptista, Vila Dom Bosco, Campo de Santana, Aldeia Kakane Porã, Curitiba, Paraná, Região Sul, 81490-040, Brasil",405504164,1,"flood (alagamento/enchente) - landslide excluded by category filter (SIAC 156 Assunto/Subdivisao is a distinct structured category, not free text)",siac156_curitiba_v1,"Ponto positivo administrativo geocodificado (mesmo criterio do v12 Recife). Nao e ground truth cartografico individual -- confianca strong = correspondencia de rua (geometria, nao numero exato); medium = fallback bairro-centroide.","Nao usar como escore, threshold ou variavel derivada do rotulo. Nao promover a 'validado'/'confirmado' sem revisao do REV-P."
Curitiba,1,CUR_SIAC156_9b595ce6f06fc91b,-25.497993,-49.334522,16/01/2023,2023,Drenagem,Alagamentos,Cyro Correia Pereira,CIDADE INDUSTRIAL,medium,"Cidade Industrial de Curitiba, Curitiba, Paraná, Região Sul, 81350-260, Brasil",3012156952,1,"flood (alagamento/enchente) - landslide excluded by category filter (SIAC 156 Assunto/Subdivisao is a distinct structured category, not free text)",siac156_curitiba_v1,"Ponto positivo administrativo geocodificado (mesmo criterio do v12 Recife). Nao e ground truth cartografico individual -- confianca strong = correspondencia de rua (geometria, nao numero exato); medium = fallback bairro-centroide.","Nao usar como escore, threshold ou variavel derivada do rotulo. Nao promover a 'validado'/'confirmado' sem revisao do REV-P."
Curitiba,1,CUR_SIAC156_0dcbaefa06cb024e,-25.4079538,-49.2065031,21/06/2023,2023,Drenagem,Alagamentos,RUA HENRIQUE CORREIA,BAIRRO ALTO,strong,"Rua Henrique Correia, Bairro Alto, Curitiba, Paraná, Região Sul, 82240-290, Brasil",122737520,1,"flood (alagamento/enchente) - landslide excluded by category filter (SIAC 156 Assunto/Subdivisao is a distinct structured category, not free text)",siac156_curitiba_v1,"Ponto positivo administrativo geocodificado (mesmo criterio do v12 Recife). Nao e ground truth cartografico individual -- confianca strong = correspondencia de rua (geometria, nao numero exato); medium = fallback bairro-centroide.","Nao usar como escore, threshold ou variavel derivada do rotulo. Nao promover a 'validado'/'confirmado' sem revisao do REV-P."
Curitiba,1,CUR_SIAC156_618fb6087e256278,-25.5265376,-49.2759328,18/04/2023,2023,Drenagem,Alagamentos,Rua Monte Hermom,PINHEIRINHO,strong,"Rua Padre Rafael José Kalinowski, Moradias São Lucas, Pinheirinho, Curitiba, Paraná, Região Sul, 81825-300, Brasil",128988877,2,"flood (alagamento/enchente) - landslide excluded by category filter (SIAC 156 Assunto/Subdivisao is a distinct structured category, not free text)",siac156_curitiba_v1,"Ponto positivo administrativo geocodificado (mesmo criterio do v12 Recife). Nao e ground truth cartografico individual -- confianca strong = correspondencia de rua (geometria, nao numero exato); medium = fallback bairro-centroide.","Nao usar como escore, threshold ou variavel derivada do rotulo. Nao promover a 'validado'/'confirmado' sem revisao do REV-P."
Curitiba,1,CUR_SIAC156_ada6b498b4345e06,-25.4472452,-49.2694764,23/11/2023,2023,Drenagem,Alagamentos,RUA 24 DE MAIO,REBOUCAS,strong,"Rua 24 de Maio, Rebouças, Curitiba, Paraná, Região Sul, 80230-050, Brasil",371941802,1,"flood (alagamento/enchente) - landslide excluded by category filter (SIAC 156 Assunto/Subdivisao is a distinct structured category, not free text)",siac156_curitiba_v1,"Ponto positivo administrativo geocodificado (mesmo criterio do v12 Recife). Nao e ground truth cartografico individual -- confianca strong = correspondencia de rua (geometria, nao numero exato); medium = fallback bairro-centroide.","Nao usar como escore, threshold ou variavel derivada do rotulo. Nao promover a 'validado'/'confirmado' sem revisao do REV-P."
Curitiba,1,CUR_SIAC156_1c15257902cb629b,-25.4936683,-49.340052,29/10/2023,2023,Drenagem,Alagamentos,RUA JOSE ANICETO,CIDADE INDUSTRIAL,strong,"Rua José Aniceto, Cidade Industrial de Curitiba, Curitiba, Paraná, Região Sul, 81350-260, Brasil",138705713,1,"flood (alagamento/enchente) - landslide excluded by category filter (SIAC 156 Assunto/Subdivisao is a distinct structured category, not free text)",siac156_curitiba_v1,"Ponto positivo administrativo geocodificado (mesmo criterio do v12 Recife). Nao e ground truth cartografico individual -- confianca strong = correspondencia de rua (geometria, nao numero exato); medium = fallback bairro-centroide.","Nao usar como escore, threshold ou variavel derivada do rotulo. Nao promover a 'validado'/'confirmado' sem revisao do REV-P."
Curitiba,1,CUR_SIAC156_8f464f6d10a9ac90,-25.4845777,-49.3357258,23/11/2023,2023,Drenagem,Alagamentos,RUA MIGUEL OZÓRIO DE ALMEIDA,FAZENDINHA,strong,"Rua Miguel Ozório de Almeida, Fazendinha, Curitiba, Paraná, Região Sul, 81330-300, Brasil",129130240,1,"flood (alagamento/enchente) - landslide excluded by category filter (SIAC 156 Assunto/Subdivisao is a distinct structured category, not free text)",siac156_curitiba_v1,"Ponto positivo administrativo geocodificado (mesmo criterio do v12 Recife). Nao e ground truth cartografico individual -- confianca strong = correspondencia de rua (geometria, nao numero exato); medium = fallback bairro-centroide.","Nao usar como escore, threshold ou variavel derivada do rotulo. Nao promover a 'validado'/'confirmado' sem revisao do REV-P."
Curitiba,1,CUR_SIAC156_f1022e713df0db99,-25.4253365,-49.278344,12/03/2023,2023,Drenagem,Alagamentos,AVENIDA JAIME REIS,SAO FRANCISCO,strong,"Avenida Jaime Reis, São Francisco, Curitiba, Paraná, Região Sul, 80510-240, Brasil",27355902,1,"flood (alagamento/enchente) - landslide excluded by category filter (SIAC 156 Assunto/Subdivisao is a distinct structured category, not free text)",siac156_curitiba_v1,"Ponto positivo administrativo geocodificado (mesmo criterio do v12 Recife). Nao e ground truth cartografico individual -- confianca strong = correspondencia de rua (geometria, nao numero exato); medium = fallback bairro-centroide.","Nao usar como escore, threshold ou variavel derivada do rotulo. Nao promover a 'validado'/'confirmado' sem revisao do REV-P."
Curitiba,1,CUR_SIAC156_78c796c4b12dbf38,-25.5961344,-49.3430369,29/10/2023,2023,Drenagem,Alagamentos,RUA DAVENIR MARQUES VIANA,CAMPO DE SANTANA,strong,"Rua Davenir Marques Viana, Campo de Santana, Aldeia Kakane Porã, Curitiba, Paraná, Região Sul, 81490-510, Brasil",374272891,1,"flood (alagamento/enchente) - landslide excluded by category filter (SIAC 156 Assunto/Subdivisao is a distinct structured category, not free text)",siac156_curitiba_v1,"Ponto positivo administrativo geocodificado (mesmo criterio do v12 Recife). Nao e ground truth cartografico individual -- confianca strong = correspondencia de rua (geometria, nao numero exato); medium = fallback bairro-centroide.","Nao usar como escore, threshold ou variavel derivada do rotulo. Nao promover a 'validado'/'confirmado' sem revisao do REV-P."
Curitiba,1,CUR_SIAC156_d046259561766bec,-25.5290667,-49.2507155,28/10/2023,2023,Drenagem,Alagamentos,RUA OLÍMPIO DE PAULA XAVIER,ALTO BOQUEIRAO,strong,"Rua Olímpio de Paula Xavier, Alto Boqueirão, Curitiba, Paraná, Região Sul, 81770-000, Brasil",126822530,1,"flood (alagamento/enchente) - landslide excluded by category filter (SIAC 156 Assunto/Subdivisao is a distinct structured category, not free text)",siac156_curitiba_v1,"Ponto positivo administrativo geocodificado (mesmo criterio do v12 Recife). Nao e ground truth cartografico individual -- confianca strong = correspondencia de rua (geometria, nao numero exato); medium = fallback bairro-centroide.","Nao usar como escore, threshold ou variavel derivada do rotulo. Nao promover a 'validado'/'confirmado' sem revisao do REV-P."
Curitiba,1,CUR_SIAC156_436ba8b63361a5d5,-25.5339479,-49.2842385,09/10/2023,2023,Drenagem,Alagamentos,RUA JOSÉ PILOTO,PINHEIRINHO,strong,"Rua José Piloto, Jardim Pinheirinho, Pinheirinho, Curitiba, Paraná, Região Sul, 81880-320, Brasil",129015263,1,"flood (alagamento/enchente) - landslide excluded by category filter (SIAC 156 Assunto/Subdivisao is a distinct structured category, not free text)",siac156_curitiba_v1,"Ponto positivo administrativo geocodificado (mesmo criterio do v12 Recife). Nao e ground truth cartografico individual -- confianca strong = correspondencia de rua (geometria, nao numero exato); medium = fallback bairro-centroide.","Nao usar como escore, threshold ou variavel derivada do rotulo. Nao promover a 'validado'/'confirmado' sem revisao do REV-P."
Curitiba,1,CUR_SIAC156_ff5c11231110b64e,-25.6072295,-49.3316393,03/11/2023,2023,Drenagem,Alagamentos,Delegado Bruno de Almeida,CAMPO DE SANTANA,strong,"Estrada Delegado Bruno de Almeida, Vivendas Janaína, Campo de Santana, Aldeia Kakane Porã, Curitiba, Paraná, Região Sul, 81945-030, Brasil",24609894,1,"flood (alagamento/enchente) - landslide excluded by category filter (SIAC 156 Assunto/Subdivisao is a distinct structured category, not free text)",siac156_curitiba_v1,"Ponto positivo administrativo geocodificado (mesmo criterio do v12 Recife). Nao e ground truth cartografico individual -- confianca strong = correspondencia de rua (geometria, nao numero exato); medium = fallback bairro-centroide.","Nao usar como escore, threshold ou variavel derivada do rotulo. Nao promover a 'validado'/'confirmado' sem revisao do REV-P."
Curitiba,1,CUR_SIAC156_946b936e4d2db595,-25.4099571,-49.3601116,23/11/2023,2023,Drenagem,Alagamentos,Rua Rio Bom,SAO BRAZ,strong,"Rua Rio Bom, São Braz, Curitiba, Paraná, Região Sul, 82315-420, Brasil",150298894,1,"flood (alagamento/enchente) - landslide excluded by category filter (SIAC 156 Assunto/Subdivisao is a distinct structured category, not free text)",siac156_curitiba_v1,"Ponto positivo administrativo geocodificado (mesmo criterio do v12 Recife). Nao e ground truth cartografico individual -- confianca strong = correspondencia de rua (geometria, nao numero exato); medium = fallback bairro-centroide.","Nao usar como escore, threshold ou variavel derivada do rotulo. Nao promover a 'validado'/'confirmado' sem revisao do REV-P."
Curitiba,1,CUR_SIAC156_6f6ae9392b349662,-25.5066518,-49.3359358,16/01/2023,2023,Drenagem,Alagamentos,Rua Bernardo Meyer,CIDADE INDUSTRIAL,strong,"Rua Bernardo Meyer, Cidade Industrial de Curitiba, Curitiba, Paraná, Região Sul, 81350-260, Brasil",489027056,1,"flood (alagamento/enchente) - landslide excluded by category filter (SIAC 156 Assunto/Subdivisao is a distinct structured category, not free text)",siac156_curitiba_v1,"Ponto positivo administrativo geocodificado (mesmo criterio do v12 Recife). Nao e ground truth cartografico individual -- confianca strong = correspondencia de rua (geometria, nao numero exato); medium = fallback bairro-centroide.","Nao usar como escore, threshold ou variavel derivada do rotulo. Nao promover a 'validado'/'confirmado' sem revisao do REV-P."
Curitiba,1,CUR_SIAC156_d7f981b05dcf20cb,-25.497263,-49.2034052,07/10/2023,2023,Drenagem,Alagamentos,RUA MANOELA STIER REISS,UBERABA,strong,"Rua Manoela Stier Reiss, Vila Jardim Icaray, Uberaba, Curitiba, Paraná, Região Sul, 81560-615, Brasil",125624723,1,"flood (alagamento/enchente) - landslide excluded by category filter (SIAC 156 Assunto/Subdivisao is a distinct structured category, not free text)",siac156_curitiba_v1,"Ponto positivo administrativo geocodificado (mesmo criterio do v12 Recife). Nao e ground truth cartografico individual -- confianca strong = correspondencia de rua (geometria, nao numero exato); medium = fallback bairro-centroide.","Nao usar como escore, threshold ou variavel derivada do rotulo. Nao promover a 'validado'/'confirmado' sem revisao do REV-P."
Curitiba,1,CUR_SIAC156_e218bb234c3b8943,-25.5179793,-49.2247012,29/10/2023,2023,Drenagem,Alagamentos,Rua Joaquim de Freitas,BOQUEIRAO,strong,"Rua Joaquim de Freitas, Boqueirão, Curitiba, Paraná, Região Sul, 81730-320, Brasil",85573807,2,"flood (alagamento/enchente) - landslide excluded by category filter (SIAC 156 Assunto/Subdivisao is a distinct structured category, not free text)",siac156_curitiba_v1,"Ponto positivo administrativo geocodificado (mesmo criterio do v12 Recife). Nao e ground truth cartografico individual -- confianca strong = correspondencia de rua (geometria, nao numero exato); medium = fallback bairro-centroide.","Nao usar como escore, threshold ou variavel derivada do rotulo. Nao promover a 'validado'/'confirmado' sem revisao do REV-P."
Curitiba,1,CUR_SIAC156_9ba888cfadb32ff5,-25.4636644,-49.2206912,09/08/2023,2023,Drenagem,Alagamentos,RUA CORONEL ALFREDO FERREIRA DA COSTA,JARDIM DAS AMERICAS,strong,"Rua Coronel Alfredo Ferreira da Costa, Jardim das Américas, Curitiba, Paraná, Região Sul, 81540-120, Brasil",187886485,1,"flood (alagamento/enchente) - landslide excluded by category filter (SIAC 156 Assunto/Subdivisao is a distinct structured category, not free text)",siac156_curitiba_v1,"Ponto positivo administrativo geocodificado (mesmo criterio do v12 Recife). Nao e ground truth cartografico individual -- confianca strong = correspondencia de rua (geometria, nao numero exato); medium = fallback bairro-centroide.","Nao usar como escore, threshold ou variavel derivada do rotulo. Nao promover a 'validado'/'confirmado' sem revisao do REV-P."
Curitiba,1,CUR_SIAC156_2b30b9317c36f73a,-25.4856695,-49.1933687,09/10/2023,2023,Drenagem,Alagamentos,RUA BENJAMIN GELINSKI,UBERABA,strong,"Rua Benjamin Gelinski, Uberaba, Curitiba, Paraná, Região Sul, 81590-614, Brasil",248267400,1,"flood (alagamento/enchente) - landslide excluded by category filter (SIAC 156 Assunto/Subdivisao is a distinct structured category, not free text)",siac156_curitiba_v1,"Ponto positivo administrativo geocodificado (mesmo criterio do v12 Recife). Nao e ground truth cartografico individual -- confianca strong = correspondencia de rua (geometria, nao numero exato); medium = fallback bairro-centroide.","Nao usar como escore, threshold ou variavel derivada do rotulo. Nao promover a 'validado'/'confirmado' sem revisao do REV-P."
Curitiba,1,CUR_SIAC156_23581346224f1431,-25.5202304,-49.236654,26/09/2023,2023,Drenagem,Alagamentos,RUA ARTHUR MANOEL IWERSEN,BOQUEIRAO,strong,"Rua Arthur Manoel Iwersen, Boqueirão, Curitiba, Paraná, Região Sul, 81770-260, Brasil",85231828,1,"flood (alagamento/enchente) - landslide excluded by category filter (SIAC 156 Assunto/Subdivisao is a distinct structured category, not free text)",siac156_curitiba_v1,"Ponto positivo administrativo geocodificado (mesmo criterio do v12 Recife). Nao e ground truth cartografico individual -- confianca strong = correspondencia de rua (geometria, nao numero exato); medium = fallback bairro-centroide.","Nao usar como escore, threshold ou variavel derivada do rotulo. Nao promover a 'validado'/'confirmado' sem revisao do REV-P."
Curitiba,1,CUR_SIAC156_ae7d4aa5bdc64cbf,-25.497993,-49.334522,16/01/2023,2023,Drenagem,Alagamentos,Rua Doutor José Guilherme Loyola,CIDADE INDUSTRIAL,medium,"Cidade Industrial de Curitiba, Curitiba, Paraná, Região Sul, 81350-260, Brasil",3012156952,1,"flood (alagamento/enchente) - landslide excluded by category filter (SIAC 156 Assunto/Subdivisao is a distinct structured category, not free text)",siac156_curitiba_v1,"Ponto positivo administrativo geocodificado (mesmo criterio do v12 Recife). Nao e ground truth cartografico individual -- confianca strong = correspondencia de rua (geometria, nao numero exato); medium = fallback bairro-centroide.","Nao usar como escore, threshold ou variavel derivada do rotulo. Nao promover a 'validado'/'confirmado' sem revisao do REV-P."
Curitiba,1,CUR_SIAC156_766a0186d9aea523,-25.560183,-49.3415985,16/01/2023,2023,Drenagem,Alagamentos,Rua Heron Wanderley,TATUQUARA,strong,"Rua Heron Wanderley, Moradias Santa Rita, Tatuquara, Curitiba, Paraná, Região Sul, 81470-075, Brasil",488220284,1,"flood (alagamento/enchente) - landslide excluded by category filter (SIAC 156 Assunto/Subdivisao is a distinct structured category, not free text)",siac156_curitiba_v1,"Ponto positivo administrativo geocodificado (mesmo criterio do v12 Recife). Nao e ground truth cartografico individual -- confianca strong = correspondencia de rua (geometria, nao numero exato); medium = fallback bairro-centroide.","Nao usar como escore, threshold ou variavel derivada do rotulo. Nao promover a 'validado'/'confirmado' sem revisao do REV-P."
Curitiba,1,CUR_SIAC156_1ffb5fd22ad63bc6,-25.4001938,-49.3562253,29/11/2023,2023,Drenagem,Alagamentos,Rua Doutor Faruk Abrão Kalil,BUTIATUVINHA,medium,"Butiatuvinha, Curitiba, Paraná, Região Sul, 82310-110, Brasil",3012346894,1,"flood (alagamento/enchente) - landslide excluded by category filter (SIAC 156 Assunto/Subdivisao is a distinct structured category, not free text)",siac156_curitiba_v1,"Ponto positivo administrativo geocodificado (mesmo criterio do v12 Recife). Nao e ground truth cartografico individual -- confianca strong = correspondencia de rua (geometria, nao numero exato); medium = fallback bairro-centroide.","Nao usar como escore, threshold ou variavel derivada do rotulo. Nao promover a 'validado'/'confirmado' sem revisao do REV-P."
Curitiba,1,CUR_SIAC156_4bb64629f2ab7370,-25.4622063,-49.313318,27/10/2023,2023,Drenagem,Alagamentos,Rua Dona Eleusina Plaisant,SANTA QUITERIA,strong,"Rua Dona Eleusina Plaisant, Santa Quitéria, Curitiba, Paraná, Região Sul, 80310-010, Brasil",424919313,1,"flood (alagamento/enchente) - landslide excluded by category filter (SIAC 156 Assunto/Subdivisao is a distinct structured category, not free text)",siac156_curitiba_v1,"Ponto positivo administrativo geocodificado (mesmo criterio do v12 Recife). Nao e ground truth cartografico individual -- confianca strong = correspondencia de rua (geometria, nao numero exato); medium = fallback bairro-centroide.","Nao usar como escore, threshold ou variavel derivada do rotulo. Nao promover a 'validado'/'confirmado' sem revisao do REV-P."
Curitiba,1,CUR_SIAC156_740ef334dd0e7577,-25.3942456,-49.2975982,23/11/2023,2023,Drenagem,Alagamentos,RUA SYLSEU PEREIRA ALVES,PILARZINHO,strong,"Rua Sylseu Pereira Alves, Pilarzinho, Curitiba, Paraná, Região Sul, 82100-510, Brasil",149724982,1,"flood (alagamento/enchente) - landslide excluded by category filter (SIAC 156 Assunto/Subdivisao is a distinct structured category, not free text)",siac156_curitiba_v1,"Ponto positivo administrativo geocodificado (mesmo criterio do v12 Recife). Nao e ground truth cartografico individual -- confianca strong = correspondencia de rua (geometria, nao numero exato); medium = fallback bairro-centroide.","Nao usar como escore, threshold ou variavel derivada do rotulo. Nao promover a 'validado'/'confirmado' sem revisao do REV-P."
Curitiba,1,CUR_SIAC156_d22bbeabaf646940,-25.4891987,-49.3196754,23/11/2023,2023,Drenagem,Alagamentos,TRAV. 26,CIDADE INDUSTRIAL,medium,"26, Travessa Daniel de Camargo, Cidade Industrial de Curitiba, Curitiba, Paraná, Região Sul, 81350-000, Brasil",6358180959,1,"flood (alagamento/enchente) - landslide excluded by category filter (SIAC 156 Assunto/Subdivisao is a distinct structured category, not free text)",siac156_curitiba_v1,"Ponto positivo administrativo geocodificado (mesmo criterio do v12 Recife). Nao e ground truth cartografico individual -- confianca strong = correspondencia de rua (geometria, nao numero exato); medium = fallback bairro-centroide.","Nao usar como escore, threshold ou variavel derivada do rotulo. Nao promover a 'validado'/'confirmado' sem revisao do REV-P."
Curitiba,1,CUR_SIAC156_8929794ac6c37569,-25.3775689,-49.2122743,07/12/2023,2023,Proteção ao cidadão - GM,"Enchentes, inundações ou alagamentos",ESTRADA DAS OLARIAS,ATUBA,strong,"Estrada das Olarias, Atuba, Curitiba, Paraná, Região Sul, 82630-300, Brasil",32519936,1,"flood (alagamento/enchente) - landslide excluded by category filter (SIAC 156 Assunto/Subdivisao is a distinct structured category, not free text)",siac156_curitiba_v1,"Ponto positivo administrativo geocodificado (mesmo criterio do v12 Recife). Nao e ground truth cartografico individual -- confianca strong = correspondencia de rua (geometria, nao numero exato); medium = fallback bairro-centroide.","Nao usar como escore, threshold ou variavel derivada do rotulo. Nao promover a 'validado'/'confirmado' sem revisao do REV-P."
Curitiba,1,CUR_SIAC156_fed0ed59491f60a3,-25.4352375,-49.2543797,23/11/2023,2023,Drenagem,Alagamentos,RUA JOSÉ DE ALENCAR,CRISTO REI,strong,"Rua José de Alencar, Alto da Rua XV, Curitiba, Paraná, Região Sul, 80050-250, Brasil",161884105,1,"flood (alagamento/enchente) - landslide excluded by category filter (SIAC 156 Assunto/Subdivisao is a distinct structured category, not free text)",siac156_curitiba_v1,"Ponto positivo administrativo geocodificado (mesmo criterio do v12 Recife). Nao e ground truth cartografico individual -- confianca strong = correspondencia de rua (geometria, nao numero exato); medium = fallback bairro-centroide.","Nao usar como escore, threshold ou variavel derivada do rotulo. Nao promover a 'validado'/'confirmado' sem revisao do REV-P."
Curitiba,1,CUR_SIAC156_732c3941cc1932f5,-25.5068695,-49.2294642,23/11/2023,2023,Drenagem,Alagamentos,RUA BARTOLOMEU LOURENÇO DE GUSMÃO,BOQUEIRAO,strong,"Rua Bartolomeu Lourenço de Gusmão, Boqueirão, Curitiba, Paraná, Região Sul, 81730-360, Brasil",55204873,1,"flood (alagamento/enchente) - landslide excluded by category filter (SIAC 156 Assunto/Subdivisao is a distinct structured category, not free text)",siac156_curitiba_v1,"Ponto positivo administrativo geocodificado (mesmo criterio do v12 Recife). Nao e ground truth cartografico individual -- confianca strong = correspondencia de rua (geometria, nao numero exato); medium = fallback bairro-centroide.","Nao usar como escore, threshold ou variavel derivada do rotulo. Nao promover a 'validado'/'confirmado' sem revisao do REV-P."
Curitiba,1,CUR_SIAC156_9fbcfc7b9821cd62,-25.462856,-49.3157419,31/10/2023,2023,Drenagem,Alagamentos,Rua Herbert Neal,SANTA QUITERIA,strong,"Rua Herbert Neal, Santa Quitéria, Curitiba, Paraná, Região Sul, 80310-010, Brasil",576915876,1,"flood (alagamento/enchente) - landslide excluded by category filter (SIAC 156 Assunto/Subdivisao is a distinct structured category, not free text)",siac156_curitiba_v1,"Ponto positivo administrativo geocodificado (mesmo criterio do v12 Recife). Nao e ground truth cartografico individual -- confianca strong = correspondencia de rua (geometria, nao numero exato); medium = fallback bairro-centroide.","Nao usar como escore, threshold ou variavel derivada do rotulo. Nao promover a 'validado'/'confirmado' sem revisao do REV-P."
Curitiba,1,CUR_SIAC156_020f2248b8fc6630,-25.3752293,-49.2463221,13/11/2023,2023,Drenagem,Alagamentos,RUA PEDRO ANTONIO DA COSTA,BOA VISTA,strong,"Rua Pedro Antônio da Costa, Boa Vista, Curitiba, Paraná, Região Sul, 82650-090, Brasil",162219656,1,"flood (alagamento/enchente) - landslide excluded by category filter (SIAC 156 Assunto/Subdivisao is a distinct structured category, not free text)",siac156_curitiba_v1,"Ponto positivo administrativo geocodificado (mesmo criterio do v12 Recife). Nao e ground truth cartografico individual -- confianca strong = correspondencia de rua (geometria, nao numero exato); medium = fallback bairro-centroide.","Nao usar como escore, threshold ou variavel derivada do rotulo. Nao promover a 'validado'/'confirmado' sem revisao do REV-P."
Curitiba,1,CUR_SIAC156_937cac23066d3e31,-25.4718975,-49.1943514,22/11/2023,2023,Drenagem,Alagamentos,RUA PADRE ESTANISLAU CEBULA,CAJURU,strong,"Rua Padre Estanislau Cebula, Cajuru, Curitiba, Paraná, Região Sul, 82980-130, Brasil",163153920,1,"flood (alagamento/enchente) - landslide excluded by category filter (SIAC 156 Assunto/Subdivisao is a distinct structured category, not free text)",siac156_curitiba_v1,"Ponto positivo administrativo geocodificado (mesmo criterio do v12 Recife). Nao e ground truth cartografico individual -- confianca strong = correspondencia de rua (geometria, nao numero exato); medium = fallback bairro-centroide.","Nao usar como escore, threshold ou variavel derivada do rotulo. Nao promover a 'validado'/'confirmado' sem revisao do REV-P."
Curitiba,1,CUR_SIAC156_9e4033a9a2ddbeba,-25.394404,-49.3317387,27/09/2023,2023,Drenagem,Alagamentos,RUA ALBERTO BALHANA,SANTA FELICIDADE,strong,"Rua Alberto Balhana, Santa Felicidade, Curitiba, Paraná, Região Sul, 82400-070, Brasil",158118585,1,"flood (alagamento/enchente) - landslide excluded by category filter (SIAC 156 Assunto/Subdivisao is a distinct structured category, not free text)",siac156_curitiba_v1,"Ponto positivo administrativo geocodificado (mesmo criterio do v12 Recife). Nao e ground truth cartografico individual -- confianca strong = correspondencia de rua (geometria, nao numero exato); medium = fallback bairro-centroide.","Nao usar como escore, threshold ou variavel derivada do rotulo. Nao promover a 'validado'/'confirmado' sem revisao do REV-P."
Curitiba,1,CUR_SIAC156_197680b9c17c493a,-25.4245897,-49.2456388,04/05/2023,2023,Drenagem,Alagamentos,Rua Professor Brandão,ALTO DA RUA XV,strong,"Rua Professor Brandão, Alto da Rua XV, Curitiba, Paraná, Região Sul, 80045-390, Brasil",292464182,1,"flood (alagamento/enchente) - landslide excluded by category filter (SIAC 156 Assunto/Subdivisao is a distinct structured category, not free text)",siac156_curitiba_v1,"Ponto positivo administrativo geocodificado (mesmo criterio do v12 Recife). Nao e ground truth cartografico individual -- confianca strong = correspondencia de rua (geometria, nao numero exato); medium = fallback bairro-centroide.","Nao usar como escore, threshold ou variavel derivada do rotulo. Nao promover a 'validado'/'confirmado' sem revisao do REV-P."
Curitiba,1,CUR_SIAC156_f035743f4a89dca4,-25.4615287,-49.2677646,10/03/2023,2023,Drenagem,Alagamentos,RUA PADRE ISAÍAS DE ANDRADE,PAROLIN,strong,"Rua Padre Isaías de Andrade, Vila Valetão, Parolin, Curitiba, Paraná, Região Sul, 80220-081, Brasil",53813390,1,"flood (alagamento/enchente) - landslide excluded by category filter (SIAC 156 Assunto/Subdivisao is a distinct structured category, not free text)",siac156_curitiba_v1,"Ponto positivo administrativo geocodificado (mesmo criterio do v12 Recife). Nao e ground truth cartografico individual -- confianca strong = correspondencia de rua (geometria, nao numero exato); medium = fallback bairro-centroide.","Nao usar como escore, threshold ou variavel derivada do rotulo. Nao promover a 'validado'/'confirmado' sem revisao do REV-P."
Curitiba,1,CUR_SIAC156_438c05f080403807,-25.4895782,-49.3459345,23/11/2023,2023,Drenagem,Alagamentos,AVENIDA JUSCELINO KUBITSCHEK DE OLIVEIRA,CIDADE INDUSTRIAL,strong,"Avenida Juscelino Kubitschek de Oliveira (Marginal Oeste), Cidade Industrial de Curitiba, Curitiba, Paraná, Região Sul, 81250-460, Brasil",1259147529,1,"flood (alagamento/enchente) - landslide excluded by category filter (SIAC 156 Assunto/Subdivisao is a distinct structured category, not free text)",siac156_curitiba_v1,"Ponto positivo administrativo geocodificado (mesmo criterio do v12 Recife). Nao e ground truth cartografico individual -- confianca strong = correspondencia de rua (geometria, nao numero exato); medium = fallback bairro-centroide.","Nao usar como escore, threshold ou variavel derivada do rotulo. Nao promover a 'validado'/'confirmado' sem revisao do REV-P."
Curitiba,1,CUR_SIAC156_4c84bf4057f81ad9,-25.4486039,-49.2232265,10/12/2023,2023,Proteção ao cidadão - GM,"Enchentes, inundações ou alagamentos",Rua João Crysóstomo da Rosa,CAJURU,strong,"Rua João Crysóstomo da Rosa, Vila Oficinas, Cajuru, Curitiba, Paraná, Região Sul, 82900-240, Brasil",263641115,1,"flood (alagamento/enchente) - landslide excluded by category filter (SIAC 156 Assunto/Subdivisao is a distinct structured category, not free text)",siac156_curitiba_v1,"Ponto positivo administrativo geocodificado (mesmo criterio do v12 Recife). Nao e ground truth cartografico individual -- confianca strong = correspondencia de rua (geometria, nao numero exato); medium = fallback bairro-centroide.","Nao usar como escore, threshold ou variavel derivada do rotulo. Nao promover a 'validado'/'confirmado' sem revisao do REV-P."
Curitiba,1,CUR_SIAC156_fd543d98eb24bff1,-25.4194687,-49.363091,29/11/2023,2023,Drenagem,Alagamentos,RUA PEDRO CORRÊA DA CRUZ,SAO BRAZ,strong,"Rua Pedro Corrêa da Cruz, São Braz, Curitiba, Paraná, Região Sul, 82315-420, Brasil",78071335,1,"flood (alagamento/enchente) - landslide excluded by category filter (SIAC 156 Assunto/Subdivisao is a distinct structured category, not free text)",siac156_curitiba_v1,"Ponto positivo administrativo geocodificado (mesmo criterio do v12 Recife). Nao e ground truth cartografico individual -- confianca strong = correspondencia de rua (geometria, nao numero exato); medium = fallback bairro-centroide.","Nao usar como escore, threshold ou variavel derivada do rotulo. Nao promover a 'validado'/'confirmado' sem revisao do REV-P."
Curitiba,1,CUR_SIAC156_97bf18bf05331b92,-25.4341983,-49.2647194,23/11/2023,2023,Drenagem,Alagamentos,Rua João Negrão,CENTRO,strong,"Rua João Negrão, Centro, Curitiba, Paraná, Região Sul, 80010-190, Brasil",380939615,1,"flood (alagamento/enchente) - landslide excluded by category filter (SIAC 156 Assunto/Subdivisao is a distinct structured category, not free text)",siac156_curitiba_v1,"Ponto positivo administrativo geocodificado (mesmo criterio do v12 Recife). Nao e ground truth cartografico individual -- confianca strong = correspondencia de rua (geometria, nao numero exato); medium = fallback bairro-centroide.","Nao usar como escore, threshold ou variavel derivada do rotulo. Nao promover a 'validado'/'confirmado' sem revisao do REV-P."
Curitiba,1,CUR_SIAC156_23134e2c77c8e773,-25.3814708,-49.3002811,29/10/2023,2023,Drenagem,Alagamentos,Rua Maria Gusso Sforza,PILARZINHO,strong,"Rua Maria Gusso Sforza, Vila Bracatinga, Pilarzinho, Curitiba, Paraná, Região Sul, 83508-250, Brasil",162042915,4,"flood (alagamento/enchente) - landslide excluded by category filter (SIAC 156 Assunto/Subdivisao is a distinct structured category, not free text)",siac156_curitiba_v1,"Ponto positivo administrativo geocodificado (mesmo criterio do v12 Recife). Nao e ground truth cartografico individual -- confianca strong = correspondencia de rua (geometria, nao numero exato); medium = fallback bairro-centroide.","Nao usar como escore, threshold ou variavel derivada do rotulo. Nao promover a 'validado'/'confirmado' sem revisao do REV-P."
Curitiba,1,CUR_SIAC156_5eea43eb63136b16,-25.5870301,-49.3227918,16/10/2023,2023,Drenagem,Alagamentos,RUA JÚLIO PEREIRA SOBRINHO,CAMPO DE SANTANA,strong,"Rua Júlio Pereira Sobrinho, Vila Dom Bosco, Campo de Santana, Aldeia Kakane Porã, Curitiba, Paraná, Região Sul, 81490-040, Brasil",1247597707,2,"flood (alagamento/enchente) - landslide excluded by category filter (SIAC 156 Assunto/Subdivisao is a distinct structured category, not free text)",siac156_curitiba_v1,"Ponto positivo administrativo geocodificado (mesmo criterio do v12 Recife). Nao e ground truth cartografico individual -- confianca strong = correspondencia de rua (geometria, nao numero exato); medium = fallback bairro-centroide.","Nao usar como escore, threshold ou variavel derivada do rotulo. Nao promover a 'validado'/'confirmado' sem revisao do REV-P."
Curitiba,1,CUR_SIAC156_68a0dabf41d320c1,-25.3526982,-49.2565057,29/10/2023,2023,Drenagem,Alagamentos,Rua João Kryzanowski,CACHOEIRA,strong,"Rua João Kryzanowski, Cachoeira, Curitiba, Paraná, Região Sul, 82710-430, Brasil",165258181,1,"flood (alagamento/enchente) - landslide excluded by category filter (SIAC 156 Assunto/Subdivisao is a distinct structured category, not free text)",siac156_curitiba_v1,"Ponto positivo administrativo geocodificado (mesmo criterio do v12 Recife). Nao e ground truth cartografico individual -- confianca strong = correspondencia de rua (geometria, nao numero exato); medium = fallback bairro-centroide.","Nao usar como escore, threshold ou variavel derivada do rotulo. Nao promover a 'validado'/'confirmado' sem revisao do REV-P."
Curitiba,1,CUR_SIAC156_7fbc158ae5f031c9,-25.6007746,-49.3278968,19/12/2023,2023,Drenagem,Alagamentos,Rua Professor Manoel de Oliveira Franco Sobrinho,CAMPO DE SANTANA,strong,"Rua Professor Manoel de Oliveira Franco Sobrinho, Vivendas Janaína, Campo de Santana, Aldeia Kakane Porã, Curitiba, Paraná, Região Sul, 81480-000, Brasil",289617030,1,"flood (alagamento/enchente) - landslide excluded by category filter (SIAC 156 Assunto/Subdivisao is a distinct structured category, not free text)",siac156_curitiba_v1,"Ponto positivo administrativo geocodificado (mesmo criterio do v12 Recife). Nao e ground truth cartografico individual -- confianca strong = correspondencia de rua (geometria, nao numero exato); medium = fallback bairro-centroide.","Nao usar como escore, threshold ou variavel derivada do rotulo. Nao promover a 'validado'/'confirmado' sem revisao do REV-P."
Curitiba,1,CUR_SIAC156_2d0ec7da519327ca,-25.5704096,-49.3395639,16/01/2023,2023,Drenagem,Alagamentos,RUA ELOY CARLI,TATUQUARA,strong,"Rua Eloy Carli, Moradias dos Evangélicos II, Tatuquara, Curitiba, Paraná, Região Sul, 81470-400, Brasil",165624015,1,"flood (alagamento/enchente) - landslide excluded by category filter (SIAC 156 Assunto/Subdivisao is a distinct structured category, not free text)",siac156_curitiba_v1,"Ponto positivo administrativo geocodificado (mesmo criterio do v12 Recife). Nao e ground truth cartografico individual -- confianca strong = correspondencia de rua (geometria, nao numero exato); medium = fallback bairro-centroide.","Nao usar como escore, threshold ou variavel derivada do rotulo. Nao promover a 'validado'/'confirmado' sem revisao do REV-P."
Curitiba,1,CUR_SIAC156_ffce2b0b9574a811,-25.4697328,-49.2794512,27/01/2023,2023,Drenagem,Alagamentos,RUA SANTA CATARINA,GUAIRA,strong,"Rua Santa Catarina, Guaíra, Curitiba, Paraná, Região Sul, 80610-020, Brasil",48310676,1,"flood (alagamento/enchente) - landslide excluded by category filter (SIAC 156 Assunto/Subdivisao is a distinct structured category, not free text)",siac156_curitiba_v1,"Ponto positivo administrativo geocodificado (mesmo criterio do v12 Recife). Nao e ground truth cartografico individual -- confianca strong = correspondencia de rua (geometria, nao numero exato); medium = fallback bairro-centroide.","Nao usar como escore, threshold ou variavel derivada do rotulo. Nao promover a 'validado'/'confirmado' sem revisao do REV-P."
Curitiba,1,CUR_SIAC156_b044503607b04ad5,-25.5015125,-49.3388628,16/01/2023,2023,Drenagem,Alagamentos,Rua da Graça,CIDADE INDUSTRIAL,strong,"Rua da Graça, Cidade Industrial de Curitiba, Curitiba, Paraná, Região Sul, 81350-260, Brasil",138705798,1,"flood (alagamento/enchente) - landslide excluded by category filter (SIAC 156 Assunto/Subdivisao is a distinct structured category, not free text)",siac156_curitiba_v1,"Ponto positivo administrativo geocodificado (mesmo criterio do v12 Recife). Nao e ground truth cartografico individual -- confianca strong = correspondencia de rua (geometria, nao numero exato); medium = fallback bairro-centroide.","Nao usar como escore, threshold ou variavel derivada do rotulo. Nao promover a 'validado'/'confirmado' sem revisao do REV-P."
Curitiba,1,CUR_SIAC156_cbed4ec19a5c102f,-25.4779887,-49.2374856,27/11/2023,2023,Drenagem,Alagamentos,Rua Isac de Oliveira,UBERABA,strong,"Rua Isac de Oliveira, Uberaba, Curitiba, Paraná, Região Sul, 81510-640, Brasil",161194065,1,"flood (alagamento/enchente) - landslide excluded by category filter (SIAC 156 Assunto/Subdivisao is a distinct structured category, not free text)",siac156_curitiba_v1,"Ponto positivo administrativo geocodificado (mesmo criterio do v12 Recife). Nao e ground truth cartografico individual -- confianca strong = correspondencia de rua (geometria, nao numero exato); medium = fallback bairro-centroide.","Nao usar como escore, threshold ou variavel derivada do rotulo. Nao promover a 'validado'/'confirmado' sem revisao do REV-P."
Curitiba,1,CUR_SIAC156_6fa1d087da7f1149,-25.4936683,-49.340052,22/11/2023,2023,Drenagem,Alagamentos,RUA JOSE ANICETO,CIDADE INDUSTRIAL,strong,"Rua José Aniceto, Cidade Industrial de Curitiba, Curitiba, Paraná, Região Sul, 81350-260, Brasil",138705713,1,"flood (alagamento/enchente) - landslide excluded by category filter (SIAC 156 Assunto/Subdivisao is a distinct structured category, not free text)",siac156_curitiba_v1,"Ponto positivo administrativo geocodificado (mesmo criterio do v12 Recife). Nao e ground truth cartografico individual -- confianca strong = correspondencia de rua (geometria, nao numero exato); medium = fallback bairro-centroide.","Nao usar como escore, threshold ou variavel derivada do rotulo. Nao promover a 'validado'/'confirmado' sem revisao do REV-P."
Curitiba,1,CUR_SIAC156_55333c4b99feb9eb,-25.5277947,-49.231538,03/11/2023,2023,Drenagem,Alagamentos,Tenente-Coronel Vilagran Cabrita,ALTO BOQUEIRAO,strong,"Rua Tenente-Coronel Vilagrán Cabrita, Alto Boqueirão, Curitiba, Paraná, Região Sul, 81770-260, Brasil",85231820,1,"flood (alagamento/enchente) - landslide excluded by category filter (SIAC 156 Assunto/Subdivisao is a distinct structured category, not free text)",siac156_curitiba_v1,"Ponto positivo administrativo geocodificado (mesmo criterio do v12 Recife). Nao e ground truth cartografico individual -- confianca strong = correspondencia de rua (geometria, nao numero exato); medium = fallback bairro-centroide.","Nao usar como escore, threshold ou variavel derivada do rotulo. Nao promover a 'validado'/'confirmado' sem revisao do REV-P."
Curitiba,1,CUR_SIAC156_62669730253782f1,-25.552029,-49.2735237,29/05/2023,2023,Drenagem,Alagamentos,RUA NOVA CANTU,SITIO CERCADO,strong,"Rua Nova Cantu, Sítio Cercado, Curitiba, Paraná, Região Sul, 81925-417, Brasil",439144123,1,"flood (alagamento/enchente) - landslide excluded by category filter (SIAC 156 Assunto/Subdivisao is a distinct structured category, not free text)",siac156_curitiba_v1,"Ponto positivo administrativo geocodificado (mesmo criterio do v12 Recife). Nao e ground truth cartografico individual -- confianca strong = correspondencia de rua (geometria, nao numero exato); medium = fallback bairro-centroide.","Nao usar como escore, threshold ou variavel derivada do rotulo. Nao promover a 'validado'/'confirmado' sem revisao do REV-P."
Curitiba,1,CUR_SIAC156_09191c02bb0832f9,-25.3832879,-49.2525696,19/11/2023,2023,Drenagem,Alagamentos,Vicente Geronasso,BOA VISTA,strong,"Rua Vicente Geronasso, Boa Vista, Curitiba, Paraná, Região Sul, 82540-050, Brasil",38230530,1,"flood (alagamento/enchente) - landslide excluded by category filter (SIAC 156 Assunto/Subdivisao is a distinct structured category, not free text)",siac156_curitiba_v1,"Ponto positivo administrativo geocodificado (mesmo criterio do v12 Recife). Nao e ground truth cartografico individual -- confianca strong = correspondencia de rua (geometria, nao numero exato); medium = fallback bairro-centroide.","Nao usar como escore, threshold ou variavel derivada do rotulo. Nao promover a 'validado'/'confirmado' sem revisao do REV-P."
Curitiba,1,CUR_SIAC156_6131c3b77a650e1e,-25.4279341,-49.2821753,23/11/2023,2023,Drenagem,Alagamentos,RUA VISCONDE DO RIO BRANCO,MERCES,strong,"Rua Visconde do Rio Branco, Mercês, Curitiba, Paraná, Região Sul, 80410-060, Brasil",358926107,1,"flood (alagamento/enchente) - landslide excluded by category filter (SIAC 156 Assunto/Subdivisao is a distinct structured category, not free text)",siac156_curitiba_v1,"Ponto positivo administrativo geocodificado (mesmo criterio do v12 Recife). Nao e ground truth cartografico individual -- confianca strong = correspondencia de rua (geometria, nao numero exato); medium = fallback bairro-centroide.","Nao usar como escore, threshold ou variavel derivada do rotulo. Nao promover a 'validado'/'confirmado' sem revisao do REV-P."
Curitiba,1,CUR_SIAC156_a602b304325842b5,-25.5758037,-49.3363193,16/01/2023,2023,Drenagem,Alagamentos,RUA JORNALISTA EMÍLIO ZOLA FLORENZANO,TATUQUARA,strong,"Rua Jornalista Emílio Zola Florenzano, Moradias Monteiro Lobato II e III, Tatuquara, Curitiba, Paraná, Região Sul, 81470-270, Brasil",166479454,1,"flood (alagamento/enchente) - landslide excluded by category filter (SIAC 156 Assunto/Subdivisao is a distinct structured category, not free text)",siac156_curitiba_v1,"Ponto positivo administrativo geocodificado (mesmo criterio do v12 Recife). Nao e ground truth cartografico individual -- confianca strong = correspondencia de rua (geometria, nao numero exato); medium = fallback bairro-centroide.","Nao usar como escore, threshold ou variavel derivada do rotulo. Nao promover a 'validado'/'confirmado' sem revisao do REV-P."
Curitiba,1,CUR_SIAC156_c11516f1c7c7aa75,-25.497993,-49.334522,28/02/2023,2023,Drenagem,Alagamentos,AVENIDA JUSCELINO KUBITSCHEK DE OLIVEIRA LE,CIDADE INDUSTRIAL,medium,"Cidade Industrial de Curitiba, Curitiba, Paraná, Região Sul, 81350-260, Brasil",3012156952,1,"flood (alagamento/enchente) - landslide excluded by category filter (SIAC 156 Assunto/Subdivisao is a distinct structured category, not free text)",siac156_curitiba_v1,"Ponto positivo administrativo geocodificado (mesmo criterio do v12 Recife). Nao e ground truth cartografico individual -- confianca strong = correspondencia de rua (geometria, nao numero exato); medium = fallback bairro-centroide.","Nao usar como escore, threshold ou variavel derivada do rotulo. Nao promover a 'validado'/'confirmado' sem revisao do REV-P."
Curitiba,1,CUR_SIAC156_78bea1a2c721a60b,-25.4994662,-49.3354563,23/11/2023,2023,Drenagem,Alagamentos,Emílio Nichele,CIDADE INDUSTRIAL,strong,"Rua Emílio Nichele, Cidade Industrial de Curitiba, Curitiba, Paraná, Região Sul, 81350-260, Brasil",138705757,1,"flood (alagamento/enchente) - landslide excluded by category filter (SIAC 156 Assunto/Subdivisao is a distinct structured category, not free text)",siac156_curitiba_v1,"Ponto positivo administrativo geocodificado (mesmo criterio do v12 Recife). Nao e ground truth cartografico individual -- confianca strong = correspondencia de rua (geometria, nao numero exato); medium = fallback bairro-centroide.","Nao usar como escore, threshold ou variavel derivada do rotulo. Nao promover a 'validado'/'confirmado' sem revisao do REV-P."
Curitiba,1,CUR_SIAC156_9f175e42afe048e0,-25.4666351,-49.3161515,20/07/2023,2023,Drenagem,Alagamentos,RUA REZALA SIMÃO,PORTAO,strong,"Rua Rezala Simão, Portão, Curitiba, Paraná, Região Sul, 80310-010, Brasil",162096210,1,"flood (alagamento/enchente) - landslide excluded by category filter (SIAC 156 Assunto/Subdivisao is a distinct structured category, not free text)",siac156_curitiba_v1,"Ponto positivo administrativo geocodificado (mesmo criterio do v12 Recife). Nao e ground truth cartografico individual -- confianca strong = correspondencia de rua (geometria, nao numero exato); medium = fallback bairro-centroide.","Nao usar como escore, threshold ou variavel derivada do rotulo. Nao promover a 'validado'/'confirmado' sem revisao do REV-P."
Curitiba,1,CUR_SIAC156_769219de9248f816,-25.4850315,-49.3406051,30/08/2023,2023,Drenagem,Alagamentos,ESTRADA VELHA DO BARIGUI,CIDADE INDUSTRIAL,strong,"Estrada Velha do Barigui, Cidade Industrial de Curitiba, Curitiba, Paraná, Região Sul, 81250-460, Brasil",82005500,1,"flood (alagamento/enchente) - landslide excluded by category filter (SIAC 156 Assunto/Subdivisao is a distinct structured category, not free text)",siac156_curitiba_v1,"Ponto positivo administrativo geocodificado (mesmo criterio do v12 Recife). Nao e ground truth cartografico individual -- confianca strong = correspondencia de rua (geometria, nao numero exato); medium = fallback bairro-centroide.","Nao usar como escore, threshold ou variavel derivada do rotulo. Nao promover a 'validado'/'confirmado' sem revisao do REV-P."
Curitiba,1,CUR_SIAC156_d4fb0c1053823385,-25.4636644,-49.2206912,12/08/2023,2023,Drenagem,Alagamentos,RUA CORONEL ALFREDO FERREIRA DA COSTA,JARDIM DAS AMERICAS,strong,"Rua Coronel Alfredo Ferreira da Costa, Jardim das Américas, Curitiba, Paraná, Região Sul, 81540-120, Brasil",187886485,1,"flood (alagamento/enchente) - landslide excluded by category filter (SIAC 156 Assunto/Subdivisao is a distinct structured category, not free text)",siac156_curitiba_v1,"Ponto positivo administrativo geocodificado (mesmo criterio do v12 Recife). Nao e ground truth cartografico individual -- confianca strong = correspondencia de rua (geometria, nao numero exato); medium = fallback bairro-centroide.","Nao usar como escore, threshold ou variavel derivada do rotulo. Nao promover a 'validado'/'confirmado' sem revisao do REV-P."
Curitiba,1,CUR_SIAC156_d5adfe1139bce3b8,-25.4716072,-49.3038264,24/11/2023,2023,Drenagem,Alagamentos,Rua Capitão Tenente Maris de Barros,PORTAO,strong,"Rua Capitão Tenente Maris de Barros, Portão, Curitiba, Paraná, Região Sul, 80330-050, Brasil",161704192,1,"flood (alagamento/enchente) - landslide excluded by category filter (SIAC 156 Assunto/Subdivisao is a distinct structured category, not free text)",siac156_curitiba_v1,"Ponto positivo administrativo geocodificado (mesmo criterio do v12 Recife). Nao e ground truth cartografico individual -- confianca strong = correspondencia de rua (geometria, nao numero exato); medium = fallback bairro-centroide.","Nao usar como escore, threshold ou variavel derivada do rotulo. Nao promover a 'validado'/'confirmado' sem revisao do REV-P."
Curitiba,1,CUR_SIAC156_cd23bca6b798885c,-25.4787264,-49.2899727,27/10/2023,2023,Drenagem,Alagamentos,RUA EDUARDO CARLOS PEREIRA,PORTAO,strong,"Rua Eduardo Carlos Pereira, Portão, Curitiba, Paraná, Região Sul, 80610-010, Brasil",1520987157,1,"flood (alagamento/enchente) - landslide excluded by category filter (SIAC 156 Assunto/Subdivisao is a distinct structured category, not free text)",siac156_curitiba_v1,"Ponto positivo administrativo geocodificado (mesmo criterio do v12 Recife). Nao e ground truth cartografico individual -- confianca strong = correspondencia de rua (geometria, nao numero exato); medium = fallback bairro-centroide.","Nao usar como escore, threshold ou variavel derivada do rotulo. Nao promover a 'validado'/'confirmado' sem revisao do REV-P."
Curitiba,1,CUR_SIAC156_c6abba9d027f535e,-25.5154478,-49.2481425,06/10/2023,2023,Drenagem,Alagamentos,RUA DOUTOR DANILO GOMES,BOQUEIRAO,strong,"Rua Doutor Danilo Gomes, Boqueirão, Curitiba, Paraná, Região Sul, 81750-450, Brasil",85034837,1,"flood (alagamento/enchente) - landslide excluded by category filter (SIAC 156 Assunto/Subdivisao is a distinct structured category, not free text)",siac156_curitiba_v1,"Ponto positivo administrativo geocodificado (mesmo criterio do v12 Recife). Nao e ground truth cartografico individual -- confianca strong = correspondencia de rua (geometria, nao numero exato); medium = fallback bairro-centroide.","Nao usar como escore, threshold ou variavel derivada do rotulo. Nao promover a 'validado'/'confirmado' sem revisao do REV-P."
Curitiba,1,CUR_SIAC156_6781a7b147c8adde,-25.4221067,-49.3435247,05/12/2023,2023,Drenagem,Alagamentos,RUA ORLANDO DESTEFANI,SAO BRAZ,strong,"Rua Orlando Destefani, São Braz, Curitiba, Paraná, Região Sul, 82300-340, Brasil",137976595,1,"flood (alagamento/enchente) - landslide excluded by category filter (SIAC 156 Assunto/Subdivisao is a distinct structured category, not free text)",siac156_curitiba_v1,"Ponto positivo administrativo geocodificado (mesmo criterio do v12 Recife). Nao e ground truth cartografico individual -- confianca strong = correspondencia de rua (geometria, nao numero exato); medium = fallback bairro-centroide.","Nao usar como escore, threshold ou variavel derivada do rotulo. Nao promover a 'validado'/'confirmado' sem revisao do REV-P."
Curitiba,1,CUR_SIAC156_acfa6d544deba712,-25.5415204,-49.251725,15/03/2023,2023,Drenagem,Alagamentos,RUA DAVID TOWS,SITIO CERCADO,strong,"Rua David Tows, Sítio Cercado, Curitiba, Paraná, Região Sul, 81920-070, Brasil",1409734308,1,"flood (alagamento/enchente) - landslide excluded by category filter (SIAC 156 Assunto/Subdivisao is a distinct structured category, not free text)",siac156_curitiba_v1,"Ponto positivo administrativo geocodificado (mesmo criterio do v12 Recife). Nao e ground truth cartografico individual -- confianca strong = correspondencia de rua (geometria, nao numero exato); medium = fallback bairro-centroide.","Nao usar como escore, threshold ou variavel derivada do rotulo. Nao promover a 'validado'/'confirmado' sem revisao do REV-P."
Curitiba,1,CUR_SIAC156_71ce4ed06d8bf34e,-25.5421502,-49.2749752,23/12/2023,2023,Drenagem,Alagamentos,RUA PROFESSOR ERBO STENZEL,SITIO CERCADO,strong,"Rua Professor Erbo Stenzel, Vila Nova Aurora, Sítio Cercado, Curitiba, Paraná, Região Sul, 81900-180, Brasil",127268351,1,"flood (alagamento/enchente) - landslide excluded by category filter (SIAC 156 Assunto/Subdivisao is a distinct structured category, not free text)",siac156_curitiba_v1,"Ponto positivo administrativo geocodificado (mesmo criterio do v12 Recife). Nao e ground truth cartografico individual -- confianca strong = correspondencia de rua (geometria, nao numero exato); medium = fallback bairro-centroide.","Nao usar como escore, threshold ou variavel derivada do rotulo. Nao promover a 'validado'/'confirmado' sem revisao do REV-P."
Curitiba,1,CUR_SIAC156_21d671b7352e6c80,-25.3748433,-49.2637875,29/11/2023,2023,Drenagem,Alagamentos,RUA FLAVIO DALLEGRAVE,BARREIRINHA,strong,"Rua Flávio Dallegrave, Barreirinha, Curitiba, Paraná, Região Sul, 82700-110, Brasil",162249727,1,"flood (alagamento/enchente) - landslide excluded by category filter (SIAC 156 Assunto/Subdivisao is a distinct structured category, not free text)",siac156_curitiba_v1,"Ponto positivo administrativo geocodificado (mesmo criterio do v12 Recife). Nao e ground truth cartografico individual -- confianca strong = correspondencia de rua (geometria, nao numero exato); medium = fallback bairro-centroide.","Nao usar como escore, threshold ou variavel derivada do rotulo. Nao promover a 'validado'/'confirmado' sem revisao do REV-P."
Curitiba,1,CUR_SIAC156_1aa0ee98b80b530c,-25.3807532,-49.2936287,23/11/2023,2023,Drenagem,Alagamentos,RUA JOSÉ ALVES PINTO,PILARZINHO,strong,"Rua José Alves Pinto, Pilarzinho, Curitiba, Paraná, Região Sul, 82110-350, Brasil",424768836,1,"flood (alagamento/enchente) - landslide excluded by category filter (SIAC 156 Assunto/Subdivisao is a distinct structured category, not free text)",siac156_curitiba_v1,"Ponto positivo administrativo geocodificado (mesmo criterio do v12 Recife). Nao e ground truth cartografico individual -- confianca strong = correspondencia de rua (geometria, nao numero exato); medium = fallback bairro-centroide.","Nao usar como escore, threshold ou variavel derivada do rotulo. Nao promover a 'validado'/'confirmado' sem revisao do REV-P."
Curitiba,1,CUR_SIAC156_bfce74380df98131,-25.4424445,-49.3155481,23/11/2023,2023,Drenagem,Alagamentos,RUA CLODOMIRO AVELLEDA,CAMPINA DO SIQUEIRA,strong,"Rua Clodomiro Avelleda, Campina do Siqueira, Curitiba, Paraná, Região Sul, 80740-050, Brasil",926640594,1,"flood (alagamento/enchente) - landslide excluded by category filter (SIAC 156 Assunto/Subdivisao is a distinct structured category, not free text)",siac156_curitiba_v1,"Ponto positivo administrativo geocodificado (mesmo criterio do v12 Recife). Nao e ground truth cartografico individual -- confianca strong = correspondencia de rua (geometria, nao numero exato); medium = fallback bairro-centroide.","Nao usar como escore, threshold ou variavel derivada do rotulo. Nao promover a 'validado'/'confirmado' sem revisao do REV-P."
Curitiba,1,CUR_SIAC156_fec68dfa80ec9c9d,-25.5617098,-49.3337257,16/01/2023,2023,Drenagem,Alagamentos,Rua Desembargador Ernâni Almeida de Abreu,TATUQUARA,strong,"Rua Desembargador Ernani Almeida de Abreu, Moradias Santa Rita, Tatuquara, Curitiba, Paraná, Região Sul, 81480-230, Brasil",488220298,1,"flood (alagamento/enchente) - landslide excluded by category filter (SIAC 156 Assunto/Subdivisao is a distinct structured category, not free text)",siac156_curitiba_v1,"Ponto positivo administrativo geocodificado (mesmo criterio do v12 Recife). Nao e ground truth cartografico individual -- confianca strong = correspondencia de rua (geometria, nao numero exato); medium = fallback bairro-centroide.","Nao usar como escore, threshold ou variavel derivada do rotulo. Nao promover a 'validado'/'confirmado' sem revisao do REV-P."
Curitiba,1,CUR_SIAC156_83fbad1dc78302c9,-25.3732778,-49.2704642,22/11/2023,2023,Drenagem,Alagamentos,Rua Dovico Dalprá,ABRANCHES,strong,"Rua Dovico Dalprá, Abranches, Curitiba, Paraná, Região Sul, 82220-330, Brasil",162249717,1,"flood (alagamento/enchente) - landslide excluded by category filter (SIAC 156 Assunto/Subdivisao is a distinct structured category, not free text)",siac156_curitiba_v1,"Ponto positivo administrativo geocodificado (mesmo criterio do v12 Recife). Nao e ground truth cartografico individual -- confianca strong = correspondencia de rua (geometria, nao numero exato); medium = fallback bairro-centroide.","Nao usar como escore, threshold ou variavel derivada do rotulo. Nao promover a 'validado'/'confirmado' sem revisao do REV-P."
Curitiba,1,CUR_SIAC156_ae2faf8d485e4e7a,-25.4439047,-49.2949024,23/11/2023,2023,Drenagem,Alagamentos,RUA HERMES FONTES,BATEL,strong,"Rua Hermes Fontes, Batel, Curitiba, Paraná, Região Sul, 80240-340, Brasil",978293254,1,"flood (alagamento/enchente) - landslide excluded by category filter (SIAC 156 Assunto/Subdivisao is a distinct structured category, not free text)",siac156_curitiba_v1,"Ponto positivo administrativo geocodificado (mesmo criterio do v12 Recife). Nao e ground truth cartografico individual -- confianca strong = correspondencia de rua (geometria, nao numero exato); medium = fallback bairro-centroide.","Nao usar como escore, threshold ou variavel derivada do rotulo. Nao promover a 'validado'/'confirmado' sem revisao do REV-P."
Curitiba,1,CUR_SIAC156_5eea43eb63136b16,-25.5870301,-49.3227918,16/10/2023,2023,Drenagem,Alagamentos,RUA JÚLIO PEREIRA SOBRINHO,CAMPO DE SANTANA,strong,"Rua Júlio Pereira Sobrinho, Vila Dom Bosco, Campo de Santana, Aldeia Kakane Porã, Curitiba, Paraná, Região Sul, 81490-040, Brasil",1247597707,2,"flood (alagamento/enchente) - landslide excluded by category filter (SIAC 156 Assunto/Subdivisao is a distinct structured category, not free text)",siac156_curitiba_v1,"Ponto positivo administrativo geocodificado (mesmo criterio do v12 Recife). Nao e ground truth cartografico individual -- confianca strong = correspondencia de rua (geometria, nao numero exato); medium = fallback bairro-centroide.","Nao usar como escore, threshold ou variavel derivada do rotulo. Nao promover a 'validado'/'confirmado' sem revisao do REV-P."
Curitiba,1,CUR_SIAC156_de6025f185b1aa54,-25.4902208,-49.3344659,27/01/2023,2023,Drenagem,Alagamentos,RUA LUDOVICO BAUML,CIDADE INDUSTRIAL,strong,"Rua Ludovico Bauml, Cidade Industrial de Curitiba, Curitiba, Paraná, Região Sul, 81330-430, Brasil",129130232,1,"flood (alagamento/enchente) - landslide excluded by category filter (SIAC 156 Assunto/Subdivisao is a distinct structured category, not free text)",siac156_curitiba_v1,"Ponto positivo administrativo geocodificado (mesmo criterio do v12 Recife). Nao e ground truth cartografico individual -- confianca strong = correspondencia de rua (geometria, nao numero exato); medium = fallback bairro-centroide.","Nao usar como escore, threshold ou variavel derivada do rotulo. Nao promover a 'validado'/'confirmado' sem revisao do REV-P."
Curitiba,1,CUR_SIAC156_a51f5aaf3c33a851,-25.5255453,-49.2560104,28/10/2023,2023,Drenagem,Alagamentos,RUA BORRAZÓPOLIS,ALTO BOQUEIRAO,strong,"Rua Borrazópolis, Alto Boqueirão, Curitiba, Paraná, Região Sul, 81830-320, Brasil",85031461,1,"flood (alagamento/enchente) - landslide excluded by category filter (SIAC 156 Assunto/Subdivisao is a distinct structured category, not free text)",siac156_curitiba_v1,"Ponto positivo administrativo geocodificado (mesmo criterio do v12 Recife). Nao e ground truth cartografico individual -- confianca strong = correspondencia de rua (geometria, nao numero exato); medium = fallback bairro-centroide.","Nao usar como escore, threshold ou variavel derivada do rotulo. Nao promover a 'validado'/'confirmado' sem revisao do REV-P."
Curitiba,1,CUR_SIAC156_c86faa2c0b5f9915,-25.3706107,-49.2646783,29/11/2023,2023,Drenagem,Alagamentos,Rua Manoel Borba Gato,BARREIRINHA,strong,"Rua Manoel Borba Gato, Barreirinha, Curitiba, Paraná, Região Sul, 82220-330, Brasil",162249723,1,"flood (alagamento/enchente) - landslide excluded by category filter (SIAC 156 Assunto/Subdivisao is a distinct structured category, not free text)",siac156_curitiba_v1,"Ponto positivo administrativo geocodificado (mesmo criterio do v12 Recife). Nao e ground truth cartografico individual -- confianca strong = correspondencia de rua (geometria, nao numero exato); medium = fallback bairro-centroide.","Nao usar como escore, threshold ou variavel derivada do rotulo. Nao promover a 'validado'/'confirmado' sem revisao do REV-P."
Curitiba,1,CUR_SIAC156_d2ec28fa3e305305,-25.4856281,-49.3434836,16/01/2023,2023,Drenagem,Alagamentos,Rua Edgard Moutinho Zandoná,CIDADE INDUSTRIAL,strong,"Rua Edgard Moutinho Zandoná, Cidade Industrial de Curitiba, Curitiba, Paraná, Região Sul, 81250-460, Brasil",83705704,1,"flood (alagamento/enchente) - landslide excluded by category filter (SIAC 156 Assunto/Subdivisao is a distinct structured category, not free text)",siac156_curitiba_v1,"Ponto positivo administrativo geocodificado (mesmo criterio do v12 Recife). Nao e ground truth cartografico individual -- confianca strong = correspondencia de rua (geometria, nao numero exato); medium = fallback bairro-centroide.","Nao usar como escore, threshold ou variavel derivada do rotulo. Nao promover a 'validado'/'confirmado' sem revisao do REV-P."
Curitiba,1,CUR_SIAC156_c5e5a68b001432f6,-25.3908472,-49.3039956,24/11/2023,2023,Drenagem,Alagamentos,Rua Antenor Mallin,PILARZINHO,strong,"Rua Antenor Mallin, Pilarzinho, Curitiba, Paraná, Região Sul, 82100-510, Brasil",390661105,1,"flood (alagamento/enchente) - landslide excluded by category filter (SIAC 156 Assunto/Subdivisao is a distinct structured category, not free text)",siac156_curitiba_v1,"Ponto positivo administrativo geocodificado (mesmo criterio do v12 Recife). Nao e ground truth cartografico individual -- confianca strong = correspondencia de rua (geometria, nao numero exato); medium = fallback bairro-centroide.","Nao usar como escore, threshold ou variavel derivada do rotulo. Nao promover a 'validado'/'confirmado' sem revisao do REV-P."
Curitiba,1,CUR_SIAC156_4e59a2d42e7db680,-25.3933401,-49.2326859,13/07/2024,2024,Proteção ao cidadão - GM,"Enchentes, inundações ou alagamentos",RUA MARECHAL TROMPOWSKI,BACACHERI,strong,"Rua Marechal Trompowski, Bacacheri, Curitiba, Paraná, Região Sul, 82515-330, Brasil",127195992,1,"flood (alagamento/enchente) - landslide excluded by category filter (SIAC 156 Assunto/Subdivisao is a distinct structured category, not free text)",siac156_curitiba_v1,"Ponto positivo administrativo geocodificado (mesmo criterio do v12 Recife). Nao e ground truth cartografico individual -- confianca strong = correspondencia de rua (geometria, nao numero exato); medium = fallback bairro-centroide.","Nao usar como escore, threshold ou variavel derivada do rotulo. Nao promover a 'validado'/'confirmado' sem revisao do REV-P."
Curitiba,1,CUR_SIAC156_2426a1f477a443dd,-25.4064413,-49.3474166,20/03/2024,2024,Drenagem,Alagamentos,RUA SERAFIM LUCCA,SAO BRAZ,strong,"Rua Serafim Lucca, São Braz, Curitiba, Paraná, Região Sul, 82320-390, Brasil",335739495,1,"flood (alagamento/enchente) - landslide excluded by category filter (SIAC 156 Assunto/Subdivisao is a distinct structured category, not free text)",siac156_curitiba_v1,"Ponto positivo administrativo geocodificado (mesmo criterio do v12 Recife). Nao e ground truth cartografico individual -- confianca strong = correspondencia de rua (geometria, nao numero exato); medium = fallback bairro-centroide.","Nao usar como escore, threshold ou variavel derivada do rotulo. Nao promover a 'validado'/'confirmado' sem revisao do REV-P."
Curitiba,1,CUR_SIAC156_2d71dc36bde0218b,-25.5315981,-49.2504524,19/03/2024,2024,Drenagem,Alagamentos,RUA CAPITÃO AMIN MOSSE,ALTO BOQUEIRAO,strong,"Rua Capitão Amin Mosse, Alto Boqueirão, Curitiba, Paraná, Região Sul, 81850-240, Brasil",33103980,2,"flood (alagamento/enchente) - landslide excluded by category filter (SIAC 156 Assunto/Subdivisao is a distinct structured category, not free text)",siac156_curitiba_v1,"Ponto positivo administrativo geocodificado (mesmo criterio do v12 Recife). Nao e ground truth cartografico individual -- confianca strong = correspondencia de rua (geometria, nao numero exato); medium = fallback bairro-centroide.","Nao usar como escore, threshold ou variavel derivada do rotulo. Nao promover a 'validado'/'confirmado' sem revisao do REV-P."
Curitiba,1,CUR_SIAC156_e4839a8d5ec4aa4d,-25.5311678,-49.2483335,19/03/2024,2024,Drenagem,Alagamentos,RUA CORONEL HUGO DE MATTOS MOURA,ALTO BOQUEIRAO,strong,"Rua Coronel Hugo de Mattos Moura, Alto Boqueirão, Curitiba, Paraná, Região Sul, 81770-000, Brasil",126822234,1,"flood (alagamento/enchente) - landslide excluded by category filter (SIAC 156 Assunto/Subdivisao is a distinct structured category, not free text)",siac156_curitiba_v1,"Ponto positivo administrativo geocodificado (mesmo criterio do v12 Recife). Nao e ground truth cartografico individual -- confianca strong = correspondencia de rua (geometria, nao numero exato); medium = fallback bairro-centroide.","Nao usar como escore, threshold ou variavel derivada do rotulo. Nao promover a 'validado'/'confirmado' sem revisao do REV-P."
Curitiba,1,CUR_SIAC156_2d71dc36bde0218b,-25.5315981,-49.2504524,19/03/2024,2024,Drenagem,Alagamentos,RUA CAPITÃO AMIN MOSSE,ALTO BOQUEIRAO,strong,"Rua Capitão Amin Mosse, Alto Boqueirão, Curitiba, Paraná, Região Sul, 81850-240, Brasil",33103980,2,"flood (alagamento/enchente) - landslide excluded by category filter (SIAC 156 Assunto/Subdivisao is a distinct structured category, not free text)",siac156_curitiba_v1,"Ponto positivo administrativo geocodificado (mesmo criterio do v12 Recife). Nao e ground truth cartografico individual -- confianca strong = correspondencia de rua (geometria, nao numero exato); medium = fallback bairro-centroide.","Nao usar como escore, threshold ou variavel derivada do rotulo. Nao promover a 'validado'/'confirmado' sem revisao do REV-P."
Curitiba,1,CUR_SIAC156_3de88e7acea6319d,-25.395579,-49.3155815,19/03/2024,2024,Drenagem,Alagamentos,RUA DINARTE CAPRILHONE,SAO JOAO,strong,"Rua Dinarte Caprilhone, São João, Curitiba, Paraná, Região Sul, 82020-250, Brasil",158621813,1,"flood (alagamento/enchente) - landslide excluded by category filter (SIAC 156 Assunto/Subdivisao is a distinct structured category, not free text)",siac156_curitiba_v1,"Ponto positivo administrativo geocodificado (mesmo criterio do v12 Recife). Nao e ground truth cartografico individual -- confianca strong = correspondencia de rua (geometria, nao numero exato); medium = fallback bairro-centroide.","Nao usar como escore, threshold ou variavel derivada do rotulo. Nao promover a 'validado'/'confirmado' sem revisao do REV-P."
Curitiba,1,CUR_SIAC156_0094a00bd697f084,-25.4090328,-49.298976,11/10/2024,2024,Drenagem,Alagamentos,RUA VEREADOR ANTENOR PAMPHILO DOS SANTOS,VISTA ALEGRE,strong,"Rua Vereador Antenor Pamphilo dos Santos, Vista Alegre, Curitiba, Paraná, Região Sul, 80820-390, Brasil",30049716,2,"flood (alagamento/enchente) - landslide excluded by category filter (SIAC 156 Assunto/Subdivisao is a distinct structured category, not free text)",siac156_curitiba_v1,"Ponto positivo administrativo geocodificado (mesmo criterio do v12 Recife). Nao e ground truth cartografico individual -- confianca strong = correspondencia de rua (geometria, nao numero exato); medium = fallback bairro-centroide.","Nao usar como escore, threshold ou variavel derivada do rotulo. Nao promover a 'validado'/'confirmado' sem revisao do REV-P."
Curitiba,1,CUR_SIAC156_2d67298b98fd8b9c,-25.5008748,-49.2678646,11/10/2024,2024,Drenagem,Alagamentos,RUA JOÃO BATISTA ZAGONEL PASSOS,XAXIM,medium,"Xaxim, Curitiba, Paraná, Região Sul, 81710-210, Brasil",3012156958,1,"flood (alagamento/enchente) - landslide excluded by category filter (SIAC 156 Assunto/Subdivisao is a distinct structured category, not free text)",siac156_curitiba_v1,"Ponto positivo administrativo geocodificado (mesmo criterio do v12 Recife). Nao e ground truth cartografico individual -- confianca strong = correspondencia de rua (geometria, nao numero exato); medium = fallback bairro-centroide.","Nao usar como escore, threshold ou variavel derivada do rotulo. Nao promover a 'validado'/'confirmado' sem revisao do REV-P."
Curitiba,1,CUR_SIAC156_0094a00bd697f084,-25.4090328,-49.298976,11/10/2024,2024,Drenagem,Alagamentos,RUA VEREADOR ANTENOR PAMPHILO DOS SANTOS,VISTA ALEGRE,strong,"Rua Vereador Antenor Pamphilo dos Santos, Vista Alegre, Curitiba, Paraná, Região Sul, 80820-390, Brasil",30049716,2,"flood (alagamento/enchente) - landslide excluded by category filter (SIAC 156 Assunto/Subdivisao is a distinct structured category, not free text)",siac156_curitiba_v1,"Ponto positivo administrativo geocodificado (mesmo criterio do v12 Recife). Nao e ground truth cartografico individual -- confianca strong = correspondencia de rua (geometria, nao numero exato); medium = fallback bairro-centroide.","Nao usar como escore, threshold ou variavel derivada do rotulo. Nao promover a 'validado'/'confirmado' sem revisao do REV-P."
Curitiba,1,CUR_SIAC156_624b7265cc34c01b,-25.5290667,-49.2507155,19/03/2024,2024,Drenagem,Alagamentos,RUA OLÍMPIO DE PAULA XAVIER,ALTO BOQUEIRAO,strong,"Rua Olímpio de Paula Xavier, Alto Boqueirão, Curitiba, Paraná, Região Sul, 81770-000, Brasil",126822530,1,"flood (alagamento/enchente) - landslide excluded by category filter (SIAC 156 Assunto/Subdivisao is a distinct structured category, not free text)",siac156_curitiba_v1,"Ponto positivo administrativo geocodificado (mesmo criterio do v12 Recife). Nao e ground truth cartografico individual -- confianca strong = correspondencia de rua (geometria, nao numero exato); medium = fallback bairro-centroide.","Nao usar como escore, threshold ou variavel derivada do rotulo. Nao promover a 'validado'/'confirmado' sem revisao do REV-P."
Curitiba,1,CUR_SIAC156_d648a23e4d4394d2,-25.4136595,-49.27655,20/03/2024,2024,Drenagem,Alagamentos,Rua Henrique Itiberê da Cunha,BOM RETIRO,strong,"Rua Henrique Itiberê da Cunha, Bom Retiro, Curitiba, Paraná, Região Sul, 80520-176, Brasil",32943949,1,"flood (alagamento/enchente) - landslide excluded by category filter (SIAC 156 Assunto/Subdivisao is a distinct structured category, not free text)",siac156_curitiba_v1,"Ponto positivo administrativo geocodificado (mesmo criterio do v12 Recife). Nao e ground truth cartografico individual -- confianca strong = correspondencia de rua (geometria, nao numero exato); medium = fallback bairro-centroide.","Nao usar como escore, threshold ou variavel derivada do rotulo. Nao promover a 'validado'/'confirmado' sem revisao do REV-P."
Curitiba,1,CUR_SIAC156_372680bf9a8dd4a7,-25.543694,-49.2675489,21/03/2024,2024,Drenagem,Alagamentos,RUA TIJUCAS DO SUL,SITIO CERCADO,strong,"Rua Tijucas do Sul, Sítio Cercado, Curitiba, Paraná, Região Sul, 81925-070, Brasil",106211390,1,"flood (alagamento/enchente) - landslide excluded by category filter (SIAC 156 Assunto/Subdivisao is a distinct structured category, not free text)",siac156_curitiba_v1,"Ponto positivo administrativo geocodificado (mesmo criterio do v12 Recife). Nao e ground truth cartografico individual -- confianca strong = correspondencia de rua (geometria, nao numero exato); medium = fallback bairro-centroide.","Nao usar como escore, threshold ou variavel derivada do rotulo. Nao promover a 'validado'/'confirmado' sem revisao do REV-P."
Curitiba,1,CUR_SIAC156_623d403c54835885,-25.4742093,-49.2781499,20/03/2024,2024,Drenagem,Alagamentos,RUA DAISY LUCI BERNO,GUAIRA,strong,"Rua Daisy Luci Berno, Guaíra, Curitiba, Paraná, Região Sul, 81010-001, Brasil",48359735,1,"flood (alagamento/enchente) - landslide excluded by category filter (SIAC 156 Assunto/Subdivisao is a distinct structured category, not free text)",siac156_curitiba_v1,"Ponto positivo administrativo geocodificado (mesmo criterio do v12 Recife). Nao e ground truth cartografico individual -- confianca strong = correspondencia de rua (geometria, nao numero exato); medium = fallback bairro-centroide.","Nao usar como escore, threshold ou variavel derivada do rotulo. Nao promover a 'validado'/'confirmado' sem revisao do REV-P."
Curitiba,1,CUR_SIAC156_b8ce41c8cdbeb300,-25.3968497,-49.2344563,18/03/2024,2024,Drenagem,Alagamentos,RUA ALFERES MARCILIO MACHADO,BACACHERI,medium,"Bacacheri, Curitiba, Paraná, Região Sul, Brasil",6231364,1,"flood (alagamento/enchente) - landslide excluded by category filter (SIAC 156 Assunto/Subdivisao is a distinct structured category, not free text)",siac156_curitiba_v1,"Ponto positivo administrativo geocodificado (mesmo criterio do v12 Recife). Nao e ground truth cartografico individual -- confianca strong = correspondencia de rua (geometria, nao numero exato); medium = fallback bairro-centroide.","Nao usar como escore, threshold ou variavel derivada do rotulo. Nao promover a 'validado'/'confirmado' sem revisao do REV-P."
Curitiba,1,CUR_SIAC156_4d254e8d38b938ba,-25.4841358,-49.2120337,18/03/2024,2024,Drenagem,Alagamentos,Rua Ata,UBERABA,strong,"Rua Ata, Uberaba, Curitiba, Paraná, Região Sul, 81550-080, Brasil",125400550,1,"flood (alagamento/enchente) - landslide excluded by category filter (SIAC 156 Assunto/Subdivisao is a distinct structured category, not free text)",siac156_curitiba_v1,"Ponto positivo administrativo geocodificado (mesmo criterio do v12 Recife). Nao e ground truth cartografico individual -- confianca strong = correspondencia de rua (geometria, nao numero exato); medium = fallback bairro-centroide.","Nao usar como escore, threshold ou variavel derivada do rotulo. Nao promover a 'validado'/'confirmado' sem revisao do REV-P."
Curitiba,1,CUR_SIAC156_c6630c62d7cf8cf0,-25.497993,-49.334522,19/03/2024,2024,Drenagem,Alagamentos,Rua Padre João Rzemelka,CIDADE INDUSTRIAL,medium,"Cidade Industrial de Curitiba, Curitiba, Paraná, Região Sul, 81350-260, Brasil",3012156952,1,"flood (alagamento/enchente) - landslide excluded by category filter (SIAC 156 Assunto/Subdivisao is a distinct structured category, not free text)",siac156_curitiba_v1,"Ponto positivo administrativo geocodificado (mesmo criterio do v12 Recife). Nao e ground truth cartografico individual -- confianca strong = correspondencia de rua (geometria, nao numero exato); medium = fallback bairro-centroide.","Nao usar como escore, threshold ou variavel derivada do rotulo. Nao promover a 'validado'/'confirmado' sem revisao do REV-P."
Curitiba,1,CUR_SIAC156_46a652776e4f4e22,-25.3839936,-49.3530116,19/03/2024,2024,Drenagem,Alagamentos,Orlando Peruci,BUTIATUVINHA,strong,"Rua Orlando Peruci, Butiatuvinha, Curitiba, Paraná, Região Sul, 82320-750, Brasil",165974985,1,"flood (alagamento/enchente) - landslide excluded by category filter (SIAC 156 Assunto/Subdivisao is a distinct structured category, not free text)",siac156_curitiba_v1,"Ponto positivo administrativo geocodificado (mesmo criterio do v12 Recife). Nao e ground truth cartografico individual -- confianca strong = correspondencia de rua (geometria, nao numero exato); medium = fallback bairro-centroide.","Nao usar como escore, threshold ou variavel derivada do rotulo. Nao promover a 'validado'/'confirmado' sem revisao do REV-P."
Curitiba,1,CUR_SIAC156_a9ca704689a82c2a,-25.4206206,-49.2953759,19/03/2024,2024,Drenagem,Alagamentos,Rua Professor Lycio Grein de Castro Vellozo,MERCES,strong,"Rua Professor Lýcio Grein de Castro Vellozo, Mercês, Curitiba, Paraná, Região Sul, 80810-345, Brasil",163603461,1,"flood (alagamento/enchente) - landslide excluded by category filter (SIAC 156 Assunto/Subdivisao is a distinct structured category, not free text)",siac156_curitiba_v1,"Ponto positivo administrativo geocodificado (mesmo criterio do v12 Recife). Nao e ground truth cartografico individual -- confianca strong = correspondencia de rua (geometria, nao numero exato); medium = fallback bairro-centroide.","Nao usar como escore, threshold ou variavel derivada do rotulo. Nao promover a 'validado'/'confirmado' sem revisao do REV-P."
Curitiba,1,CUR_SIAC156_00cca72abda980cb,-25.391533,-49.3391002,19/03/2024,2024,Proteção ao cidadão - GM,"Enchentes, inundações ou alagamentos",RUA PEDRO FERRARI,BUTIATUVINHA,strong,"Rua Pedro Ferrari, Butiatuvinha, Curitiba, Paraná, Região Sul, 82400-070, Brasil",161496675,1,"flood (alagamento/enchente) - landslide excluded by category filter (SIAC 156 Assunto/Subdivisao is a distinct structured category, not free text)",siac156_curitiba_v1,"Ponto positivo administrativo geocodificado (mesmo criterio do v12 Recife). Nao e ground truth cartografico individual -- confianca strong = correspondencia de rua (geometria, nao numero exato); medium = fallback bairro-centroide.","Nao usar como escore, threshold ou variavel derivada do rotulo. Nao promover a 'validado'/'confirmado' sem revisao do REV-P."
Curitiba,1,CUR_SIAC156_895db2f94c435333,-25.440517,-49.3052312,19/03/2024,2024,Drenagem,Alagamentos,RUA BERNARDO STAVISKI,CAMPINA DO SIQUEIRA,strong,"Rua Bernardo Staviski, Campina do Siqueira, Curitiba, Paraná, Região Sul, 80740-000, Brasil",29464541,1,"flood (alagamento/enchente) - landslide excluded by category filter (SIAC 156 Assunto/Subdivisao is a distinct structured category, not free text)",siac156_curitiba_v1,"Ponto positivo administrativo geocodificado (mesmo criterio do v12 Recife). Nao e ground truth cartografico individual -- confianca strong = correspondencia de rua (geometria, nao numero exato); medium = fallback bairro-centroide.","Nao usar como escore, threshold ou variavel derivada do rotulo. Nao promover a 'validado'/'confirmado' sem revisao do REV-P."
Curitiba,1,CUR_SIAC156_3de88e7acea6319d,-25.395579,-49.3155815,19/03/2024,2024,Proteção ao cidadão - GM,"Enchentes, inundações ou alagamentos",RUA DINARTE CAPRILHONE,SAO JOAO,strong,"Rua Dinarte Caprilhone, São João, Curitiba, Paraná, Região Sul, 82020-250, Brasil",158621813,1,"flood (alagamento/enchente) - landslide excluded by category filter (SIAC 156 Assunto/Subdivisao is a distinct structured category, not free text)",siac156_curitiba_v1,"Ponto positivo administrativo geocodificado (mesmo criterio do v12 Recife). Nao e ground truth cartografico individual -- confianca strong = correspondencia de rua (geometria, nao numero exato); medium = fallback bairro-centroide.","Nao usar como escore, threshold ou variavel derivada do rotulo. Nao promover a 'validado'/'confirmado' sem revisao do REV-P."
Curitiba,1,CUR_SIAC156_45cdfce19a8d3b6d,-25.392432,-49.2169689,18/03/2024,2024,Drenagem,Alagamentos,Rua Hermínio Cardoso,TINGUI,strong,"Rua Hermínio Cardoso, Tingui, Curitiba, Paraná, Região Sul, 82600-180, Brasil",160681546,1,"flood (alagamento/enchente) - landslide excluded by category filter (SIAC 156 Assunto/Subdivisao is a distinct structured category, not free text)",siac156_curitiba_v1,"Ponto positivo administrativo geocodificado (mesmo criterio do v12 Recife). Nao e ground truth cartografico individual -- confianca strong = correspondencia de rua (geometria, nao numero exato); medium = fallback bairro-centroide.","Nao usar como escore, threshold ou variavel derivada do rotulo. Nao promover a 'validado'/'confirmado' sem revisao do REV-P."
Curitiba,1,CUR_SIAC156_6191637ca3dcbffd,-25.5052018,-49.2974446,04/06/2024,2024,Proteção ao cidadão - GM,"Enchentes, inundações ou alagamentos",RUA MARECHAL OCTÁVIO SALDANHA MAZZA,CAPAO RASO,strong,"Rua Marechal Octávio Saldanha Mazza, Capão Raso, Curitiba, Paraná, Região Sul, 81130-110, Brasil",52712156,1,"flood (alagamento/enchente) - landslide excluded by category filter (SIAC 156 Assunto/Subdivisao is a distinct structured category, not free text)",siac156_curitiba_v1,"Ponto positivo administrativo geocodificado (mesmo criterio do v12 Recife). Nao e ground truth cartografico individual -- confianca strong = correspondencia de rua (geometria, nao numero exato); medium = fallback bairro-centroide.","Nao usar como escore, threshold ou variavel derivada do rotulo. Nao promover a 'validado'/'confirmado' sem revisao do REV-P."
Curitiba,1,CUR_SIAC156_d8478a09dfa53967,-25.497993,-49.334522,16/07/2024,2024,Drenagem,Alagamentos,Rua Jornalista Rubens Ávila,CIDADE INDUSTRIAL,medium,"Cidade Industrial de Curitiba, Curitiba, Paraná, Região Sul, 81350-260, Brasil",3012156952,1,"flood (alagamento/enchente) - landslide excluded by category filter (SIAC 156 Assunto/Subdivisao is a distinct structured category, not free text)",siac156_curitiba_v1,"Ponto positivo administrativo geocodificado (mesmo criterio do v12 Recife). Nao e ground truth cartografico individual -- confianca strong = correspondencia de rua (geometria, nao numero exato); medium = fallback bairro-centroide.","Nao usar como escore, threshold ou variavel derivada do rotulo. Nao promover a 'validado'/'confirmado' sem revisao do REV-P."
Curitiba,1,CUR_SIAC156_7ef50827420183ee,-25.3582285,-49.2566721,07/06/2024,2024,Drenagem,Alagamentos,Rua Maria Rosa de Castro Hecke,CACHOEIRA,strong,"Rua Maria Rosa de Castro Hecke, Cachoeira, Curitiba, Paraná, Região Sul, 82710-430, Brasil",1149981084,1,"flood (alagamento/enchente) - landslide excluded by category filter (SIAC 156 Assunto/Subdivisao is a distinct structured category, not free text)",siac156_curitiba_v1,"Ponto positivo administrativo geocodificado (mesmo criterio do v12 Recife). Nao e ground truth cartografico individual -- confianca strong = correspondencia de rua (geometria, nao numero exato); medium = fallback bairro-centroide.","Nao usar como escore, threshold ou variavel derivada do rotulo. Nao promover a 'validado'/'confirmado' sem revisao do REV-P."
Curitiba,1,CUR_SIAC156_1cbd0d3b5613db37,-25.4985515,-49.3401636,27/03/2024,2024,Drenagem,Alagamentos,Rua Desembargador Segismundo Gradowski,CIDADE INDUSTRIAL,strong,"Rua Desembargador Segismundo Gradowski, Cidade Industrial de Curitiba, Curitiba, Paraná, Região Sul, 81350-260, Brasil",138705756,1,"flood (alagamento/enchente) - landslide excluded by category filter (SIAC 156 Assunto/Subdivisao is a distinct structured category, not free text)",siac156_curitiba_v1,"Ponto positivo administrativo geocodificado (mesmo criterio do v12 Recife). Nao e ground truth cartografico individual -- confianca strong = correspondencia de rua (geometria, nao numero exato); medium = fallback bairro-centroide.","Nao usar como escore, threshold ou variavel derivada do rotulo. Nao promover a 'validado'/'confirmado' sem revisao do REV-P."
Curitiba,1,CUR_SIAC156_90abff0cdf121445,-25.4345675,-49.2534435,25/03/2024,2024,Drenagem,Alagamentos,Rua Atílio Bório,CRISTO REI,strong,"Rua Atílio Bório, Alto da Rua XV, Curitiba, Paraná, Região Sul, 80050-250, Brasil",24600463,1,"flood (alagamento/enchente) - landslide excluded by category filter (SIAC 156 Assunto/Subdivisao is a distinct structured category, not free text)",siac156_curitiba_v1,"Ponto positivo administrativo geocodificado (mesmo criterio do v12 Recife). Nao e ground truth cartografico individual -- confianca strong = correspondencia de rua (geometria, nao numero exato); medium = fallback bairro-centroide.","Nao usar como escore, threshold ou variavel derivada do rotulo. Nao promover a 'validado'/'confirmado' sem revisao do REV-P."
Curitiba,1,CUR_SIAC156_e66502e6432bb6db,-25.497993,-49.334522,29/11/2024,2024,Drenagem,Alagamentos,Rua Professor Fernando Carneiro,CIDADE INDUSTRIAL,medium,"Cidade Industrial de Curitiba, Curitiba, Paraná, Região Sul, 81350-260, Brasil",3012156952,1,"flood (alagamento/enchente) - landslide excluded by category filter (SIAC 156 Assunto/Subdivisao is a distinct structured category, not free text)",siac156_curitiba_v1,"Ponto positivo administrativo geocodificado (mesmo criterio do v12 Recife). Nao e ground truth cartografico individual -- confianca strong = correspondencia de rua (geometria, nao numero exato); medium = fallback bairro-centroide.","Nao usar como escore, threshold ou variavel derivada do rotulo. Nao promover a 'validado'/'confirmado' sem revisao do REV-P."
Curitiba,1,CUR_SIAC156_c5da3692885f3472,-25.5008748,-49.2678646,29/11/2024,2024,Drenagem,Alagamentos,Rua Antenor Gomes Camargo,XAXIM,medium,"Xaxim, Curitiba, Paraná, Região Sul, 81710-210, Brasil",3012156958,2,"flood (alagamento/enchente) - landslide excluded by category filter (SIAC 156 Assunto/Subdivisao is a distinct structured category, not free text)",siac156_curitiba_v1,"Ponto positivo administrativo geocodificado (mesmo criterio do v12 Recife). Nao e ground truth cartografico individual -- confianca strong = correspondencia de rua (geometria, nao numero exato); medium = fallback bairro-centroide.","Nao usar como escore, threshold ou variavel derivada do rotulo. Nao promover a 'validado'/'confirmado' sem revisao do REV-P."
Curitiba,1,CUR_SIAC156_d20ecddeccf25d9e,-25.5024382,-49.2706131,29/11/2024,2024,Drenagem,Alagamentos,Rua Jacob de Rosso,XAXIM,strong,"Rua Jacob de Rosso, Xaxim, Curitiba, Paraná, Região Sul, 81810-520, Brasil",84895462,1,"flood (alagamento/enchente) - landslide excluded by category filter (SIAC 156 Assunto/Subdivisao is a distinct structured category, not free text)",siac156_curitiba_v1,"Ponto positivo administrativo geocodificado (mesmo criterio do v12 Recife). Nao e ground truth cartografico individual -- confianca strong = correspondencia de rua (geometria, nao numero exato); medium = fallback bairro-centroide.","Nao usar como escore, threshold ou variavel derivada do rotulo. Nao promover a 'validado'/'confirmado' sem revisao do REV-P."
Curitiba,1,CUR_SIAC156_c5da3692885f3472,-25.5008748,-49.2678646,29/11/2024,2024,Drenagem,Alagamentos,Rua Antenor Gomes Camargo,XAXIM,medium,"Xaxim, Curitiba, Paraná, Região Sul, 81710-210, Brasil",3012156958,2,"flood (alagamento/enchente) - landslide excluded by category filter (SIAC 156 Assunto/Subdivisao is a distinct structured category, not free text)",siac156_curitiba_v1,"Ponto positivo administrativo geocodificado (mesmo criterio do v12 Recife). Nao e ground truth cartografico individual -- confianca strong = correspondencia de rua (geometria, nao numero exato); medium = fallback bairro-centroide.","Nao usar como escore, threshold ou variavel derivada do rotulo. Nao promover a 'validado'/'confirmado' sem revisao do REV-P."
Curitiba,1,CUR_SIAC156_026cf1e5e77ba81a,-25.3776412,-49.2565112,29/11/2024,2024,Drenagem,Alagamentos,Rua Voltaire,BARREIRINHA,strong,"Rua Voltaire, Barreirinha, Curitiba, Paraná, Região Sul, 82700-190, Brasil",304443686,1,"flood (alagamento/enchente) - landslide excluded by category filter (SIAC 156 Assunto/Subdivisao is a distinct structured category, not free text)",siac156_curitiba_v1,"Ponto positivo administrativo geocodificado (mesmo criterio do v12 Recife). Nao e ground truth cartografico individual -- confianca strong = correspondencia de rua (geometria, nao numero exato); medium = fallback bairro-centroide.","Nao usar como escore, threshold ou variavel derivada do rotulo. Nao promover a 'validado'/'confirmado' sem revisao do REV-P."
Curitiba,1,CUR_SIAC156_a56b8eb145473d87,-25.5321329,-49.2794137,29/11/2024,2024,Drenagem,Alagamentos,RUA BILLY GARMATTER,SITIO CERCADO,strong,"Rua Billy Garmatter, Sítio Cercado, Curitiba, Paraná, Região Sul, 81900-050, Brasil",127264732,1,"flood (alagamento/enchente) - landslide excluded by category filter (SIAC 156 Assunto/Subdivisao is a distinct structured category, not free text)",siac156_curitiba_v1,"Ponto positivo administrativo geocodificado (mesmo criterio do v12 Recife). Nao e ground truth cartografico individual -- confianca strong = correspondencia de rua (geometria, nao numero exato); medium = fallback bairro-centroide.","Nao usar como escore, threshold ou variavel derivada do rotulo. Nao promover a 'validado'/'confirmado' sem revisao do REV-P."
Curitiba,1,CUR_SIAC156_1525ad72f4e025bf,-25.4231521,-49.2619465,29/11/2024,2024,Drenagem,Alagamentos,Rua Padre Camargo,ALTO DA GLORIA,strong,"Rua Padre Camargo, Alto da Glória, Curitiba, Paraná, Região Sul, 80060-150, Brasil",735034888,1,"flood (alagamento/enchente) - landslide excluded by category filter (SIAC 156 Assunto/Subdivisao is a distinct structured category, not free text)",siac156_curitiba_v1,"Ponto positivo administrativo geocodificado (mesmo criterio do v12 Recife). Nao e ground truth cartografico individual -- confianca strong = correspondencia de rua (geometria, nao numero exato); medium = fallback bairro-centroide.","Nao usar como escore, threshold ou variavel derivada do rotulo. Nao promover a 'validado'/'confirmado' sem revisao do REV-P."
Curitiba,1,CUR_SIAC156_c823044af113e307,-25.4625416,-49.2413238,29/11/2024,2024,Drenagem,Alagamentos,RUA JOÃO CARLOS DE SOUZA CASTRO,GUABIROTUBA,strong,"Rua João Carlos de Souza Castro, Guabirotuba, Curitiba, Paraná, Região Sul, 81520-280, Brasil",93125239,1,"flood (alagamento/enchente) - landslide excluded by category filter (SIAC 156 Assunto/Subdivisao is a distinct structured category, not free text)",siac156_curitiba_v1,"Ponto positivo administrativo geocodificado (mesmo criterio do v12 Recife). Nao e ground truth cartografico individual -- confianca strong = correspondencia de rua (geometria, nao numero exato); medium = fallback bairro-centroide.","Nao usar como escore, threshold ou variavel derivada do rotulo. Nao promover a 'validado'/'confirmado' sem revisao do REV-P."
Curitiba,1,CUR_SIAC156_fad6bce87eae8435,-25.4352375,-49.2543797,30/11/2024,2024,Drenagem,Alagamentos,José de Alencar,CRISTO REI,strong,"Rua José de Alencar, Alto da Rua XV, Curitiba, Paraná, Região Sul, 80050-250, Brasil",161884105,1,"flood (alagamento/enchente) - landslide excluded by category filter (SIAC 156 Assunto/Subdivisao is a distinct structured category, not free text)",siac156_curitiba_v1,"Ponto positivo administrativo geocodificado (mesmo criterio do v12 Recife). Nao e ground truth cartografico individual -- confianca strong = correspondencia de rua (geometria, nao numero exato); medium = fallback bairro-centroide.","Nao usar como escore, threshold ou variavel derivada do rotulo. Nao promover a 'validado'/'confirmado' sem revisao do REV-P."
Curitiba,1,CUR_SIAC156_498d97210a6d0756,-25.4553276,-49.223792,30/11/2024,2024,Drenagem,Alagamentos,Procópio Ferreira Martins,CAJURU,strong,"Rua Procópio Ferreira Martins, Cajuru, Curitiba, Paraná, Região Sul, 82940-150, Brasil",155511664,1,"flood (alagamento/enchente) - landslide excluded by category filter (SIAC 156 Assunto/Subdivisao is a distinct structured category, not free text)",siac156_curitiba_v1,"Ponto positivo administrativo geocodificado (mesmo criterio do v12 Recife). Nao e ground truth cartografico individual -- confianca strong = correspondencia de rua (geometria, nao numero exato); medium = fallback bairro-centroide.","Nao usar como escore, threshold ou variavel derivada do rotulo. Nao promover a 'validado'/'confirmado' sem revisao do REV-P."
Curitiba,1,CUR_SIAC156_a6512466ed2ea70a,-25.4137146,-49.2122159,11/06/2024,2024,Drenagem,Alagamentos,Rua Raul Leite,BAIRRO ALTO,strong,"Rua Raul Leite, Bairro Alto, Curitiba, Paraná, Região Sul, 82820-390, Brasil",162132216,1,"flood (alagamento/enchente) - landslide excluded by category filter (SIAC 156 Assunto/Subdivisao is a distinct structured category, not free text)",siac156_curitiba_v1,"Ponto positivo administrativo geocodificado (mesmo criterio do v12 Recife). Nao e ground truth cartografico individual -- confianca strong = correspondencia de rua (geometria, nao numero exato); medium = fallback bairro-centroide.","Nao usar como escore, threshold ou variavel derivada do rotulo. Nao promover a 'validado'/'confirmado' sem revisao do REV-P."
Curitiba,1,CUR_SIAC156_eb2df6183ab279dd,-25.4318484,-49.2242764,27/07/2024,2024,Drenagem,Alagamentos,Rua Professor Rubens Gomes de Souza,TARUMA,strong,"Rua Professor Rubens Gomes de Souza, Tarumã, Curitiba, Paraná, Região Sul, 82800-030, Brasil",36059787,1,"flood (alagamento/enchente) - landslide excluded by category filter (SIAC 156 Assunto/Subdivisao is a distinct structured category, not free text)",siac156_curitiba_v1,"Ponto positivo administrativo geocodificado (mesmo criterio do v12 Recife). Nao e ground truth cartografico individual -- confianca strong = correspondencia de rua (geometria, nao numero exato); medium = fallback bairro-centroide.","Nao usar como escore, threshold ou variavel derivada do rotulo. Nao promover a 'validado'/'confirmado' sem revisao do REV-P."
Curitiba,1,CUR_SIAC156_8ee14409c71f2282,-25.5178755,-49.2353236,22/07/2024,2024,Drenagem,Alagamentos,Rua Pastor Carlos Frank,BOQUEIRAO,strong,"Rua Pastor Carlos Frank, Boqueirão, Curitiba, Paraná, Região Sul, 81750-420, Brasil",73109885,1,"flood (alagamento/enchente) - landslide excluded by category filter (SIAC 156 Assunto/Subdivisao is a distinct structured category, not free text)",siac156_curitiba_v1,"Ponto positivo administrativo geocodificado (mesmo criterio do v12 Recife). Nao e ground truth cartografico individual -- confianca strong = correspondencia de rua (geometria, nao numero exato); medium = fallback bairro-centroide.","Nao usar como escore, threshold ou variavel derivada do rotulo. Nao promover a 'validado'/'confirmado' sem revisao do REV-P."
Curitiba,1,CUR_SIAC156_e7010eb79ef703d0,-25.4306251,-49.2403343,23/10/2024,2024,Drenagem,Alagamentos,Rua Reinaldino Schaffenberg de Quadros,CRISTO REI,strong,"Rua Reinaldino Schaffenberg de Quadros, Cristo Rei, Curitiba, Paraná, Região Sul, 80045-070, Brasil",717354330,1,"flood (alagamento/enchente) - landslide excluded by category filter (SIAC 156 Assunto/Subdivisao is a distinct structured category, not free text)",siac156_curitiba_v1,"Ponto positivo administrativo geocodificado (mesmo criterio do v12 Recife). Nao e ground truth cartografico individual -- confianca strong = correspondencia de rua (geometria, nao numero exato); medium = fallback bairro-centroide.","Nao usar como escore, threshold ou variavel derivada do rotulo. Nao promover a 'validado'/'confirmado' sem revisao do REV-P."
Curitiba,1,CUR_SIAC156_057c36705569a04b,-25.4081686,-49.2395069,24/10/2024,2024,Drenagem,Alagamentos,Rua Colômbia,BACACHERI,strong,"Rua Colômbia, Bacacheri, Curitiba, Paraná, Região Sul, 82515-030, Brasil",1104868486,1,"flood (alagamento/enchente) - landslide excluded by category filter (SIAC 156 Assunto/Subdivisao is a distinct structured category, not free text)",siac156_curitiba_v1,"Ponto positivo administrativo geocodificado (mesmo criterio do v12 Recife). Nao e ground truth cartografico individual -- confianca strong = correspondencia de rua (geometria, nao numero exato); medium = fallback bairro-centroide.","Nao usar como escore, threshold ou variavel derivada do rotulo. Nao promover a 'validado'/'confirmado' sem revisao do REV-P."
Curitiba,1,CUR_SIAC156_cbaf959645a26a76,-25.4987103,-49.2423966,05/04/2024,2024,Drenagem,Alagamentos,RUA SALVADOR FERRANTE,BOQUEIRAO,strong,"Rua Salvador Ferrante, Boqueirão, Curitiba, Paraná, Região Sul, 81670-390, Brasil",378139586,1,"flood (alagamento/enchente) - landslide excluded by category filter (SIAC 156 Assunto/Subdivisao is a distinct structured category, not free text)",siac156_curitiba_v1,"Ponto positivo administrativo geocodificado (mesmo criterio do v12 Recife). Nao e ground truth cartografico individual -- confianca strong = correspondencia de rua (geometria, nao numero exato); medium = fallback bairro-centroide.","Nao usar como escore, threshold ou variavel derivada do rotulo. Nao promover a 'validado'/'confirmado' sem revisao do REV-P."
Curitiba,1,CUR_SIAC156_06592f9c6c127246,-25.5369557,-49.2710548,01/04/2024,2024,Drenagem,Alagamentos,Rua Agudos do Sul,SITIO CERCADO,strong,"Rua Agudos do Sul, Sítio Cercado, Curitiba, Paraná, Região Sul, 81900-540, Brasil",106846798,2,"flood (alagamento/enchente) - landslide excluded by category filter (SIAC 156 Assunto/Subdivisao is a distinct structured category, not free text)",siac156_curitiba_v1,"Ponto positivo administrativo geocodificado (mesmo criterio do v12 Recife). Nao e ground truth cartografico individual -- confianca strong = correspondencia de rua (geometria, nao numero exato); medium = fallback bairro-centroide.","Nao usar como escore, threshold ou variavel derivada do rotulo. Nao promover a 'validado'/'confirmado' sem revisao do REV-P."
Curitiba,1,CUR_SIAC156_3d6adf0bee527947,-25.5187966,-49.2651515,01/04/2024,2024,Drenagem,Alagamentos,Rua Professor João Duck Filho,XAXIM,strong,"Rua Professor João Duck Filho, Vila Mariana, Xaxim, Curitiba, Paraná, Região Sul, 81830-230, Brasil",85022425,1,"flood (alagamento/enchente) - landslide excluded by category filter (SIAC 156 Assunto/Subdivisao is a distinct structured category, not free text)",siac156_curitiba_v1,"Ponto positivo administrativo geocodificado (mesmo criterio do v12 Recife). Nao e ground truth cartografico individual -- confianca strong = correspondencia de rua (geometria, nao numero exato); medium = fallback bairro-centroide.","Nao usar como escore, threshold ou variavel derivada do rotulo. Nao promover a 'validado'/'confirmado' sem revisao do REV-P."
Curitiba,1,CUR_SIAC156_ce3136f7283122fa,-25.4058986,-49.2717585,21/10/2024,2024,Drenagem,Alagamentos,Rua Celeste Santi,AHU,strong,"Rua Celeste Santi, Bom Retiro, Curitiba, Paraná, Região Sul, 80520-170, Brasil",192665488,1,"flood (alagamento/enchente) - landslide excluded by category filter (SIAC 156 Assunto/Subdivisao is a distinct structured category, not free text)",siac156_curitiba_v1,"Ponto positivo administrativo geocodificado (mesmo criterio do v12 Recife). Nao e ground truth cartografico individual -- confianca strong = correspondencia de rua (geometria, nao numero exato); medium = fallback bairro-centroide.","Nao usar como escore, threshold ou variavel derivada do rotulo. Nao promover a 'validado'/'confirmado' sem revisao do REV-P."
Curitiba,1,CUR_SIAC156_06592f9c6c127246,-25.5369557,-49.2710548,01/04/2024,2024,Drenagem,Alagamentos,Rua Agudos do Sul,SITIO CERCADO,strong,"Rua Agudos do Sul, Sítio Cercado, Curitiba, Paraná, Região Sul, 81900-540, Brasil",106846798,2,"flood (alagamento/enchente) - landslide excluded by category filter (SIAC 156 Assunto/Subdivisao is a distinct structured category, not free text)",siac156_curitiba_v1,"Ponto positivo administrativo geocodificado (mesmo criterio do v12 Recife). Nao e ground truth cartografico individual -- confianca strong = correspondencia de rua (geometria, nao numero exato); medium = fallback bairro-centroide.","Nao usar como escore, threshold ou variavel derivada do rotulo. Nao promover a 'validado'/'confirmado' sem revisao do REV-P."
Curitiba,1,CUR_SIAC156_0e3a0e520c3dff82,-25.4081686,-49.2395069,23/10/2024,2024,Drenagem,Alagamentos,RUA COLOMBIA,BACACHERI,strong,"Rua Colômbia, Bacacheri, Curitiba, Paraná, Região Sul, 82515-030, Brasil",1104868486,1,"flood (alagamento/enchente) - landslide excluded by category filter (SIAC 156 Assunto/Subdivisao is a distinct structured category, not free text)",siac156_curitiba_v1,"Ponto positivo administrativo geocodificado (mesmo criterio do v12 Recife). Nao e ground truth cartografico individual -- confianca strong = correspondencia de rua (geometria, nao numero exato); medium = fallback bairro-centroide.","Nao usar como escore, threshold ou variavel derivada do rotulo. Nao promover a 'validado'/'confirmado' sem revisao do REV-P."
Curitiba,1,CUR_SIAC156_432229ad5995de78,-25.497993,-49.334522,23/10/2024,2024,Drenagem,Alagamentos,Rua Padre Estanislau Piasecki,CIDADE INDUSTRIAL,medium,"Cidade Industrial de Curitiba, Curitiba, Paraná, Região Sul, 81350-260, Brasil",3012156952,1,"flood (alagamento/enchente) - landslide excluded by category filter (SIAC 156 Assunto/Subdivisao is a distinct structured category, not free text)",siac156_curitiba_v1,"Ponto positivo administrativo geocodificado (mesmo criterio do v12 Recife). Nao e ground truth cartografico individual -- confianca strong = correspondencia de rua (geometria, nao numero exato); medium = fallback bairro-centroide.","Nao usar como escore, threshold ou variavel derivada do rotulo. Nao promover a 'validado'/'confirmado' sem revisao do REV-P."
Curitiba,1,CUR_SIAC156_a4a4c8bd50873baf,-25.5125308,-49.3342951,08/12/2024,2024,Proteção ao cidadão - GM,"Enchentes, inundações ou alagamentos",Rua Getúlio Pires de Arruda,CIDADE INDUSTRIAL,strong,"Rua Getúlio Pires de Arruda, Cidade Industrial de Curitiba, Curitiba, Paraná, Região Sul, 81305-185, Brasil",138705763,1,"flood (alagamento/enchente) - landslide excluded by category filter (SIAC 156 Assunto/Subdivisao is a distinct structured category, not free text)",siac156_curitiba_v1,"Ponto positivo administrativo geocodificado (mesmo criterio do v12 Recife). Nao e ground truth cartografico individual -- confianca strong = correspondencia de rua (geometria, nao numero exato); medium = fallback bairro-centroide.","Nao usar como escore, threshold ou variavel derivada do rotulo. Nao promover a 'validado'/'confirmado' sem revisao do REV-P."
Curitiba,1,CUR_SIAC156_3837312670e7b436,-25.5006942,-49.3389717,08/12/2024,2024,Drenagem,Alagamentos,Edelzina de Jesus Santiago,CIDADE INDUSTRIAL,strong,"Rua Edelzina de Jesus Santiago, Cidade Industrial de Curitiba, Curitiba, Paraná, Região Sul, 81350-260, Brasil",138705789,1,"flood (alagamento/enchente) - landslide excluded by category filter (SIAC 156 Assunto/Subdivisao is a distinct structured category, not free text)",siac156_curitiba_v1,"Ponto positivo administrativo geocodificado (mesmo criterio do v12 Recife). Nao e ground truth cartografico individual -- confianca strong = correspondencia de rua (geometria, nao numero exato); medium = fallback bairro-centroide.","Nao usar como escore, threshold ou variavel derivada do rotulo. Nao promover a 'validado'/'confirmado' sem revisao do REV-P."
Curitiba,1,CUR_SIAC156_4666a97ae0445dc1,-25.4447189,-49.2932547,08/12/2024,2024,Proteção ao cidadão - GM,"Enchentes, inundações ou alagamentos",RUA BISPO DOM JOSÉ,BATEL,strong,"Rua Bispo Dom José, Batel, Curitiba, Paraná, Região Sul, 80240-340, Brasil",24774120,1,"flood (alagamento/enchente) - landslide excluded by category filter (SIAC 156 Assunto/Subdivisao is a distinct structured category, not free text)",siac156_curitiba_v1,"Ponto positivo administrativo geocodificado (mesmo criterio do v12 Recife). Nao e ground truth cartografico individual -- confianca strong = correspondencia de rua (geometria, nao numero exato); medium = fallback bairro-centroide.","Nao usar como escore, threshold ou variavel derivada do rotulo. Nao promover a 'validado'/'confirmado' sem revisao do REV-P."
Curitiba,1,CUR_SIAC156_844f605e5eadabc0,-25.461022,-49.2319918,02/12/2024,2024,Drenagem,Alagamentos,Coronel Baeta de Faria,JARDIM DAS AMERICAS,strong,"Rua Coronel Baeta de Faria, Jardim das Américas, Curitiba, Paraná, Região Sul, 81530-230, Brasil",187986151,1,"flood (alagamento/enchente) - landslide excluded by category filter (SIAC 156 Assunto/Subdivisao is a distinct structured category, not free text)",siac156_curitiba_v1,"Ponto positivo administrativo geocodificado (mesmo criterio do v12 Recife). Nao e ground truth cartografico individual -- confianca strong = correspondencia de rua (geometria, nao numero exato); medium = fallback bairro-centroide.","Nao usar como escore, threshold ou variavel derivada do rotulo. Nao promover a 'validado'/'confirmado' sem revisao do REV-P."
Curitiba,1,CUR_SIAC156_7514028a9f797d16,-25.5357134,-49.2781362,02/12/2024,2024,Drenagem,Alagamentos,RUA ABELARDO MARTINS,SITIO CERCADO,strong,"Rua Abelardo Martins, Sítio Cercado, Curitiba, Paraná, Região Sul, 81900-540, Brasil",127264751,1,"flood (alagamento/enchente) - landslide excluded by category filter (SIAC 156 Assunto/Subdivisao is a distinct structured category, not free text)",siac156_curitiba_v1,"Ponto positivo administrativo geocodificado (mesmo criterio do v12 Recife). Nao e ground truth cartografico individual -- confianca strong = correspondencia de rua (geometria, nao numero exato); medium = fallback bairro-centroide.","Nao usar como escore, threshold ou variavel derivada do rotulo. Nao promover a 'validado'/'confirmado' sem revisao do REV-P."
Curitiba,1,CUR_SIAC156_bf8e58e00717e0d4,-25.497993,-49.334522,02/12/2024,2024,Drenagem,Alagamentos,Rua Professor Fernando Carneiro,CIDADE INDUSTRIAL,medium,"Cidade Industrial de Curitiba, Curitiba, Paraná, Região Sul, 81350-260, Brasil",3012156952,1,"flood (alagamento/enchente) - landslide excluded by category filter (SIAC 156 Assunto/Subdivisao is a distinct structured category, not free text)",siac156_curitiba_v1,"Ponto positivo administrativo geocodificado (mesmo criterio do v12 Recife). Nao e ground truth cartografico individual -- confianca strong = correspondencia de rua (geometria, nao numero exato); medium = fallback bairro-centroide.","Nao usar como escore, threshold ou variavel derivada do rotulo. Nao promover a 'validado'/'confirmado' sem revisao do REV-P."
Curitiba,1,CUR_SIAC156_3cedc64fbb537a33,-25.4916946,-49.1997953,07/12/2024,2024,Drenagem,Alagamentos,RUA WALDOMIRO DALDIGAN,UBERABA,strong,"Rua Waldomiro Daldigan, Uberaba, Curitiba, Paraná, Região Sul, 81590-555, Brasil",165583486,1,"flood (alagamento/enchente) - landslide excluded by category filter (SIAC 156 Assunto/Subdivisao is a distinct structured category, not free text)",siac156_curitiba_v1,"Ponto positivo administrativo geocodificado (mesmo criterio do v12 Recife). Nao e ground truth cartografico individual -- confianca strong = correspondencia de rua (geometria, nao numero exato); medium = fallback bairro-centroide.","Nao usar como escore, threshold ou variavel derivada do rotulo. Nao promover a 'validado'/'confirmado' sem revisao do REV-P."
Curitiba,1,CUR_SIAC156_6f16708182a82280,-25.4013383,-49.2540394,07/12/2024,2024,Proteção ao cidadão - GM,"Enchentes, inundações ou alagamentos",Rua da Bandeira,CABRAL,strong,"Rua da Bandeira, Cabral, Curitiba, Paraná, Região Sul, 82540-010, Brasil",162768849,1,"flood (alagamento/enchente) - landslide excluded by category filter (SIAC 156 Assunto/Subdivisao is a distinct structured category, not free text)",siac156_curitiba_v1,"Ponto positivo administrativo geocodificado (mesmo criterio do v12 Recife). Nao e ground truth cartografico individual -- confianca strong = correspondencia de rua (geometria, nao numero exato); medium = fallback bairro-centroide.","Nao usar como escore, threshold ou variavel derivada do rotulo. Nao promover a 'validado'/'confirmado' sem revisao do REV-P."
Curitiba,1,CUR_SIAC156_6813b810307ecad5,-25.4854816,-49.2279706,07/12/2024,2024,Drenagem,Alagamentos,RUA PRESIDENTE WILSON,UBERABA,strong,"Rua Presidente Wilson, Uberaba, Curitiba, Paraná, Região Sul, 81570-330, Brasil",85417732,1,"flood (alagamento/enchente) - landslide excluded by category filter (SIAC 156 Assunto/Subdivisao is a distinct structured category, not free text)",siac156_curitiba_v1,"Ponto positivo administrativo geocodificado (mesmo criterio do v12 Recife). Nao e ground truth cartografico individual -- confianca strong = correspondencia de rua (geometria, nao numero exato); medium = fallback bairro-centroide.","Nao usar como escore, threshold ou variavel derivada do rotulo. Nao promover a 'validado'/'confirmado' sem revisao do REV-P."
Curitiba,1,CUR_SIAC156_0dcaf255f5a62d4a,-25.5187966,-49.2651515,04/12/2024,2024,Drenagem,Alagamentos,Professor João Duck Filho,XAXIM,strong,"Rua Professor João Duck Filho, Vila Mariana, Xaxim, Curitiba, Paraná, Região Sul, 81830-230, Brasil",85022425,1,"flood (alagamento/enchente) - landslide excluded by category filter (SIAC 156 Assunto/Subdivisao is a distinct structured category, not free text)",siac156_curitiba_v1,"Ponto positivo administrativo geocodificado (mesmo criterio do v12 Recife). Nao e ground truth cartografico individual -- confianca strong = correspondencia de rua (geometria, nao numero exato); medium = fallback bairro-centroide.","Nao usar como escore, threshold ou variavel derivada do rotulo. Nao promover a 'validado'/'confirmado' sem revisao do REV-P."
Curitiba,1,CUR_SIAC156_76cb02ecb5ee73b2,-25.5797574,-49.3202157,04/12/2024,2024,Drenagem,Alagamentos,Theodorus Maria Gerardus Bon,CAMPO DE SANTANA,strong,"Rua Theodorus Maria Gerardus Bon, Vila Olinda II, Campo de Santana, Curitiba, Paraná, Região Sul, 81490-090, Brasil",169645453,1,"flood (alagamento/enchente) - landslide excluded by category filter (SIAC 156 Assunto/Subdivisao is a distinct structured category, not free text)",siac156_curitiba_v1,"Ponto positivo administrativo geocodificado (mesmo criterio do v12 Recife). Nao e ground truth cartografico individual -- confianca strong = correspondencia de rua (geometria, nao numero exato); medium = fallback bairro-centroide.","Nao usar como escore, threshold ou variavel derivada do rotulo. Nao promover a 'validado'/'confirmado' sem revisao do REV-P."
Curitiba,1,CUR_SIAC156_a81c01528de96081,-25.5008748,-49.2678646,07/12/2024,2024,Proteção ao cidadão - GM,"Enchentes, inundações ou alagamentos",Rua Antenor Gomes Camargo,XAXIM,medium,"Xaxim, Curitiba, Paraná, Região Sul, 81710-210, Brasil",3012156958,1,"flood (alagamento/enchente) - landslide excluded by category filter (SIAC 156 Assunto/Subdivisao is a distinct structured category, not free text)",siac156_curitiba_v1,"Ponto positivo administrativo geocodificado (mesmo criterio do v12 Recife). Nao e ground truth cartografico individual -- confianca strong = correspondencia de rua (geometria, nao numero exato); medium = fallback bairro-centroide.","Nao usar como escore, threshold ou variavel derivada do rotulo. Nao promover a 'validado'/'confirmado' sem revisao do REV-P."
Curitiba,1,CUR_SIAC156_d65af883cb072bd2,-25.4825237,-49.2721067,07/12/2024,2024,Drenagem,Alagamentos,AVENIDA SANTA BERNADETHE,FANNY,strong,"Avenida Santa Bernadethe, Fanny, Curitiba, Paraná, Região Sul, 81690-200, Brasil",1302094440,1,"flood (alagamento/enchente) - landslide excluded by category filter (SIAC 156 Assunto/Subdivisao is a distinct structured category, not free text)",siac156_curitiba_v1,"Ponto positivo administrativo geocodificado (mesmo criterio do v12 Recife). Nao e ground truth cartografico individual -- confianca strong = correspondencia de rua (geometria, nao numero exato); medium = fallback bairro-centroide.","Nao usar como escore, threshold ou variavel derivada do rotulo. Nao promover a 'validado'/'confirmado' sem revisao do REV-P."
Curitiba,1,CUR_SIAC156_8c412adab788cfca,-25.3969351,-49.2393209,07/12/2024,2024,Drenagem,Alagamentos,RUA ODILON DE SANTA RITA BORBA,BACACHERI,strong,"Rua Odilon de Santa Rita Borba, Bacacheri, Curitiba, Paraná, Região Sul, 82515-270, Brasil",390756722,1,"flood (alagamento/enchente) - landslide excluded by category filter (SIAC 156 Assunto/Subdivisao is a distinct structured category, not free text)",siac156_curitiba_v1,"Ponto positivo administrativo geocodificado (mesmo criterio do v12 Recife). Nao e ground truth cartografico individual -- confianca strong = correspondencia de rua (geometria, nao numero exato); medium = fallback bairro-centroide.","Nao usar como escore, threshold ou variavel derivada do rotulo. Nao promover a 'validado'/'confirmado' sem revisao do REV-P."
Curitiba,1,CUR_SIAC156_b9f8eec731f3fca9,-25.4081831,-49.3501133,07/12/2024,2024,Drenagem,Alagamentos,Carlos Benato,SAO BRAZ,strong,"Rua Carlos Benato, São Braz, Curitiba, Paraná, Região Sul, 82320-390, Brasil",150298876,1,"flood (alagamento/enchente) - landslide excluded by category filter (SIAC 156 Assunto/Subdivisao is a distinct structured category, not free text)",siac156_curitiba_v1,"Ponto positivo administrativo geocodificado (mesmo criterio do v12 Recife). Nao e ground truth cartografico individual -- confianca strong = correspondencia de rua (geometria, nao numero exato); medium = fallback bairro-centroide.","Nao usar como escore, threshold ou variavel derivada do rotulo. Nao promover a 'validado'/'confirmado' sem revisao do REV-P."
Curitiba,1,CUR_SIAC156_22540b54f0476565,-25.5051328,-49.3257617,07/12/2024,2024,Proteção ao cidadão - GM,"Enchentes, inundações ou alagamentos",RUA STEFAN KIDA,CIDADE INDUSTRIAL,strong,"Rua Stefan Kida, Núcleo Habitacional Nossa Senhora da Luz dos Pinhais, Cidade Industrial de Curitiba, Curitiba, Paraná, Região Sul, 81315-660, Brasil",129113071,1,"flood (alagamento/enchente) - landslide excluded by category filter (SIAC 156 Assunto/Subdivisao is a distinct structured category, not free text)",siac156_curitiba_v1,"Ponto positivo administrativo geocodificado (mesmo criterio do v12 Recife). Nao e ground truth cartografico individual -- confianca strong = correspondencia de rua (geometria, nao numero exato); medium = fallback bairro-centroide.","Nao usar como escore, threshold ou variavel derivada do rotulo. Nao promover a 'validado'/'confirmado' sem revisao do REV-P."
Curitiba,1,CUR_SIAC156_e55e9544636a0ce1,-25.477654,-49.2744189,07/12/2024,2024,Proteção ao cidadão - GM,"Enchentes, inundações ou alagamentos",RUA ANTERO DE QUENTAL,LINDOIA,strong,"Rua Antero de Quental, Lindóia, Curitiba, Paraná, Região Sul, 81010-001, Brasil",126277923,1,"flood (alagamento/enchente) - landslide excluded by category filter (SIAC 156 Assunto/Subdivisao is a distinct structured category, not free text)",siac156_curitiba_v1,"Ponto positivo administrativo geocodificado (mesmo criterio do v12 Recife). Nao e ground truth cartografico individual -- confianca strong = correspondencia de rua (geometria, nao numero exato); medium = fallback bairro-centroide.","Nao usar como escore, threshold ou variavel derivada do rotulo. Nao promover a 'validado'/'confirmado' sem revisao do REV-P."
Curitiba,1,CUR_SIAC156_14d82942f4778d22,-25.4217822,-49.2057061,07/12/2024,2024,Drenagem,Alagamentos,Rua Mercedes Stresser,BAIRRO ALTO,strong,"Rua Mercedes Stresser, Bairro Alto, Curitiba, Paraná, Região Sul, 82820-110, Brasil",157843280,1,"flood (alagamento/enchente) - landslide excluded by category filter (SIAC 156 Assunto/Subdivisao is a distinct structured category, not free text)",siac156_curitiba_v1,"Ponto positivo administrativo geocodificado (mesmo criterio do v12 Recife). Nao e ground truth cartografico individual -- confianca strong = correspondencia de rua (geometria, nao numero exato); medium = fallback bairro-centroide.","Nao usar como escore, threshold ou variavel derivada do rotulo. Nao promover a 'validado'/'confirmado' sem revisao do REV-P."
Curitiba,1,CUR_SIAC156_43c0ac14f95c3663,-25.4942701,-49.2003302,07/12/2024,2024,Proteção ao cidadão - GM,"Enchentes, inundações ou alagamentos",RUA MARILEI CARVALHO,UBERABA,strong,"Rua Marilei Carvalho, Uberaba, Curitiba, Paraná, Região Sul, 81590-555, Brasil",308794735,1,"flood (alagamento/enchente) - landslide excluded by category filter (SIAC 156 Assunto/Subdivisao is a distinct structured category, not free text)",siac156_curitiba_v1,"Ponto positivo administrativo geocodificado (mesmo criterio do v12 Recife). Nao e ground truth cartografico individual -- confianca strong = correspondencia de rua (geometria, nao numero exato); medium = fallback bairro-centroide.","Nao usar como escore, threshold ou variavel derivada do rotulo. Nao promover a 'validado'/'confirmado' sem revisao do REV-P."
Curitiba,1,CUR_SIAC156_36d517f82249753b,-25.4943435,-49.3385724,07/12/2024,2024,Drenagem,Alagamentos,Rua Ana Raimunda de Souza,CIDADE INDUSTRIAL,strong,"Rua Ana Raimunda de Souza, Cidade Industrial de Curitiba, Curitiba, Paraná, Região Sul, 81350-260, Brasil",138705679,1,"flood (alagamento/enchente) - landslide excluded by category filter (SIAC 156 Assunto/Subdivisao is a distinct structured category, not free text)",siac156_curitiba_v1,"Ponto positivo administrativo geocodificado (mesmo criterio do v12 Recife). Nao e ground truth cartografico individual -- confianca strong = correspondencia de rua (geometria, nao numero exato); medium = fallback bairro-centroide.","Nao usar como escore, threshold ou variavel derivada do rotulo. Nao promover a 'validado'/'confirmado' sem revisao do REV-P."
Curitiba,1,CUR_SIAC156_a81c01528de96081,-25.5008748,-49.2678646,07/12/2024,2024,Drenagem,Alagamentos,Rua Antenor Gomes Camargo,XAXIM,medium,"Xaxim, Curitiba, Paraná, Região Sul, 81710-210, Brasil",3012156958,1,"flood (alagamento/enchente) - landslide excluded by category filter (SIAC 156 Assunto/Subdivisao is a distinct structured category, not free text)",siac156_curitiba_v1,"Ponto positivo administrativo geocodificado (mesmo criterio do v12 Recife). Nao e ground truth cartografico individual -- confianca strong = correspondencia de rua (geometria, nao numero exato); medium = fallback bairro-centroide.","Nao usar como escore, threshold ou variavel derivada do rotulo. Nao promover a 'validado'/'confirmado' sem revisao do REV-P."
Curitiba,1,CUR_SIAC156_e3cafdaa82998d82,-25.4733784,-49.1880444,07/12/2024,2024,Drenagem,Alagamentos,Rua France Mara de Campos,CAJURU,strong,"Rua France Mara de Campos, Vila Acrópole Agrícola, Cajuru, Curitiba, Paraná, Região Sul, 82980-100, Brasil",308794756,1,"flood (alagamento/enchente) - landslide excluded by category filter (SIAC 156 Assunto/Subdivisao is a distinct structured category, not free text)",siac156_curitiba_v1,"Ponto positivo administrativo geocodificado (mesmo criterio do v12 Recife). Nao e ground truth cartografico individual -- confianca strong = correspondencia de rua (geometria, nao numero exato); medium = fallback bairro-centroide.","Nao usar como escore, threshold ou variavel derivada do rotulo. Nao promover a 'validado'/'confirmado' sem revisao do REV-P."
Curitiba,1,CUR_SIAC156_43c0ac14f95c3663,-25.4942701,-49.2003302,07/12/2024,2024,Drenagem,Alagamentos,RUA MARILEI CARVALHO,UBERABA,strong,"Rua Marilei Carvalho, Uberaba, Curitiba, Paraná, Região Sul, 81590-555, Brasil",308794735,1,"flood (alagamento/enchente) - landslide excluded by category filter (SIAC 156 Assunto/Subdivisao is a distinct structured category, not free text)",siac156_curitiba_v1,"Ponto positivo administrativo geocodificado (mesmo criterio do v12 Recife). Nao e ground truth cartografico individual -- confianca strong = correspondencia de rua (geometria, nao numero exato); medium = fallback bairro-centroide.","Nao usar como escore, threshold ou variavel derivada do rotulo. Nao promover a 'validado'/'confirmado' sem revisao do REV-P."
Curitiba,1,CUR_SIAC156_0ce05ed268b35b5d,-25.4636257,-49.3180904,07/12/2024,2024,Proteção ao cidadão - GM,"Enchentes, inundações ou alagamentos",RUA GUILHERME MARTINI,SANTA QUITERIA,strong,"Rua Guilherme Martini, Santa Quitéria, Curitiba, Paraná, Região Sul, 80310-010, Brasil",424919309,1,"flood (alagamento/enchente) - landslide excluded by category filter (SIAC 156 Assunto/Subdivisao is a distinct structured category, not free text)",siac156_curitiba_v1,"Ponto positivo administrativo geocodificado (mesmo criterio do v12 Recife). Nao e ground truth cartografico individual -- confianca strong = correspondencia de rua (geometria, nao numero exato); medium = fallback bairro-centroide.","Nao usar como escore, threshold ou variavel derivada do rotulo. Nao promover a 'validado'/'confirmado' sem revisao do REV-P."
Curitiba,1,CUR_SIAC156_d940006ceeb3f90a,-25.3687022,-49.2406923,07/12/2024,2024,Drenagem,Alagamentos,João Kania,SANTA CANDIDA,strong,"Rua João Kania, Moradas do Porto, Santa Cândida, Curitiba, Paraná, Região Sul, 82640-010, Brasil",389816634,1,"flood (alagamento/enchente) - landslide excluded by category filter (SIAC 156 Assunto/Subdivisao is a distinct structured category, not free text)",siac156_curitiba_v1,"Ponto positivo administrativo geocodificado (mesmo criterio do v12 Recife). Nao e ground truth cartografico individual -- confianca strong = correspondencia de rua (geometria, nao numero exato); medium = fallback bairro-centroide.","Nao usar como escore, threshold ou variavel derivada do rotulo. Nao promover a 'validado'/'confirmado' sem revisao do REV-P."
Curitiba,1,CUR_SIAC156_016719e9ecde0788,-25.3988266,-49.2959325,07/12/2024,2024,Proteção ao cidadão - GM,"Enchentes, inundações ou alagamentos",Rua General Álvaro Braga,PILARZINHO,strong,"Rua General Álvaro Braga, Pilarzinho, Curitiba, Paraná, Região Sul, 82100-140, Brasil",32944297,1,"flood (alagamento/enchente) - landslide excluded by category filter (SIAC 156 Assunto/Subdivisao is a distinct structured category, not free text)",siac156_curitiba_v1,"Ponto positivo administrativo geocodificado (mesmo criterio do v12 Recife). Nao e ground truth cartografico individual -- confianca strong = correspondencia de rua (geometria, nao numero exato); medium = fallback bairro-centroide.","Nao usar como escore, threshold ou variavel derivada do rotulo. Nao promover a 'validado'/'confirmado' sem revisao do REV-P."
Curitiba,1,CUR_SIAC156_f342c427536aabee,-25.4917298,-49.3253353,07/12/2024,2024,Drenagem,Alagamentos,Afrânio Peixoto,FAZENDINHA,strong,"Rua Afrânio Peixoto, Fazendinha, Curitiba, Paraná, Região Sul, 81350-900, Brasil",1222612179,1,"flood (alagamento/enchente) - landslide excluded by category filter (SIAC 156 Assunto/Subdivisao is a distinct structured category, not free text)",siac156_curitiba_v1,"Ponto positivo administrativo geocodificado (mesmo criterio do v12 Recife). Nao e ground truth cartografico individual -- confianca strong = correspondencia de rua (geometria, nao numero exato); medium = fallback bairro-centroide.","Nao usar como escore, threshold ou variavel derivada do rotulo. Nao promover a 'validado'/'confirmado' sem revisao do REV-P."
Curitiba,1,CUR_SIAC156_896c4d5161e90a2e,-25.5625849,-49.3381613,07/12/2024,2024,Drenagem,Alagamentos,RUA JESUS FRANCISCO DA ROCHA,TATUQUARA,strong,"Rua Jesus Francisco da Rocha, Moradias Santa Rita, Tatuquara, Curitiba, Paraná, Região Sul, 81470-075, Brasil",165612848,2,"flood (alagamento/enchente) - landslide excluded by category filter (SIAC 156 Assunto/Subdivisao is a distinct structured category, not free text)",siac156_curitiba_v1,"Ponto positivo administrativo geocodificado (mesmo criterio do v12 Recife). Nao e ground truth cartografico individual -- confianca strong = correspondencia de rua (geometria, nao numero exato); medium = fallback bairro-centroide.","Nao usar como escore, threshold ou variavel derivada do rotulo. Nao promover a 'validado'/'confirmado' sem revisao do REV-P."
Curitiba,1,CUR_SIAC156_016719e9ecde0788,-25.3988266,-49.2959325,07/12/2024,2024,Drenagem,Alagamentos,Rua General Álvaro Braga,PILARZINHO,strong,"Rua General Álvaro Braga, Pilarzinho, Curitiba, Paraná, Região Sul, 82100-140, Brasil",32944297,1,"flood (alagamento/enchente) - landslide excluded by category filter (SIAC 156 Assunto/Subdivisao is a distinct structured category, not free text)",siac156_curitiba_v1,"Ponto positivo administrativo geocodificado (mesmo criterio do v12 Recife). Nao e ground truth cartografico individual -- confianca strong = correspondencia de rua (geometria, nao numero exato); medium = fallback bairro-centroide.","Nao usar como escore, threshold ou variavel derivada do rotulo. Nao promover a 'validado'/'confirmado' sem revisao do REV-P."
Curitiba,1,CUR_SIAC156_b635303330002bd3,-25.4776883,-49.2699621,07/12/2024,2024,Proteção ao cidadão - GM,"Enchentes, inundações ou alagamentos",AVENIDA HENRY FORD,LINDOIA,strong,"Avenida Henry Ford, Lindóia, Curitiba, Paraná, Região Sul, 81010-001, Brasil",126274279,1,"flood (alagamento/enchente) - landslide excluded by category filter (SIAC 156 Assunto/Subdivisao is a distinct structured category, not free text)",siac156_curitiba_v1,"Ponto positivo administrativo geocodificado (mesmo criterio do v12 Recife). Nao e ground truth cartografico individual -- confianca strong = correspondencia de rua (geometria, nao numero exato); medium = fallback bairro-centroide.","Nao usar como escore, threshold ou variavel derivada do rotulo. Nao promover a 'validado'/'confirmado' sem revisao do REV-P."
Curitiba,1,CUR_SIAC156_14d82942f4778d22,-25.4217822,-49.2057061,07/12/2024,2024,Proteção ao cidadão - GM,"Enchentes, inundações ou alagamentos",Rua Mercedes Stresser,BAIRRO ALTO,strong,"Rua Mercedes Stresser, Bairro Alto, Curitiba, Paraná, Região Sul, 82820-110, Brasil",157843280,1,"flood (alagamento/enchente) - landslide excluded by category filter (SIAC 156 Assunto/Subdivisao is a distinct structured category, not free text)",siac156_curitiba_v1,"Ponto positivo administrativo geocodificado (mesmo criterio do v12 Recife). Nao e ground truth cartografico individual -- confianca strong = correspondencia de rua (geometria, nao numero exato); medium = fallback bairro-centroide.","Nao usar como escore, threshold ou variavel derivada do rotulo. Nao promover a 'validado'/'confirmado' sem revisao do REV-P."
Curitiba,1,CUR_SIAC156_a2739e42884c12ad,-25.4589183,-49.2259154,07/12/2024,2024,Proteção ao cidadão - GM,"Enchentes, inundações ou alagamentos",RUA FREI VICENTE SALVADOR,JARDIM DAS AMERICAS,strong,"Rua Frei Vicente Salvador, Jardim das Américas, Curitiba, Paraná, Região Sul, 81530-150, Brasil",397122683,1,"flood (alagamento/enchente) - landslide excluded by category filter (SIAC 156 Assunto/Subdivisao is a distinct structured category, not free text)",siac156_curitiba_v1,"Ponto positivo administrativo geocodificado (mesmo criterio do v12 Recife). Nao e ground truth cartografico individual -- confianca strong = correspondencia de rua (geometria, nao numero exato); medium = fallback bairro-centroide.","Nao usar como escore, threshold ou variavel derivada do rotulo. Nao promover a 'validado'/'confirmado' sem revisao do REV-P."
Curitiba,1,CUR_SIAC156_653850cef879439c,-25.5347094,-49.2902223,07/12/2024,2024,Proteção ao cidadão - GM,"Enchentes, inundações ou alagamentos",RUA LA SALLE,PINHEIRINHO,strong,"Rua La Salle, Pinheirinho, Curitiba, Paraná, Região Sul, 81880-310, Brasil",129015185,1,"flood (alagamento/enchente) - landslide excluded by category filter (SIAC 156 Assunto/Subdivisao is a distinct structured category, not free text)",siac156_curitiba_v1,"Ponto positivo administrativo geocodificado (mesmo criterio do v12 Recife). Nao e ground truth cartografico individual -- confianca strong = correspondencia de rua (geometria, nao numero exato); medium = fallback bairro-centroide.","Nao usar como escore, threshold ou variavel derivada do rotulo. Nao promover a 'validado'/'confirmado' sem revisao do REV-P."
Curitiba,1,CUR_SIAC156_d65af883cb072bd2,-25.4825237,-49.2721067,07/12/2024,2024,Proteção ao cidadão - GM,"Enchentes, inundações ou alagamentos",AVENIDA SANTA BERNADETHE,FANNY,strong,"Avenida Santa Bernadethe, Fanny, Curitiba, Paraná, Região Sul, 81690-200, Brasil",1302094440,1,"flood (alagamento/enchente) - landslide excluded by category filter (SIAC 156 Assunto/Subdivisao is a distinct structured category, not free text)",siac156_curitiba_v1,"Ponto positivo administrativo geocodificado (mesmo criterio do v12 Recife). Nao e ground truth cartografico individual -- confianca strong = correspondencia de rua (geometria, nao numero exato); medium = fallback bairro-centroide.","Nao usar como escore, threshold ou variavel derivada do rotulo. Nao promover a 'validado'/'confirmado' sem revisao do REV-P."
Curitiba,1,CUR_SIAC156_896c4d5161e90a2e,-25.5625849,-49.3381613,07/12/2024,2024,Proteção ao cidadão - GM,"Enchentes, inundações ou alagamentos",RUA JESUS FRANCISCO DA ROCHA,TATUQUARA,strong,"Rua Jesus Francisco da Rocha, Moradias Santa Rita, Tatuquara, Curitiba, Paraná, Região Sul, 81470-075, Brasil",165612848,1,"flood (alagamento/enchente) - landslide excluded by category filter (SIAC 156 Assunto/Subdivisao is a distinct structured category, not free text)",siac156_curitiba_v1,"Ponto positivo administrativo geocodificado (mesmo criterio do v12 Recife). Nao e ground truth cartografico individual -- confianca strong = correspondencia de rua (geometria, nao numero exato); medium = fallback bairro-centroide.","Nao usar como escore, threshold ou variavel derivada do rotulo. Nao promover a 'validado'/'confirmado' sem revisao do REV-P."
Curitiba,1,CUR_SIAC156_896c4d5161e90a2e,-25.5625849,-49.3381613,07/12/2024,2024,Drenagem,Alagamentos,RUA JESUS FRANCISCO DA ROCHA,TATUQUARA,strong,"Rua Jesus Francisco da Rocha, Moradias Santa Rita, Tatuquara, Curitiba, Paraná, Região Sul, 81470-075, Brasil",165612848,2,"flood (alagamento/enchente) - landslide excluded by category filter (SIAC 156 Assunto/Subdivisao is a distinct structured category, not free text)",siac156_curitiba_v1,"Ponto positivo administrativo geocodificado (mesmo criterio do v12 Recife). Nao e ground truth cartografico individual -- confianca strong = correspondencia de rua (geometria, nao numero exato); medium = fallback bairro-centroide.","Nao usar como escore, threshold ou variavel derivada do rotulo. Nao promover a 'validado'/'confirmado' sem revisao do REV-P."
Curitiba,1,CUR_SIAC156_a2739e42884c12ad,-25.4589183,-49.2259154,07/12/2024,2024,Drenagem,Alagamentos,RUA FREI VICENTE SALVADOR,JARDIM DAS AMERICAS,strong,"Rua Frei Vicente Salvador, Jardim das Américas, Curitiba, Paraná, Região Sul, 81530-150, Brasil",397122683,1,"flood (alagamento/enchente) - landslide excluded by category filter (SIAC 156 Assunto/Subdivisao is a distinct structured category, not free text)",siac156_curitiba_v1,"Ponto positivo administrativo geocodificado (mesmo criterio do v12 Recife). Nao e ground truth cartografico individual -- confianca strong = correspondencia de rua (geometria, nao numero exato); medium = fallback bairro-centroide.","Nao usar como escore, threshold ou variavel derivada do rotulo. Nao promover a 'validado'/'confirmado' sem revisao do REV-P."
Curitiba,1,CUR_SIAC156_273409f4d187551e,-25.4154363,-49.3506642,08/04/2024,2024,Drenagem,Alagamentos,Avenida Vereador Toaldo Túlio,SAO BRAZ,strong,"Avenida Vereador Toaldo Túlio, São Braz, Curitiba, Paraná, Região Sul, 82300-332, Brasil",1339909937,1,"flood (alagamento/enchente) - landslide excluded by category filter (SIAC 156 Assunto/Subdivisao is a distinct structured category, not free text)",siac156_curitiba_v1,"Ponto positivo administrativo geocodificado (mesmo criterio do v12 Recife). Nao e ground truth cartografico individual -- confianca strong = correspondencia de rua (geometria, nao numero exato); medium = fallback bairro-centroide.","Nao usar como escore, threshold ou variavel derivada do rotulo. Nao promover a 'validado'/'confirmado' sem revisao do REV-P."
Curitiba,1,CUR_SIAC156_4bdd86b218f4a50e,-25.4754532,-49.2667944,08/04/2024,2024,Drenagem,Alagamentos,Henry Ford,LINDOIA,medium,"Córrego Henry Ford, Lindóia, Curitiba, Paraná, Região Sul, 80630-280, Brasil",916254391,1,"flood (alagamento/enchente) - landslide excluded by category filter (SIAC 156 Assunto/Subdivisao is a distinct structured category, not free text)",siac156_curitiba_v1,"Ponto positivo administrativo geocodificado (mesmo criterio do v12 Recife). Nao e ground truth cartografico individual -- confianca strong = correspondencia de rua (geometria, nao numero exato); medium = fallback bairro-centroide.","Nao usar como escore, threshold ou variavel derivada do rotulo. Nao promover a 'validado'/'confirmado' sem revisao do REV-P."
Curitiba,1,CUR_SIAC156_021fa265724e262d,-25.4579486,-49.2886787,08/04/2024,2024,Drenagem,Alagamentos,Avenida República Argentina,AGUA VERDE,strong,"Avenida República Argentina, Água Verde, Curitiba, Paraná, Região Sul, 80320-210, Brasil",435228453,1,"flood (alagamento/enchente) - landslide excluded by category filter (SIAC 156 Assunto/Subdivisao is a distinct structured category, not free text)",siac156_curitiba_v1,"Ponto positivo administrativo geocodificado (mesmo criterio do v12 Recife). Nao e ground truth cartografico individual -- confianca strong = correspondencia de rua (geometria, nao numero exato); medium = fallback bairro-centroide.","Nao usar como escore, threshold ou variavel derivada do rotulo. Nao promover a 'validado'/'confirmado' sem revisao do REV-P."
Curitiba,1,CUR_SIAC156_238d295b2bca5a0d,-25.4355974,-49.2788521,09/12/2024,2024,Drenagem,Alagamentos,Comendador Araújo,CENTRO,medium,"Banco do Brasil, 314, Rua Comendador Araújo, Centro, Curitiba, Paraná, Região Sul, 80420-000, Brasil",259068530,1,"flood (alagamento/enchente) - landslide excluded by category filter (SIAC 156 Assunto/Subdivisao is a distinct structured category, not free text)",siac156_curitiba_v1,"Ponto positivo administrativo geocodificado (mesmo criterio do v12 Recife). Nao e ground truth cartografico individual -- confianca strong = correspondencia de rua (geometria, nao numero exato); medium = fallback bairro-centroide.","Nao usar como escore, threshold ou variavel derivada do rotulo. Nao promover a 'validado'/'confirmado' sem revisao do REV-P."
Curitiba,1,CUR_SIAC156_95339ce93b30ec9f,-25.4127114,-49.2342957,09/12/2024,2024,Drenagem,Alagamentos,RUA MÉXICO,JARDIM SOCIAL,strong,"Rua México, Jardim Social, Curitiba, Paraná, Região Sul, 82820-530, Brasil",244506646,1,"flood (alagamento/enchente) - landslide excluded by category filter (SIAC 156 Assunto/Subdivisao is a distinct structured category, not free text)",siac156_curitiba_v1,"Ponto positivo administrativo geocodificado (mesmo criterio do v12 Recife). Nao e ground truth cartografico individual -- confianca strong = correspondencia de rua (geometria, nao numero exato); medium = fallback bairro-centroide.","Nao usar como escore, threshold ou variavel derivada do rotulo. Nao promover a 'validado'/'confirmado' sem revisao do REV-P."
Curitiba,1,CUR_SIAC156_5676c7cf701aaa1c,-25.4634131,-49.2265627,25/06/2024,2024,Drenagem,Alagamentos,RUA EDUARDO COUTURE,JARDIM DAS AMERICAS,strong,"Rua Eduardo Couture, Jardim das Américas, Curitiba, Paraná, Região Sul, 81530-380, Brasil",56051046,1,"flood (alagamento/enchente) - landslide excluded by category filter (SIAC 156 Assunto/Subdivisao is a distinct structured category, not free text)",siac156_curitiba_v1,"Ponto positivo administrativo geocodificado (mesmo criterio do v12 Recife). Nao e ground truth cartografico individual -- confianca strong = correspondencia de rua (geometria, nao numero exato); medium = fallback bairro-centroide.","Nao usar como escore, threshold ou variavel derivada do rotulo. Nao promover a 'validado'/'confirmado' sem revisao do REV-P."
Curitiba,1,CUR_SIAC156_dcea73aa50852539,-25.3888865,-49.2794756,09/12/2024,2024,Drenagem,Alagamentos,Maria Bauer Siegmund,PILARZINHO,strong,"Rua Maria Bauer Siegmund, Pilarzinho, Curitiba, Paraná, Região Sul, 82120-000, Brasil",150296498,1,"flood (alagamento/enchente) - landslide excluded by category filter (SIAC 156 Assunto/Subdivisao is a distinct structured category, not free text)",siac156_curitiba_v1,"Ponto positivo administrativo geocodificado (mesmo criterio do v12 Recife). Nao e ground truth cartografico individual -- confianca strong = correspondencia de rua (geometria, nao numero exato); medium = fallback bairro-centroide.","Nao usar como escore, threshold ou variavel derivada do rotulo. Nao promover a 'validado'/'confirmado' sem revisao do REV-P."
Curitiba,1,CUR_SIAC156_8ff539c73806c1d0,-25.5126083,-49.2701899,09/12/2024,2024,Drenagem,Alagamentos,Rua Catarina Goossen,XAXIM,strong,"Rua Catarina Goosen, Xaxim, Curitiba, Paraná, Região Sul, 81830-020, Brasil",85019677,1,"flood (alagamento/enchente) - landslide excluded by category filter (SIAC 156 Assunto/Subdivisao is a distinct structured category, not free text)",siac156_curitiba_v1,"Ponto positivo administrativo geocodificado (mesmo criterio do v12 Recife). Nao e ground truth cartografico individual -- confianca strong = correspondencia de rua (geometria, nao numero exato); medium = fallback bairro-centroide.","Nao usar como escore, threshold ou variavel derivada do rotulo. Nao promover a 'validado'/'confirmado' sem revisao do REV-P."
Curitiba,1,CUR_SIAC156_b8f5cc7db1aedab8,-25.4212338,-49.2922248,09/12/2024,2024,Proteção ao cidadão - GM,"Enchentes, inundações ou alagamentos",AVENIDA MANOEL RIBAS,MERCES,strong,"Avenida Manoel Ribas, Mercês, Curitiba, Paraná, Região Sul, 80810-040, Brasil",90619497,1,"flood (alagamento/enchente) - landslide excluded by category filter (SIAC 156 Assunto/Subdivisao is a distinct structured category, not free text)",siac156_curitiba_v1,"Ponto positivo administrativo geocodificado (mesmo criterio do v12 Recife). Nao e ground truth cartografico individual -- confianca strong = correspondencia de rua (geometria, nao numero exato); medium = fallback bairro-centroide.","Nao usar como escore, threshold ou variavel derivada do rotulo. Nao promover a 'validado'/'confirmado' sem revisao do REV-P."
Curitiba,1,CUR_SIAC156_b8f5cc7db1aedab8,-25.4212338,-49.2922248,09/12/2024,2024,Drenagem,Alagamentos,AVENIDA MANOEL RIBAS,MERCES,strong,"Avenida Manoel Ribas, Mercês, Curitiba, Paraná, Região Sul, 80810-040, Brasil",90619497,1,"flood (alagamento/enchente) - landslide excluded by category filter (SIAC 156 Assunto/Subdivisao is a distinct structured category, not free text)",siac156_curitiba_v1,"Ponto positivo administrativo geocodificado (mesmo criterio do v12 Recife). Nao e ground truth cartografico individual -- confianca strong = correspondencia de rua (geometria, nao numero exato); medium = fallback bairro-centroide.","Nao usar como escore, threshold ou variavel derivada do rotulo. Nao promover a 'validado'/'confirmado' sem revisao do REV-P."
Curitiba,1,CUR_SIAC156_a18d0b9d3444936e,-25.4382745,-49.2063568,10/12/2024,2024,Drenagem,Alagamentos,Benedito França,CAPAO DA IMBUIA,strong,"Rua Benedito França, Capão da Imbuia, Curitiba, Paraná, Região Sul, 82810-460, Brasil",105586587,1,"flood (alagamento/enchente) - landslide excluded by category filter (SIAC 156 Assunto/Subdivisao is a distinct structured category, not free text)",siac156_curitiba_v1,"Ponto positivo administrativo geocodificado (mesmo criterio do v12 Recife). Nao e ground truth cartografico individual -- confianca strong = correspondencia de rua (geometria, nao numero exato); medium = fallback bairro-centroide.","Nao usar como escore, threshold ou variavel derivada do rotulo. Nao promover a 'validado'/'confirmado' sem revisao do REV-P."
Curitiba,1,CUR_SIAC156_87e5b7c549907ba0,-25.497263,-49.2034052,10/12/2024,2024,Drenagem,Alagamentos,Manoela Stier Reiss,UBERABA,strong,"Rua Manoela Stier Reiss, Vila Jardim Icaray, Uberaba, Curitiba, Paraná, Região Sul, 81560-615, Brasil",125624723,2,"flood (alagamento/enchente) - landslide excluded by category filter (SIAC 156 Assunto/Subdivisao is a distinct structured category, not free text)",siac156_curitiba_v1,"Ponto positivo administrativo geocodificado (mesmo criterio do v12 Recife). Nao e ground truth cartografico individual -- confianca strong = correspondencia de rua (geometria, nao numero exato); medium = fallback bairro-centroide.","Nao usar como escore, threshold ou variavel derivada do rotulo. Nao promover a 'validado'/'confirmado' sem revisao do REV-P."
Curitiba,1,CUR_SIAC156_87e5b7c549907ba0,-25.497263,-49.2034052,10/12/2024,2024,Drenagem,Alagamentos,Manoela Stier Reiss,UBERABA,strong,"Rua Manoela Stier Reiss, Vila Jardim Icaray, Uberaba, Curitiba, Paraná, Região Sul, 81560-615, Brasil",125624723,2,"flood (alagamento/enchente) - landslide excluded by category filter (SIAC 156 Assunto/Subdivisao is a distinct structured category, not free text)",siac156_curitiba_v1,"Ponto positivo administrativo geocodificado (mesmo criterio do v12 Recife). Nao e ground truth cartografico individual -- confianca strong = correspondencia de rua (geometria, nao numero exato); medium = fallback bairro-centroide.","Nao usar como escore, threshold ou variavel derivada do rotulo. Nao promover a 'validado'/'confirmado' sem revisao do REV-P."
Curitiba,1,CUR_SIAC156_316e1531fb245c21,-25.5319247,-49.2351808,11/12/2024,2024,Drenagem,Alagamentos,Rua Iporã,ALTO BOQUEIRAO,strong,"Rua Iporã, Alto Boqueirão, Curitiba, Paraná, Região Sul, 81770-440, Brasil",260387234,1,"flood (alagamento/enchente) - landslide excluded by category filter (SIAC 156 Assunto/Subdivisao is a distinct structured category, not free text)",siac156_curitiba_v1,"Ponto positivo administrativo geocodificado (mesmo criterio do v12 Recife). Nao e ground truth cartografico individual -- confianca strong = correspondencia de rua (geometria, nao numero exato); medium = fallback bairro-centroide.","Nao usar como escore, threshold ou variavel derivada do rotulo. Nao promover a 'validado'/'confirmado' sem revisao do REV-P."
Curitiba,1,CUR_SIAC156_876952f4d4cfb019,-25.5145176,-49.3046354,10/12/2024,2024,Proteção ao cidadão - GM,"Enchentes, inundações ou alagamentos",RUA DOUTOR WALDEMIRO PEREIRA,CAPAO RASO,strong,"Rua Doutor Waldemiro Pereira, Capão Raso, Curitiba, Paraná, Região Sul, 81150-120, Brasil",33037356,1,"flood (alagamento/enchente) - landslide excluded by category filter (SIAC 156 Assunto/Subdivisao is a distinct structured category, not free text)",siac156_curitiba_v1,"Ponto positivo administrativo geocodificado (mesmo criterio do v12 Recife). Nao e ground truth cartografico individual -- confianca strong = correspondencia de rua (geometria, nao numero exato); medium = fallback bairro-centroide.","Nao usar como escore, threshold ou variavel derivada do rotulo. Nao promover a 'validado'/'confirmado' sem revisao do REV-P."
Curitiba,1,CUR_SIAC156_d6698a7484b34aca,-25.4372386,-49.2921825,25/06/2024,2024,Drenagem,Alagamentos,RUA FRANCISCO ROCHA,BIGORRILHO,strong,"Rua Francisco Rocha, Bigorrilho, Curitiba, Paraná, Região Sul, 80730-420, Brasil",223784049,1,"flood (alagamento/enchente) - landslide excluded by category filter (SIAC 156 Assunto/Subdivisao is a distinct structured category, not free text)",siac156_curitiba_v1,"Ponto positivo administrativo geocodificado (mesmo criterio do v12 Recife). Nao e ground truth cartografico individual -- confianca strong = correspondencia de rua (geometria, nao numero exato); medium = fallback bairro-centroide.","Nao usar como escore, threshold ou variavel derivada do rotulo. Nao promover a 'validado'/'confirmado' sem revisao do REV-P."
Curitiba,1,CUR_SIAC156_cbd3eefba7da8d6a,-25.497993,-49.334522,28/06/2024,2024,Drenagem,Alagamentos,RUA ROSIANE JACOMEL,CIDADE INDUSTRIAL,medium,"Cidade Industrial de Curitiba, Curitiba, Paraná, Região Sul, 81350-260, Brasil",3012156952,1,"flood (alagamento/enchente) - landslide excluded by category filter (SIAC 156 Assunto/Subdivisao is a distinct structured category, not free text)",siac156_curitiba_v1,"Ponto positivo administrativo geocodificado (mesmo criterio do v12 Recife). Nao e ground truth cartografico individual -- confianca strong = correspondencia de rua (geometria, nao numero exato); medium = fallback bairro-centroide.","Nao usar como escore, threshold ou variavel derivada do rotulo. Nao promover a 'validado'/'confirmado' sem revisao do REV-P."
Curitiba,1,CUR_SIAC156_4a599fca0934161d,-25.4622063,-49.313318,13/12/2024,2024,Drenagem,Alagamentos,Dona Eleusina Plaisant,SANTA QUITERIA,strong,"Rua Dona Eleusina Plaisant, Santa Quitéria, Curitiba, Paraná, Região Sul, 80310-010, Brasil",424919313,1,"flood (alagamento/enchente) - landslide excluded by category filter (SIAC 156 Assunto/Subdivisao is a distinct structured category, not free text)",siac156_curitiba_v1,"Ponto positivo administrativo geocodificado (mesmo criterio do v12 Recife). Nao e ground truth cartografico individual -- confianca strong = correspondencia de rua (geometria, nao numero exato); medium = fallback bairro-centroide.","Nao usar como escore, threshold ou variavel derivada do rotulo. Nao promover a 'validado'/'confirmado' sem revisao do REV-P."
Curitiba,1,CUR_SIAC156_0619e93a3c4321e1,-25.4582003,-49.2456742,08/08/2024,2024,Drenagem,Alagamentos,Senador Nereu Ramos,GUABIROTUBA,strong,"Rua Senador Nereu Ramos, Guabirotuba, Curitiba, Paraná, Região Sul, 81510-120, Brasil",120578699,1,"flood (alagamento/enchente) - landslide excluded by category filter (SIAC 156 Assunto/Subdivisao is a distinct structured category, not free text)",siac156_curitiba_v1,"Ponto positivo administrativo geocodificado (mesmo criterio do v12 Recife). Nao e ground truth cartografico individual -- confianca strong = correspondencia de rua (geometria, nao numero exato); medium = fallback bairro-centroide.","Nao usar como escore, threshold ou variavel derivada do rotulo. Nao promover a 'validado'/'confirmado' sem revisao do REV-P."
Curitiba,1,CUR_SIAC156_3837312670e7b436,-25.5006942,-49.3389717,08/12/2024,2024,Proteção ao cidadão - GM,"Enchentes, inundações ou alagamentos",Edelzina de Jesus Santiago,CIDADE INDUSTRIAL,strong,"Rua Edelzina de Jesus Santiago, Cidade Industrial de Curitiba, Curitiba, Paraná, Região Sul, 81350-260, Brasil",138705789,1,"flood (alagamento/enchente) - landslide excluded by category filter (SIAC 156 Assunto/Subdivisao is a distinct structured category, not free text)",siac156_curitiba_v1,"Ponto positivo administrativo geocodificado (mesmo criterio do v12 Recife). Nao e ground truth cartografico individual -- confianca strong = correspondencia de rua (geometria, nao numero exato); medium = fallback bairro-centroide.","Nao usar como escore, threshold ou variavel derivada do rotulo. Nao promover a 'validado'/'confirmado' sem revisao do REV-P."
Curitiba,1,CUR_SIAC156_a96fd08fa3f29cbe,-25.4505311,-49.2091906,09/12/2024,2024,Drenagem,Alagamentos,Esper Jorge Chueri,CAJURU,strong,"Rua Esper Jorge Chueri, Cajuru, Curitiba, Paraná, Região Sul, 82930-210, Brasil",232900716,1,"flood (alagamento/enchente) - landslide excluded by category filter (SIAC 156 Assunto/Subdivisao is a distinct structured category, not free text)",siac156_curitiba_v1,"Ponto positivo administrativo geocodificado (mesmo criterio do v12 Recife). Nao e ground truth cartografico individual -- confianca strong = correspondencia de rua (geometria, nao numero exato); medium = fallback bairro-centroide.","Nao usar como escore, threshold ou variavel derivada do rotulo. Nao promover a 'validado'/'confirmado' sem revisao do REV-P."
Curitiba,1,CUR_SIAC156_8ff539c73806c1d0,-25.5126083,-49.2701899,09/12/2024,2024,Proteção ao cidadão - GM,"Enchentes, inundações ou alagamentos",Rua Catarina Goossen,XAXIM,strong,"Rua Catarina Goosen, Xaxim, Curitiba, Paraná, Região Sul, 81830-020, Brasil",85019677,1,"flood (alagamento/enchente) - landslide excluded by category filter (SIAC 156 Assunto/Subdivisao is a distinct structured category, not free text)",siac156_curitiba_v1,"Ponto positivo administrativo geocodificado (mesmo criterio do v12 Recife). Nao e ground truth cartografico individual -- confianca strong = correspondencia de rua (geometria, nao numero exato); medium = fallback bairro-centroide.","Nao usar como escore, threshold ou variavel derivada do rotulo. Nao promover a 'validado'/'confirmado' sem revisao do REV-P."
Curitiba,1,CUR_SIAC156_b8bb8ad84949aa6f,-25.497993,-49.334522,24/06/2024,2024,Drenagem,Alagamentos,Rua Jorge Gazal,CIDADE INDUSTRIAL,medium,"Cidade Industrial de Curitiba, Curitiba, Paraná, Região Sul, 81350-260, Brasil",3012156952,2,"flood (alagamento/enchente) - landslide excluded by category filter (SIAC 156 Assunto/Subdivisao is a distinct structured category, not free text)",siac156_curitiba_v1,"Ponto positivo administrativo geocodificado (mesmo criterio do v12 Recife). Nao e ground truth cartografico individual -- confianca strong = correspondencia de rua (geometria, nao numero exato); medium = fallback bairro-centroide.","Nao usar como escore, threshold ou variavel derivada do rotulo. Nao promover a 'validado'/'confirmado' sem revisao do REV-P."
Curitiba,1,CUR_SIAC156_b8bb8ad84949aa6f,-25.497993,-49.334522,24/06/2024,2024,Drenagem,Alagamentos,Rua Jorge Gazal,CIDADE INDUSTRIAL,medium,"Cidade Industrial de Curitiba, Curitiba, Paraná, Região Sul, 81350-260, Brasil",3012156952,2,"flood (alagamento/enchente) - landslide excluded by category filter (SIAC 156 Assunto/Subdivisao is a distinct structured category, not free text)",siac156_curitiba_v1,"Ponto positivo administrativo geocodificado (mesmo criterio do v12 Recife). Nao e ground truth cartografico individual -- confianca strong = correspondencia de rua (geometria, nao numero exato); medium = fallback bairro-centroide.","Nao usar como escore, threshold ou variavel derivada do rotulo. Nao promover a 'validado'/'confirmado' sem revisao do REV-P."
Curitiba,1,CUR_SIAC156_2a41b23d75c047c0,-25.5248171,-49.2940475,26/06/2024,2024,Drenagem,Alagamentos,RUA MARECHAL OCTÁVIO SALDANHA MAZZA,PINHEIRINHO,strong,"Rua Marechal Octávio Saldanha Mazza, Pinheirinho, Curitiba, Paraná, Região Sul, 81690-400, Brasil",111476404,1,"flood (alagamento/enchente) - landslide excluded by category filter (SIAC 156 Assunto/Subdivisao is a distinct structured category, not free text)",siac156_curitiba_v1,"Ponto positivo administrativo geocodificado (mesmo criterio do v12 Recife). Nao e ground truth cartografico individual -- confianca strong = correspondencia de rua (geometria, nao numero exato); medium = fallback bairro-centroide.","Nao usar como escore, threshold ou variavel derivada do rotulo. Nao promover a 'validado'/'confirmado' sem revisao do REV-P."
Curitiba,1,CUR_SIAC156_b78944dba8c6e258,-25.4995233,-49.34518,07/11/2024,2024,Drenagem,Alagamentos,Antônio Pastre,CIDADE INDUSTRIAL,strong,"Rua Antônio Pastre, Cidade Industrial de Curitiba, Curitiba, Paraná, Região Sul, 81350-260, Brasil",127531650,1,"flood (alagamento/enchente) - landslide excluded by category filter (SIAC 156 Assunto/Subdivisao is a distinct structured category, not free text)",siac156_curitiba_v1,"Ponto positivo administrativo geocodificado (mesmo criterio do v12 Recife). Nao e ground truth cartografico individual -- confianca strong = correspondencia de rua (geometria, nao numero exato); medium = fallback bairro-centroide.","Nao usar como escore, threshold ou variavel derivada do rotulo. Nao promover a 'validado'/'confirmado' sem revisao do REV-P."
Curitiba,1,CUR_SIAC156_f909f8782e63bcb2,-25.4291665,-49.2680403,07/11/2024,2024,Drenagem,Alagamentos,Presidente Faria,CENTRO,strong,"Rua Presidente Faria, Centro, Curitiba, Paraná, Região Sul, 80020-310, Brasil",24576467,1,"flood (alagamento/enchente) - landslide excluded by category filter (SIAC 156 Assunto/Subdivisao is a distinct structured category, not free text)",siac156_curitiba_v1,"Ponto positivo administrativo geocodificado (mesmo criterio do v12 Recife). Nao e ground truth cartografico individual -- confianca strong = correspondencia de rua (geometria, nao numero exato); medium = fallback bairro-centroide.","Nao usar como escore, threshold ou variavel derivada do rotulo. Nao promover a 'validado'/'confirmado' sem revisao do REV-P."
Curitiba,1,CUR_SIAC156_1bb880896aac2ffe,-25.4081686,-49.2395069,03/11/2024,2024,Drenagem,Alagamentos,RUA COLOMBIA,BACACHERI,strong,"Rua Colômbia, Bacacheri, Curitiba, Paraná, Região Sul, 82515-030, Brasil",1104868486,1,"flood (alagamento/enchente) - landslide excluded by category filter (SIAC 156 Assunto/Subdivisao is a distinct structured category, not free text)",siac156_curitiba_v1,"Ponto positivo administrativo geocodificado (mesmo criterio do v12 Recife). Nao e ground truth cartografico individual -- confianca strong = correspondencia de rua (geometria, nao numero exato); medium = fallback bairro-centroide.","Nao usar como escore, threshold ou variavel derivada do rotulo. Nao promover a 'validado'/'confirmado' sem revisao do REV-P."
Curitiba,1,CUR_SIAC156_9931e03cc0717040,-25.3684311,-49.2710544,07/07/2024,2024,Drenagem,Alagamentos,RUA GUILHERME DE SOUZA VALENTE,ABRANCHES,strong,"Rua Guilherme de Souza Valente, Abranches, Curitiba, Paraná, Região Sul, 82220-330, Brasil",398722371,1,"flood (alagamento/enchente) - landslide excluded by category filter (SIAC 156 Assunto/Subdivisao is a distinct structured category, not free text)",siac156_curitiba_v1,"Ponto positivo administrativo geocodificado (mesmo criterio do v12 Recife). Nao e ground truth cartografico individual -- confianca strong = correspondencia de rua (geometria, nao numero exato); medium = fallback bairro-centroide.","Nao usar como escore, threshold ou variavel derivada do rotulo. Nao promover a 'validado'/'confirmado' sem revisao do REV-P."
Curitiba,1,CUR_SIAC156_5b890fa28700692c,-25.4967415,-49.2693544,24/04/2024,2024,Drenagem,Alagamentos,Rua Francisco Derosso,XAXIM,strong,"Rua Francisco Derosso, Xaxim, Curitiba, Paraná, Região Sul, 81810-440, Brasil",409615467,1,"flood (alagamento/enchente) - landslide excluded by category filter (SIAC 156 Assunto/Subdivisao is a distinct structured category, not free text)",siac156_curitiba_v1,"Ponto positivo administrativo geocodificado (mesmo criterio do v12 Recife). Nao e ground truth cartografico individual -- confianca strong = correspondencia de rua (geometria, nao numero exato); medium = fallback bairro-centroide.","Nao usar como escore, threshold ou variavel derivada do rotulo. Nao promover a 'validado'/'confirmado' sem revisao do REV-P."
Curitiba,1,CUR_SIAC156_0744e6916bfca676,-25.5095857,-49.2257374,02/07/2024,2024,Drenagem,Alagamentos,Rua Diogo Mugiatti,BOQUEIRAO,strong,"Rua Diogo Mugiatti, Boqueirão, Curitiba, Paraná, Região Sul, 81730-360, Brasil",161181849,1,"flood (alagamento/enchente) - landslide excluded by category filter (SIAC 156 Assunto/Subdivisao is a distinct structured category, not free text)",siac156_curitiba_v1,"Ponto positivo administrativo geocodificado (mesmo criterio do v12 Recife). Nao e ground truth cartografico individual -- confianca strong = correspondencia de rua (geometria, nao numero exato); medium = fallback bairro-centroide.","Nao usar como escore, threshold ou variavel derivada do rotulo. Nao promover a 'validado'/'confirmado' sem revisao do REV-P."
Curitiba,1,CUR_SIAC156_bf6906d461f1c268,-25.4551341,-49.2983877,24/04/2024,2024,Drenagem,Alagamentos,Avenida Presidente Getúlio Vargas,VILA IZABEL,strong,"Avenida Presidente Getúlio Vargas, Vila Izabel, Curitiba, Paraná, Região Sul, 80240-074, Brasil",232888354,1,"flood (alagamento/enchente) - landslide excluded by category filter (SIAC 156 Assunto/Subdivisao is a distinct structured category, not free text)",siac156_curitiba_v1,"Ponto positivo administrativo geocodificado (mesmo criterio do v12 Recife). Nao e ground truth cartografico individual -- confianca strong = correspondencia de rua (geometria, nao numero exato); medium = fallback bairro-centroide.","Nao usar como escore, threshold ou variavel derivada do rotulo. Nao promover a 'validado'/'confirmado' sem revisao do REV-P."
Curitiba,1,CUR_SIAC156_1e95f25c2a9876fa,-25.3785604,-49.2786519,26/04/2024,2024,Drenagem,Alagamentos,RUA DESEMBARGADOR JOSÉ CARLOS RIBEIRO RIBAS,ABRANCHES,strong,"Rua Desembargador José Carlos Ribeiro Ribas, Abranches, Curitiba, Paraná, Região Sul, 82130-290, Brasil",178473221,1,"flood (alagamento/enchente) - landslide excluded by category filter (SIAC 156 Assunto/Subdivisao is a distinct structured category, not free text)",siac156_curitiba_v1,"Ponto positivo administrativo geocodificado (mesmo criterio do v12 Recife). Nao e ground truth cartografico individual -- confianca strong = correspondencia de rua (geometria, nao numero exato); medium = fallback bairro-centroide.","Nao usar como escore, threshold ou variavel derivada do rotulo. Nao promover a 'validado'/'confirmado' sem revisao do REV-P."
Curitiba,1,CUR_SIAC156_4ff80f533962c0dc,-25.5439896,-49.249968,02/07/2024,2024,Drenagem,Alagamentos,RUA MILTON MIRAMIR VISINONI,SITIO CERCADO,strong,"Rua Milton Miramir Visinoni, Sítio Cercado, Curitiba, Paraná, Região Sul, 81920-080, Brasil",127251677,1,"flood (alagamento/enchente) - landslide excluded by category filter (SIAC 156 Assunto/Subdivisao is a distinct structured category, not free text)",siac156_curitiba_v1,"Ponto positivo administrativo geocodificado (mesmo criterio do v12 Recife). Nao e ground truth cartografico individual -- confianca strong = correspondencia de rua (geometria, nao numero exato); medium = fallback bairro-centroide.","Nao usar como escore, threshold ou variavel derivada do rotulo. Nao promover a 'validado'/'confirmado' sem revisao do REV-P."
Curitiba,1,CUR_SIAC156_8b11ff8d4eccbfa4,-25.3969351,-49.2393209,16/12/2024,2024,Drenagem,Alagamentos,RUA ODILON DE SANTA RITA BORBA,BACACHERI,strong,"Rua Odilon de Santa Rita Borba, Bacacheri, Curitiba, Paraná, Região Sul, 82515-270, Brasil",390756722,1,"flood (alagamento/enchente) - landslide excluded by category filter (SIAC 156 Assunto/Subdivisao is a distinct structured category, not free text)",siac156_curitiba_v1,"Ponto positivo administrativo geocodificado (mesmo criterio do v12 Recife). Nao e ground truth cartografico individual -- confianca strong = correspondencia de rua (geometria, nao numero exato); medium = fallback bairro-centroide.","Nao usar como escore, threshold ou variavel derivada do rotulo. Nao promover a 'validado'/'confirmado' sem revisao do REV-P."
Curitiba,1,CUR_SIAC156_d38eece76cba6608,-25.4776312,-49.230332,17/12/2024,2024,Drenagem,Alagamentos,Padre Júlio Saavedra,UBERABA,strong,"Rua Padre Júlio Saavedra, Uberaba, Curitiba, Paraná, Região Sul, 81570-140, Brasil",701661134,1,"flood (alagamento/enchente) - landslide excluded by category filter (SIAC 156 Assunto/Subdivisao is a distinct structured category, not free text)",siac156_curitiba_v1,"Ponto positivo administrativo geocodificado (mesmo criterio do v12 Recife). Nao e ground truth cartografico individual -- confianca strong = correspondencia de rua (geometria, nao numero exato); medium = fallback bairro-centroide.","Nao usar como escore, threshold ou variavel derivada do rotulo. Nao promover a 'validado'/'confirmado' sem revisao do REV-P."
Curitiba,1,CUR_SIAC156_c0486f416b9d0ace,-25.4716034,-49.2108717,13/11/2024,2024,Drenagem,Alagamentos,Doutor Petrônio Romero de Souza,CAJURU,medium,"Rua Doutor Petrônio Romero de Souza, 95, Rua Doutor Petrônio Romero de Souza, Cajuru, Curitiba, Paraná, Região Sul, 82960-180, Brasil",9986476555,1,"flood (alagamento/enchente) - landslide excluded by category filter (SIAC 156 Assunto/Subdivisao is a distinct structured category, not free text)",siac156_curitiba_v1,"Ponto positivo administrativo geocodificado (mesmo criterio do v12 Recife). Nao e ground truth cartografico individual -- confianca strong = correspondencia de rua (geometria, nao numero exato); medium = fallback bairro-centroide.","Nao usar como escore, threshold ou variavel derivada do rotulo. Nao promover a 'validado'/'confirmado' sem revisao do REV-P."
Curitiba,1,CUR_SIAC156_334df3a2b4843877,-25.4271804,-49.2613828,11/11/2024,2024,Drenagem,Alagamentos,RUA XV DE NOVEMBRO,CENTRO,strong,"Rua XV de Novembro, Centro, Curitiba, Paraná, Região Sul, 80060-000, Brasil",291467468,1,"flood (alagamento/enchente) - landslide excluded by category filter (SIAC 156 Assunto/Subdivisao is a distinct structured category, not free text)",siac156_curitiba_v1,"Ponto positivo administrativo geocodificado (mesmo criterio do v12 Recife). Nao e ground truth cartografico individual -- confianca strong = correspondencia de rua (geometria, nao numero exato); medium = fallback bairro-centroide.","Nao usar como escore, threshold ou variavel derivada do rotulo. Nao promover a 'validado'/'confirmado' sem revisao do REV-P."
Curitiba,1,CUR_SIAC156_172830ea36efb59c,-25.4316429,-49.2287065,11/07/2024,2024,Drenagem,Alagamentos,Rua Coronel Irazê Paes Brasil,TARUMA,strong,"Rua Coronel Irazê Paes Brasil, Tarumã, Curitiba, Paraná, Região Sul, 82800-900, Brasil",126223244,1,"flood (alagamento/enchente) - landslide excluded by category filter (SIAC 156 Assunto/Subdivisao is a distinct structured category, not free text)",siac156_curitiba_v1,"Ponto positivo administrativo geocodificado (mesmo criterio do v12 Recife). Nao e ground truth cartografico individual -- confianca strong = correspondencia de rua (geometria, nao numero exato); medium = fallback bairro-centroide.","Nao usar como escore, threshold ou variavel derivada do rotulo. Nao promover a 'validado'/'confirmado' sem revisao do REV-P."
Curitiba,1,CUR_SIAC156_dab3853d511a27a8,-25.430765,-49.2276,11/07/2024,2024,Drenagem,Alagamentos,Rua General Polli Coelho,TARUMA,strong,"Rua General Polli Coelho, Tarumã, Curitiba, Paraná, Região Sul, 82800-030, Brasil",24877329,1,"flood (alagamento/enchente) - landslide excluded by category filter (SIAC 156 Assunto/Subdivisao is a distinct structured category, not free text)",siac156_curitiba_v1,"Ponto positivo administrativo geocodificado (mesmo criterio do v12 Recife). Nao e ground truth cartografico individual -- confianca strong = correspondencia de rua (geometria, nao numero exato); medium = fallback bairro-centroide.","Nao usar como escore, threshold ou variavel derivada do rotulo. Nao promover a 'validado'/'confirmado' sem revisao do REV-P."
Curitiba,1,CUR_SIAC156_1ebf326aa6ac26b6,-25.4579269,-49.2933445,09/07/2024,2024,Drenagem,Alagamentos,Rua Bororós,VILA IZABEL,strong,"Rua Bororós, Vila Izabel, Curitiba, Paraná, Região Sul, 80320-040, Brasil",99449524,1,"flood (alagamento/enchente) - landslide excluded by category filter (SIAC 156 Assunto/Subdivisao is a distinct structured category, not free text)",siac156_curitiba_v1,"Ponto positivo administrativo geocodificado (mesmo criterio do v12 Recife). Nao e ground truth cartografico individual -- confianca strong = correspondencia de rua (geometria, nao numero exato); medium = fallback bairro-centroide.","Nao usar como escore, threshold ou variavel derivada do rotulo. Nao promover a 'validado'/'confirmado' sem revisao do REV-P."
Curitiba,1,CUR_SIAC156_4f3c764c17d5dccf,-25.4579269,-49.2933445,09/07/2024,2024,Drenagem,Alagamentos,RUA BOROROS,PORTAO,strong,"Rua Bororós, Vila Izabel, Curitiba, Paraná, Região Sul, 80320-040, Brasil",99449524,1,"flood (alagamento/enchente) - landslide excluded by category filter (SIAC 156 Assunto/Subdivisao is a distinct structured category, not free text)",siac156_curitiba_v1,"Ponto positivo administrativo geocodificado (mesmo criterio do v12 Recife). Nao e ground truth cartografico individual -- confianca strong = correspondencia de rua (geometria, nao numero exato); medium = fallback bairro-centroide.","Nao usar como escore, threshold ou variavel derivada do rotulo. Nao promover a 'validado'/'confirmado' sem revisao do REV-P."
Curitiba,1,CUR_SIAC156_e5f82818d002a3b2,-25.5536964,-49.2595826,28/12/2024,2024,Drenagem,Alagamentos,Hussein Ibrahim Omairy,SITIO CERCADO,strong,"Rua Hussein Ibrahim Omairy, Sítio Cercado, Curitiba, Paraná, Região Sul, 81935-301, Brasil",397964521,1,"flood (alagamento/enchente) - landslide excluded by category filter (SIAC 156 Assunto/Subdivisao is a distinct structured category, not free text)",siac156_curitiba_v1,"Ponto positivo administrativo geocodificado (mesmo criterio do v12 Recife). Nao e ground truth cartografico individual -- confianca strong = correspondencia de rua (geometria, nao numero exato); medium = fallback bairro-centroide.","Nao usar como escore, threshold ou variavel derivada do rotulo. Nao promover a 'validado'/'confirmado' sem revisao do REV-P."
Curitiba,1,CUR_SIAC156_a8f5d353b4be64ff,-25.5319247,-49.2351808,31/12/2024,2024,Proteção ao cidadão - GM,"Enchentes, inundações ou alagamentos",Rua Iporã,ALTO BOQUEIRAO,strong,"Rua Iporã, Alto Boqueirão, Curitiba, Paraná, Região Sul, 81770-440, Brasil",260387234,1,"flood (alagamento/enchente) - landslide excluded by category filter (SIAC 156 Assunto/Subdivisao is a distinct structured category, not free text)",siac156_curitiba_v1,"Ponto positivo administrativo geocodificado (mesmo criterio do v12 Recife). Nao e ground truth cartografico individual -- confianca strong = correspondencia de rua (geometria, nao numero exato); medium = fallback bairro-centroide.","Nao usar como escore, threshold ou variavel derivada do rotulo. Nao promover a 'validado'/'confirmado' sem revisao do REV-P."
Curitiba,1,CUR_SIAC156_0f86fcadc9aaf2cf,-25.4984303,-49.2737612,31/12/2024,2024,Proteção ao cidadão - GM,"Enchentes, inundações ou alagamentos",Rua Santa Amélia,XAXIM,strong,"Rua Santa Amélia, Xaxim, Curitiba, Paraná, Região Sul, 81810-440, Brasil",84886781,1,"flood (alagamento/enchente) - landslide excluded by category filter (SIAC 156 Assunto/Subdivisao is a distinct structured category, not free text)",siac156_curitiba_v1,"Ponto positivo administrativo geocodificado (mesmo criterio do v12 Recife). Nao e ground truth cartografico individual -- confianca strong = correspondencia de rua (geometria, nao numero exato); medium = fallback bairro-centroide.","Nao usar como escore, threshold ou variavel derivada do rotulo. Nao promover a 'validado'/'confirmado' sem revisao do REV-P."
Curitiba,1,CUR_SIAC156_0f86fcadc9aaf2cf,-25.4984303,-49.2737612,31/12/2024,2024,Drenagem,Alagamentos,Rua Santa Amélia,XAXIM,strong,"Rua Santa Amélia, Xaxim, Curitiba, Paraná, Região Sul, 81810-440, Brasil",84886781,1,"flood (alagamento/enchente) - landslide excluded by category filter (SIAC 156 Assunto/Subdivisao is a distinct structured category, not free text)",siac156_curitiba_v1,"Ponto positivo administrativo geocodificado (mesmo criterio do v12 Recife). Nao e ground truth cartografico individual -- confianca strong = correspondencia de rua (geometria, nao numero exato); medium = fallback bairro-centroide.","Nao usar como escore, threshold ou variavel derivada do rotulo. Nao promover a 'validado'/'confirmado' sem revisao do REV-P."
Curitiba,1,CUR_SIAC156_c2e50321b06e5999,-25.5028491,-49.3102845,10/05/2024,2024,Drenagem,Alagamentos,Rua José Zaleski,CAPAO RASO,strong,"Rua José Zaleski, Capão Raso, Curitiba, Paraná, Região Sul, 81310-300, Brasil",1217909540,1,"flood (alagamento/enchente) - landslide excluded by category filter (SIAC 156 Assunto/Subdivisao is a distinct structured category, not free text)",siac156_curitiba_v1,"Ponto positivo administrativo geocodificado (mesmo criterio do v12 Recife). Nao e ground truth cartografico individual -- confianca strong = correspondencia de rua (geometria, nao numero exato); medium = fallback bairro-centroide.","Nao usar como escore, threshold ou variavel derivada do rotulo. Nao promover a 'validado'/'confirmado' sem revisao do REV-P."
Curitiba,1,CUR_SIAC156_8819a0b912484903,-25.4853224,-49.2508847,06/05/2024,2024,Drenagem,Alagamentos,Rua Isaías Régis de Miranda,BOQUEIRAO,strong,"Rua Isaías Régis de Miranda, Hauer, Curitiba, Paraná, Região Sul, 81630-020, Brasil",85042410,1,"flood (alagamento/enchente) - landslide excluded by category filter (SIAC 156 Assunto/Subdivisao is a distinct structured category, not free text)",siac156_curitiba_v1,"Ponto positivo administrativo geocodificado (mesmo criterio do v12 Recife). Nao e ground truth cartografico individual -- confianca strong = correspondencia de rua (geometria, nao numero exato); medium = fallback bairro-centroide.","Nao usar como escore, threshold ou variavel derivada do rotulo. Nao promover a 'validado'/'confirmado' sem revisao do REV-P."
Curitiba,1,CUR_SIAC156_6ae7fc4bd1db0472,-25.4813919,-49.2846422,22/05/2024,2024,Drenagem,Alagamentos,RUA CONDE DOS ARCOS,NOVO MUNDO,strong,"Rua Conde dos Arcos, Novo Mundo, Curitiba, Paraná, Região Sul, 81020-235, Brasil",48310152,1,"flood (alagamento/enchente) - landslide excluded by category filter (SIAC 156 Assunto/Subdivisao is a distinct structured category, not free text)",siac156_curitiba_v1,"Ponto positivo administrativo geocodificado (mesmo criterio do v12 Recife). Nao e ground truth cartografico individual -- confianca strong = correspondencia de rua (geometria, nao numero exato); medium = fallback bairro-centroide.","Nao usar como escore, threshold ou variavel derivada do rotulo. Nao promover a 'validado'/'confirmado' sem revisao do REV-P."
Curitiba,1,CUR_SIAC156_1af648b8947efcd0,-25.459076,-49.2419347,20/05/2024,2024,Drenagem,Alagamentos,RUA ALCIDES THERÉZIO DE CARVALHO,GUABIROTUBA,strong,"Rua Alcides Therézio de Carvalho, Guabirotuba, Curitiba, Paraná, Região Sul, 81510-120, Brasil",161197916,1,"flood (alagamento/enchente) - landslide excluded by category filter (SIAC 156 Assunto/Subdivisao is a distinct structured category, not free text)",siac156_curitiba_v1,"Ponto positivo administrativo geocodificado (mesmo criterio do v12 Recife). Nao e ground truth cartografico individual -- confianca strong = correspondencia de rua (geometria, nao numero exato); medium = fallback bairro-centroide.","Nao usar como escore, threshold ou variavel derivada do rotulo. Nao promover a 'validado'/'confirmado' sem revisao do REV-P."
Curitiba,1,CUR_SIAC156_7fbdc9637dc77510,-25.5028491,-49.3102845,20/05/2024,2024,Drenagem,Alagamentos,Rua José Zaleski,CAPAO RASO,strong,"Rua José Zaleski, Capão Raso, Curitiba, Paraná, Região Sul, 81310-300, Brasil",1217909540,1,"flood (alagamento/enchente) - landslide excluded by category filter (SIAC 156 Assunto/Subdivisao is a distinct structured category, not free text)",siac156_curitiba_v1,"Ponto positivo administrativo geocodificado (mesmo criterio do v12 Recife). Nao e ground truth cartografico individual -- confianca strong = correspondencia de rua (geometria, nao numero exato); medium = fallback bairro-centroide.","Nao usar como escore, threshold ou variavel derivada do rotulo. Nao promover a 'validado'/'confirmado' sem revisao do REV-P."
Curitiba,1,CUR_SIAC156_39bbba9529398650,-25.4705732,-49.2571604,24/05/2024,2024,Proteção ao cidadão - GM,"Enchentes, inundações ou alagamentos",AVENIDA PRESIDENTE WENCESLAU BRAZ,PAROLIN,strong,"Avenida Presidente Wenceslau Braz, Parolin, Curitiba, Paraná, Região Sul, 81030-030, Brasil",24783529,1,"flood (alagamento/enchente) - landslide excluded by category filter (SIAC 156 Assunto/Subdivisao is a distinct structured category, not free text)",siac156_curitiba_v1,"Ponto positivo administrativo geocodificado (mesmo criterio do v12 Recife). Nao e ground truth cartografico individual -- confianca strong = correspondencia de rua (geometria, nao numero exato); medium = fallback bairro-centroide.","Nao usar como escore, threshold ou variavel derivada do rotulo. Nao promover a 'validado'/'confirmado' sem revisao do REV-P."
Curitiba,1,CUR_SIAC156_3e613ef1ea671ad1,-25.497993,-49.334522,24/05/2024,2024,Drenagem,Alagamentos,Rua Padre Estanislau Piasecki,CIDADE INDUSTRIAL,medium,"Cidade Industrial de Curitiba, Curitiba, Paraná, Região Sul, 81350-260, Brasil",3012156952,1,"flood (alagamento/enchente) - landslide excluded by category filter (SIAC 156 Assunto/Subdivisao is a distinct structured category, not free text)",siac156_curitiba_v1,"Ponto positivo administrativo geocodificado (mesmo criterio do v12 Recife). Nao e ground truth cartografico individual -- confianca strong = correspondencia de rua (geometria, nao numero exato); medium = fallback bairro-centroide.","Nao usar como escore, threshold ou variavel derivada do rotulo. Nao promover a 'validado'/'confirmado' sem revisao do REV-P."
Curitiba,1,CUR_SIAC156_35a2caccf7a283f4,-25.4206206,-49.2953759,16/09/2024,2024,Drenagem,Alagamentos,RUA PROFESSOR LYCIO GREIN DE CASTRO VELLOZO,MERCES,strong,"Rua Professor Lýcio Grein de Castro Vellozo, Mercês, Curitiba, Paraná, Região Sul, 80810-345, Brasil",163603461,1,"flood (alagamento/enchente) - landslide excluded by category filter (SIAC 156 Assunto/Subdivisao is a distinct structured category, not free text)",siac156_curitiba_v1,"Ponto positivo administrativo geocodificado (mesmo criterio do v12 Recife). Nao e ground truth cartografico individual -- confianca strong = correspondencia de rua (geometria, nao numero exato); medium = fallback bairro-centroide.","Nao usar como escore, threshold ou variavel derivada do rotulo. Nao promover a 'validado'/'confirmado' sem revisao do REV-P."
Curitiba,1,CUR_SIAC156_c0cd2fe727fc70b9,-25.5524756,-49.2756569,20/09/2024,2024,Drenagem,Alagamentos,Pérola do Oeste,SITIO CERCADO,strong,"Rua Pérola do Oeste, Sítio Cercado, Curitiba, Paraná, Região Sul, 81925-417, Brasil",127268393,1,"flood (alagamento/enchente) - landslide excluded by category filter (SIAC 156 Assunto/Subdivisao is a distinct structured category, not free text)",siac156_curitiba_v1,"Ponto positivo administrativo geocodificado (mesmo criterio do v12 Recife). Nao e ground truth cartografico individual -- confianca strong = correspondencia de rua (geometria, nao numero exato); medium = fallback bairro-centroide.","Nao usar como escore, threshold ou variavel derivada do rotulo. Nao promover a 'validado'/'confirmado' sem revisao do REV-P."
Curitiba,1,CUR_SIAC156_3a7816ef7cd25411,-25.497993,-49.334522,18/09/2024,2024,Drenagem,Alagamentos,Inácio Wolski,CIDADE INDUSTRIAL,medium,"Cidade Industrial de Curitiba, Curitiba, Paraná, Região Sul, 81350-260, Brasil",3012156952,1,"flood (alagamento/enchente) - landslide excluded by category filter (SIAC 156 Assunto/Subdivisao is a distinct structured category, not free text)",siac156_curitiba_v1,"Ponto positivo administrativo geocodificado (mesmo criterio do v12 Recife). Nao e ground truth cartografico individual -- confianca strong = correspondencia de rua (geometria, nao numero exato); medium = fallback bairro-centroide.","Nao usar como escore, threshold ou variavel derivada do rotulo. Nao promover a 'validado'/'confirmado' sem revisao do REV-P."
Curitiba,1,CUR_SIAC156_f431709d70cf435b,-25.4897462,-49.2419587,24/09/2024,2024,Drenagem,Alagamentos,Anne Frank,BOQUEIRAO,strong,"Rua Anne Frank, Boqueirão, Curitiba, Paraná, Região Sul, 81670-000, Brasil",83933978,1,"flood (alagamento/enchente) - landslide excluded by category filter (SIAC 156 Assunto/Subdivisao is a distinct structured category, not free text)",siac156_curitiba_v1,"Ponto positivo administrativo geocodificado (mesmo criterio do v12 Recife). Nao e ground truth cartografico individual -- confianca strong = correspondencia de rua (geometria, nao numero exato); medium = fallback bairro-centroide.","Nao usar como escore, threshold ou variavel derivada do rotulo. Nao promover a 'validado'/'confirmado' sem revisao do REV-P."
Curitiba,1,CUR_SIAC156_45607cc83bfe5fef,-25.4101761,-49.2041464,06/10/2024,2024,Drenagem,Alagamentos,Albino Kaminski,BAIRRO ALTO,strong,"Rua Albino Kaminski, Bairro Alto, Curitiba, Paraná, Região Sul, 82820-310, Brasil",730970607,1,"flood (alagamento/enchente) - landslide excluded by category filter (SIAC 156 Assunto/Subdivisao is a distinct structured category, not free text)",siac156_curitiba_v1,"Ponto positivo administrativo geocodificado (mesmo criterio do v12 Recife). Nao e ground truth cartografico individual -- confianca strong = correspondencia de rua (geometria, nao numero exato); medium = fallback bairro-centroide.","Nao usar como escore, threshold ou variavel derivada do rotulo. Nao promover a 'validado'/'confirmado' sem revisao do REV-P."
Curitiba,1,CUR_SIAC156_331f65d806030955,-25.4090328,-49.298976,03/10/2024,2024,Drenagem,Alagamentos,Rua Vereador Antenor Pamphilo dos Santos,VISTA ALEGRE,strong,"Rua Vereador Antenor Pamphilo dos Santos, Vista Alegre, Curitiba, Paraná, Região Sul, 80820-390, Brasil",30049716,1,"flood (alagamento/enchente) - landslide excluded by category filter (SIAC 156 Assunto/Subdivisao is a distinct structured category, not free text)",siac156_curitiba_v1,"Ponto positivo administrativo geocodificado (mesmo criterio do v12 Recife). Nao e ground truth cartografico individual -- confianca strong = correspondencia de rua (geometria, nao numero exato); medium = fallback bairro-centroide.","Nao usar como escore, threshold ou variavel derivada do rotulo. Nao promover a 'validado'/'confirmado' sem revisao do REV-P."
Curitiba,1,CUR_SIAC156_1d76631b405423df,-25.4825686,-49.3004133,02/10/2024,2024,Proteção ao cidadão - GM,"Enchentes, inundações ou alagamentos",Olímpio Dos Santos,PORTAO,strong,"Rua Olímpio dos Santos, Vila Uberlândia, Portão, Curitiba, Paraná, Região Sul, 81050-030, Brasil",689348604,1,"flood (alagamento/enchente) - landslide excluded by category filter (SIAC 156 Assunto/Subdivisao is a distinct structured category, not free text)",siac156_curitiba_v1,"Ponto positivo administrativo geocodificado (mesmo criterio do v12 Recife). Nao e ground truth cartografico individual -- confianca strong = correspondencia de rua (geometria, nao numero exato); medium = fallback bairro-centroide.","Nao usar como escore, threshold ou variavel derivada do rotulo. Nao promover a 'validado'/'confirmado' sem revisao do REV-P."
Curitiba,1,CUR_SIAC156_11acacfcd382e46a,-25.497993,-49.334522,02/10/2024,2024,Drenagem,Alagamentos,Rua Izolina Moletta Maurer,CIDADE INDUSTRIAL,medium,"Cidade Industrial de Curitiba, Curitiba, Paraná, Região Sul, 81350-260, Brasil",3012156952,1,"flood (alagamento/enchente) - landslide excluded by category filter (SIAC 156 Assunto/Subdivisao is a distinct structured category, not free text)",siac156_curitiba_v1,"Ponto positivo administrativo geocodificado (mesmo criterio do v12 Recife). Nao e ground truth cartografico individual -- confianca strong = correspondencia de rua (geometria, nao numero exato); medium = fallback bairro-centroide.","Nao usar como escore, threshold ou variavel derivada do rotulo. Nao promover a 'validado'/'confirmado' sem revisao do REV-P."
Curitiba,1,CUR_SIAC156_8119bd55b4d3d233,-25.4917298,-49.3253353,02/10/2024,2024,Drenagem,Alagamentos,Afrânio Peixoto,FAZENDINHA,strong,"Rua Afrânio Peixoto, Fazendinha, Curitiba, Paraná, Região Sul, 81350-900, Brasil",1222612179,1,"flood (alagamento/enchente) - landslide excluded by category filter (SIAC 156 Assunto/Subdivisao is a distinct structured category, not free text)",siac156_curitiba_v1,"Ponto positivo administrativo geocodificado (mesmo criterio do v12 Recife). Nao e ground truth cartografico individual -- confianca strong = correspondencia de rua (geometria, nao numero exato); medium = fallback bairro-centroide.","Nao usar como escore, threshold ou variavel derivada do rotulo. Nao promover a 'validado'/'confirmado' sem revisao do REV-P."
Curitiba,1,CUR_SIAC156_4c0e01102f7888a6,-25.4230811,-49.2654028,02/10/2024,2024,Drenagem,Alagamentos,Padre Antônio,CENTRO,strong,"Rua Padre Antônio, Centro, Curitiba, Paraná, Região Sul, 80030-080, Brasil",334680889,1,"flood (alagamento/enchente) - landslide excluded by category filter (SIAC 156 Assunto/Subdivisao is a distinct structured category, not free text)",siac156_curitiba_v1,"Ponto positivo administrativo geocodificado (mesmo criterio do v12 Recife). Nao e ground truth cartografico individual -- confianca strong = correspondencia de rua (geometria, nao numero exato); medium = fallback bairro-centroide.","Nao usar como escore, threshold ou variavel derivada do rotulo. Nao promover a 'validado'/'confirmado' sem revisao do REV-P."
Curitiba,1,CUR_SIAC156_e6870fe7a72759ff,-25.4081686,-49.2395069,02/10/2024,2024,Drenagem,Alagamentos,RUA COLOMBIA,BACACHERI,strong,"Rua Colômbia, Bacacheri, Curitiba, Paraná, Região Sul, 82515-030, Brasil",1104868486,1,"flood (alagamento/enchente) - landslide excluded by category filter (SIAC 156 Assunto/Subdivisao is a distinct structured category, not free text)",siac156_curitiba_v1,"Ponto positivo administrativo geocodificado (mesmo criterio do v12 Recife). Nao e ground truth cartografico individual -- confianca strong = correspondencia de rua (geometria, nao numero exato); medium = fallback bairro-centroide.","Nao usar como escore, threshold ou variavel derivada do rotulo. Nao promover a 'validado'/'confirmado' sem revisao do REV-P."
Curitiba,1,CUR_SIAC156_9afb2e0c8841fe7b,-25.4869771,-49.2377774,02/10/2024,2024,Drenagem,Alagamentos,das Carmelitas,BOQUEIRAO,strong,"Rua das Carmelitas, Boqueirão, Curitiba, Paraná, Região Sul, 81650-110, Brasil",85573756,1,"flood (alagamento/enchente) - landslide excluded by category filter (SIAC 156 Assunto/Subdivisao is a distinct structured category, not free text)",siac156_curitiba_v1,"Ponto positivo administrativo geocodificado (mesmo criterio do v12 Recife). Nao e ground truth cartografico individual -- confianca strong = correspondencia de rua (geometria, nao numero exato); medium = fallback bairro-centroide.","Nao usar como escore, threshold ou variavel derivada do rotulo. Nao promover a 'validado'/'confirmado' sem revisao do REV-P."
Curitiba,1,CUR_SIAC156_d5ea2629ce12bb8c,-25.3822969,-49.2516915,18/05/2024,2024,Drenagem,Alagamentos,Rua Lodovico Geronazzo,BOA VISTA,strong,"Rua Lodovico Geronazzo, Boa Vista, Curitiba, Paraná, Região Sul, 82650-090, Brasil",363168465,1,"flood (alagamento/enchente) - landslide excluded by category filter (SIAC 156 Assunto/Subdivisao is a distinct structured category, not free text)",siac156_curitiba_v1,"Ponto positivo administrativo geocodificado (mesmo criterio do v12 Recife). Nao e ground truth cartografico individual -- confianca strong = correspondencia de rua (geometria, nao numero exato); medium = fallback bairro-centroide.","Nao usar como escore, threshold ou variavel derivada do rotulo. Nao promover a 'validado'/'confirmado' sem revisao do REV-P."
Curitiba,1,CUR_SIAC156_22722284cf7758c6,-25.4702797,-49.287057,18/05/2024,2024,Drenagem,Alagamentos,Rua Paranaguá,PORTAO,strong,"Rua Paranaguá, Portão, Curitiba, Paraná, Região Sul, 80610-140, Brasil",48310685,1,"flood (alagamento/enchente) - landslide excluded by category filter (SIAC 156 Assunto/Subdivisao is a distinct structured category, not free text)",siac156_curitiba_v1,"Ponto positivo administrativo geocodificado (mesmo criterio do v12 Recife). Nao e ground truth cartografico individual -- confianca strong = correspondencia de rua (geometria, nao numero exato); medium = fallback bairro-centroide.","Nao usar como escore, threshold ou variavel derivada do rotulo. Nao promover a 'validado'/'confirmado' sem revisao do REV-P."
Curitiba,1,CUR_SIAC156_5fc00eb5090b0e9c,-25.447224,-49.2191068,18/05/2024,2024,Drenagem,Alagamentos,RUA RAYMUNDO NINA RODRIGUES,CAJURU,strong,"Rua Raymundo Nina Rodrigues, Cajuru, Curitiba, Paraná, Região Sul, 82950-070, Brasil",686240787,1,"flood (alagamento/enchente) - landslide excluded by category filter (SIAC 156 Assunto/Subdivisao is a distinct structured category, not free text)",siac156_curitiba_v1,"Ponto positivo administrativo geocodificado (mesmo criterio do v12 Recife). Nao e ground truth cartografico individual -- confianca strong = correspondencia de rua (geometria, nao numero exato); medium = fallback bairro-centroide.","Nao usar como escore, threshold ou variavel derivada do rotulo. Nao promover a 'validado'/'confirmado' sem revisao do REV-P."
Curitiba,1,CUR_SIAC156_4a43688b14e7124b,-25.5808564,-49.3220757,18/05/2024,2024,Drenagem,Alagamentos,Rua Waldemar Orso,CAMPO DE SANTANA,strong,"Rua Waldemar Orso, Vila Olinda II, Campo de Santana, Curitiba, Paraná, Região Sul, 81490-040, Brasil",169645467,1,"flood (alagamento/enchente) - landslide excluded by category filter (SIAC 156 Assunto/Subdivisao is a distinct structured category, not free text)",siac156_curitiba_v1,"Ponto positivo administrativo geocodificado (mesmo criterio do v12 Recife). Nao e ground truth cartografico individual -- confianca strong = correspondencia de rua (geometria, nao numero exato); medium = fallback bairro-centroide.","Nao usar como escore, threshold ou variavel derivada do rotulo. Nao promover a 'validado'/'confirmado' sem revisao do REV-P."
Curitiba,1,CUR_SIAC156_4a43688b14e7124b,-25.5808564,-49.3220757,18/05/2024,2024,Proteção ao cidadão - GM,"Enchentes, inundações ou alagamentos",Rua Waldemar Orso,CAMPO DE SANTANA,strong,"Rua Waldemar Orso, Vila Olinda II, Campo de Santana, Curitiba, Paraná, Região Sul, 81490-040, Brasil",169645467,1,"flood (alagamento/enchente) - landslide excluded by category filter (SIAC 156 Assunto/Subdivisao is a distinct structured category, not free text)",siac156_curitiba_v1,"Ponto positivo administrativo geocodificado (mesmo criterio do v12 Recife). Nao e ground truth cartografico individual -- confianca strong = correspondencia de rua (geometria, nao numero exato); medium = fallback bairro-centroide.","Nao usar como escore, threshold ou variavel derivada do rotulo. Nao promover a 'validado'/'confirmado' sem revisao do REV-P."
Curitiba,1,CUR_SIAC156_eef2c26fac73f3a5,-25.482083,-49.3032923,18/05/2024,2024,Drenagem,Alagamentos,Rua Baldur Magnus Grubba,NOVO MUNDO,strong,"Rua Baldur Magnus Grubba, Vila Uberlândia, Novo Mundo, Curitiba, Paraná, Região Sul, 81070-110, Brasil",42803381,1,"flood (alagamento/enchente) - landslide excluded by category filter (SIAC 156 Assunto/Subdivisao is a distinct structured category, not free text)",siac156_curitiba_v1,"Ponto positivo administrativo geocodificado (mesmo criterio do v12 Recife). Nao e ground truth cartografico individual -- confianca strong = correspondencia de rua (geometria, nao numero exato); medium = fallback bairro-centroide.","Nao usar como escore, threshold ou variavel derivada do rotulo. Nao promover a 'validado'/'confirmado' sem revisao do REV-P."
Curitiba,1,CUR_SIAC156_3edbd53095c7976d,-25.451393,-49.3105051,14/05/2024,2024,Drenagem,Alagamentos,Rua General Daltro Filho,SEMINARIO,strong,"Rua General Daltro Filho, Seminário, Curitiba, Paraná, Região Sul, 80310-430, Brasil",48360969,1,"flood (alagamento/enchente) - landslide excluded by category filter (SIAC 156 Assunto/Subdivisao is a distinct structured category, not free text)",siac156_curitiba_v1,"Ponto positivo administrativo geocodificado (mesmo criterio do v12 Recife). Nao e ground truth cartografico individual -- confianca strong = correspondencia de rua (geometria, nao numero exato); medium = fallback bairro-centroide.","Nao usar como escore, threshold ou variavel derivada do rotulo. Nao promover a 'validado'/'confirmado' sem revisao do REV-P."
Curitiba,1,CUR_SIAC156_942598fc72922da7,-25.4864516,-49.3306626,10/01/2024,2024,Drenagem,Alagamentos,Rua Doutor Augusto Lobo de Moura,FAZENDINHA,strong,"Rua Doutor Augusto Lobo de Moura, Fazendinha, Curitiba, Paraná, Região Sul, 81330-430, Brasil",83705586,2,"flood (alagamento/enchente) - landslide excluded by category filter (SIAC 156 Assunto/Subdivisao is a distinct structured category, not free text)",siac156_curitiba_v1,"Ponto positivo administrativo geocodificado (mesmo criterio do v12 Recife). Nao e ground truth cartografico individual -- confianca strong = correspondencia de rua (geometria, nao numero exato); medium = fallback bairro-centroide.","Nao usar como escore, threshold ou variavel derivada do rotulo. Nao promover a 'validado'/'confirmado' sem revisao do REV-P."
Curitiba,1,CUR_SIAC156_4a3d3f24d0165ca0,-25.497993,-49.334522,09/01/2024,2024,Drenagem,Alagamentos,Rua Município de Eneas Marques,CIDADE INDUSTRIAL,medium,"Cidade Industrial de Curitiba, Curitiba, Paraná, Região Sul, 81350-260, Brasil",3012156952,1,"flood (alagamento/enchente) - landslide excluded by category filter (SIAC 156 Assunto/Subdivisao is a distinct structured category, not free text)",siac156_curitiba_v1,"Ponto positivo administrativo geocodificado (mesmo criterio do v12 Recife). Nao e ground truth cartografico individual -- confianca strong = correspondencia de rua (geometria, nao numero exato); medium = fallback bairro-centroide.","Nao usar como escore, threshold ou variavel derivada do rotulo. Nao promover a 'validado'/'confirmado' sem revisao do REV-P."
Curitiba,1,CUR_SIAC156_51b6146036092cd0,-25.497993,-49.334522,09/01/2024,2024,Drenagem,Alagamentos,Rua Izolina Moletta Maurer,CIDADE INDUSTRIAL,medium,"Cidade Industrial de Curitiba, Curitiba, Paraná, Região Sul, 81350-260, Brasil",3012156952,1,"flood (alagamento/enchente) - landslide excluded by category filter (SIAC 156 Assunto/Subdivisao is a distinct structured category, not free text)",siac156_curitiba_v1,"Ponto positivo administrativo geocodificado (mesmo criterio do v12 Recife). Nao e ground truth cartografico individual -- confianca strong = correspondencia de rua (geometria, nao numero exato); medium = fallback bairro-centroide.","Nao usar como escore, threshold ou variavel derivada do rotulo. Nao promover a 'validado'/'confirmado' sem revisao do REV-P."
Curitiba,1,CUR_SIAC156_b1047222502f7f0f,-25.4761113,-49.347329,09/01/2024,2024,Drenagem,Alagamentos,RUA NICOLAU VOROBI,CIDADE INDUSTRIAL,strong,"Rua Nicolau Vorobi, Cidade Industrial de Curitiba, Curitiba, Paraná, Região Sul, 81270-050, Brasil",161866123,1,"flood (alagamento/enchente) - landslide excluded by category filter (SIAC 156 Assunto/Subdivisao is a distinct structured category, not free text)",siac156_curitiba_v1,"Ponto positivo administrativo geocodificado (mesmo criterio do v12 Recife). Nao e ground truth cartografico individual -- confianca strong = correspondencia de rua (geometria, nao numero exato); medium = fallback bairro-centroide.","Nao usar como escore, threshold ou variavel derivada do rotulo. Nao promover a 'validado'/'confirmado' sem revisao do REV-P."
Curitiba,1,CUR_SIAC156_b1047222502f7f0f,-25.4761113,-49.347329,09/01/2024,2024,Proteção ao cidadão - GM,"Enchentes, inundações ou alagamentos",RUA NICOLAU VOROBI,CIDADE INDUSTRIAL,strong,"Rua Nicolau Vorobi, Cidade Industrial de Curitiba, Curitiba, Paraná, Região Sul, 81270-050, Brasil",161866123,1,"flood (alagamento/enchente) - landslide excluded by category filter (SIAC 156 Assunto/Subdivisao is a distinct structured category, not free text)",siac156_curitiba_v1,"Ponto positivo administrativo geocodificado (mesmo criterio do v12 Recife). Nao e ground truth cartografico individual -- confianca strong = correspondencia de rua (geometria, nao numero exato); medium = fallback bairro-centroide.","Nao usar como escore, threshold ou variavel derivada do rotulo. Nao promover a 'validado'/'confirmado' sem revisao do REV-P."
Curitiba,1,CUR_SIAC156_942598fc72922da7,-25.4864516,-49.3306626,10/01/2024,2024,Drenagem,Alagamentos,Rua Doutor Augusto Lobo de Moura,FAZENDINHA,strong,"Rua Doutor Augusto Lobo de Moura, Fazendinha, Curitiba, Paraná, Região Sul, 81330-430, Brasil",83705586,2,"flood (alagamento/enchente) - landslide excluded by category filter (SIAC 156 Assunto/Subdivisao is a distinct structured category, not free text)",siac156_curitiba_v1,"Ponto positivo administrativo geocodificado (mesmo criterio do v12 Recife). Nao e ground truth cartografico individual -- confianca strong = correspondencia de rua (geometria, nao numero exato); medium = fallback bairro-centroide.","Nao usar como escore, threshold ou variavel derivada do rotulo. Nao promover a 'validado'/'confirmado' sem revisao do REV-P."
Curitiba,1,CUR_SIAC156_5fccbd64b3c604f1,-25.4695116,-49.2094711,11/01/2024,2024,Drenagem,Alagamentos,Rua Maria Luiza Ribeiro Puchalski,CAJURU,strong,"Rua Maria Luiza Ribeiro Puchalski, Cajuru, Curitiba, Paraná, Região Sul, 82960-180, Brasil",164255523,1,"flood (alagamento/enchente) - landslide excluded by category filter (SIAC 156 Assunto/Subdivisao is a distinct structured category, not free text)",siac156_curitiba_v1,"Ponto positivo administrativo geocodificado (mesmo criterio do v12 Recife). Nao e ground truth cartografico individual -- confianca strong = correspondencia de rua (geometria, nao numero exato); medium = fallback bairro-centroide.","Nao usar como escore, threshold ou variavel derivada do rotulo. Nao promover a 'validado'/'confirmado' sem revisao do REV-P."
Curitiba,1,CUR_SIAC156_03c27557cc6aaa9a,-25.5161867,-49.3043441,11/01/2024,2024,Drenagem,Alagamentos,Rua Jaime Rodrigues da Rocha,CAPAO RASO,strong,"Rua Jaime Rodrigues da Rocha, Capão Raso, Curitiba, Paraná, Região Sul, 81150-120, Brasil",33037379,1,"flood (alagamento/enchente) - landslide excluded by category filter (SIAC 156 Assunto/Subdivisao is a distinct structured category, not free text)",siac156_curitiba_v1,"Ponto positivo administrativo geocodificado (mesmo criterio do v12 Recife). Nao e ground truth cartografico individual -- confianca strong = correspondencia de rua (geometria, nao numero exato); medium = fallback bairro-centroide.","Nao usar como escore, threshold ou variavel derivada do rotulo. Nao promover a 'validado'/'confirmado' sem revisao do REV-P."
Curitiba,1,CUR_SIAC156_884239d2763f4939,-25.4154363,-49.3506642,17/01/2024,2024,Drenagem,Alagamentos,Avenida Vereador Toaldo Túlio,SAO BRAZ,strong,"Avenida Vereador Toaldo Túlio, São Braz, Curitiba, Paraná, Região Sul, 82300-332, Brasil",1339909937,1,"flood (alagamento/enchente) - landslide excluded by category filter (SIAC 156 Assunto/Subdivisao is a distinct structured category, not free text)",siac156_curitiba_v1,"Ponto positivo administrativo geocodificado (mesmo criterio do v12 Recife). Nao e ground truth cartografico individual -- confianca strong = correspondencia de rua (geometria, nao numero exato); medium = fallback bairro-centroide.","Nao usar como escore, threshold ou variavel derivada do rotulo. Nao promover a 'validado'/'confirmado' sem revisao do REV-P."
Curitiba,1,CUR_SIAC156_82dd0d42dc7b122f,-25.4268488,-49.341545,17/01/2024,2024,Drenagem,Alagamentos,Rua José Rossetim,SANTO INACIO,strong,"Rua José Rossetim, Santo Inácio, Curitiba, Paraná, Região Sul, 81200-402, Brasil",161501511,1,"flood (alagamento/enchente) - landslide excluded by category filter (SIAC 156 Assunto/Subdivisao is a distinct structured category, not free text)",siac156_curitiba_v1,"Ponto positivo administrativo geocodificado (mesmo criterio do v12 Recife). Nao e ground truth cartografico individual -- confianca strong = correspondencia de rua (geometria, nao numero exato); medium = fallback bairro-centroide.","Nao usar como escore, threshold ou variavel derivada do rotulo. Nao promover a 'validado'/'confirmado' sem revisao do REV-P."
Curitiba,1,CUR_SIAC156_750bc937aeedd3fa,-25.4580449,-49.2867562,17/01/2024,2024,Drenagem,Alagamentos,Rua Guilherme Pugsley,AGUA VERDE,strong,"Rua Guilherme Pugsley, Água Verde, Curitiba, Paraná, Região Sul, 80620-120, Brasil",249539950,1,"flood (alagamento/enchente) - landslide excluded by category filter (SIAC 156 Assunto/Subdivisao is a distinct structured category, not free text)",siac156_curitiba_v1,"Ponto positivo administrativo geocodificado (mesmo criterio do v12 Recife). Nao e ground truth cartografico individual -- confianca strong = correspondencia de rua (geometria, nao numero exato); medium = fallback bairro-centroide.","Nao usar como escore, threshold ou variavel derivada do rotulo. Nao promover a 'validado'/'confirmado' sem revisao do REV-P."
Curitiba,1,CUR_SIAC156_201d59ddb266fefc,-25.455053,-49.2848655,17/01/2024,2024,Drenagem,Alagamentos,Rua Salustiano Cordeiro,AGUA VERDE,strong,"Rua Salustiano Cordeiro, Água Verde, Curitiba, Paraná, Região Sul, 80620-200, Brasil",52708925,2,"flood (alagamento/enchente) - landslide excluded by category filter (SIAC 156 Assunto/Subdivisao is a distinct structured category, not free text)",siac156_curitiba_v1,"Ponto positivo administrativo geocodificado (mesmo criterio do v12 Recife). Nao e ground truth cartografico individual -- confianca strong = correspondencia de rua (geometria, nao numero exato); medium = fallback bairro-centroide.","Nao usar como escore, threshold ou variavel derivada do rotulo. Nao promover a 'validado'/'confirmado' sem revisao do REV-P."
Curitiba,1,CUR_SIAC156_201d59ddb266fefc,-25.455053,-49.2848655,17/01/2024,2024,Drenagem,Alagamentos,Rua Salustiano Cordeiro,AGUA VERDE,strong,"Rua Salustiano Cordeiro, Água Verde, Curitiba, Paraná, Região Sul, 80620-200, Brasil",52708925,2,"flood (alagamento/enchente) - landslide excluded by category filter (SIAC 156 Assunto/Subdivisao is a distinct structured category, not free text)",siac156_curitiba_v1,"Ponto positivo administrativo geocodificado (mesmo criterio do v12 Recife). Nao e ground truth cartografico individual -- confianca strong = correspondencia de rua (geometria, nao numero exato); medium = fallback bairro-centroide.","Nao usar como escore, threshold ou variavel derivada do rotulo. Nao promover a 'validado'/'confirmado' sem revisao do REV-P."
Curitiba,1,CUR_SIAC156_d5717f4accbdd21b,-25.4102705,-49.3335695,18/01/2024,2024,Drenagem,Alagamentos,Rua José Risseto,SANTA FELICIDADE,strong,"Rua José Risseto, Santa Felicidade, Curitiba, Paraná, Região Sul, 82320-040, Brasil",38133256,1,"flood (alagamento/enchente) - landslide excluded by category filter (SIAC 156 Assunto/Subdivisao is a distinct structured category, not free text)",siac156_curitiba_v1,"Ponto positivo administrativo geocodificado (mesmo criterio do v12 Recife). Nao e ground truth cartografico individual -- confianca strong = correspondencia de rua (geometria, nao numero exato); medium = fallback bairro-centroide.","Nao usar como escore, threshold ou variavel derivada do rotulo. Nao promover a 'validado'/'confirmado' sem revisao do REV-P."
Curitiba,1,CUR_SIAC156_0ad6a661b34d8f05,-25.3748433,-49.2637875,19/01/2024,2024,Drenagem,Alagamentos,Rua Flávio Dallegrave,BARREIRINHA,strong,"Rua Flávio Dallegrave, Barreirinha, Curitiba, Paraná, Região Sul, 82700-110, Brasil",162249727,1,"flood (alagamento/enchente) - landslide excluded by category filter (SIAC 156 Assunto/Subdivisao is a distinct structured category, not free text)",siac156_curitiba_v1,"Ponto positivo administrativo geocodificado (mesmo criterio do v12 Recife). Nao e ground truth cartografico individual -- confianca strong = correspondencia de rua (geometria, nao numero exato); medium = fallback bairro-centroide.","Nao usar como escore, threshold ou variavel derivada do rotulo. Nao promover a 'validado'/'confirmado' sem revisao do REV-P."
Curitiba,1,CUR_SIAC156_8a58bef9a0ce0511,-25.5659126,-49.3400119,18/01/2024,2024,Proteção ao cidadão - GM,"Enchentes, inundações ou alagamentos",Travessa José Aníbal Dutra Lamin,TATUQUARA,strong,"Rua José Anibal Dutra Lamim, Moradias Santa Rita, Tatuquara, Curitiba, Paraná, Região Sul, 81470-085, Brasil",165612876,1,"flood (alagamento/enchente) - landslide excluded by category filter (SIAC 156 Assunto/Subdivisao is a distinct structured category, not free text)",siac156_curitiba_v1,"Ponto positivo administrativo geocodificado (mesmo criterio do v12 Recife). Nao e ground truth cartografico individual -- confianca strong = correspondencia de rua (geometria, nao numero exato); medium = fallback bairro-centroide.","Nao usar como escore, threshold ou variavel derivada do rotulo. Nao promover a 'validado'/'confirmado' sem revisao do REV-P."
Curitiba,1,CUR_SIAC156_d1d700e8c21d629d,-25.4246879,-49.2864524,19/01/2024,2024,Drenagem,Alagamentos,Rua Brigadeiro Franco,MERCES,strong,"Rua Brigadeiro Franco, Mercês, Curitiba, Paraná, Região Sul, 80430-210, Brasil",358926104,1,"flood (alagamento/enchente) - landslide excluded by category filter (SIAC 156 Assunto/Subdivisao is a distinct structured category, not free text)",siac156_curitiba_v1,"Ponto positivo administrativo geocodificado (mesmo criterio do v12 Recife). Nao e ground truth cartografico individual -- confianca strong = correspondencia de rua (geometria, nao numero exato); medium = fallback bairro-centroide.","Nao usar como escore, threshold ou variavel derivada do rotulo. Nao promover a 'validado'/'confirmado' sem revisao do REV-P."
Curitiba,1,CUR_SIAC156_225b1770a8f83ea4,-25.4001938,-49.3562253,19/01/2024,2024,Drenagem,Alagamentos,Rua Antônio Turíbio Teixeira Braga,BUTIATUVINHA,medium,"Butiatuvinha, Curitiba, Paraná, Região Sul, 82310-110, Brasil",3012346894,1,"flood (alagamento/enchente) - landslide excluded by category filter (SIAC 156 Assunto/Subdivisao is a distinct structured category, not free text)",siac156_curitiba_v1,"Ponto positivo administrativo geocodificado (mesmo criterio do v12 Recife). Nao e ground truth cartografico individual -- confianca strong = correspondencia de rua (geometria, nao numero exato); medium = fallback bairro-centroide.","Nao usar como escore, threshold ou variavel derivada do rotulo. Nao promover a 'validado'/'confirmado' sem revisao do REV-P."
Curitiba,1,CUR_SIAC156_88dcd657620d4be2,-25.4102705,-49.3335695,19/01/2024,2024,Drenagem,Alagamentos,Rua José Risseto,SANTA FELICIDADE,strong,"Rua José Risseto, Santa Felicidade, Curitiba, Paraná, Região Sul, 82320-040, Brasil",38133256,1,"flood (alagamento/enchente) - landslide excluded by category filter (SIAC 156 Assunto/Subdivisao is a distinct structured category, not free text)",siac156_curitiba_v1,"Ponto positivo administrativo geocodificado (mesmo criterio do v12 Recife). Nao e ground truth cartografico individual -- confianca strong = correspondencia de rua (geometria, nao numero exato); medium = fallback bairro-centroide.","Nao usar como escore, threshold ou variavel derivada do rotulo. Nao promover a 'validado'/'confirmado' sem revisao do REV-P."
Curitiba,1,CUR_SIAC156_14d95e45727ff205,-25.497993,-49.334522,24/01/2024,2024,Drenagem,Alagamentos,Rua Alvin Tiboni,CIDADE INDUSTRIAL,medium,"Cidade Industrial de Curitiba, Curitiba, Paraná, Região Sul, 81350-260, Brasil",3012156952,1,"flood (alagamento/enchente) - landslide excluded by category filter (SIAC 156 Assunto/Subdivisao is a distinct structured category, not free text)",siac156_curitiba_v1,"Ponto positivo administrativo geocodificado (mesmo criterio do v12 Recife). Nao e ground truth cartografico individual -- confianca strong = correspondencia de rua (geometria, nao numero exato); medium = fallback bairro-centroide.","Nao usar como escore, threshold ou variavel derivada do rotulo. Nao promover a 'validado'/'confirmado' sem revisao do REV-P."
Curitiba,1,CUR_SIAC156_87dd6d3bec457b64,-25.4235116,-49.2698555,21/01/2024,2024,Drenagem,Alagamentos,AVENIDA CÂNDIDO DE ABREU,CENTRO CIVICO,strong,"Avenida Cândido de Abreu, Centro Cívico, Curitiba, Paraná, Região Sul, 80530-060, Brasil",355504811,1,"flood (alagamento/enchente) - landslide excluded by category filter (SIAC 156 Assunto/Subdivisao is a distinct structured category, not free text)",siac156_curitiba_v1,"Ponto positivo administrativo geocodificado (mesmo criterio do v12 Recife). Nao e ground truth cartografico individual -- confianca strong = correspondencia de rua (geometria, nao numero exato); medium = fallback bairro-centroide.","Nao usar como escore, threshold ou variavel derivada do rotulo. Nao promover a 'validado'/'confirmado' sem revisao do REV-P."
Curitiba,1,CUR_SIAC156_1d603a1974a09858,-25.4505311,-49.2091906,22/01/2024,2024,Drenagem,Alagamentos,Rua Esper Jorge Chueri,CAJURU,strong,"Rua Esper Jorge Chueri, Cajuru, Curitiba, Paraná, Região Sul, 82930-210, Brasil",232900716,1,"flood (alagamento/enchente) - landslide excluded by category filter (SIAC 156 Assunto/Subdivisao is a distinct structured category, not free text)",siac156_curitiba_v1,"Ponto positivo administrativo geocodificado (mesmo criterio do v12 Recife). Nao e ground truth cartografico individual -- confianca strong = correspondencia de rua (geometria, nao numero exato); medium = fallback bairro-centroide.","Nao usar como escore, threshold ou variavel derivada do rotulo. Nao promover a 'validado'/'confirmado' sem revisao do REV-P."
Curitiba,1,CUR_SIAC156_916238da24e26433,-25.4908183,-49.3152346,26/01/2024,2024,Drenagem,Alagamentos,Rua General Potiguara,NOVO MUNDO,strong,"Rua General Potiguara, Novo Mundo, Curitiba, Paraná, Região Sul, 81050-450, Brasil",595932949,1,"flood (alagamento/enchente) - landslide excluded by category filter (SIAC 156 Assunto/Subdivisao is a distinct structured category, not free text)",siac156_curitiba_v1,"Ponto positivo administrativo geocodificado (mesmo criterio do v12 Recife). Nao e ground truth cartografico individual -- confianca strong = correspondencia de rua (geometria, nao numero exato); medium = fallback bairro-centroide.","Nao usar como escore, threshold ou variavel derivada do rotulo. Nao promover a 'validado'/'confirmado' sem revisao do REV-P."
Curitiba,1,CUR_SIAC156_5836aa0aa227ad27,-25.4843831,-49.2698874,17/01/2024,2024,Drenagem,Alagamentos,Rua Major Vicente de Castro,FANNY,strong,"Rua Major Vicente de Castro, Fanny, Curitiba, Paraná, Região Sul, 81690-200, Brasil",48310143,1,"flood (alagamento/enchente) - landslide excluded by category filter (SIAC 156 Assunto/Subdivisao is a distinct structured category, not free text)",siac156_curitiba_v1,"Ponto positivo administrativo geocodificado (mesmo criterio do v12 Recife). Nao e ground truth cartografico individual -- confianca strong = correspondencia de rua (geometria, nao numero exato); medium = fallback bairro-centroide.","Nao usar como escore, threshold ou variavel derivada do rotulo. Nao promover a 'validado'/'confirmado' sem revisao do REV-P."
Curitiba,1,CUR_SIAC156_21bbcda149c269f6,-25.4439711,-49.2201727,03/02/2024,2024,Drenagem,Alagamentos,RUA REINALDO THÁ,CAJURU,strong,"Rua Reinaldo Thá, Cajuru, Curitiba, Paraná, Região Sul, 82900-010, Brasil",36061590,1,"flood (alagamento/enchente) - landslide excluded by category filter (SIAC 156 Assunto/Subdivisao is a distinct structured category, not free text)",siac156_curitiba_v1,"Ponto positivo administrativo geocodificado (mesmo criterio do v12 Recife). Nao e ground truth cartografico individual -- confianca strong = correspondencia de rua (geometria, nao numero exato); medium = fallback bairro-centroide.","Nao usar como escore, threshold ou variavel derivada do rotulo. Nao promover a 'validado'/'confirmado' sem revisao do REV-P."
Curitiba,1,CUR_SIAC156_21bbcda149c269f6,-25.4439711,-49.2201727,03/02/2024,2024,Proteção ao cidadão - GM,"Enchentes, inundações ou alagamentos",RUA REINALDO THÁ,CAJURU,strong,"Rua Reinaldo Thá, Cajuru, Curitiba, Paraná, Região Sul, 82900-010, Brasil",36061590,1,"flood (alagamento/enchente) - landslide excluded by category filter (SIAC 156 Assunto/Subdivisao is a distinct structured category, not free text)",siac156_curitiba_v1,"Ponto positivo administrativo geocodificado (mesmo criterio do v12 Recife). Nao e ground truth cartografico individual -- confianca strong = correspondencia de rua (geometria, nao numero exato); medium = fallback bairro-centroide.","Nao usar como escore, threshold ou variavel derivada do rotulo. Nao promover a 'validado'/'confirmado' sem revisao do REV-P."
Curitiba,1,CUR_SIAC156_f6495c6d0a294dad,-25.547461,-49.2594093,03/02/2024,2024,Drenagem,Alagamentos,Rua Antônio Boza,SITIO CERCADO,strong,"Rua Antônio Boza, Sítio Cercado, Curitiba, Paraná, Região Sul, 81925-410, Brasil",127255760,1,"flood (alagamento/enchente) - landslide excluded by category filter (SIAC 156 Assunto/Subdivisao is a distinct structured category, not free text)",siac156_curitiba_v1,"Ponto positivo administrativo geocodificado (mesmo criterio do v12 Recife). Nao e ground truth cartografico individual -- confianca strong = correspondencia de rua (geometria, nao numero exato); medium = fallback bairro-centroide.","Nao usar como escore, threshold ou variavel derivada do rotulo. Nao promover a 'validado'/'confirmado' sem revisao do REV-P."
Curitiba,1,CUR_SIAC156_92e1e8e54eefaf5d,-25.4436603,-49.2208467,03/02/2024,2024,Proteção ao cidadão - GM,"Enchentes, inundações ou alagamentos",Rua Professora Olga Balster,CAJURU,strong,"Rua Professora Olga Balster, Cajuru, Curitiba, Paraná, Região Sul, 82900-010, Brasil",1271366675,1,"flood (alagamento/enchente) - landslide excluded by category filter (SIAC 156 Assunto/Subdivisao is a distinct structured category, not free text)",siac156_curitiba_v1,"Ponto positivo administrativo geocodificado (mesmo criterio do v12 Recife). Nao e ground truth cartografico individual -- confianca strong = correspondencia de rua (geometria, nao numero exato); medium = fallback bairro-centroide.","Nao usar como escore, threshold ou variavel derivada do rotulo. Nao promover a 'validado'/'confirmado' sem revisao do REV-P."
Curitiba,1,CUR_SIAC156_a8288ce83210d466,-25.533192,-49.290167,03/02/2024,2024,Drenagem,Alagamentos,Rua Rosa Tortato,PINHEIRINHO,strong,"Rua Rosa Tortato, Jardim Nossa Senhora das Graças, Pinheirinho, Curitiba, Paraná, Região Sul, 81870-070, Brasil",129002825,1,"flood (alagamento/enchente) - landslide excluded by category filter (SIAC 156 Assunto/Subdivisao is a distinct structured category, not free text)",siac156_curitiba_v1,"Ponto positivo administrativo geocodificado (mesmo criterio do v12 Recife). Nao e ground truth cartografico individual -- confianca strong = correspondencia de rua (geometria, nao numero exato); medium = fallback bairro-centroide.","Nao usar como escore, threshold ou variavel derivada do rotulo. Nao promover a 'validado'/'confirmado' sem revisao do REV-P."
Curitiba,1,CUR_SIAC156_ce0e6a042d4fa21e,-25.5346338,-49.2468896,01/02/2024,2024,Drenagem,Alagamentos,Rua Danilo Pedro Schreiner,ALTO BOQUEIRAO,strong,"Rua Danilo Pedro Schreiner, Alto Boqueirão, Curitiba, Paraná, Região Sul, 81850-240, Brasil",33104041,1,"flood (alagamento/enchente) - landslide excluded by category filter (SIAC 156 Assunto/Subdivisao is a distinct structured category, not free text)",siac156_curitiba_v1,"Ponto positivo administrativo geocodificado (mesmo criterio do v12 Recife). Nao e ground truth cartografico individual -- confianca strong = correspondencia de rua (geometria, nao numero exato); medium = fallback bairro-centroide.","Nao usar como escore, threshold ou variavel derivada do rotulo. Nao promover a 'validado'/'confirmado' sem revisao do REV-P."
Curitiba,1,CUR_SIAC156_cef3b7da9bd33d56,-25.4984136,-49.2895871,03/02/2024,2024,Drenagem,Alagamentos,RUA RODOLPHO SENFF JUNIOR,CAPAO RASO,strong,"Rua Rodolpho Senff Júnior, Capão Raso, Curitiba, Paraná, Região Sul, 81110-110, Brasil",24576817,1,"flood (alagamento/enchente) - landslide excluded by category filter (SIAC 156 Assunto/Subdivisao is a distinct structured category, not free text)",siac156_curitiba_v1,"Ponto positivo administrativo geocodificado (mesmo criterio do v12 Recife). Nao e ground truth cartografico individual -- confianca strong = correspondencia de rua (geometria, nao numero exato); medium = fallback bairro-centroide.","Nao usar como escore, threshold ou variavel derivada do rotulo. Nao promover a 'validado'/'confirmado' sem revisao do REV-P."
Curitiba,1,CUR_SIAC156_cef3b7da9bd33d56,-25.4984136,-49.2895871,03/02/2024,2024,Proteção ao cidadão - GM,"Enchentes, inundações ou alagamentos",RUA RODOLPHO SENFF JUNIOR,CAPAO RASO,strong,"Rua Rodolpho Senff Júnior, Capão Raso, Curitiba, Paraná, Região Sul, 81110-110, Brasil",24576817,1,"flood (alagamento/enchente) - landslide excluded by category filter (SIAC 156 Assunto/Subdivisao is a distinct structured category, not free text)",siac156_curitiba_v1,"Ponto positivo administrativo geocodificado (mesmo criterio do v12 Recife). Nao e ground truth cartografico individual -- confianca strong = correspondencia de rua (geometria, nao numero exato); medium = fallback bairro-centroide.","Nao usar como escore, threshold ou variavel derivada do rotulo. Nao promover a 'validado'/'confirmado' sem revisao do REV-P."
Curitiba,1,CUR_SIAC156_c437558cab6a9964,-25.4625416,-49.2413238,03/02/2024,2024,Proteção ao cidadão - GM,"Enchentes, inundações ou alagamentos",Rua João Carlos de Souza Castro,GUABIROTUBA,strong,"Rua João Carlos de Souza Castro, Guabirotuba, Curitiba, Paraná, Região Sul, 81520-280, Brasil",93125239,2,"flood (alagamento/enchente) - landslide excluded by category filter (SIAC 156 Assunto/Subdivisao is a distinct structured category, not free text)",siac156_curitiba_v1,"Ponto positivo administrativo geocodificado (mesmo criterio do v12 Recife). Nao e ground truth cartografico individual -- confianca strong = correspondencia de rua (geometria, nao numero exato); medium = fallback bairro-centroide.","Nao usar como escore, threshold ou variavel derivada do rotulo. Nao promover a 'validado'/'confirmado' sem revisao do REV-P."
Curitiba,1,CUR_SIAC156_0648cc7f9bff9ea2,-25.4901497,-49.2795105,03/02/2024,2024,Drenagem,Alagamentos,Rua Brasílio Ribas,NOVO MUNDO,strong,"Rua Brasílio Ribas, Novo Mundo, Curitiba, Paraná, Região Sul, 81030-470, Brasil",126284373,1,"flood (alagamento/enchente) - landslide excluded by category filter (SIAC 156 Assunto/Subdivisao is a distinct structured category, not free text)",siac156_curitiba_v1,"Ponto positivo administrativo geocodificado (mesmo criterio do v12 Recife). Nao e ground truth cartografico individual -- confianca strong = correspondencia de rua (geometria, nao numero exato); medium = fallback bairro-centroide.","Nao usar como escore, threshold ou variavel derivada do rotulo. Nao promover a 'validado'/'confirmado' sem revisao do REV-P."
Curitiba,1,CUR_SIAC156_a4e20dec394ad9b7,-25.5387051,-49.2483352,03/02/2024,2024,Proteção ao cidadão - GM,"Enchentes, inundações ou alagamentos",Rua Expedicionário Francisco Pereira dos Santos,ALTO BOQUEIRAO,strong,"Rua Expedicionário Francisco Pereira dos Santos, Alto Boqueirão, Curitiba, Paraná, Região Sul, 81920-070, Brasil",33103979,1,"flood (alagamento/enchente) - landslide excluded by category filter (SIAC 156 Assunto/Subdivisao is a distinct structured category, not free text)",siac156_curitiba_v1,"Ponto positivo administrativo geocodificado (mesmo criterio do v12 Recife). Nao e ground truth cartografico individual -- confianca strong = correspondencia de rua (geometria, nao numero exato); medium = fallback bairro-centroide.","Nao usar como escore, threshold ou variavel derivada do rotulo. Nao promover a 'validado'/'confirmado' sem revisao do REV-P."
Curitiba,1,CUR_SIAC156_278ce0870ddf86e1,-25.4625416,-49.2413238,03/02/2024,2024,Proteção ao cidadão - GM,"Enchentes, inundações ou alagamentos",RUA JOÃO CARLOS DE SOUZA CASTRO,GUABIROTUBA,strong,"Rua João Carlos de Souza Castro, Guabirotuba, Curitiba, Paraná, Região Sul, 81520-280, Brasil",93125239,2,"flood (alagamento/enchente) - landslide excluded by category filter (SIAC 156 Assunto/Subdivisao is a distinct structured category, not free text)",siac156_curitiba_v1,"Ponto positivo administrativo geocodificado (mesmo criterio do v12 Recife). Nao e ground truth cartografico individual -- confianca strong = correspondencia de rua (geometria, nao numero exato); medium = fallback bairro-centroide.","Nao usar como escore, threshold ou variavel derivada do rotulo. Nao promover a 'validado'/'confirmado' sem revisao do REV-P."
Curitiba,1,CUR_SIAC156_391e35e87c903b7f,-25.4436603,-49.2208467,03/02/2024,2024,Proteção ao cidadão - GM,"Enchentes, inundações ou alagamentos",Professora Olga Balster,CAJURU,strong,"Rua Professora Olga Balster, Cajuru, Curitiba, Paraná, Região Sul, 82900-010, Brasil",1271366675,1,"flood (alagamento/enchente) - landslide excluded by category filter (SIAC 156 Assunto/Subdivisao is a distinct structured category, not free text)",siac156_curitiba_v1,"Ponto positivo administrativo geocodificado (mesmo criterio do v12 Recife). Nao e ground truth cartografico individual -- confianca strong = correspondencia de rua (geometria, nao numero exato); medium = fallback bairro-centroide.","Nao usar como escore, threshold ou variavel derivada do rotulo. Nao promover a 'validado'/'confirmado' sem revisao do REV-P."
Curitiba,1,CUR_SIAC156_4c646b3a7272604d,-25.5455425,-49.2547513,03/02/2024,2024,Proteção ao cidadão - GM,"Enchentes, inundações ou alagamentos",Rua Professor Milton Vianna,SITIO CERCADO,strong,"Rua Professor Milton Vianna, Sítio Cercado, Curitiba, Paraná, Região Sul, 81920-500, Brasil",127255762,1,"flood (alagamento/enchente) - landslide excluded by category filter (SIAC 156 Assunto/Subdivisao is a distinct structured category, not free text)",siac156_curitiba_v1,"Ponto positivo administrativo geocodificado (mesmo criterio do v12 Recife). Nao e ground truth cartografico individual -- confianca strong = correspondencia de rua (geometria, nao numero exato); medium = fallback bairro-centroide.","Nao usar como escore, threshold ou variavel derivada do rotulo. Nao promover a 'validado'/'confirmado' sem revisao do REV-P."
Curitiba,1,CUR_SIAC156_df353df31c75b3e5,-25.4355114,-49.2389133,03/02/2024,2024,Drenagem,Alagamentos,Rua Oyapock,CRISTO REI,strong,"Rua Oyapock, Cristo Rei, Curitiba, Paraná, Região Sul, 80050-450, Brasil",1107163508,2,"flood (alagamento/enchente) - landslide excluded by category filter (SIAC 156 Assunto/Subdivisao is a distinct structured category, not free text)",siac156_curitiba_v1,"Ponto positivo administrativo geocodificado (mesmo criterio do v12 Recife). Nao e ground truth cartografico individual -- confianca strong = correspondencia de rua (geometria, nao numero exato); medium = fallback bairro-centroide.","Nao usar como escore, threshold ou variavel derivada do rotulo. Nao promover a 'validado'/'confirmado' sem revisao do REV-P."
Curitiba,1,CUR_SIAC156_d88ce7f8a62fdb3f,-25.4486039,-49.2232265,03/02/2024,2024,Drenagem,Alagamentos,João Crysóstomo da Rosa,CAJURU,strong,"Rua João Crysóstomo da Rosa, Vila Oficinas, Cajuru, Curitiba, Paraná, Região Sul, 82900-240, Brasil",263641115,1,"flood (alagamento/enchente) - landslide excluded by category filter (SIAC 156 Assunto/Subdivisao is a distinct structured category, not free text)",siac156_curitiba_v1,"Ponto positivo administrativo geocodificado (mesmo criterio do v12 Recife). Nao e ground truth cartografico individual -- confianca strong = correspondencia de rua (geometria, nao numero exato); medium = fallback bairro-centroide.","Nao usar como escore, threshold ou variavel derivada do rotulo. Nao promover a 'validado'/'confirmado' sem revisao do REV-P."
Curitiba,1,CUR_SIAC156_4ed32fa76a47967a,-25.5321329,-49.2794137,03/02/2024,2024,Drenagem,Alagamentos,RUA BILLY GARMATTER,SITIO CERCADO,strong,"Rua Billy Garmatter, Sítio Cercado, Curitiba, Paraná, Região Sul, 81900-050, Brasil",127264732,1,"flood (alagamento/enchente) - landslide excluded by category filter (SIAC 156 Assunto/Subdivisao is a distinct structured category, not free text)",siac156_curitiba_v1,"Ponto positivo administrativo geocodificado (mesmo criterio do v12 Recife). Nao e ground truth cartografico individual -- confianca strong = correspondencia de rua (geometria, nao numero exato); medium = fallback bairro-centroide.","Nao usar como escore, threshold ou variavel derivada do rotulo. Nao promover a 'validado'/'confirmado' sem revisao do REV-P."
Curitiba,1,CUR_SIAC156_bccd8460ec2496b2,-25.4598482,-49.235753,03/02/2024,2024,Drenagem,Alagamentos,RUA EDMUNDO ANGELY,JARDIM DAS AMERICAS,strong,"Rua Edmundo Angely, Jardim das Américas, Curitiba, Paraná, Região Sul, 81530-001, Brasil",125381914,1,"flood (alagamento/enchente) - landslide excluded by category filter (SIAC 156 Assunto/Subdivisao is a distinct structured category, not free text)",siac156_curitiba_v1,"Ponto positivo administrativo geocodificado (mesmo criterio do v12 Recife). Nao e ground truth cartografico individual -- confianca strong = correspondencia de rua (geometria, nao numero exato); medium = fallback bairro-centroide.","Nao usar como escore, threshold ou variavel derivada do rotulo. Nao promover a 'validado'/'confirmado' sem revisao do REV-P."
Curitiba,1,CUR_SIAC156_8ecbde8843fa8556,-25.4445011,-49.2195209,03/02/2024,2024,Drenagem,Alagamentos,Rua Doutor Estevam Ribeiro de Souza Netto,CAJURU,strong,"Rua Doutor Estevam Ribeiro de Souza Netto, Cajuru, Curitiba, Paraná, Região Sul, 82900-010, Brasil",36062015,1,"flood (alagamento/enchente) - landslide excluded by category filter (SIAC 156 Assunto/Subdivisao is a distinct structured category, not free text)",siac156_curitiba_v1,"Ponto positivo administrativo geocodificado (mesmo criterio do v12 Recife). Nao e ground truth cartografico individual -- confianca strong = correspondencia de rua (geometria, nao numero exato); medium = fallback bairro-centroide.","Nao usar como escore, threshold ou variavel derivada do rotulo. Nao promover a 'validado'/'confirmado' sem revisao do REV-P."
Curitiba,1,CUR_SIAC156_0301203813b0a34f,-25.4659508,-49.2733329,03/02/2024,2024,Drenagem,Alagamentos,RUA MINAS GERAIS,GUAIRA,strong,"Rua Minas Gerais, Guaíra, Curitiba, Paraná, Região Sul, 80630-000, Brasil",421742147,1,"flood (alagamento/enchente) - landslide excluded by category filter (SIAC 156 Assunto/Subdivisao is a distinct structured category, not free text)",siac156_curitiba_v1,"Ponto positivo administrativo geocodificado (mesmo criterio do v12 Recife). Nao e ground truth cartografico individual -- confianca strong = correspondencia de rua (geometria, nao numero exato); medium = fallback bairro-centroide.","Nao usar como escore, threshold ou variavel derivada do rotulo. Nao promover a 'validado'/'confirmado' sem revisao do REV-P."
Curitiba,1,CUR_SIAC156_97bc7efec14cfdba,-25.5351751,-49.2620216,03/02/2024,2024,Drenagem,Alagamentos,RUA JOSÉ AUGUSTO DA SILVA,SITIO CERCADO,strong,"Rua Mário Ribeiro Chimelli, Sítio Cercado, Curitiba, Paraná, Região Sul, 81910-470, Brasil",654634896,1,"flood (alagamento/enchente) - landslide excluded by category filter (SIAC 156 Assunto/Subdivisao is a distinct structured category, not free text)",siac156_curitiba_v1,"Ponto positivo administrativo geocodificado (mesmo criterio do v12 Recife). Nao e ground truth cartografico individual -- confianca strong = correspondencia de rua (geometria, nao numero exato); medium = fallback bairro-centroide.","Nao usar como escore, threshold ou variavel derivada do rotulo. Nao promover a 'validado'/'confirmado' sem revisao do REV-P."
Curitiba,1,CUR_SIAC156_df353df31c75b3e5,-25.4355114,-49.2389133,03/02/2024,2024,Drenagem,Alagamentos,Rua Oyapock,CRISTO REI,strong,"Rua Oyapock, Cristo Rei, Curitiba, Paraná, Região Sul, 80050-450, Brasil",1107163508,2,"flood (alagamento/enchente) - landslide excluded by category filter (SIAC 156 Assunto/Subdivisao is a distinct structured category, not free text)",siac156_curitiba_v1,"Ponto positivo administrativo geocodificado (mesmo criterio do v12 Recife). Nao e ground truth cartografico individual -- confianca strong = correspondencia de rua (geometria, nao numero exato); medium = fallback bairro-centroide.","Nao usar como escore, threshold ou variavel derivada do rotulo. Nao promover a 'validado'/'confirmado' sem revisao do REV-P."
Curitiba,1,CUR_SIAC156_b026235d5b633b6b,-25.47045,-49.2325063,03/02/2024,2024,Drenagem,Alagamentos,RUA DOUTOR JOAQUIM IGNÁCIO SILVEIRA DA MOTTA,UBERABA,strong,"Rua Doutor Joaquim Ignácio Silveira da Motta, Uberaba, Curitiba, Paraná, Região Sul, 81530-470, Brasil",331227364,1,"flood (alagamento/enchente) - landslide excluded by category filter (SIAC 156 Assunto/Subdivisao is a distinct structured category, not free text)",siac156_curitiba_v1,"Ponto positivo administrativo geocodificado (mesmo criterio do v12 Recife). Nao e ground truth cartografico individual -- confianca strong = correspondencia de rua (geometria, nao numero exato); medium = fallback bairro-centroide.","Nao usar como escore, threshold ou variavel derivada do rotulo. Nao promover a 'validado'/'confirmado' sem revisao do REV-P."
Curitiba,1,CUR_SIAC156_2f180ce07f01340f,-25.5387051,-49.2483352,03/02/2024,2024,Drenagem,Alagamentos,Rua Expedicionário Francisco Pereira Dos Santos,ALTO BOQUEIRAO,strong,"Rua Expedicionário Francisco Pereira dos Santos, Alto Boqueirão, Curitiba, Paraná, Região Sul, 81920-070, Brasil",33103979,1,"flood (alagamento/enchente) - landslide excluded by category filter (SIAC 156 Assunto/Subdivisao is a distinct structured category, not free text)",siac156_curitiba_v1,"Ponto positivo administrativo geocodificado (mesmo criterio do v12 Recife). Nao e ground truth cartografico individual -- confianca strong = correspondencia de rua (geometria, nao numero exato); medium = fallback bairro-centroide.","Nao usar como escore, threshold ou variavel derivada do rotulo. Nao promover a 'validado'/'confirmado' sem revisao do REV-P."
Curitiba,1,CUR_SIAC156_278ce0870ddf86e1,-25.4625416,-49.2413238,03/02/2024,2024,Drenagem,Alagamentos,RUA JOÃO CARLOS DE SOUZA CASTRO,GUABIROTUBA,strong,"Rua João Carlos de Souza Castro, Guabirotuba, Curitiba, Paraná, Região Sul, 81520-280, Brasil",93125239,1,"flood (alagamento/enchente) - landslide excluded by category filter (SIAC 156 Assunto/Subdivisao is a distinct structured category, not free text)",siac156_curitiba_v1,"Ponto positivo administrativo geocodificado (mesmo criterio do v12 Recife). Nao e ground truth cartografico individual -- confianca strong = correspondencia de rua (geometria, nao numero exato); medium = fallback bairro-centroide.","Nao usar como escore, threshold ou variavel derivada do rotulo. Nao promover a 'validado'/'confirmado' sem revisao do REV-P."
Curitiba,1,CUR_SIAC156_41f5b88bb97a632b,-25.530914,-49.2342574,31/01/2024,2024,Drenagem,Alagamentos,RUA ITAÚNA DO SUL,ALTO BOQUEIRAO,strong,"Rua Itaúna do Sul, Alto Boqueirão, Curitiba, Paraná, Região Sul, 81770-440, Brasil",126814876,1,"flood (alagamento/enchente) - landslide excluded by category filter (SIAC 156 Assunto/Subdivisao is a distinct structured category, not free text)",siac156_curitiba_v1,"Ponto positivo administrativo geocodificado (mesmo criterio do v12 Recife). Nao e ground truth cartografico individual -- confianca strong = correspondencia de rua (geometria, nao numero exato); medium = fallback bairro-centroide.","Nao usar como escore, threshold ou variavel derivada do rotulo. Nao promover a 'validado'/'confirmado' sem revisao do REV-P."
Curitiba,1,CUR_SIAC156_e636cfc6bc93173d,-25.5161439,-49.2344051,31/01/2024,2024,Drenagem,Alagamentos,Rua Doutor Heleno da Silveira,BOQUEIRAO,strong,"Rua Doutor Heleno da Silveira, Boqueirão, Curitiba, Paraná, Região Sul, 81750-420, Brasil",85231824,1,"flood (alagamento/enchente) - landslide excluded by category filter (SIAC 156 Assunto/Subdivisao is a distinct structured category, not free text)",siac156_curitiba_v1,"Ponto positivo administrativo geocodificado (mesmo criterio do v12 Recife). Nao e ground truth cartografico individual -- confianca strong = correspondencia de rua (geometria, nao numero exato); medium = fallback bairro-centroide.","Nao usar como escore, threshold ou variavel derivada do rotulo. Nao promover a 'validado'/'confirmado' sem revisao do REV-P."
Curitiba,1,CUR_SIAC156_aa19f2cecd872bf9,-25.5312681,-49.2368171,31/01/2024,2024,Proteção ao cidadão - GM,"Enchentes, inundações ou alagamentos",RUA MATHIAS DE ANDRADE ROCHA,ALTO BOQUEIRAO,strong,"Rua Mathias de Andrade Rocha, Alto Boqueirão, Curitiba, Paraná, Região Sul, 81770-440, Brasil",161220097,1,"flood (alagamento/enchente) - landslide excluded by category filter (SIAC 156 Assunto/Subdivisao is a distinct structured category, not free text)",siac156_curitiba_v1,"Ponto positivo administrativo geocodificado (mesmo criterio do v12 Recife). Nao e ground truth cartografico individual -- confianca strong = correspondencia de rua (geometria, nao numero exato); medium = fallback bairro-centroide.","Nao usar como escore, threshold ou variavel derivada do rotulo. Nao promover a 'validado'/'confirmado' sem revisao do REV-P."
Curitiba,1,CUR_SIAC156_61e0155c7f1973b9,-25.500728,-49.2411054,31/01/2024,2024,Drenagem,Alagamentos,Rua José Peixoto de Lacerda Wernek,BOQUEIRAO,medium,"Boqueirão, Curitiba, Paraná, Região Sul, Brasil",3954206,1,"flood (alagamento/enchente) - landslide excluded by category filter (SIAC 156 Assunto/Subdivisao is a distinct structured category, not free text)",siac156_curitiba_v1,"Ponto positivo administrativo geocodificado (mesmo criterio do v12 Recife). Nao e ground truth cartografico individual -- confianca strong = correspondencia de rua (geometria, nao numero exato); medium = fallback bairro-centroide.","Nao usar como escore, threshold ou variavel derivada do rotulo. Nao promover a 'validado'/'confirmado' sem revisao do REV-P."
Curitiba,1,CUR_SIAC156_a9376638aa69275f,-25.530914,-49.2342574,01/02/2024,2024,Drenagem,Alagamentos,RUA ITAUNA DO SUL,ALTO BOQUEIRAO,strong,"Rua Itaúna do Sul, Alto Boqueirão, Curitiba, Paraná, Região Sul, 81770-440, Brasil",126814876,1,"flood (alagamento/enchente) - landslide excluded by category filter (SIAC 156 Assunto/Subdivisao is a distinct structured category, not free text)",siac156_curitiba_v1,"Ponto positivo administrativo geocodificado (mesmo criterio do v12 Recife). Nao e ground truth cartografico individual -- confianca strong = correspondencia de rua (geometria, nao numero exato); medium = fallback bairro-centroide.","Nao usar como escore, threshold ou variavel derivada do rotulo. Nao promover a 'validado'/'confirmado' sem revisao do REV-P."
Curitiba,1,CUR_SIAC156_de765a210f79596e,-25.4297656,-49.2255342,05/02/2024,2024,Drenagem,Alagamentos,Rua Desembargador Aristóxenes Bittencourt,TARUMA,strong,"Rua Desembargador Aristóxenes Bittencourt, Tarumã, Curitiba, Paraná, Região Sul, 82800-030, Brasil",36059564,1,"flood (alagamento/enchente) - landslide excluded by category filter (SIAC 156 Assunto/Subdivisao is a distinct structured category, not free text)",siac156_curitiba_v1,"Ponto positivo administrativo geocodificado (mesmo criterio do v12 Recife). Nao e ground truth cartografico individual -- confianca strong = correspondencia de rua (geometria, nao numero exato); medium = fallback bairro-centroide.","Nao usar como escore, threshold ou variavel derivada do rotulo. Nao promover a 'validado'/'confirmado' sem revisao do REV-P."
Curitiba,1,CUR_SIAC156_7f2e7a34cc7bbb23,-25.4769071,-49.237223,04/02/2024,2024,Drenagem,Alagamentos,Rua Doutor Hamilton Dybowicz,UBERABA,strong,"Rua Doutor Hamilton Dybowicz, Uberaba, Curitiba, Paraná, Região Sul, 81510-640, Brasil",125389822,1,"flood (alagamento/enchente) - landslide excluded by category filter (SIAC 156 Assunto/Subdivisao is a distinct structured category, not free text)",siac156_curitiba_v1,"Ponto positivo administrativo geocodificado (mesmo criterio do v12 Recife). Nao e ground truth cartografico individual -- confianca strong = correspondencia de rua (geometria, nao numero exato); medium = fallback bairro-centroide.","Nao usar como escore, threshold ou variavel derivada do rotulo. Nao promover a 'validado'/'confirmado' sem revisao do REV-P."
Curitiba,1,CUR_SIAC156_d025c2da9dfbabe9,-25.4355408,-49.2297404,04/02/2024,2024,Proteção ao cidadão - GM,"Enchentes, inundações ou alagamentos",RUA GOVERNADOR AGAMENON MAGALHÃES,TARUMA,strong,"Rua Governador Agamenon Magalhães, Tarumã, Curitiba, Paraná, Região Sul, 82800-240, Brasil",260211531,1,"flood (alagamento/enchente) - landslide excluded by category filter (SIAC 156 Assunto/Subdivisao is a distinct structured category, not free text)",siac156_curitiba_v1,"Ponto positivo administrativo geocodificado (mesmo criterio do v12 Recife). Nao e ground truth cartografico individual -- confianca strong = correspondencia de rua (geometria, nao numero exato); medium = fallback bairro-centroide.","Nao usar como escore, threshold ou variavel derivada do rotulo. Nao promover a 'validado'/'confirmado' sem revisao do REV-P."
Curitiba,1,CUR_SIAC156_4b8b79826f7b9081,-25.4950579,-49.2104226,05/02/2024,2024,Drenagem,Alagamentos,RUA AMAURI MAUAD GUÉRIOS,UBERABA,strong,"Rua Amauri Mauad Guérios, Uberaba, Curitiba, Paraná, Região Sul, 81560-560, Brasil",125400578,1,"flood (alagamento/enchente) - landslide excluded by category filter (SIAC 156 Assunto/Subdivisao is a distinct structured category, not free text)",siac156_curitiba_v1,"Ponto positivo administrativo geocodificado (mesmo criterio do v12 Recife). Nao e ground truth cartografico individual -- confianca strong = correspondencia de rua (geometria, nao numero exato); medium = fallback bairro-centroide.","Nao usar como escore, threshold ou variavel derivada do rotulo. Nao promover a 'validado'/'confirmado' sem revisao do REV-P."
Curitiba,1,CUR_SIAC156_40835a25fa9deaca,-25.4943229,-49.2083555,05/02/2024,2024,Drenagem,Alagamentos,RUA VELCY BOLÍVAR GRANDÓ,UBERABA,strong,"Rua Velcy Bolivar Grandó, Uberaba, Curitiba, Paraná, Região Sul, 81560-540, Brasil",1092508376,1,"flood (alagamento/enchente) - landslide excluded by category filter (SIAC 156 Assunto/Subdivisao is a distinct structured category, not free text)",siac156_curitiba_v1,"Ponto positivo administrativo geocodificado (mesmo criterio do v12 Recife). Nao e ground truth cartografico individual -- confianca strong = correspondencia de rua (geometria, nao numero exato); medium = fallback bairro-centroide.","Nao usar como escore, threshold ou variavel derivada do rotulo. Nao promover a 'validado'/'confirmado' sem revisao do REV-P."
Curitiba,1,CUR_SIAC156_919af46bac3c7f9c,-25.4761113,-49.347329,10/02/2024,2024,Drenagem,Alagamentos,RUA NICOLAU VOROBI,CIDADE INDUSTRIAL,strong,"Rua Nicolau Vorobi, Cidade Industrial de Curitiba, Curitiba, Paraná, Região Sul, 81270-050, Brasil",161866123,1,"flood (alagamento/enchente) - landslide excluded by category filter (SIAC 156 Assunto/Subdivisao is a distinct structured category, not free text)",siac156_curitiba_v1,"Ponto positivo administrativo geocodificado (mesmo criterio do v12 Recife). Nao e ground truth cartografico individual -- confianca strong = correspondencia de rua (geometria, nao numero exato); medium = fallback bairro-centroide.","Nao usar como escore, threshold ou variavel derivada do rotulo. Nao promover a 'validado'/'confirmado' sem revisao do REV-P."
Curitiba,1,CUR_SIAC156_919af46bac3c7f9c,-25.4761113,-49.347329,10/02/2024,2024,Proteção ao cidadão - GM,"Enchentes, inundações ou alagamentos",RUA NICOLAU VOROBI,CIDADE INDUSTRIAL,strong,"Rua Nicolau Vorobi, Cidade Industrial de Curitiba, Curitiba, Paraná, Região Sul, 81270-050, Brasil",161866123,1,"flood (alagamento/enchente) - landslide excluded by category filter (SIAC 156 Assunto/Subdivisao is a distinct structured category, not free text)",siac156_curitiba_v1,"Ponto positivo administrativo geocodificado (mesmo criterio do v12 Recife). Nao e ground truth cartografico individual -- confianca strong = correspondencia de rua (geometria, nao numero exato); medium = fallback bairro-centroide.","Nao usar como escore, threshold ou variavel derivada do rotulo. Nao promover a 'validado'/'confirmado' sem revisao do REV-P."
Curitiba,1,CUR_SIAC156_44be84a896383631,-25.497993,-49.334522,07/02/2024,2024,Drenagem,Alagamentos,Rua Padre João Rzemelka,CIDADE INDUSTRIAL,medium,"Cidade Industrial de Curitiba, Curitiba, Paraná, Região Sul, 81350-260, Brasil",3012156952,1,"flood (alagamento/enchente) - landslide excluded by category filter (SIAC 156 Assunto/Subdivisao is a distinct structured category, not free text)",siac156_curitiba_v1,"Ponto positivo administrativo geocodificado (mesmo criterio do v12 Recife). Nao e ground truth cartografico individual -- confianca strong = correspondencia de rua (geometria, nao numero exato); medium = fallback bairro-centroide.","Nao usar como escore, threshold ou variavel derivada do rotulo. Nao promover a 'validado'/'confirmado' sem revisao do REV-P."
Curitiba,1,CUR_SIAC156_c403f99603f00cfc,-25.4889455,-49.2792811,08/02/2024,2024,Drenagem,Alagamentos,Rua Professor Antônio Martins Franco,NOVO MUNDO,strong,"Rua Professor Antônio Martins Franco, Novo Mundo, Curitiba, Paraná, Região Sul, 81030-400, Brasil",126284345,1,"flood (alagamento/enchente) - landslide excluded by category filter (SIAC 156 Assunto/Subdivisao is a distinct structured category, not free text)",siac156_curitiba_v1,"Ponto positivo administrativo geocodificado (mesmo criterio do v12 Recife). Nao e ground truth cartografico individual -- confianca strong = correspondencia de rua (geometria, nao numero exato); medium = fallback bairro-centroide.","Nao usar como escore, threshold ou variavel derivada do rotulo. Nao promover a 'validado'/'confirmado' sem revisao do REV-P."
Curitiba,1,CUR_SIAC156_44be84a896383631,-25.497993,-49.334522,07/02/2024,2024,Proteção ao cidadão - GM,"Enchentes, inundações ou alagamentos",Rua Padre João Rzemelka,CIDADE INDUSTRIAL,medium,"Cidade Industrial de Curitiba, Curitiba, Paraná, Região Sul, 81350-260, Brasil",3012156952,1,"flood (alagamento/enchente) - landslide excluded by category filter (SIAC 156 Assunto/Subdivisao is a distinct structured category, not free text)",siac156_curitiba_v1,"Ponto positivo administrativo geocodificado (mesmo criterio do v12 Recife). Nao e ground truth cartografico individual -- confianca strong = correspondencia de rua (geometria, nao numero exato); medium = fallback bairro-centroide.","Nao usar como escore, threshold ou variavel derivada do rotulo. Nao promover a 'validado'/'confirmado' sem revisao do REV-P."
Curitiba,1,CUR_SIAC156_4f1bdd226ff5997f,-25.4705732,-49.2571604,07/02/2024,2024,Drenagem,Alagamentos,AVENIDA PRESIDENTE WENCESLAU BRAZ,PAROLIN,strong,"Avenida Presidente Wenceslau Braz, Parolin, Curitiba, Paraná, Região Sul, 81030-030, Brasil",24783529,1,"flood (alagamento/enchente) - landslide excluded by category filter (SIAC 156 Assunto/Subdivisao is a distinct structured category, not free text)",siac156_curitiba_v1,"Ponto positivo administrativo geocodificado (mesmo criterio do v12 Recife). Nao e ground truth cartografico individual -- confianca strong = correspondencia de rua (geometria, nao numero exato); medium = fallback bairro-centroide.","Nao usar como escore, threshold ou variavel derivada do rotulo. Nao promover a 'validado'/'confirmado' sem revisao do REV-P."
Curitiba,1,CUR_SIAC156_1d92f0f08f9cb087,-25.451122,-49.3018576,16/02/2024,2024,Drenagem,Alagamentos,AVENIDA SETE DE SETEMBRO,SEMINARIO,strong,"Avenida Sete de Setembro, Seminário, Curitiba, Paraná, Região Sul, 80240-001, Brasil",343540921,1,"flood (alagamento/enchente) - landslide excluded by category filter (SIAC 156 Assunto/Subdivisao is a distinct structured category, not free text)",siac156_curitiba_v1,"Ponto positivo administrativo geocodificado (mesmo criterio do v12 Recife). Nao e ground truth cartografico individual -- confianca strong = correspondencia de rua (geometria, nao numero exato); medium = fallback bairro-centroide.","Nao usar como escore, threshold ou variavel derivada do rotulo. Nao promover a 'validado'/'confirmado' sem revisao do REV-P."
Curitiba,1,CUR_SIAC156_b9cb3f5bb7d03d8b,-25.5242972,-49.2739114,15/02/2024,2024,Drenagem,Alagamentos,RUA ADYR PAROLIM,PINHEIRINHO,strong,"Rua Adyr Parolim, Pinheirinho, Curitiba, Paraná, Região Sul, 81825-300, Brasil",128988846,1,"flood (alagamento/enchente) - landslide excluded by category filter (SIAC 156 Assunto/Subdivisao is a distinct structured category, not free text)",siac156_curitiba_v1,"Ponto positivo administrativo geocodificado (mesmo criterio do v12 Recife). Nao e ground truth cartografico individual -- confianca strong = correspondencia de rua (geometria, nao numero exato); medium = fallback bairro-centroide.","Nao usar como escore, threshold ou variavel derivada do rotulo. Nao promover a 'validado'/'confirmado' sem revisao do REV-P."
Curitiba,1,CUR_SIAC156_fcfb1332b219fd25,-25.5369557,-49.2710548,15/02/2024,2024,Drenagem,Alagamentos,RUA AGUDOS DO SUL,SITIO CERCADO,strong,"Rua Agudos do Sul, Sítio Cercado, Curitiba, Paraná, Região Sul, 81900-540, Brasil",106846798,1,"flood (alagamento/enchente) - landslide excluded by category filter (SIAC 156 Assunto/Subdivisao is a distinct structured category, not free text)",siac156_curitiba_v1,"Ponto positivo administrativo geocodificado (mesmo criterio do v12 Recife). Nao e ground truth cartografico individual -- confianca strong = correspondencia de rua (geometria, nao numero exato); medium = fallback bairro-centroide.","Nao usar como escore, threshold ou variavel derivada do rotulo. Nao promover a 'validado'/'confirmado' sem revisao do REV-P."
Curitiba,1,CUR_SIAC156_550f436246d080d5,-25.5101598,-49.2708732,19/02/2024,2024,Proteção ao cidadão - GM,"Enchentes, inundações ou alagamentos",Rua Dante Honório,XAXIM,strong,"Rua Dante Honório, Xaxim, Curitiba, Paraná, Região Sul, 81810-150, Brasil",85019720,1,"flood (alagamento/enchente) - landslide excluded by category filter (SIAC 156 Assunto/Subdivisao is a distinct structured category, not free text)",siac156_curitiba_v1,"Ponto positivo administrativo geocodificado (mesmo criterio do v12 Recife). Nao e ground truth cartografico individual -- confianca strong = correspondencia de rua (geometria, nao numero exato); medium = fallback bairro-centroide.","Nao usar como escore, threshold ou variavel derivada do rotulo. Nao promover a 'validado'/'confirmado' sem revisao do REV-P."
Curitiba,1,CUR_SIAC156_01a660901f9ac3d3,-25.4886185,-49.2501528,19/02/2024,2024,Drenagem,Alagamentos,Rua Evaristo da Veiga,BOQUEIRAO,strong,"Rua Evaristo da Veiga, Boqueirão, Curitiba, Paraná, Região Sul, 81670-090, Brasil",84881060,1,"flood (alagamento/enchente) - landslide excluded by category filter (SIAC 156 Assunto/Subdivisao is a distinct structured category, not free text)",siac156_curitiba_v1,"Ponto positivo administrativo geocodificado (mesmo criterio do v12 Recife). Nao e ground truth cartografico individual -- confianca strong = correspondencia de rua (geometria, nao numero exato); medium = fallback bairro-centroide.","Nao usar como escore, threshold ou variavel derivada do rotulo. Nao promover a 'validado'/'confirmado' sem revisao do REV-P."
Curitiba,1,CUR_SIAC156_808bd2ad2fe7fabb,-25.4845615,-49.2464804,19/02/2024,2024,Drenagem,Alagamentos,Rua Nicolau Kresko,HAUER,strong,"Rua Nicolau Kresko, Hauer, Curitiba, Paraná, Região Sul, 81670-000, Brasil",84999474,1,"flood (alagamento/enchente) - landslide excluded by category filter (SIAC 156 Assunto/Subdivisao is a distinct structured category, not free text)",siac156_curitiba_v1,"Ponto positivo administrativo geocodificado (mesmo criterio do v12 Recife). Nao e ground truth cartografico individual -- confianca strong = correspondencia de rua (geometria, nao numero exato); medium = fallback bairro-centroide.","Nao usar como escore, threshold ou variavel derivada do rotulo. Nao promover a 'validado'/'confirmado' sem revisao do REV-P."
Curitiba,1,CUR_SIAC156_c87fb2df2be9f099,-25.4707347,-49.2544266,19/02/2024,2024,Drenagem,Alagamentos,Rua Tenente Francisco Ferreira de Souza,HAUER,strong,"Rua Tenente Francisco Ferreira de Souza, Hauer, Curitiba, Paraná, Região Sul, 81030-030, Brasil",121846048,1,"flood (alagamento/enchente) - landslide excluded by category filter (SIAC 156 Assunto/Subdivisao is a distinct structured category, not free text)",siac156_curitiba_v1,"Ponto positivo administrativo geocodificado (mesmo criterio do v12 Recife). Nao e ground truth cartografico individual -- confianca strong = correspondencia de rua (geometria, nao numero exato); medium = fallback bairro-centroide.","Nao usar como escore, threshold ou variavel derivada do rotulo. Nao promover a 'validado'/'confirmado' sem revisao do REV-P."
Curitiba,1,CUR_SIAC156_59879d0789d82166,-25.4625416,-49.2413238,19/02/2024,2024,Proteção ao cidadão - GM,"Enchentes, inundações ou alagamentos",RUA JOÃO CARLOS DE SOUZA CASTRO,GUABIROTUBA,strong,"Rua João Carlos de Souza Castro, Guabirotuba, Curitiba, Paraná, Região Sul, 81520-280, Brasil",93125239,1,"flood (alagamento/enchente) - landslide excluded by category filter (SIAC 156 Assunto/Subdivisao is a distinct structured category, not free text)",siac156_curitiba_v1,"Ponto positivo administrativo geocodificado (mesmo criterio do v12 Recife). Nao e ground truth cartografico individual -- confianca strong = correspondencia de rua (geometria, nao numero exato); medium = fallback bairro-centroide.","Nao usar como escore, threshold ou variavel derivada do rotulo. Nao promover a 'validado'/'confirmado' sem revisao do REV-P."
Curitiba,1,CUR_SIAC156_80e24fac2b7b344f,-25.383337,-49.2437498,18/02/2024,2024,Drenagem,Alagamentos,RUA PROFESSOR OMAR GONÇALVES DA MOTTA,BOA VISTA,strong,"Rua Professor Omar Gonçalves da Motta, Boa Vista, Curitiba, Paraná, Região Sul, 82650-090, Brasil",1483107587,1,"flood (alagamento/enchente) - landslide excluded by category filter (SIAC 156 Assunto/Subdivisao is a distinct structured category, not free text)",siac156_curitiba_v1,"Ponto positivo administrativo geocodificado (mesmo criterio do v12 Recife). Nao e ground truth cartografico individual -- confianca strong = correspondencia de rua (geometria, nao numero exato); medium = fallback bairro-centroide.","Nao usar como escore, threshold ou variavel derivada do rotulo. Nao promover a 'validado'/'confirmado' sem revisao do REV-P."
Curitiba,1,CUR_SIAC156_5c9681a89eae4425,-25.5659126,-49.3400119,18/02/2024,2024,Drenagem,Alagamentos,Travessa José Aníbal Dutra Lamin,TATUQUARA,strong,"Rua José Anibal Dutra Lamim, Moradias Santa Rita, Tatuquara, Curitiba, Paraná, Região Sul, 81470-085, Brasil",165612876,2,"flood (alagamento/enchente) - landslide excluded by category filter (SIAC 156 Assunto/Subdivisao is a distinct structured category, not free text)",siac156_curitiba_v1,"Ponto positivo administrativo geocodificado (mesmo criterio do v12 Recife). Nao e ground truth cartografico individual -- confianca strong = correspondencia de rua (geometria, nao numero exato); medium = fallback bairro-centroide.","Nao usar como escore, threshold ou variavel derivada do rotulo. Nao promover a 'validado'/'confirmado' sem revisao do REV-P."
Curitiba,1,CUR_SIAC156_5c9681a89eae4425,-25.5659126,-49.3400119,18/02/2024,2024,Drenagem,Alagamentos,Travessa José Aníbal Dutra Lamin,TATUQUARA,strong,"Rua José Anibal Dutra Lamim, Moradias Santa Rita, Tatuquara, Curitiba, Paraná, Região Sul, 81470-085, Brasil",165612876,2,"flood (alagamento/enchente) - landslide excluded by category filter (SIAC 156 Assunto/Subdivisao is a distinct structured category, not free text)",siac156_curitiba_v1,"Ponto positivo administrativo geocodificado (mesmo criterio do v12 Recife). Nao e ground truth cartografico individual -- confianca strong = correspondencia de rua (geometria, nao numero exato); medium = fallback bairro-centroide.","Nao usar como escore, threshold ou variavel derivada do rotulo. Nao promover a 'validado'/'confirmado' sem revisao do REV-P."
Curitiba,1,CUR_SIAC156_caf9184f393c5f1d,-25.4912121,-49.2046648,19/02/2024,2024,Drenagem,Alagamentos,RUA SARGENTO LUIZ GONZAGA MARTINS RIBAS,UBERABA,strong,"Rua Sargento Luiz Gonzaga Martins Ribas, Uberaba, Curitiba, Paraná, Região Sul, 81590-500, Brasil",186771215,1,"flood (alagamento/enchente) - landslide excluded by category filter (SIAC 156 Assunto/Subdivisao is a distinct structured category, not free text)",siac156_curitiba_v1,"Ponto positivo administrativo geocodificado (mesmo criterio do v12 Recife). Nao e ground truth cartografico individual -- confianca strong = correspondencia de rua (geometria, nao numero exato); medium = fallback bairro-centroide.","Nao usar como escore, threshold ou variavel derivada do rotulo. Nao promover a 'validado'/'confirmado' sem revisao do REV-P."
Curitiba,1,CUR_SIAC156_cc29d27ce7944ef1,-25.5331424,-49.2568506,18/02/2024,2024,Drenagem,Alagamentos,RUA CARLOS AUGUSTO ALDENUCCI,SITIO CERCADO,strong,"Rua Carlos Augusto Aldenucci, Sítio Cercado, Curitiba, Paraná, Região Sul, 81850-025, Brasil",127263613,1,"flood (alagamento/enchente) - landslide excluded by category filter (SIAC 156 Assunto/Subdivisao is a distinct structured category, not free text)",siac156_curitiba_v1,"Ponto positivo administrativo geocodificado (mesmo criterio do v12 Recife). Nao e ground truth cartografico individual -- confianca strong = correspondencia de rua (geometria, nao numero exato); medium = fallback bairro-centroide.","Nao usar como escore, threshold ou variavel derivada do rotulo. Nao promover a 'validado'/'confirmado' sem revisao do REV-P."
Curitiba,1,CUR_SIAC156_420d435621b5a63f,-25.5095857,-49.2257374,18/02/2024,2024,Drenagem,Alagamentos,Rua Diogo Mugiatti,BOQUEIRAO,strong,"Rua Diogo Mugiatti, Boqueirão, Curitiba, Paraná, Região Sul, 81730-360, Brasil",161181849,2,"flood (alagamento/enchente) - landslide excluded by category filter (SIAC 156 Assunto/Subdivisao is a distinct structured category, not free text)",siac156_curitiba_v1,"Ponto positivo administrativo geocodificado (mesmo criterio do v12 Recife). Nao e ground truth cartografico individual -- confianca strong = correspondencia de rua (geometria, nao numero exato); medium = fallback bairro-centroide.","Nao usar como escore, threshold ou variavel derivada do rotulo. Nao promover a 'validado'/'confirmado' sem revisao do REV-P."
Curitiba,1,CUR_SIAC156_e8afa0b66732b027,-25.4869771,-49.2377774,18/02/2024,2024,Drenagem,Alagamentos,Rua Das Carmelitas,BOQUEIRAO,strong,"Rua das Carmelitas, Boqueirão, Curitiba, Paraná, Região Sul, 81650-110, Brasil",85573756,1,"flood (alagamento/enchente) - landslide excluded by category filter (SIAC 156 Assunto/Subdivisao is a distinct structured category, not free text)",siac156_curitiba_v1,"Ponto positivo administrativo geocodificado (mesmo criterio do v12 Recife). Nao e ground truth cartografico individual -- confianca strong = correspondencia de rua (geometria, nao numero exato); medium = fallback bairro-centroide.","Nao usar como escore, threshold ou variavel derivada do rotulo. Nao promover a 'validado'/'confirmado' sem revisao do REV-P."
Curitiba,1,CUR_SIAC156_a0a6bc5ecb4281dd,-25.4940747,-49.2011392,18/02/2024,2024,Drenagem,Alagamentos,Rua Daniel Cândido de Carvalho,UBERABA,strong,"Rua Daniel Candido de Carvalho, Uberaba, Curitiba, Paraná, Região Sul, 81590-555, Brasil",308794738,1,"flood (alagamento/enchente) - landslide excluded by category filter (SIAC 156 Assunto/Subdivisao is a distinct structured category, not free text)",siac156_curitiba_v1,"Ponto positivo administrativo geocodificado (mesmo criterio do v12 Recife). Nao e ground truth cartografico individual -- confianca strong = correspondencia de rua (geometria, nao numero exato); medium = fallback bairro-centroide.","Nao usar como escore, threshold ou variavel derivada do rotulo. Nao promover a 'validado'/'confirmado' sem revisao do REV-P."
Curitiba,1,CUR_SIAC156_1fcbd044e30bad15,-25.5708627,-49.3383333,18/02/2024,2024,Drenagem,Alagamentos,Rua Enette Dubard,TATUQUARA,strong,"Rua Enette Dubard, Moradias Monteiro Lobato II e III, Tatuquara, Curitiba, Paraná, Região Sul, 81470-400, Brasil",125207637,1,"flood (alagamento/enchente) - landslide excluded by category filter (SIAC 156 Assunto/Subdivisao is a distinct structured category, not free text)",siac156_curitiba_v1,"Ponto positivo administrativo geocodificado (mesmo criterio do v12 Recife). Nao e ground truth cartografico individual -- confianca strong = correspondencia de rua (geometria, nao numero exato); medium = fallback bairro-centroide.","Nao usar como escore, threshold ou variavel derivada do rotulo. Nao promover a 'validado'/'confirmado' sem revisao do REV-P."
Curitiba,1,CUR_SIAC156_cc29d27ce7944ef1,-25.5331424,-49.2568506,18/02/2024,2024,Proteção ao cidadão - GM,"Enchentes, inundações ou alagamentos",RUA CARLOS AUGUSTO ALDENUCCI,SITIO CERCADO,strong,"Rua Carlos Augusto Aldenucci, Sítio Cercado, Curitiba, Paraná, Região Sul, 81850-025, Brasil",127263613,1,"flood (alagamento/enchente) - landslide excluded by category filter (SIAC 156 Assunto/Subdivisao is a distinct structured category, not free text)",siac156_curitiba_v1,"Ponto positivo administrativo geocodificado (mesmo criterio do v12 Recife). Nao e ground truth cartografico individual -- confianca strong = correspondencia de rua (geometria, nao numero exato); medium = fallback bairro-centroide.","Nao usar como escore, threshold ou variavel derivada do rotulo. Nao promover a 'validado'/'confirmado' sem revisao do REV-P."
Curitiba,1,CUR_SIAC156_b665003359c14866,-25.5670301,-49.3302707,18/02/2024,2024,Proteção ao cidadão - GM,"Enchentes, inundações ou alagamentos",AVENIDA SANTA RITA DE CASSIA DOS IMPOSSÍVEIS,TATUQUARA,strong,"Avenida Santa Rita de Cássia dos Impossíveis, Moradias Santa Rita, Tatuquara, Curitiba, Paraná, Região Sul, 81470-202, Brasil",1308723570,1,"flood (alagamento/enchente) - landslide excluded by category filter (SIAC 156 Assunto/Subdivisao is a distinct structured category, not free text)",siac156_curitiba_v1,"Ponto positivo administrativo geocodificado (mesmo criterio do v12 Recife). Nao e ground truth cartografico individual -- confianca strong = correspondencia de rua (geometria, nao numero exato); medium = fallback bairro-centroide.","Nao usar como escore, threshold ou variavel derivada do rotulo. Nao promover a 'validado'/'confirmado' sem revisao do REV-P."
Curitiba,1,CUR_SIAC156_7db59ea930cfc997,-25.4116093,-49.3271287,18/02/2024,2024,Drenagem,Alagamentos,Rua João Azolin,SANTA FELICIDADE,strong,"Rua João Azolin, Santa Felicidade, Curitiba, Paraná, Região Sul, 82320-590, Brasil",38455864,1,"flood (alagamento/enchente) - landslide excluded by category filter (SIAC 156 Assunto/Subdivisao is a distinct structured category, not free text)",siac156_curitiba_v1,"Ponto positivo administrativo geocodificado (mesmo criterio do v12 Recife). Nao e ground truth cartografico individual -- confianca strong = correspondencia de rua (geometria, nao numero exato); medium = fallback bairro-centroide.","Nao usar como escore, threshold ou variavel derivada do rotulo. Nao promover a 'validado'/'confirmado' sem revisao do REV-P."
Curitiba,1,CUR_SIAC156_53aca7bbeecacd53,-25.5758037,-49.3363193,18/02/2024,2024,Drenagem,Alagamentos,RUA JORNALISTA EMÍLIO ZOLA FLORENZANO,TATUQUARA,strong,"Rua Jornalista Emílio Zola Florenzano, Moradias Monteiro Lobato II e III, Tatuquara, Curitiba, Paraná, Região Sul, 81470-270, Brasil",166479454,1,"flood (alagamento/enchente) - landslide excluded by category filter (SIAC 156 Assunto/Subdivisao is a distinct structured category, not free text)",siac156_curitiba_v1,"Ponto positivo administrativo geocodificado (mesmo criterio do v12 Recife). Nao e ground truth cartografico individual -- confianca strong = correspondencia de rua (geometria, nao numero exato); medium = fallback bairro-centroide.","Nao usar como escore, threshold ou variavel derivada do rotulo. Nao promover a 'validado'/'confirmado' sem revisao do REV-P."
Curitiba,1,CUR_SIAC156_9ed249d99a2ed475,-25.4855763,-49.1950077,18/02/2024,2024,Drenagem,Alagamentos,Cid José dos Santos,UBERABA,strong,"Rua Cid José dos Santos, Uberaba, Curitiba, Paraná, Região Sul, 81590-614, Brasil",248267398,1,"flood (alagamento/enchente) - landslide excluded by category filter (SIAC 156 Assunto/Subdivisao is a distinct structured category, not free text)",siac156_curitiba_v1,"Ponto positivo administrativo geocodificado (mesmo criterio do v12 Recife). Nao e ground truth cartografico individual -- confianca strong = correspondencia de rua (geometria, nao numero exato); medium = fallback bairro-centroide.","Nao usar como escore, threshold ou variavel derivada do rotulo. Nao promover a 'validado'/'confirmado' sem revisao do REV-P."
Curitiba,1,CUR_SIAC156_157cff8d5fefcb57,-25.5659126,-49.3400119,18/02/2024,2024,Drenagem,Alagamentos,RUA JOSÉ ANIBAL DUTRA LAMIM,TATUQUARA,strong,"Rua José Anibal Dutra Lamim, Moradias Santa Rita, Tatuquara, Curitiba, Paraná, Região Sul, 81470-085, Brasil",165612876,1,"flood (alagamento/enchente) - landslide excluded by category filter (SIAC 156 Assunto/Subdivisao is a distinct structured category, not free text)",siac156_curitiba_v1,"Ponto positivo administrativo geocodificado (mesmo criterio do v12 Recife). Nao e ground truth cartografico individual -- confianca strong = correspondencia de rua (geometria, nao numero exato); medium = fallback bairro-centroide.","Nao usar como escore, threshold ou variavel derivada do rotulo. Nao promover a 'validado'/'confirmado' sem revisao do REV-P."
Curitiba,1,CUR_SIAC156_53aca7bbeecacd53,-25.5758037,-49.3363193,18/02/2024,2024,Proteção ao cidadão - GM,"Enchentes, inundações ou alagamentos",RUA JORNALISTA EMÍLIO ZOLA FLORENZANO,TATUQUARA,strong,"Rua Jornalista Emílio Zola Florenzano, Moradias Monteiro Lobato II e III, Tatuquara, Curitiba, Paraná, Região Sul, 81470-270, Brasil",166479454,1,"flood (alagamento/enchente) - landslide excluded by category filter (SIAC 156 Assunto/Subdivisao is a distinct structured category, not free text)",siac156_curitiba_v1,"Ponto positivo administrativo geocodificado (mesmo criterio do v12 Recife). Nao e ground truth cartografico individual -- confianca strong = correspondencia de rua (geometria, nao numero exato); medium = fallback bairro-centroide.","Nao usar como escore, threshold ou variavel derivada do rotulo. Nao promover a 'validado'/'confirmado' sem revisao do REV-P."
Curitiba,1,CUR_SIAC156_63d00b272ebff253,-25.5708627,-49.3383333,18/02/2024,2024,Proteção ao cidadão - GM,"Enchentes, inundações ou alagamentos",Enette Dubard,TATUQUARA,strong,"Rua Enette Dubard, Moradias Monteiro Lobato II e III, Tatuquara, Curitiba, Paraná, Região Sul, 81470-400, Brasil",125207637,1,"flood (alagamento/enchente) - landslide excluded by category filter (SIAC 156 Assunto/Subdivisao is a distinct structured category, not free text)",siac156_curitiba_v1,"Ponto positivo administrativo geocodificado (mesmo criterio do v12 Recife). Nao e ground truth cartografico individual -- confianca strong = correspondencia de rua (geometria, nao numero exato); medium = fallback bairro-centroide.","Nao usar como escore, threshold ou variavel derivada do rotulo. Nao promover a 'validado'/'confirmado' sem revisao do REV-P."
Curitiba,1,CUR_SIAC156_8731ef37edb2a62e,-25.497993,-49.334522,18/02/2024,2024,Drenagem,Alagamentos,Rua João Malucelli Neto,CIDADE INDUSTRIAL,medium,"Cidade Industrial de Curitiba, Curitiba, Paraná, Região Sul, 81350-260, Brasil",3012156952,2,"flood (alagamento/enchente) - landslide excluded by category filter (SIAC 156 Assunto/Subdivisao is a distinct structured category, not free text)",siac156_curitiba_v1,"Ponto positivo administrativo geocodificado (mesmo criterio do v12 Recife). Nao e ground truth cartografico individual -- confianca strong = correspondencia de rua (geometria, nao numero exato); medium = fallback bairro-centroide.","Nao usar como escore, threshold ou variavel derivada do rotulo. Nao promover a 'validado'/'confirmado' sem revisao do REV-P."
Curitiba,1,CUR_SIAC156_cc8171cfbdda4bab,-25.497993,-49.334522,18/02/2024,2024,Drenagem,Alagamentos,Rua Engenheiro Eduardo Afonso Nadolny,CIDADE INDUSTRIAL,medium,"Cidade Industrial de Curitiba, Curitiba, Paraná, Região Sul, 81350-260, Brasil",3012156952,1,"flood (alagamento/enchente) - landslide excluded by category filter (SIAC 156 Assunto/Subdivisao is a distinct structured category, not free text)",siac156_curitiba_v1,"Ponto positivo administrativo geocodificado (mesmo criterio do v12 Recife). Nao e ground truth cartografico individual -- confianca strong = correspondencia de rua (geometria, nao numero exato); medium = fallback bairro-centroide.","Nao usar como escore, threshold ou variavel derivada do rotulo. Nao promover a 'validado'/'confirmado' sem revisao do REV-P."
Curitiba,1,CUR_SIAC156_8731ef37edb2a62e,-25.497993,-49.334522,18/02/2024,2024,Drenagem,Alagamentos,Rua João Malucelli Neto,CIDADE INDUSTRIAL,medium,"Cidade Industrial de Curitiba, Curitiba, Paraná, Região Sul, 81350-260, Brasil",3012156952,2,"flood (alagamento/enchente) - landslide excluded by category filter (SIAC 156 Assunto/Subdivisao is a distinct structured category, not free text)",siac156_curitiba_v1,"Ponto positivo administrativo geocodificado (mesmo criterio do v12 Recife). Nao e ground truth cartografico individual -- confianca strong = correspondencia de rua (geometria, nao numero exato); medium = fallback bairro-centroide.","Nao usar como escore, threshold ou variavel derivada do rotulo. Nao promover a 'validado'/'confirmado' sem revisao do REV-P."
Curitiba,1,CUR_SIAC156_dec9c2478b6dbb7f,-25.544839,-49.2579626,18/02/2024,2024,Drenagem,Alagamentos,Rua Delegado Ruy Rebello Vieira,SITIO CERCADO,strong,"Rua Delegado Ruy Rebello Vieira, Sítio Cercado, Curitiba, Paraná, Região Sul, 81920-500, Brasil",127255766,1,"flood (alagamento/enchente) - landslide excluded by category filter (SIAC 156 Assunto/Subdivisao is a distinct structured category, not free text)",siac156_curitiba_v1,"Ponto positivo administrativo geocodificado (mesmo criterio do v12 Recife). Nao e ground truth cartografico individual -- confianca strong = correspondencia de rua (geometria, nao numero exato); medium = fallback bairro-centroide.","Nao usar como escore, threshold ou variavel derivada do rotulo. Nao promover a 'validado'/'confirmado' sem revisao do REV-P."
Curitiba,1,CUR_SIAC156_b6997cd920e5e8a6,-25.5095857,-49.2257374,18/02/2024,2024,Drenagem,Alagamentos,RUA DIOGO MUGIATTI,BOQUEIRAO,strong,"Rua Diogo Mugiatti, Boqueirão, Curitiba, Paraná, Região Sul, 81730-360, Brasil",161181849,2,"flood (alagamento/enchente) - landslide excluded by category filter (SIAC 156 Assunto/Subdivisao is a distinct structured category, not free text)",siac156_curitiba_v1,"Ponto positivo administrativo geocodificado (mesmo criterio do v12 Recife). Nao e ground truth cartografico individual -- confianca strong = correspondencia de rua (geometria, nao numero exato); medium = fallback bairro-centroide.","Nao usar como escore, threshold ou variavel derivada do rotulo. Nao promover a 'validado'/'confirmado' sem revisao do REV-P."
Curitiba,1,CUR_SIAC156_c12826c2502d4bd5,-25.4663214,-49.2707537,18/02/2024,2024,Proteção ao cidadão - GM,"Enchentes, inundações ou alagamentos",Florindo José Moreschi,GUAIRA,strong,"Rua Florindo José Moreschi, Guaíra, Curitiba, Paraná, Região Sul, 80630-000, Brasil",398384924,1,"flood (alagamento/enchente) - landslide excluded by category filter (SIAC 156 Assunto/Subdivisao is a distinct structured category, not free text)",siac156_curitiba_v1,"Ponto positivo administrativo geocodificado (mesmo criterio do v12 Recife). Nao e ground truth cartografico individual -- confianca strong = correspondencia de rua (geometria, nao numero exato); medium = fallback bairro-centroide.","Nao usar como escore, threshold ou variavel derivada do rotulo. Nao promover a 'validado'/'confirmado' sem revisao do REV-P."
Curitiba,1,CUR_SIAC156_bf16bc50b3543f3e,-25.4831669,-49.3063377,18/02/2024,2024,Proteção ao cidadão - GM,"Enchentes, inundações ou alagamentos",Rua Waldemiro Ziliotto,NOVO MUNDO,strong,"Rua Waldemiro Ziliotto, Área Administrativa AMA. Vila Maria e Uberlândia, Novo Mundo, Curitiba, Paraná, Região Sul, 81050-424, Brasil",129141969,1,"flood (alagamento/enchente) - landslide excluded by category filter (SIAC 156 Assunto/Subdivisao is a distinct structured category, not free text)",siac156_curitiba_v1,"Ponto positivo administrativo geocodificado (mesmo criterio do v12 Recife). Nao e ground truth cartografico individual -- confianca strong = correspondencia de rua (geometria, nao numero exato); medium = fallback bairro-centroide.","Nao usar como escore, threshold ou variavel derivada do rotulo. Nao promover a 'validado'/'confirmado' sem revisao do REV-P."
Curitiba,1,CUR_SIAC156_4cbbb100bfab89b9,-25.5006408,-49.2296913,18/02/2024,2024,Drenagem,Alagamentos,Rua Carlos Essenfelder,BOQUEIRAO,strong,"Rua Carlos Essenfelder, Boqueirão, Curitiba, Paraná, Região Sul, 81730-070, Brasil",60160977,1,"flood (alagamento/enchente) - landslide excluded by category filter (SIAC 156 Assunto/Subdivisao is a distinct structured category, not free text)",siac156_curitiba_v1,"Ponto positivo administrativo geocodificado (mesmo criterio do v12 Recife). Nao e ground truth cartografico individual -- confianca strong = correspondencia de rua (geometria, nao numero exato); medium = fallback bairro-centroide.","Nao usar como escore, threshold ou variavel derivada do rotulo. Nao promover a 'validado'/'confirmado' sem revisao do REV-P."
Curitiba,1,CUR_SIAC156_9f624182940a3cf3,-25.4702298,-49.2854648,18/02/2024,2024,Proteção ao cidadão - GM,"Enchentes, inundações ou alagamentos",RUA MARANHÃO,AGUA VERDE,strong,"Rua Maranhão, Água Verde, Curitiba, Paraná, Região Sul, 80610-140, Brasil",48310677,1,"flood (alagamento/enchente) - landslide excluded by category filter (SIAC 156 Assunto/Subdivisao is a distinct structured category, not free text)",siac156_curitiba_v1,"Ponto positivo administrativo geocodificado (mesmo criterio do v12 Recife). Nao e ground truth cartografico individual -- confianca strong = correspondencia de rua (geometria, nao numero exato); medium = fallback bairro-centroide.","Nao usar como escore, threshold ou variavel derivada do rotulo. Nao promover a 'validado'/'confirmado' sem revisao do REV-P."
Curitiba,1,CUR_SIAC156_e8afa0b66732b027,-25.4869771,-49.2377774,18/02/2024,2024,Proteção ao cidadão - GM,"Enchentes, inundações ou alagamentos",Rua Das Carmelitas,BOQUEIRAO,strong,"Rua das Carmelitas, Boqueirão, Curitiba, Paraná, Região Sul, 81650-110, Brasil",85573756,1,"flood (alagamento/enchente) - landslide excluded by category filter (SIAC 156 Assunto/Subdivisao is a distinct structured category, not free text)",siac156_curitiba_v1,"Ponto positivo administrativo geocodificado (mesmo criterio do v12 Recife). Nao e ground truth cartografico individual -- confianca strong = correspondencia de rua (geometria, nao numero exato); medium = fallback bairro-centroide.","Nao usar como escore, threshold ou variavel derivada do rotulo. Nao promover a 'validado'/'confirmado' sem revisao do REV-P."
Curitiba,1,CUR_SIAC156_4aec54914e01669e,-25.5323941,-49.2342433,18/02/2024,2024,Drenagem,Alagamentos,Rua Ivaiporã,ALTO BOQUEIRAO,strong,"Rua Ivaiporã, Alto Boqueirão, Curitiba, Paraná, Região Sul, 81770-440, Brasil",126814906,1,"flood (alagamento/enchente) - landslide excluded by category filter (SIAC 156 Assunto/Subdivisao is a distinct structured category, not free text)",siac156_curitiba_v1,"Ponto positivo administrativo geocodificado (mesmo criterio do v12 Recife). Nao e ground truth cartografico individual -- confianca strong = correspondencia de rua (geometria, nao numero exato); medium = fallback bairro-centroide.","Nao usar como escore, threshold ou variavel derivada do rotulo. Nao promover a 'validado'/'confirmado' sem revisao do REV-P."
Curitiba,1,CUR_SIAC156_4f1e5dead9ed0c87,-25.5202304,-49.236654,18/02/2024,2024,Drenagem,Alagamentos,RUA ARTHUR MANOEL IWERSEN,BOQUEIRAO,strong,"Rua Arthur Manoel Iwersen, Boqueirão, Curitiba, Paraná, Região Sul, 81770-260, Brasil",85231828,1,"flood (alagamento/enchente) - landslide excluded by category filter (SIAC 156 Assunto/Subdivisao is a distinct structured category, not free text)",siac156_curitiba_v1,"Ponto positivo administrativo geocodificado (mesmo criterio do v12 Recife). Nao e ground truth cartografico individual -- confianca strong = correspondencia de rua (geometria, nao numero exato); medium = fallback bairro-centroide.","Nao usar como escore, threshold ou variavel derivada do rotulo. Nao promover a 'validado'/'confirmado' sem revisao do REV-P."
Curitiba,1,CUR_SIAC156_e94daceee3ce3ba7,-25.528078,-49.2336342,18/02/2024,2024,Drenagem,Alagamentos,Laranjeiras do Sul,ALTO BOQUEIRAO,strong,"Rua Laranjeiras do Sul, Alto Boqueirão, Curitiba, Paraná, Região Sul, 81770-440, Brasil",1493804433,1,"flood (alagamento/enchente) - landslide excluded by category filter (SIAC 156 Assunto/Subdivisao is a distinct structured category, not free text)",siac156_curitiba_v1,"Ponto positivo administrativo geocodificado (mesmo criterio do v12 Recife). Nao e ground truth cartografico individual -- confianca strong = correspondencia de rua (geometria, nao numero exato); medium = fallback bairro-centroide.","Nao usar como escore, threshold ou variavel derivada do rotulo. Nao promover a 'validado'/'confirmado' sem revisao do REV-P."
Curitiba,1,CUR_SIAC156_9aabf1a498ee7376,-25.3498456,-49.2669997,19/02/2024,2024,Drenagem,Alagamentos,RUA LUCIANO PAVAROTTI,CACHOEIRA,strong,"Rua Luciano Pavarotti, Vila Jardim Recanto Feliz, Cachoeira, Curitiba, Paraná, Região Sul, 83506-010, Brasil",165260168,1,"flood (alagamento/enchente) - landslide excluded by category filter (SIAC 156 Assunto/Subdivisao is a distinct structured category, not free text)",siac156_curitiba_v1,"Ponto positivo administrativo geocodificado (mesmo criterio do v12 Recife). Nao e ground truth cartografico individual -- confianca strong = correspondencia de rua (geometria, nao numero exato); medium = fallback bairro-centroide.","Nao usar como escore, threshold ou variavel derivada do rotulo. Nao promover a 'validado'/'confirmado' sem revisao do REV-P."
Curitiba,1,CUR_SIAC156_364c80675912dd16,-25.4374932,-49.2730284,24/02/2024,2024,Drenagem,Alagamentos,RUA ALFERES POLI,CENTRO,strong,"Rua Alferes Poli, Centro, Curitiba, Paraná, Região Sul, 80230-090, Brasil",289598957,1,"flood (alagamento/enchente) - landslide excluded by category filter (SIAC 156 Assunto/Subdivisao is a distinct structured category, not free text)",siac156_curitiba_v1,"Ponto positivo administrativo geocodificado (mesmo criterio do v12 Recife). Nao e ground truth cartografico individual -- confianca strong = correspondencia de rua (geometria, nao numero exato); medium = fallback bairro-centroide.","Nao usar como escore, threshold ou variavel derivada do rotulo. Nao promover a 'validado'/'confirmado' sem revisao do REV-P."
Curitiba,1,CUR_SIAC156_cdc28e4a207db37a,-25.4936094,-49.2584485,22/02/2024,2024,Drenagem,Alagamentos,Rua Antônio Rebelatto,BOQUEIRAO,strong,"Rua Antônio Rebelatto, Boqueirão, Curitiba, Paraná, Região Sul, 81670-230, Brasil",1160996169,1,"flood (alagamento/enchente) - landslide excluded by category filter (SIAC 156 Assunto/Subdivisao is a distinct structured category, not free text)",siac156_curitiba_v1,"Ponto positivo administrativo geocodificado (mesmo criterio do v12 Recife). Nao e ground truth cartografico individual -- confianca strong = correspondencia de rua (geometria, nao numero exato); medium = fallback bairro-centroide.","Nao usar como escore, threshold ou variavel derivada do rotulo. Nao promover a 'validado'/'confirmado' sem revisao do REV-P."
Curitiba,1,CUR_SIAC156_835ffd03df250f5a,-25.4984136,-49.2895871,19/02/2024,2024,Drenagem,Alagamentos,Rua Rodolpho Senff Júnior,CAPAO RASO,strong,"Rua Rodolpho Senff Júnior, Capão Raso, Curitiba, Paraná, Região Sul, 81110-110, Brasil",24576817,1,"flood (alagamento/enchente) - landslide excluded by category filter (SIAC 156 Assunto/Subdivisao is a distinct structured category, not free text)",siac156_curitiba_v1,"Ponto positivo administrativo geocodificado (mesmo criterio do v12 Recife). Nao e ground truth cartografico individual -- confianca strong = correspondencia de rua (geometria, nao numero exato); medium = fallback bairro-centroide.","Nao usar como escore, threshold ou variavel derivada do rotulo. Nao promover a 'validado'/'confirmado' sem revisao do REV-P."
Curitiba,1,CUR_SIAC156_96516854f0c75286,-25.4915557,-49.2241957,23/02/2024,2024,Drenagem,Alagamentos,Rua Simão Guebur,UBERABA,strong,"Rua Simão Guebur, Uberaba, Curitiba, Paraná, Região Sul, 81580-130, Brasil",158948455,1,"flood (alagamento/enchente) - landslide excluded by category filter (SIAC 156 Assunto/Subdivisao is a distinct structured category, not free text)",siac156_curitiba_v1,"Ponto positivo administrativo geocodificado (mesmo criterio do v12 Recife). Nao e ground truth cartografico individual -- confianca strong = correspondencia de rua (geometria, nao numero exato); medium = fallback bairro-centroide.","Nao usar como escore, threshold ou variavel derivada do rotulo. Nao promover a 'validado'/'confirmado' sem revisao do REV-P."
Curitiba,1,CUR_SIAC156_fe8fe424e30f31ad,-25.5659126,-49.3400119,19/02/2024,2024,Drenagem,Alagamentos,RUA JOSÉ ANIBAL DUTRA LAMIM,TATUQUARA,strong,"Rua José Anibal Dutra Lamim, Moradias Santa Rita, Tatuquara, Curitiba, Paraná, Região Sul, 81470-085, Brasil",165612876,1,"flood (alagamento/enchente) - landslide excluded by category filter (SIAC 156 Assunto/Subdivisao is a distinct structured category, not free text)",siac156_curitiba_v1,"Ponto positivo administrativo geocodificado (mesmo criterio do v12 Recife). Nao e ground truth cartografico individual -- confianca strong = correspondencia de rua (geometria, nao numero exato); medium = fallback bairro-centroide.","Nao usar como escore, threshold ou variavel derivada do rotulo. Nao promover a 'validado'/'confirmado' sem revisao do REV-P."
Curitiba,1,CUR_SIAC156_4c336716a3b8cb2e,-25.4897462,-49.2419587,19/02/2024,2024,Drenagem,Alagamentos,RUA ANNE FRANK,BOQUEIRAO,strong,"Rua Anne Frank, Boqueirão, Curitiba, Paraná, Região Sul, 81670-000, Brasil",83933978,1,"flood (alagamento/enchente) - landslide excluded by category filter (SIAC 156 Assunto/Subdivisao is a distinct structured category, not free text)",siac156_curitiba_v1,"Ponto positivo administrativo geocodificado (mesmo criterio do v12 Recife). Nao e ground truth cartografico individual -- confianca strong = correspondencia de rua (geometria, nao numero exato); medium = fallback bairro-centroide.","Nao usar como escore, threshold ou variavel derivada do rotulo. Nao promover a 'validado'/'confirmado' sem revisao do REV-P."
Curitiba,1,CUR_SIAC156_8e1a3856e1bc7c32,-25.5351751,-49.2620216,19/02/2024,2024,Drenagem,Alagamentos,RUA JOSÉ AUGUSTO DA SILVA,SITIO CERCADO,strong,"Rua Mário Ribeiro Chimelli, Sítio Cercado, Curitiba, Paraná, Região Sul, 81910-470, Brasil",654634896,1,"flood (alagamento/enchente) - landslide excluded by category filter (SIAC 156 Assunto/Subdivisao is a distinct structured category, not free text)",siac156_curitiba_v1,"Ponto positivo administrativo geocodificado (mesmo criterio do v12 Recife). Nao e ground truth cartografico individual -- confianca strong = correspondencia de rua (geometria, nao numero exato); medium = fallback bairro-centroide.","Nao usar como escore, threshold ou variavel derivada do rotulo. Nao promover a 'validado'/'confirmado' sem revisao do REV-P."
Curitiba,1,CUR_SIAC156_a79d0dfa35434568,-25.3968497,-49.2344563,19/02/2024,2024,Drenagem,Alagamentos,RUA VALPARAIZO,BACACHERI,medium,"Bacacheri, Curitiba, Paraná, Região Sul, Brasil",6231364,1,"flood (alagamento/enchente) - landslide excluded by category filter (SIAC 156 Assunto/Subdivisao is a distinct structured category, not free text)",siac156_curitiba_v1,"Ponto positivo administrativo geocodificado (mesmo criterio do v12 Recife). Nao e ground truth cartografico individual -- confianca strong = correspondencia de rua (geometria, nao numero exato); medium = fallback bairro-centroide.","Nao usar como escore, threshold ou variavel derivada do rotulo. Nao promover a 'validado'/'confirmado' sem revisao do REV-P."
Curitiba,1,CUR_SIAC156_b6d3a4abe4f8c7e7,-25.4977112,-49.2133816,19/02/2024,2024,Drenagem,Alagamentos,Rua Jacob Brandalise,UBERABA,strong,"Rua Jacob Brandalise, Uberaba, Curitiba, Paraná, Região Sul, 81580-420, Brasil",125391969,2,"flood (alagamento/enchente) - landslide excluded by category filter (SIAC 156 Assunto/Subdivisao is a distinct structured category, not free text)",siac156_curitiba_v1,"Ponto positivo administrativo geocodificado (mesmo criterio do v12 Recife). Nao e ground truth cartografico individual -- confianca strong = correspondencia de rua (geometria, nao numero exato); medium = fallback bairro-centroide.","Nao usar como escore, threshold ou variavel derivada do rotulo. Nao promover a 'validado'/'confirmado' sem revisao do REV-P."
Curitiba,1,CUR_SIAC156_b6d3a4abe4f8c7e7,-25.4977112,-49.2133816,19/02/2024,2024,Drenagem,Alagamentos,Rua Jacob Brandalise,UBERABA,strong,"Rua Jacob Brandalise, Uberaba, Curitiba, Paraná, Região Sul, 81580-420, Brasil",125391969,2,"flood (alagamento/enchente) - landslide excluded by category filter (SIAC 156 Assunto/Subdivisao is a distinct structured category, not free text)",siac156_curitiba_v1,"Ponto positivo administrativo geocodificado (mesmo criterio do v12 Recife). Nao e ground truth cartografico individual -- confianca strong = correspondencia de rua (geometria, nao numero exato); medium = fallback bairro-centroide.","Nao usar como escore, threshold ou variavel derivada do rotulo. Nao promover a 'validado'/'confirmado' sem revisao do REV-P."
Curitiba,1,CUR_SIAC156_53d1d69f18810b80,-25.5008748,-49.2678646,20/02/2024,2024,Drenagem,Alagamentos,RUA BITURUNA,XAXIM,medium,"Xaxim, Curitiba, Paraná, Região Sul, 81710-210, Brasil",3012156958,1,"flood (alagamento/enchente) - landslide excluded by category filter (SIAC 156 Assunto/Subdivisao is a distinct structured category, not free text)",siac156_curitiba_v1,"Ponto positivo administrativo geocodificado (mesmo criterio do v12 Recife). Nao e ground truth cartografico individual -- confianca strong = correspondencia de rua (geometria, nao numero exato); medium = fallback bairro-centroide.","Nao usar como escore, threshold ou variavel derivada do rotulo. Nao promover a 'validado'/'confirmado' sem revisao do REV-P."
Curitiba,1,CUR_SIAC156_69ebdfdc3288b280,-25.5274945,-49.2444717,22/02/2024,2024,Drenagem,Alagamentos,Rua Salvador Evangelista,ALTO BOQUEIRAO,strong,"Rua Salvador Evangelista, teste, Alto Boqueirão, Curitiba, Paraná, Região Sul, 81770-710, Brasil",126814908,1,"flood (alagamento/enchente) - landslide excluded by category filter (SIAC 156 Assunto/Subdivisao is a distinct structured category, not free text)",siac156_curitiba_v1,"Ponto positivo administrativo geocodificado (mesmo criterio do v12 Recife). Nao e ground truth cartografico individual -- confianca strong = correspondencia de rua (geometria, nao numero exato); medium = fallback bairro-centroide.","Nao usar como escore, threshold ou variavel derivada do rotulo. Nao promover a 'validado'/'confirmado' sem revisao do REV-P."
Curitiba,1,CUR_SIAC156_27f8ca8be26160a9,-25.4357781,-49.2683315,22/02/2024,2024,Drenagem,Alagamentos,RUA LOURENÇO PINTO,CENTRO,strong,"Rua Lourenço Pinto, Centro, Curitiba, Paraná, Região Sul, 80010-130, Brasil",1037027923,1,"flood (alagamento/enchente) - landslide excluded by category filter (SIAC 156 Assunto/Subdivisao is a distinct structured category, not free text)",siac156_curitiba_v1,"Ponto positivo administrativo geocodificado (mesmo criterio do v12 Recife). Nao e ground truth cartografico individual -- confianca strong = correspondencia de rua (geometria, nao numero exato); medium = fallback bairro-centroide.","Nao usar como escore, threshold ou variavel derivada do rotulo. Nao promover a 'validado'/'confirmado' sem revisao do REV-P."
Curitiba,1,CUR_SIAC156_c9e626a0fbd14db6,-25.549938,-49.2632734,27/02/2024,2024,Drenagem,Alagamentos,Rua Professora Kloldi Jane Assis,SITIO CERCADO,strong,"Rua Professora Kloldi Jane Assis, Sítio Cercado, Curitiba, Paraná, Região Sul, 81925-410, Brasil",127268388,1,"flood (alagamento/enchente) - landslide excluded by category filter (SIAC 156 Assunto/Subdivisao is a distinct structured category, not free text)",siac156_curitiba_v1,"Ponto positivo administrativo geocodificado (mesmo criterio do v12 Recife). Nao e ground truth cartografico individual -- confianca strong = correspondencia de rua (geometria, nao numero exato); medium = fallback bairro-centroide.","Nao usar como escore, threshold ou variavel derivada do rotulo. Nao promover a 'validado'/'confirmado' sem revisao do REV-P."
Curitiba,1,CUR_SIAC156_735a3abd1daf4293,-25.430765,-49.2276,29/02/2024,2024,Drenagem,Alagamentos,Rua General Polli Coelho,TARUMA,strong,"Rua General Polli Coelho, Tarumã, Curitiba, Paraná, Região Sul, 82800-030, Brasil",24877329,1,"flood (alagamento/enchente) - landslide excluded by category filter (SIAC 156 Assunto/Subdivisao is a distinct structured category, not free text)",siac156_curitiba_v1,"Ponto positivo administrativo geocodificado (mesmo criterio do v12 Recife). Nao e ground truth cartografico individual -- confianca strong = correspondencia de rua (geometria, nao numero exato); medium = fallback bairro-centroide.","Nao usar como escore, threshold ou variavel derivada do rotulo. Nao promover a 'validado'/'confirmado' sem revisao do REV-P."
Curitiba,1,CUR_SIAC156_a41913f0c66f5d98,-25.4696919,-49.3244633,29/02/2024,2024,Drenagem,Alagamentos,Rua Rio do Sul,CAMPO COMPRIDO,strong,"Rua Rio do Sul, Campo Comprido, Curitiba, Paraná, Região Sul, 81320-390, Brasil",161501509,1,"flood (alagamento/enchente) - landslide excluded by category filter (SIAC 156 Assunto/Subdivisao is a distinct structured category, not free text)",siac156_curitiba_v1,"Ponto positivo administrativo geocodificado (mesmo criterio do v12 Recife). Nao e ground truth cartografico individual -- confianca strong = correspondencia de rua (geometria, nao numero exato); medium = fallback bairro-centroide.","Nao usar como escore, threshold ou variavel derivada do rotulo. Nao promover a 'validado'/'confirmado' sem revisao do REV-P."
Curitiba,1,CUR_SIAC156_279008231b8dc3f9,-25.4870889,-49.3338694,29/02/2024,2024,Drenagem,Alagamentos,Rua Olegário Maciel,FAZENDINHA,strong,"Rua Olegário Maciel, Cidade Industrial de Curitiba, Curitiba, Paraná, Região Sul, 81330-430, Brasil",83705686,1,"flood (alagamento/enchente) - landslide excluded by category filter (SIAC 156 Assunto/Subdivisao is a distinct structured category, not free text)",siac156_curitiba_v1,"Ponto positivo administrativo geocodificado (mesmo criterio do v12 Recife). Nao e ground truth cartografico individual -- confianca strong = correspondencia de rua (geometria, nao numero exato); medium = fallback bairro-centroide.","Nao usar como escore, threshold ou variavel derivada do rotulo. Nao promover a 'validado'/'confirmado' sem revisao do REV-P."
Curitiba,1,CUR_SIAC156_61752862b5d9cd3e,-25.508146,-49.2790873,21/02/2024,2024,Drenagem,Alagamentos,RUA DESEMBARGADOR JOÃO ANTONIO DE BARROS JÚNIOR,XAXIM,strong,"Rua Desembargador João Antônio de Barros Júnior, Vila São Pedro, Xaxim, Curitiba, Paraná, Região Sul, 81810-590, Brasil",84999454,1,"flood (alagamento/enchente) - landslide excluded by category filter (SIAC 156 Assunto/Subdivisao is a distinct structured category, not free text)",siac156_curitiba_v1,"Ponto positivo administrativo geocodificado (mesmo criterio do v12 Recife). Nao e ground truth cartografico individual -- confianca strong = correspondencia de rua (geometria, nao numero exato); medium = fallback bairro-centroide.","Nao usar como escore, threshold ou variavel derivada do rotulo. Nao promover a 'validado'/'confirmado' sem revisao do REV-P."
Curitiba,1,CUR_SIAC156_56af2d793b49660b,-25.4598482,-49.235753,02/03/2024,2024,Drenagem,Alagamentos,RUA EDMUNDO ANGELY,JARDIM DAS AMERICAS,strong,"Rua Edmundo Angely, Jardim das Américas, Curitiba, Paraná, Região Sul, 81530-001, Brasil",125381914,1,"flood (alagamento/enchente) - landslide excluded by category filter (SIAC 156 Assunto/Subdivisao is a distinct structured category, not free text)",siac156_curitiba_v1,"Ponto positivo administrativo geocodificado (mesmo criterio do v12 Recife). Nao e ground truth cartografico individual -- confianca strong = correspondencia de rua (geometria, nao numero exato); medium = fallback bairro-centroide.","Nao usar como escore, threshold ou variavel derivada do rotulo. Nao promover a 'validado'/'confirmado' sem revisao do REV-P."
Curitiba,1,CUR_SIAC156_f389be8241afc2b5,-25.5333888,-49.2764132,05/03/2024,2024,Drenagem,Alagamentos,Rua João Socha,SITIO CERCADO,strong,"Rua João Socha, Sítio Cercado, Curitiba, Paraná, Região Sul, 81900-050, Brasil",127264759,1,"flood (alagamento/enchente) - landslide excluded by category filter (SIAC 156 Assunto/Subdivisao is a distinct structured category, not free text)",siac156_curitiba_v1,"Ponto positivo administrativo geocodificado (mesmo criterio do v12 Recife). Nao e ground truth cartografico individual -- confianca strong = correspondencia de rua (geometria, nao numero exato); medium = fallback bairro-centroide.","Nao usar como escore, threshold ou variavel derivada do rotulo. Nao promover a 'validado'/'confirmado' sem revisao do REV-P."
Curitiba,1,CUR_SIAC156_5ca5ca6d0c27923c,-25.5443334,-49.282933,05/03/2024,2024,Drenagem,Alagamentos,RUA CELESTE TORTATO GABARDO,SITIO CERCADO,strong,"Rua Celeste Tortato Gabardo, Vila Nova Aurora, Sítio Cercado, Curitiba, Paraná, Região Sul, 81900-440, Brasil",1226253026,1,"flood (alagamento/enchente) - landslide excluded by category filter (SIAC 156 Assunto/Subdivisao is a distinct structured category, not free text)",siac156_curitiba_v1,"Ponto positivo administrativo geocodificado (mesmo criterio do v12 Recife). Nao e ground truth cartografico individual -- confianca strong = correspondencia de rua (geometria, nao numero exato); medium = fallback bairro-centroide.","Nao usar como escore, threshold ou variavel derivada do rotulo. Nao promover a 'validado'/'confirmado' sem revisao do REV-P."
Curitiba,1,CUR_SIAC156_c92e0e7a286526b2,-25.497503,-49.2503042,05/03/2024,2024,Drenagem,Alagamentos,RUA PROFESSOR JOSÉ MAURÍCIO HIGGINS,BOQUEIRAO,strong,"Rua Professor José Maurício Higgins, Boqueirão, Curitiba, Paraná, Região Sul, 81670-110, Brasil",84872570,1,"flood (alagamento/enchente) - landslide excluded by category filter (SIAC 156 Assunto/Subdivisao is a distinct structured category, not free text)",siac156_curitiba_v1,"Ponto positivo administrativo geocodificado (mesmo criterio do v12 Recife). Nao e ground truth cartografico individual -- confianca strong = correspondencia de rua (geometria, nao numero exato); medium = fallback bairro-centroide.","Nao usar como escore, threshold ou variavel derivada do rotulo. Nao promover a 'validado'/'confirmado' sem revisao do REV-P."
Curitiba,1,CUR_SIAC156_948e5647a0d4ed71,-25.534975,-49.2548598,05/03/2024,2024,Drenagem,Alagamentos,Rua Tenente José Mendes Magno,SITIO CERCADO,strong,"Rua Tenente José Mendes Magno, Sítio Cercado, Curitiba, Paraná, Região Sul, 81920-640, Brasil",127245297,1,"flood (alagamento/enchente) - landslide excluded by category filter (SIAC 156 Assunto/Subdivisao is a distinct structured category, not free text)",siac156_curitiba_v1,"Ponto positivo administrativo geocodificado (mesmo criterio do v12 Recife). Nao e ground truth cartografico individual -- confianca strong = correspondencia de rua (geometria, nao numero exato); medium = fallback bairro-centroide.","Nao usar como escore, threshold ou variavel derivada do rotulo. Nao promover a 'validado'/'confirmado' sem revisao do REV-P."
Curitiba,1,CUR_SIAC156_44d05c8e327170c1,-25.4966247,-49.2124582,06/03/2024,2024,Drenagem,Alagamentos,RUA SWAMI VIVEKANANDA,UBERABA,strong,"Rua Swami Vivekananda, Uberaba, Curitiba, Paraná, Região Sul, 81560-560, Brasil",125391980,2,"flood (alagamento/enchente) - landslide excluded by category filter (SIAC 156 Assunto/Subdivisao is a distinct structured category, not free text)",siac156_curitiba_v1,"Ponto positivo administrativo geocodificado (mesmo criterio do v12 Recife). Nao e ground truth cartografico individual -- confianca strong = correspondencia de rua (geometria, nao numero exato); medium = fallback bairro-centroide.","Nao usar como escore, threshold ou variavel derivada do rotulo. Nao promover a 'validado'/'confirmado' sem revisao do REV-P."
Curitiba,1,CUR_SIAC156_eb533cf9a48da23f,-25.4966247,-49.2124582,06/03/2024,2024,Drenagem,Alagamentos,Rua Swami Vivekananda,UBERABA,strong,"Rua Swami Vivekananda, Uberaba, Curitiba, Paraná, Região Sul, 81560-560, Brasil",125391980,2,"flood (alagamento/enchente) - landslide excluded by category filter (SIAC 156 Assunto/Subdivisao is a distinct structured category, not free text)",siac156_curitiba_v1,"Ponto positivo administrativo geocodificado (mesmo criterio do v12 Recife). Nao e ground truth cartografico individual -- confianca strong = correspondencia de rua (geometria, nao numero exato); medium = fallback bairro-centroide.","Nao usar como escore, threshold ou variavel derivada do rotulo. Nao promover a 'validado'/'confirmado' sem revisao do REV-P."
Curitiba,1,CUR_SIAC156_75b4f84f53a51f7a,-25.4215566,-49.2692821,23/02/2024,2024,Drenagem,Alagamentos,Avenida Cândido de Abreu,CENTRO CIVICO,strong,"Avenida Cândido de Abreu, Centro Cívico, Curitiba, Paraná, Região Sul, 81450-360, Brasil",663377907,1,"flood (alagamento/enchente) - landslide excluded by category filter (SIAC 156 Assunto/Subdivisao is a distinct structured category, not free text)",siac156_curitiba_v1,"Ponto positivo administrativo geocodificado (mesmo criterio do v12 Recife). Nao e ground truth cartografico individual -- confianca strong = correspondencia de rua (geometria, nao numero exato); medium = fallback bairro-centroide.","Nao usar como escore, threshold ou variavel derivada do rotulo. Nao promover a 'validado'/'confirmado' sem revisao do REV-P."
Curitiba,1,CUR_SIAC156_0033b2b93c31619f,-25.552029,-49.2735237,05/03/2024,2024,Drenagem,Alagamentos,RUA NOVA CANTU,SITIO CERCADO,strong,"Rua Nova Cantu, Sítio Cercado, Curitiba, Paraná, Região Sul, 81925-417, Brasil",439144123,1,"flood (alagamento/enchente) - landslide excluded by category filter (SIAC 156 Assunto/Subdivisao is a distinct structured category, not free text)",siac156_curitiba_v1,"Ponto positivo administrativo geocodificado (mesmo criterio do v12 Recife). Nao e ground truth cartografico individual -- confianca strong = correspondencia de rua (geometria, nao numero exato); medium = fallback bairro-centroide.","Nao usar como escore, threshold ou variavel derivada do rotulo. Nao promover a 'validado'/'confirmado' sem revisao do REV-P."
Curitiba,1,CUR_SIAC156_e9fb05143c0638e7,-25.4602304,-49.2837278,04/03/2024,2024,Drenagem,Alagamentos,Rua Professor Assis Gonçalves,AGUA VERDE,strong,"Rua Professor Assis Gonçalves, Água Verde, Curitiba, Paraná, Região Sul, 80620-130, Brasil",52708917,1,"flood (alagamento/enchente) - landslide excluded by category filter (SIAC 156 Assunto/Subdivisao is a distinct structured category, not free text)",siac156_curitiba_v1,"Ponto positivo administrativo geocodificado (mesmo criterio do v12 Recife). Nao e ground truth cartografico individual -- confianca strong = correspondencia de rua (geometria, nao numero exato); medium = fallback bairro-centroide.","Nao usar como escore, threshold ou variavel derivada do rotulo. Nao promover a 'validado'/'confirmado' sem revisao do REV-P."
Curitiba,1,CUR_SIAC156_c8a041c6823dc407,-25.5485856,-49.269814,04/03/2024,2024,Drenagem,Alagamentos,Rua Nova Aurora,SITIO CERCADO,strong,"Rua Nova Aurora, Sítio Cercado, Curitiba, Paraná, Região Sul, 81925-120, Brasil",568800827,1,"flood (alagamento/enchente) - landslide excluded by category filter (SIAC 156 Assunto/Subdivisao is a distinct structured category, not free text)",siac156_curitiba_v1,"Ponto positivo administrativo geocodificado (mesmo criterio do v12 Recife). Nao e ground truth cartografico individual -- confianca strong = correspondencia de rua (geometria, nao numero exato); medium = fallback bairro-centroide.","Nao usar como escore, threshold ou variavel derivada do rotulo. Nao promover a 'validado'/'confirmado' sem revisao do REV-P."
Curitiba,1,CUR_SIAC156_9084ed09de7e98f4,-25.5516938,-49.2528119,04/03/2024,2024,Drenagem,Alagamentos,Rua Guaçuí,SITIO CERCADO,strong,"Rua Guaçuí, Sítio Cercado, Curitiba, Paraná, Região Sul, 81935-060, Brasil",390169297,1,"flood (alagamento/enchente) - landslide excluded by category filter (SIAC 156 Assunto/Subdivisao is a distinct structured category, not free text)",siac156_curitiba_v1,"Ponto positivo administrativo geocodificado (mesmo criterio do v12 Recife). Nao e ground truth cartografico individual -- confianca strong = correspondencia de rua (geometria, nao numero exato); medium = fallback bairro-centroide.","Nao usar como escore, threshold ou variavel derivada do rotulo. Nao promover a 'validado'/'confirmado' sem revisao do REV-P."
Curitiba,1,CUR_SIAC156_5ebf539e461186e2,-25.5068695,-49.2294642,20/10/2025,2025,Drenagem,Alagamentos,RUA BARTOLOMEU LOURENÇO DE GUSMÃO,BOQUEIRAO,strong,"Rua Bartolomeu Lourenço de Gusmão, Boqueirão, Curitiba, Paraná, Região Sul, 81730-360, Brasil",55204873,1,"flood (alagamento/enchente) - landslide excluded by category filter (SIAC 156 Assunto/Subdivisao is a distinct structured category, not free text)",siac156_curitiba_v1,"Ponto positivo administrativo geocodificado (mesmo criterio do v12 Recife). Nao e ground truth cartografico individual -- confianca strong = correspondencia de rua (geometria, nao numero exato); medium = fallback bairro-centroide.","Nao usar como escore, threshold ou variavel derivada do rotulo. Nao promover a 'validado'/'confirmado' sem revisao do REV-P."
Curitiba,1,CUR_SIAC156_8fd7025ac39320d0,-25.4722848,-49.2892382,25/12/2025,2025,Drenagem,Alagamentos,Ponta Grossa,PORTAO,strong,"Rua Ponta Grossa, Portão, Curitiba, Paraná, Região Sul, 80610-240, Brasil",39483159,1,"flood (alagamento/enchente) - landslide excluded by category filter (SIAC 156 Assunto/Subdivisao is a distinct structured category, not free text)",siac156_curitiba_v1,"Ponto positivo administrativo geocodificado (mesmo criterio do v12 Recife). Nao e ground truth cartografico individual -- confianca strong = correspondencia de rua (geometria, nao numero exato); medium = fallback bairro-centroide.","Nao usar como escore, threshold ou variavel derivada do rotulo. Nao promover a 'validado'/'confirmado' sem revisao do REV-P."
Curitiba,1,CUR_SIAC156_76344eac6171253d,-25.4594422,-49.2591324,31/12/2025,2025,Drenagem,Alagamentos,Doutor Carvalho Chaves,PAROLIN,strong,"Rua Doutor Carvalho Chaves, Parolin, Curitiba, Paraná, Região Sul, 80220-902, Brasil",46208601,2,"flood (alagamento/enchente) - landslide excluded by category filter (SIAC 156 Assunto/Subdivisao is a distinct structured category, not free text)",siac156_curitiba_v1,"Ponto positivo administrativo geocodificado (mesmo criterio do v12 Recife). Nao e ground truth cartografico individual -- confianca strong = correspondencia de rua (geometria, nao numero exato); medium = fallback bairro-centroide.","Nao usar como escore, threshold ou variavel derivada do rotulo. Nao promover a 'validado'/'confirmado' sem revisao do REV-P."
Curitiba,1,CUR_SIAC156_76344eac6171253d,-25.4594422,-49.2591324,31/12/2025,2025,Drenagem,Alagamentos,Doutor Carvalho Chaves,PAROLIN,strong,"Rua Doutor Carvalho Chaves, Parolin, Curitiba, Paraná, Região Sul, 80220-902, Brasil",46208601,2,"flood (alagamento/enchente) - landslide excluded by category filter (SIAC 156 Assunto/Subdivisao is a distinct structured category, not free text)",siac156_curitiba_v1,"Ponto positivo administrativo geocodificado (mesmo criterio do v12 Recife). Nao e ground truth cartografico individual -- confianca strong = correspondencia de rua (geometria, nao numero exato); medium = fallback bairro-centroide.","Nao usar como escore, threshold ou variavel derivada do rotulo. Nao promover a 'validado'/'confirmado' sem revisao do REV-P."
Curitiba,1,CUR_SIAC156_c1a368a69212bf96,-25.4637167,-49.2601128,31/12/2025,2025,Drenagem,Alagamentos,Francisco Parolin,PAROLIN,strong,"Rua Francisco Parolin, Parolin, Curitiba, Paraná, Região Sul, 80220-390, Brasil",53814835,1,"flood (alagamento/enchente) - landslide excluded by category filter (SIAC 156 Assunto/Subdivisao is a distinct structured category, not free text)",siac156_curitiba_v1,"Ponto positivo administrativo geocodificado (mesmo criterio do v12 Recife). Nao e ground truth cartografico individual -- confianca strong = correspondencia de rua (geometria, nao numero exato); medium = fallback bairro-centroide.","Nao usar como escore, threshold ou variavel derivada do rotulo. Nao promover a 'validado'/'confirmado' sem revisao do REV-P."
Curitiba,1,CUR_SIAC156_4e2054c594278815,-25.3985851,-49.3500697,09/09/2025,2025,Drenagem,Alagamentos,João Volpe,BUTIATUVINHA,strong,"Rua João Volpe, Butiatuvinha, Curitiba, Paraná, Região Sul, 82320-390, Brasil",158111828,1,"flood (alagamento/enchente) - landslide excluded by category filter (SIAC 156 Assunto/Subdivisao is a distinct structured category, not free text)",siac156_curitiba_v1,"Ponto positivo administrativo geocodificado (mesmo criterio do v12 Recife). Nao e ground truth cartografico individual -- confianca strong = correspondencia de rua (geometria, nao numero exato); medium = fallback bairro-centroide.","Nao usar como escore, threshold ou variavel derivada do rotulo. Nao promover a 'validado'/'confirmado' sem revisao do REV-P."
Curitiba,1,CUR_SIAC156_d1e0cd4a7aa4e359,-25.4145678,-49.3560263,30/10/2025,2025,Drenagem,Alagamentos,Jaçanã,SAO BRAZ,strong,"Rua Jaçanã, São Braz, Curitiba, Paraná, Região Sul, 82315-420, Brasil",126814570,1,"flood (alagamento/enchente) - landslide excluded by category filter (SIAC 156 Assunto/Subdivisao is a distinct structured category, not free text)",siac156_curitiba_v1,"Ponto positivo administrativo geocodificado (mesmo criterio do v12 Recife). Nao e ground truth cartografico individual -- confianca strong = correspondencia de rua (geometria, nao numero exato); medium = fallback bairro-centroide.","Nao usar como escore, threshold ou variavel derivada do rotulo. Nao promover a 'validado'/'confirmado' sem revisao do REV-P."
Curitiba,1,CUR_SIAC156_f7368bf197ab9f23,-25.4001938,-49.3562253,04/12/2025,2025,Drenagem,Alagamentos,RUA SOLEDADE REGINA SANZOVO MOURÃO,BUTIATUVINHA,medium,"Butiatuvinha, Curitiba, Paraná, Região Sul, 82310-110, Brasil",3012346894,1,"flood (alagamento/enchente) - landslide excluded by category filter (SIAC 156 Assunto/Subdivisao is a distinct structured category, not free text)",siac156_curitiba_v1,"Ponto positivo administrativo geocodificado (mesmo criterio do v12 Recife). Nao e ground truth cartografico individual -- confianca strong = correspondencia de rua (geometria, nao numero exato); medium = fallback bairro-centroide.","Nao usar como escore, threshold ou variavel derivada do rotulo. Nao promover a 'validado'/'confirmado' sem revisao do REV-P."
Curitiba,1,CUR_SIAC156_454a54408e1a4039,-25.4339089,-49.2994023,29/10/2025,2025,Drenagem,Alagamentos,PRACA PADRE AGOSTINHO LEGROS,BIGORRILHO,medium,"Bigorrilho, Curitiba, Paraná, Região Sul, Brasil",6228349,1,"flood (alagamento/enchente) - landslide excluded by category filter (SIAC 156 Assunto/Subdivisao is a distinct structured category, not free text)",siac156_curitiba_v1,"Ponto positivo administrativo geocodificado (mesmo criterio do v12 Recife). Nao e ground truth cartografico individual -- confianca strong = correspondencia de rua (geometria, nao numero exato); medium = fallback bairro-centroide.","Nao usar como escore, threshold ou variavel derivada do rotulo. Nao promover a 'validado'/'confirmado' sem revisao do REV-P."
Curitiba,1,CUR_SIAC156_0ee37679a632e048,-25.4423537,-49.251072,19/11/2025,2025,Drenagem,Alagamentos,Comendador Franco,JARDIM BOTANICO,strong,"Avenida Comendador Franco, Jardim Botânico, Curitiba, Paraná, Região Sul, 80210-000, Brasil",382045028,1,"flood (alagamento/enchente) - landslide excluded by category filter (SIAC 156 Assunto/Subdivisao is a distinct structured category, not free text)",siac156_curitiba_v1,"Ponto positivo administrativo geocodificado (mesmo criterio do v12 Recife). Nao e ground truth cartografico individual -- confianca strong = correspondencia de rua (geometria, nao numero exato); medium = fallback bairro-centroide.","Nao usar como escore, threshold ou variavel derivada do rotulo. Nao promover a 'validado'/'confirmado' sem revisao do REV-P."
Curitiba,1,CUR_SIAC156_c51947c5de06db9f,-25.4264247,-49.2952568,11/12/2025,2025,Drenagem,Alagamentos,Júlia Wanderley,MERCES,strong,"Rua Júlia Wanderley, Mercês, Curitiba, Paraná, Região Sul, 80710-240, Brasil",163603467,1,"flood (alagamento/enchente) - landslide excluded by category filter (SIAC 156 Assunto/Subdivisao is a distinct structured category, not free text)",siac156_curitiba_v1,"Ponto positivo administrativo geocodificado (mesmo criterio do v12 Recife). Nao e ground truth cartografico individual -- confianca strong = correspondencia de rua (geometria, nao numero exato); medium = fallback bairro-centroide.","Nao usar como escore, threshold ou variavel derivada do rotulo. Nao promover a 'validado'/'confirmado' sem revisao do REV-P."
Curitiba,1,CUR_SIAC156_f73f4e177c7afe46,-25.440597,-49.2783098,11/12/2025,2025,Drenagem,Alagamentos,RUA DESEMBARGADOR MOTTA,CENTRO,strong,"Rua Desembargador Motta, Centro, Curitiba, Paraná, Região Sul, 80250-220, Brasil",231095196,1,"flood (alagamento/enchente) - landslide excluded by category filter (SIAC 156 Assunto/Subdivisao is a distinct structured category, not free text)",siac156_curitiba_v1,"Ponto positivo administrativo geocodificado (mesmo criterio do v12 Recife). Nao e ground truth cartografico individual -- confianca strong = correspondencia de rua (geometria, nao numero exato); medium = fallback bairro-centroide.","Nao usar como escore, threshold ou variavel derivada do rotulo. Nao promover a 'validado'/'confirmado' sem revisao do REV-P."
Curitiba,1,CUR_SIAC156_e1a55191afe77cae,-25.4783674,-49.254444,23/11/2025,2025,Drenagem,Alagamentos,Presidente Pádua Fleury,HAUER,strong,"Rua Presidente Pádua Fleury, Hauer, Curitiba, Paraná, Região Sul, 81630-050, Brasil",55204885,1,"flood (alagamento/enchente) - landslide excluded by category filter (SIAC 156 Assunto/Subdivisao is a distinct structured category, not free text)",siac156_curitiba_v1,"Ponto positivo administrativo geocodificado (mesmo criterio do v12 Recife). Nao e ground truth cartografico individual -- confianca strong = correspondencia de rua (geometria, nao numero exato); medium = fallback bairro-centroide.","Nao usar como escore, threshold ou variavel derivada do rotulo. Nao promover a 'validado'/'confirmado' sem revisao do REV-P."
Curitiba,1,CUR_SIAC156_f2a1d458c583e778,-25.4642589,-49.2803828,30/11/2025,2025,Drenagem,Alagamentos,Eugênio José de Souza,AGUA VERDE,strong,"Rua Eugênio José de Souza, Água Verde, Curitiba, Paraná, Região Sul, 80610-020, Brasil",231807299,2,"flood (alagamento/enchente) - landslide excluded by category filter (SIAC 156 Assunto/Subdivisao is a distinct structured category, not free text)",siac156_curitiba_v1,"Ponto positivo administrativo geocodificado (mesmo criterio do v12 Recife). Nao e ground truth cartografico individual -- confianca strong = correspondencia de rua (geometria, nao numero exato); medium = fallback bairro-centroide.","Nao usar como escore, threshold ou variavel derivada do rotulo. Nao promover a 'validado'/'confirmado' sem revisao do REV-P."
Curitiba,1,CUR_SIAC156_7476a277cffe0bc4,-25.4825469,-49.3295474,10/12/2025,2025,Drenagem,Alagamentos,Ary Rolim Costa,FAZENDINHA,strong,"Rua Ary Rolim Costa, Fazendinha, Curitiba, Paraná, Região Sul, 81330-300, Brasil",83705685,1,"flood (alagamento/enchente) - landslide excluded by category filter (SIAC 156 Assunto/Subdivisao is a distinct structured category, not free text)",siac156_curitiba_v1,"Ponto positivo administrativo geocodificado (mesmo criterio do v12 Recife). Nao e ground truth cartografico individual -- confianca strong = correspondencia de rua (geometria, nao numero exato); medium = fallback bairro-centroide.","Nao usar como escore, threshold ou variavel derivada do rotulo. Nao promover a 'validado'/'confirmado' sem revisao do REV-P."
Curitiba,1,CUR_SIAC156_2995f7ecfabbe020,-25.4668075,-49.2847174,16/12/2025,2025,Drenagem,Alagamentos,Amazonas,AGUA VERDE,strong,"Rua Amazonas, Água Verde, Curitiba, Paraná, Região Sul, 80610-020, Brasil",818447514,1,"flood (alagamento/enchente) - landslide excluded by category filter (SIAC 156 Assunto/Subdivisao is a distinct structured category, not free text)",siac156_curitiba_v1,"Ponto positivo administrativo geocodificado (mesmo criterio do v12 Recife). Nao e ground truth cartografico individual -- confianca strong = correspondencia de rua (geometria, nao numero exato); medium = fallback bairro-centroide.","Nao usar como escore, threshold ou variavel derivada do rotulo. Nao promover a 'validado'/'confirmado' sem revisao do REV-P."
Curitiba,1,CUR_SIAC156_320f47e7cf004558,-25.4642589,-49.2803828,16/12/2025,2025,Drenagem,Alagamentos,Eugênio José de Souza,AGUA VERDE,strong,"Rua Eugênio José de Souza, Água Verde, Curitiba, Paraná, Região Sul, 80610-020, Brasil",231807299,2,"flood (alagamento/enchente) - landslide excluded by category filter (SIAC 156 Assunto/Subdivisao is a distinct structured category, not free text)",siac156_curitiba_v1,"Ponto positivo administrativo geocodificado (mesmo criterio do v12 Recife). Nao e ground truth cartografico individual -- confianca strong = correspondencia de rua (geometria, nao numero exato); medium = fallback bairro-centroide.","Nao usar como escore, threshold ou variavel derivada do rotulo. Nao promover a 'validado'/'confirmado' sem revisao do REV-P."
Curitiba,1,CUR_SIAC156_320f47e7cf004558,-25.4642589,-49.2803828,16/12/2025,2025,Drenagem,Alagamentos,Eugênio José de Souza,AGUA VERDE,strong,"Rua Eugênio José de Souza, Água Verde, Curitiba, Paraná, Região Sul, 80610-020, Brasil",231807299,2,"flood (alagamento/enchente) - landslide excluded by category filter (SIAC 156 Assunto/Subdivisao is a distinct structured category, not free text)",siac156_curitiba_v1,"Ponto positivo administrativo geocodificado (mesmo criterio do v12 Recife). Nao e ground truth cartografico individual -- confianca strong = correspondencia de rua (geometria, nao numero exato); medium = fallback bairro-centroide.","Nao usar como escore, threshold ou variavel derivada do rotulo. Nao promover a 'validado'/'confirmado' sem revisao do REV-P."
Curitiba,1,CUR_SIAC156_2a27af6b09be5e8a,-25.4865848,-49.2739445,26/08/2025,2025,Drenagem,Alagamentos,José Ferreira Barros,FANNY,strong,"Rua José Ferreira de Barros, Fanny, Curitiba, Paraná, Região Sul, 81030-330, Brasil",126271628,1,"flood (alagamento/enchente) - landslide excluded by category filter (SIAC 156 Assunto/Subdivisao is a distinct structured category, not free text)",siac156_curitiba_v1,"Ponto positivo administrativo geocodificado (mesmo criterio do v12 Recife). Nao e ground truth cartografico individual -- confianca strong = correspondencia de rua (geometria, nao numero exato); medium = fallback bairro-centroide.","Nao usar como escore, threshold ou variavel derivada do rotulo. Nao promover a 'validado'/'confirmado' sem revisao do REV-P."
Curitiba,1,CUR_SIAC156_405d265b3decd220,-25.5233468,-49.2816414,23/09/2025,2025,Drenagem,Alagamentos,RUA DORACI DOLORES KERETCH,PINHEIRINHO,strong,"Rua Doraci Dolores Keretch, Moradias Saquarema, Pinheirinho, Curitiba, Paraná, Região Sul, 81820-450, Brasil",129002847,1,"flood (alagamento/enchente) - landslide excluded by category filter (SIAC 156 Assunto/Subdivisao is a distinct structured category, not free text)",siac156_curitiba_v1,"Ponto positivo administrativo geocodificado (mesmo criterio do v12 Recife). Nao e ground truth cartografico individual -- confianca strong = correspondencia de rua (geometria, nao numero exato); medium = fallback bairro-centroide.","Nao usar como escore, threshold ou variavel derivada do rotulo. Nao promover a 'validado'/'confirmado' sem revisao do REV-P."
Curitiba,1,CUR_SIAC156_35c03e5c42b3f7af,-25.56997,-49.2906267,22/12/2025,2025,Drenagem,Alagamentos,Rua Luiz Nichele,UMBARA,strong,"Rua Luiz Nichele, Umbará, Curitiba, Paraná, Região Sul, 81940-290, Brasil",630088270,1,"flood (alagamento/enchente) - landslide excluded by category filter (SIAC 156 Assunto/Subdivisao is a distinct structured category, not free text)",siac156_curitiba_v1,"Ponto positivo administrativo geocodificado (mesmo criterio do v12 Recife). Nao e ground truth cartografico individual -- confianca strong = correspondencia de rua (geometria, nao numero exato); medium = fallback bairro-centroide.","Nao usar como escore, threshold ou variavel derivada do rotulo. Nao promover a 'validado'/'confirmado' sem revisao do REV-P."
Curitiba,1,CUR_SIAC156_1aaf25c179dc70d1,-25.457243,-49.1981565,18/02/2025,2025,Proteção ao cidadão - GM,"Enchentes, inundações ou alagamentos",RUA JORGE KOZAKA,CAJURU,strong,"Rua Jorge Kozaka, Vila São Domingos Agrícola, Cajuru, Curitiba, Paraná, Região Sul, 82930-548, Brasil",364407984,1,"flood (alagamento/enchente) - landslide excluded by category filter (SIAC 156 Assunto/Subdivisao is a distinct structured category, not free text)",siac156_curitiba_v1,"Ponto positivo administrativo geocodificado (mesmo criterio do v12 Recife). Nao e ground truth cartografico individual -- confianca strong = correspondencia de rua (geometria, nao numero exato); medium = fallback bairro-centroide.","Nao usar como escore, threshold ou variavel derivada do rotulo. Nao promover a 'validado'/'confirmado' sem revisao do REV-P."
Curitiba,1,CUR_SIAC156_cf7f1de9a1da01e5,-25.4481529,-49.267654,21/02/2025,2025,Proteção ao cidadão - GM,"Enchentes, inundações ou alagamentos",RUA ALMIRANTE GONÇALVES,REBOUCAS,strong,"Rua Almirante Gonçalves, Rebouças, Curitiba, Paraná, Região Sul, 80230-050, Brasil",231107718,1,"flood (alagamento/enchente) - landslide excluded by category filter (SIAC 156 Assunto/Subdivisao is a distinct structured category, not free text)",siac156_curitiba_v1,"Ponto positivo administrativo geocodificado (mesmo criterio do v12 Recife). Nao e ground truth cartografico individual -- confianca strong = correspondencia de rua (geometria, nao numero exato); medium = fallback bairro-centroide.","Nao usar como escore, threshold ou variavel derivada do rotulo. Nao promover a 'validado'/'confirmado' sem revisao do REV-P."
Curitiba,1,CUR_SIAC156_9cd0449984d5fde9,-25.4705606,-49.2526987,21/02/2025,2025,Proteção ao cidadão - GM,"Enchentes, inundações ou alagamentos",AVENIDA MARECHAL FLORIANO PEIXOTO,HAUER,strong,"Avenida Marechal Floriano Peixoto, Hauer, Curitiba, Paraná, Região Sul, 80020-000, Brasil",24554235,1,"flood (alagamento/enchente) - landslide excluded by category filter (SIAC 156 Assunto/Subdivisao is a distinct structured category, not free text)",siac156_curitiba_v1,"Ponto positivo administrativo geocodificado (mesmo criterio do v12 Recife). Nao e ground truth cartografico individual -- confianca strong = correspondencia de rua (geometria, nao numero exato); medium = fallback bairro-centroide.","Nao usar como escore, threshold ou variavel derivada do rotulo. Nao promover a 'validado'/'confirmado' sem revisao do REV-P."
Curitiba,1,CUR_SIAC156_504f6804d7891775,-25.4345865,-49.2817894,21/02/2025,2025,Proteção ao cidadão - GM,"Enchentes, inundações ou alagamentos",RUA BRIGADEIRO FRANCO,CENTRO,strong,"Rua Brigadeiro Franco, Centro, Curitiba, Paraná, Região Sul, 80420-190, Brasil",663076698,1,"flood (alagamento/enchente) - landslide excluded by category filter (SIAC 156 Assunto/Subdivisao is a distinct structured category, not free text)",siac156_curitiba_v1,"Ponto positivo administrativo geocodificado (mesmo criterio do v12 Recife). Nao e ground truth cartografico individual -- confianca strong = correspondencia de rua (geometria, nao numero exato); medium = fallback bairro-centroide.","Nao usar como escore, threshold ou variavel derivada do rotulo. Nao promover a 'validado'/'confirmado' sem revisao do REV-P."
Curitiba,1,CUR_SIAC156_a0c8be07f7352151,-25.464443,-49.3061807,24/02/2025,2025,Proteção ao cidadão - GM,"Enchentes, inundações ou alagamentos",RUA IRATI,SANTA QUITERIA,strong,"Rua Irati, Santa Quitéria, Curitiba, Paraná, Região Sul, 80310-130, Brasil",510323814,1,"flood (alagamento/enchente) - landslide excluded by category filter (SIAC 156 Assunto/Subdivisao is a distinct structured category, not free text)",siac156_curitiba_v1,"Ponto positivo administrativo geocodificado (mesmo criterio do v12 Recife). Nao e ground truth cartografico individual -- confianca strong = correspondencia de rua (geometria, nao numero exato); medium = fallback bairro-centroide.","Nao usar como escore, threshold ou variavel derivada do rotulo. Nao promover a 'validado'/'confirmado' sem revisao do REV-P."
Curitiba,1,CUR_SIAC156_7471614fc011b8f2,-25.4621733,-49.264847,25/12/2025,2025,Drenagem,Alagamentos,RUA LAMENHA LINS,PAROLIN,strong,"Rua Lamenha Lins, Parolin, Curitiba, Paraná, Região Sul, 80220-390, Brasil",758187579,1,"flood (alagamento/enchente) - landslide excluded by category filter (SIAC 156 Assunto/Subdivisao is a distinct structured category, not free text)",siac156_curitiba_v1,"Ponto positivo administrativo geocodificado (mesmo criterio do v12 Recife). Nao e ground truth cartografico individual -- confianca strong = correspondencia de rua (geometria, nao numero exato); medium = fallback bairro-centroide.","Nao usar como escore, threshold ou variavel derivada do rotulo. Nao promover a 'validado'/'confirmado' sem revisao do REV-P."
Curitiba,1,CUR_SIAC156_fcf56098b2e0bf5d,-25.4495328,-49.2070878,05/12/2025,2025,Drenagem,Alagamentos,RUA DANTE MELARA,CAJURU,strong,"Rua Dante Melara, Cajuru, Curitiba, Paraná, Região Sul, 82930-000, Brasil",164115564,1,"flood (alagamento/enchente) - landslide excluded by category filter (SIAC 156 Assunto/Subdivisao is a distinct structured category, not free text)",siac156_curitiba_v1,"Ponto positivo administrativo geocodificado (mesmo criterio do v12 Recife). Nao e ground truth cartografico individual -- confianca strong = correspondencia de rua (geometria, nao numero exato); medium = fallback bairro-centroide.","Nao usar como escore, threshold ou variavel derivada do rotulo. Nao promover a 'validado'/'confirmado' sem revisao do REV-P."
Curitiba,1,CUR_SIAC156_d8f38b1062dd4436,-25.3949235,-49.2432334,07/11/2025,2025,Drenagem,Alagamentos,RUA JOVINO DO ROSÁRIO,BOA VISTA,strong,"Rua Jovino do Rosário, Boa Vista, Curitiba, Paraná, Região Sul, 82510-000, Brasil",232898660,1,"flood (alagamento/enchente) - landslide excluded by category filter (SIAC 156 Assunto/Subdivisao is a distinct structured category, not free text)",siac156_curitiba_v1,"Ponto positivo administrativo geocodificado (mesmo criterio do v12 Recife). Nao e ground truth cartografico individual -- confianca strong = correspondencia de rua (geometria, nao numero exato); medium = fallback bairro-centroide.","Nao usar como escore, threshold ou variavel derivada do rotulo. Nao promover a 'validado'/'confirmado' sem revisao do REV-P."
Curitiba,1,CUR_SIAC156_d98bfa2ea8f5b7c3,-25.3687022,-49.2406923,12/12/2025,2025,Drenagem,Alagamentos,RUA JOÃO KANIA,SANTA CANDIDA,strong,"Rua João Kania, Moradas do Porto, Santa Cândida, Curitiba, Paraná, Região Sul, 82640-010, Brasil",389816634,1,"flood (alagamento/enchente) - landslide excluded by category filter (SIAC 156 Assunto/Subdivisao is a distinct structured category, not free text)",siac156_curitiba_v1,"Ponto positivo administrativo geocodificado (mesmo criterio do v12 Recife). Nao e ground truth cartografico individual -- confianca strong = correspondencia de rua (geometria, nao numero exato); medium = fallback bairro-centroide.","Nao usar como escore, threshold ou variavel derivada do rotulo. Nao promover a 'validado'/'confirmado' sem revisao do REV-P."
Curitiba,1,CUR_SIAC156_77a49d1fee938cde,-25.497993,-49.334522,27/11/2025,2025,Drenagem,Alagamentos,AVENIDA JUSCELINO KUBITSCHEK DE OLIVEIRA LD,CIDADE INDUSTRIAL,medium,"Cidade Industrial de Curitiba, Curitiba, Paraná, Região Sul, 81350-260, Brasil",3012156952,1,"flood (alagamento/enchente) - landslide excluded by category filter (SIAC 156 Assunto/Subdivisao is a distinct structured category, not free text)",siac156_curitiba_v1,"Ponto positivo administrativo geocodificado (mesmo criterio do v12 Recife). Nao e ground truth cartografico individual -- confianca strong = correspondencia de rua (geometria, nao numero exato); medium = fallback bairro-centroide.","Nao usar como escore, threshold ou variavel derivada do rotulo. Nao promover a 'validado'/'confirmado' sem revisao do REV-P."
Curitiba,1,CUR_SIAC156_08f0c745c783b114,-25.3829878,-49.2920234,25/11/2025,2025,Drenagem,Alagamentos,Anna Garcia de Moura,PILARZINHO,strong,"Rua Anna Garcia Moura, Pilarzinho, Curitiba, Paraná, Região Sul, 82110-350, Brasil",150348862,1,"flood (alagamento/enchente) - landslide excluded by category filter (SIAC 156 Assunto/Subdivisao is a distinct structured category, not free text)",siac156_curitiba_v1,"Ponto positivo administrativo geocodificado (mesmo criterio do v12 Recife). Nao e ground truth cartografico individual -- confianca strong = correspondencia de rua (geometria, nao numero exato); medium = fallback bairro-centroide.","Nao usar como escore, threshold ou variavel derivada do rotulo. Nao promover a 'validado'/'confirmado' sem revisao do REV-P."
Curitiba,1,CUR_SIAC156_67e43a0f3c10dc67,-25.4495297,-49.2821824,09/06/2025,2025,Drenagem,Alagamentos,Rua Bento Viana,AGUA VERDE,strong,"Rua Bento Viana, Água Verde, Curitiba, Paraná, Região Sul, 80240-050, Brasil",38849145,1,"flood (alagamento/enchente) - landslide excluded by category filter (SIAC 156 Assunto/Subdivisao is a distinct structured category, not free text)",siac156_curitiba_v1,"Ponto positivo administrativo geocodificado (mesmo criterio do v12 Recife). Nao e ground truth cartografico individual -- confianca strong = correspondencia de rua (geometria, nao numero exato); medium = fallback bairro-centroide.","Nao usar como escore, threshold ou variavel derivada do rotulo. Nao promover a 'validado'/'confirmado' sem revisao do REV-P."
Curitiba,1,CUR_SIAC156_6a40836cb462140b,-25.3978449,-49.2995955,24/06/2025,2025,Drenagem,Alagamentos,RUA JOSÉ AUGUSTO DOS SANTOS,VISTA ALEGRE,strong,"Rua José Augusto dos Santos, Vista Alegre, Curitiba, Paraná, Região Sul, 82100-160, Brasil",149724962,1,"flood (alagamento/enchente) - landslide excluded by category filter (SIAC 156 Assunto/Subdivisao is a distinct structured category, not free text)",siac156_curitiba_v1,"Ponto positivo administrativo geocodificado (mesmo criterio do v12 Recife). Nao e ground truth cartografico individual -- confianca strong = correspondencia de rua (geometria, nao numero exato); medium = fallback bairro-centroide.","Nao usar como escore, threshold ou variavel derivada do rotulo. Nao promover a 'validado'/'confirmado' sem revisao do REV-P."
Curitiba,1,CUR_SIAC156_10d21eaf2e751807,-25.4779965,-49.2790141,01/09/2025,2025,Drenagem,Alagamentos,Rua Santa Joana D'Arc,LINDOIA,strong,"Rua Santa Joana d'Arc, Lindóia, Curitiba, Paraná, Região Sul, 81010-001, Brasil",700028191,1,"flood (alagamento/enchente) - landslide excluded by category filter (SIAC 156 Assunto/Subdivisao is a distinct structured category, not free text)",siac156_curitiba_v1,"Ponto positivo administrativo geocodificado (mesmo criterio do v12 Recife). Nao e ground truth cartografico individual -- confianca strong = correspondencia de rua (geometria, nao numero exato); medium = fallback bairro-centroide.","Nao usar como escore, threshold ou variavel derivada do rotulo. Nao promover a 'validado'/'confirmado' sem revisao do REV-P."
Curitiba,1,CUR_SIAC156_888ba89240b584cb,-25.4758102,-49.2770618,01/09/2025,2025,Drenagem,Alagamentos,AVENIDA PRESIDENTE WENCESLAU BRAZ,LINDOIA,strong,"Avenida Presidente Wenceslau Braz, Lindóia, Curitiba, Paraná, Região Sul, 81010-001, Brasil",700028158,1,"flood (alagamento/enchente) - landslide excluded by category filter (SIAC 156 Assunto/Subdivisao is a distinct structured category, not free text)",siac156_curitiba_v1,"Ponto positivo administrativo geocodificado (mesmo criterio do v12 Recife). Nao e ground truth cartografico individual -- confianca strong = correspondencia de rua (geometria, nao numero exato); medium = fallback bairro-centroide.","Nao usar como escore, threshold ou variavel derivada do rotulo. Nao promover a 'validado'/'confirmado' sem revisao do REV-P."
Curitiba,1,CUR_SIAC156_2426bd03c002f5ee,-25.4973374,-49.2068687,28/01/2025,2025,Drenagem,Alagamentos,Rua Francisco de Paula Gonzaga,UBERABA,strong,"Rua Francisco de Paula Gonzaga, Vila Alvorada, Uberaba, Curitiba, Paraná, Região Sul, 81560-615, Brasil",125624680,1,"flood (alagamento/enchente) - landslide excluded by category filter (SIAC 156 Assunto/Subdivisao is a distinct structured category, not free text)",siac156_curitiba_v1,"Ponto positivo administrativo geocodificado (mesmo criterio do v12 Recife). Nao e ground truth cartografico individual -- confianca strong = correspondencia de rua (geometria, nao numero exato); medium = fallback bairro-centroide.","Nao usar como escore, threshold ou variavel derivada do rotulo. Nao promover a 'validado'/'confirmado' sem revisao do REV-P."
Curitiba,1,CUR_SIAC156_869f4ccde7a06111,-25.4985515,-49.3401636,18/02/2025,2025,Proteção ao cidadão - GM,"Enchentes, inundações ou alagamentos",RUA DESEMBARGADOR SEGISMUNDO GRADOWSKI,CIDADE INDUSTRIAL,strong,"Rua Desembargador Segismundo Gradowski, Cidade Industrial de Curitiba, Curitiba, Paraná, Região Sul, 81350-260, Brasil",138705756,1,"flood (alagamento/enchente) - landslide excluded by category filter (SIAC 156 Assunto/Subdivisao is a distinct structured category, not free text)",siac156_curitiba_v1,"Ponto positivo administrativo geocodificado (mesmo criterio do v12 Recife). Nao e ground truth cartografico individual -- confianca strong = correspondencia de rua (geometria, nao numero exato); medium = fallback bairro-centroide.","Nao usar como escore, threshold ou variavel derivada do rotulo. Nao promover a 'validado'/'confirmado' sem revisao do REV-P."
Curitiba,1,CUR_SIAC156_aaacf48baea492c7,-25.4385938,-49.3387947,18/02/2025,2025,Proteção ao cidadão - GM,"Enchentes, inundações ou alagamentos",Rua Professor Pedro Viriato Parigot de Souza,CAMPO COMPRIDO,strong,"Rua Professor Pedro Viriato Parigot de Souza, Campo Comprido, Curitiba, Paraná, Região Sul, 81200-528, Brasil",1156289603,1,"flood (alagamento/enchente) - landslide excluded by category filter (SIAC 156 Assunto/Subdivisao is a distinct structured category, not free text)",siac156_curitiba_v1,"Ponto positivo administrativo geocodificado (mesmo criterio do v12 Recife). Nao e ground truth cartografico individual -- confianca strong = correspondencia de rua (geometria, nao numero exato); medium = fallback bairro-centroide.","Nao usar como escore, threshold ou variavel derivada do rotulo. Nao promover a 'validado'/'confirmado' sem revisao do REV-P."
Curitiba,1,CUR_SIAC156_d80b3c11e12a85b3,-25.4823198,-49.2377907,18/02/2025,2025,Proteção ao cidadão - GM,"Enchentes, inundações ou alagamentos",RUA CANAL BELEM,HAUER,strong,"Avenida Canal Belém (Marginal Oeste), Boqueirão, Curitiba, Paraná, Região Sul, 81510-640, Brasil",274668472,1,"flood (alagamento/enchente) - landslide excluded by category filter (SIAC 156 Assunto/Subdivisao is a distinct structured category, not free text)",siac156_curitiba_v1,"Ponto positivo administrativo geocodificado (mesmo criterio do v12 Recife). Nao e ground truth cartografico individual -- confianca strong = correspondencia de rua (geometria, nao numero exato); medium = fallback bairro-centroide.","Nao usar como escore, threshold ou variavel derivada do rotulo. Nao promover a 'validado'/'confirmado' sem revisao do REV-P."
Curitiba,1,CUR_SIAC156_4fd0f378941b7505,-25.5384346,-49.3009539,18/02/2025,2025,Proteção ao cidadão - GM,"Enchentes, inundações ou alagamentos",Rua Marquês de Beccaria,PINHEIRINHO,strong,"Rua Marquês de Beccaria, Pinheirinho, Curitiba, Paraná, Região Sul, 81880-060, Brasil",129015269,1,"flood (alagamento/enchente) - landslide excluded by category filter (SIAC 156 Assunto/Subdivisao is a distinct structured category, not free text)",siac156_curitiba_v1,"Ponto positivo administrativo geocodificado (mesmo criterio do v12 Recife). Nao e ground truth cartografico individual -- confianca strong = correspondencia de rua (geometria, nao numero exato); medium = fallback bairro-centroide.","Nao usar como escore, threshold ou variavel derivada do rotulo. Nao promover a 'validado'/'confirmado' sem revisao do REV-P."
Curitiba,1,CUR_SIAC156_ce87cbe5166e0394,-25.5068695,-49.2294642,18/02/2025,2025,Proteção ao cidadão - GM,"Enchentes, inundações ou alagamentos",RUA BARTOLOMEU LOURENÇO DE GUSMÃO,BOQUEIRAO,strong,"Rua Bartolomeu Lourenço de Gusmão, Boqueirão, Curitiba, Paraná, Região Sul, 81730-360, Brasil",55204873,1,"flood (alagamento/enchente) - landslide excluded by category filter (SIAC 156 Assunto/Subdivisao is a distinct structured category, not free text)",siac156_curitiba_v1,"Ponto positivo administrativo geocodificado (mesmo criterio do v12 Recife). Nao e ground truth cartografico individual -- confianca strong = correspondencia de rua (geometria, nao numero exato); medium = fallback bairro-centroide.","Nao usar como escore, threshold ou variavel derivada do rotulo. Nao promover a 'validado'/'confirmado' sem revisao do REV-P."
Curitiba,1,CUR_SIAC156_fec87ce7eb0c98ce,-25.3747273,-49.2701539,29/05/2025,2025,Drenagem,Alagamentos,RUA SOFIA DUBIELLA,ABRANCHES,strong,"Rua Sofia Dubiella, Abranches, Curitiba, Paraná, Região Sul, 82220-330, Brasil",162043596,1,"flood (alagamento/enchente) - landslide excluded by category filter (SIAC 156 Assunto/Subdivisao is a distinct structured category, not free text)",siac156_curitiba_v1,"Ponto positivo administrativo geocodificado (mesmo criterio do v12 Recife). Nao e ground truth cartografico individual -- confianca strong = correspondencia de rua (geometria, nao numero exato); medium = fallback bairro-centroide.","Nao usar como escore, threshold ou variavel derivada do rotulo. Nao promover a 'validado'/'confirmado' sem revisao do REV-P."
Curitiba,1,CUR_SIAC156_15483f96d08fd7cd,-25.3752293,-49.2463221,09/06/2025,2025,Drenagem,Alagamentos,Rua Pedro Antônio da Costa,BOA VISTA,strong,"Rua Pedro Antônio da Costa, Boa Vista, Curitiba, Paraná, Região Sul, 82650-090, Brasil",162219656,1,"flood (alagamento/enchente) - landslide excluded by category filter (SIAC 156 Assunto/Subdivisao is a distinct structured category, not free text)",siac156_curitiba_v1,"Ponto positivo administrativo geocodificado (mesmo criterio do v12 Recife). Nao e ground truth cartografico individual -- confianca strong = correspondencia de rua (geometria, nao numero exato); medium = fallback bairro-centroide.","Nao usar como escore, threshold ou variavel derivada do rotulo. Nao promover a 'validado'/'confirmado' sem revisao do REV-P."
Curitiba,1,CUR_SIAC156_c4d858bd3ac885c4,-25.3929078,-49.2695016,05/11/2025,2025,Drenagem,Alagamentos,RUA MATEUS LEME,SAO LOURENCO,strong,"Rua Mateus Leme, São Lourenço, Curitiba, Paraná, Região Sul, 82200-000, Brasil",289829639,1,"flood (alagamento/enchente) - landslide excluded by category filter (SIAC 156 Assunto/Subdivisao is a distinct structured category, not free text)",siac156_curitiba_v1,"Ponto positivo administrativo geocodificado (mesmo criterio do v12 Recife). Nao e ground truth cartografico individual -- confianca strong = correspondencia de rua (geometria, nao numero exato); medium = fallback bairro-centroide.","Nao usar como escore, threshold ou variavel derivada do rotulo. Nao promover a 'validado'/'confirmado' sem revisao do REV-P."
Curitiba,1,CUR_SIAC156_236dae8ce2cd40ce,-25.3990559,-49.2416862,12/12/2025,2025,Drenagem,Alagamentos,RUA GAGO COUTINHO,BACACHERI,strong,"Rua Gago Coutinho, Bacacheri, Curitiba, Paraná, Região Sul, 82510-180, Brasil",150348447,1,"flood (alagamento/enchente) - landslide excluded by category filter (SIAC 156 Assunto/Subdivisao is a distinct structured category, not free text)",siac156_curitiba_v1,"Ponto positivo administrativo geocodificado (mesmo criterio do v12 Recife). Nao e ground truth cartografico individual -- confianca strong = correspondencia de rua (geometria, nao numero exato); medium = fallback bairro-centroide.","Nao usar como escore, threshold ou variavel derivada do rotulo. Nao promover a 'validado'/'confirmado' sem revisao do REV-P."
Curitiba,1,CUR_SIAC156_3628fc9729167da9,-25.3990559,-49.2416862,16/12/2025,2025,Drenagem,Alagamentos,RUA GAGO COUTINHO,BACACHERI,strong,"Rua Gago Coutinho, Bacacheri, Curitiba, Paraná, Região Sul, 82510-180, Brasil",150348447,1,"flood (alagamento/enchente) - landslide excluded by category filter (SIAC 156 Assunto/Subdivisao is a distinct structured category, not free text)",siac156_curitiba_v1,"Ponto positivo administrativo geocodificado (mesmo criterio do v12 Recife). Nao e ground truth cartografico individual -- confianca strong = correspondencia de rua (geometria, nao numero exato); medium = fallback bairro-centroide.","Nao usar como escore, threshold ou variavel derivada do rotulo. Nao promover a 'validado'/'confirmado' sem revisao do REV-P."
Curitiba,1,CUR_SIAC156_7b4d0199949c33ec,-25.5360555,-49.2302764,08/01/2025,2025,Drenagem,Alagamentos,Manoel Ordones,ALTO BOQUEIRAO,strong,"Rua Manoel Ordones, Vila Pantanal, Alto Boqueirão, Curitiba, Paraná, Região Sul, 81770-790, Brasil",390166517,1,"flood (alagamento/enchente) - landslide excluded by category filter (SIAC 156 Assunto/Subdivisao is a distinct structured category, not free text)",siac156_curitiba_v1,"Ponto positivo administrativo geocodificado (mesmo criterio do v12 Recife). Nao e ground truth cartografico individual -- confianca strong = correspondencia de rua (geometria, nao numero exato); medium = fallback bairro-centroide.","Nao usar como escore, threshold ou variavel derivada do rotulo. Nao promover a 'validado'/'confirmado' sem revisao do REV-P."
Curitiba,1,CUR_SIAC156_43d64a5ac98cedb5,-25.4798291,-49.2563993,21/01/2025,2025,Drenagem,Alagamentos,Oliveira Viana,HAUER,strong,"Rua Oliveira Viana, Hauer, Curitiba, Paraná, Região Sul, 81630-050, Brasil",231253188,1,"flood (alagamento/enchente) - landslide excluded by category filter (SIAC 156 Assunto/Subdivisao is a distinct structured category, not free text)",siac156_curitiba_v1,"Ponto positivo administrativo geocodificado (mesmo criterio do v12 Recife). Nao e ground truth cartografico individual -- confianca strong = correspondencia de rua (geometria, nao numero exato); medium = fallback bairro-centroide.","Nao usar como escore, threshold ou variavel derivada do rotulo. Nao promover a 'validado'/'confirmado' sem revisao do REV-P."
Curitiba,1,CUR_SIAC156_a598c11eeaed0b04,-25.532668,-49.2390629,22/01/2025,2025,Drenagem,Alagamentos,Augusto Dias Paredes,ALTO BOQUEIRAO,medium,"Alto Boqueirão, Curitiba, Paraná, Região Sul, Brasil",5622007,1,"flood (alagamento/enchente) - landslide excluded by category filter (SIAC 156 Assunto/Subdivisao is a distinct structured category, not free text)",siac156_curitiba_v1,"Ponto positivo administrativo geocodificado (mesmo criterio do v12 Recife). Nao e ground truth cartografico individual -- confianca strong = correspondencia de rua (geometria, nao numero exato); medium = fallback bairro-centroide.","Nao usar como escore, threshold ou variavel derivada do rotulo. Nao promover a 'validado'/'confirmado' sem revisao do REV-P."
Curitiba,1,CUR_SIAC156_361261ee2e7d006a,-25.5355189,-49.2311625,27/01/2025,2025,Drenagem,Alagamentos,RUA KLEVERSON LOPES DE PAULA,ALTO BOQUEIRAO,strong,"Rua Kleverson Lopes de Paula, Vila Pantanal, Alto Boqueirão, Curitiba, Paraná, Região Sul, 81770-790, Brasil",390166523,1,"flood (alagamento/enchente) - landslide excluded by category filter (SIAC 156 Assunto/Subdivisao is a distinct structured category, not free text)",siac156_curitiba_v1,"Ponto positivo administrativo geocodificado (mesmo criterio do v12 Recife). Nao e ground truth cartografico individual -- confianca strong = correspondencia de rua (geometria, nao numero exato); medium = fallback bairro-centroide.","Nao usar como escore, threshold ou variavel derivada do rotulo. Nao promover a 'validado'/'confirmado' sem revisao do REV-P."
Curitiba,1,CUR_SIAC156_df5c37cae292534b,-25.4813376,-49.2419464,31/01/2025,2025,Drenagem,Alagamentos,Bartolomeu Lourenço de Gusmão,HAUER,strong,"Rua Bartolomeu Lourenço de Gusmão, Hauer, Curitiba, Paraná, Região Sul, 81510-640, Brasil",1473286882,1,"flood (alagamento/enchente) - landslide excluded by category filter (SIAC 156 Assunto/Subdivisao is a distinct structured category, not free text)",siac156_curitiba_v1,"Ponto positivo administrativo geocodificado (mesmo criterio do v12 Recife). Nao e ground truth cartografico individual -- confianca strong = correspondencia de rua (geometria, nao numero exato); medium = fallback bairro-centroide.","Nao usar como escore, threshold ou variavel derivada do rotulo. Nao promover a 'validado'/'confirmado' sem revisao do REV-P."
Curitiba,1,CUR_SIAC156_ed907aadfd419811,-25.481978,-49.2595971,03/02/2025,2025,Drenagem,Alagamentos,RUA PAULO SETUBAL,HAUER,strong,"Rua Paulo Setúbal, Hauer, Curitiba, Paraná, Região Sul, 81630-180, Brasil",55170101,1,"flood (alagamento/enchente) - landslide excluded by category filter (SIAC 156 Assunto/Subdivisao is a distinct structured category, not free text)",siac156_curitiba_v1,"Ponto positivo administrativo geocodificado (mesmo criterio do v12 Recife). Nao e ground truth cartografico individual -- confianca strong = correspondencia de rua (geometria, nao numero exato); medium = fallback bairro-centroide.","Nao usar como escore, threshold ou variavel derivada do rotulo. Nao promover a 'validado'/'confirmado' sem revisao do REV-P."
Curitiba,1,CUR_SIAC156_ff93c4fe43d533e1,-25.4996684,-49.2610393,03/02/2025,2025,Drenagem,Alagamentos,RUA HELCIO DA CUNHA AJUZ,XAXIM,strong,"Rua Helcio da Cunha Ajuz, Xaxim, Curitiba, Paraná, Região Sul, 81710-380, Brasil",84883108,1,"flood (alagamento/enchente) - landslide excluded by category filter (SIAC 156 Assunto/Subdivisao is a distinct structured category, not free text)",siac156_curitiba_v1,"Ponto positivo administrativo geocodificado (mesmo criterio do v12 Recife). Nao e ground truth cartografico individual -- confianca strong = correspondencia de rua (geometria, nao numero exato); medium = fallback bairro-centroide.","Nao usar como escore, threshold ou variavel derivada do rotulo. Nao promover a 'validado'/'confirmado' sem revisao do REV-P."
Curitiba,1,CUR_SIAC156_918876684393f0fb,-25.5140456,-49.2768911,03/02/2025,2025,Drenagem,Alagamentos,Rua Rodolfo Amoedo,XAXIM,strong,"Rua Rodolfo Amoedo, Jardim Urano, Xaxim, Curitiba, Paraná, Região Sul, 81810-000, Brasil",128988830,2,"flood (alagamento/enchente) - landslide excluded by category filter (SIAC 156 Assunto/Subdivisao is a distinct structured category, not free text)",siac156_curitiba_v1,"Ponto positivo administrativo geocodificado (mesmo criterio do v12 Recife). Nao e ground truth cartografico individual -- confianca strong = correspondencia de rua (geometria, nao numero exato); medium = fallback bairro-centroide.","Nao usar como escore, threshold ou variavel derivada do rotulo. Nao promover a 'validado'/'confirmado' sem revisao do REV-P."
Curitiba,1,CUR_SIAC156_50d6e8fc41762b4f,-25.5113869,-49.275774,03/02/2025,2025,Drenagem,Alagamentos,RUA DOLORES DURAN,XAXIM,strong,"Rua Dolores Duran, Vila São Pedro, Xaxim, Curitiba, Paraná, Região Sul, 81810-150, Brasil",128988864,1,"flood (alagamento/enchente) - landslide excluded by category filter (SIAC 156 Assunto/Subdivisao is a distinct structured category, not free text)",siac156_curitiba_v1,"Ponto positivo administrativo geocodificado (mesmo criterio do v12 Recife). Nao e ground truth cartografico individual -- confianca strong = correspondencia de rua (geometria, nao numero exato); medium = fallback bairro-centroide.","Nao usar como escore, threshold ou variavel derivada do rotulo. Nao promover a 'validado'/'confirmado' sem revisao do REV-P."
Curitiba,1,CUR_SIAC156_760be264b12cec73,-25.532668,-49.2390629,03/02/2025,2025,Drenagem,Alagamentos,RUA CARLOS DE LAET,ALTO BOQUEIRAO,medium,"Alto Boqueirão, Curitiba, Paraná, Região Sul, Brasil",5622007,2,"flood (alagamento/enchente) - landslide excluded by category filter (SIAC 156 Assunto/Subdivisao is a distinct structured category, not free text)",siac156_curitiba_v1,"Ponto positivo administrativo geocodificado (mesmo criterio do v12 Recife). Nao e ground truth cartografico individual -- confianca strong = correspondencia de rua (geometria, nao numero exato); medium = fallback bairro-centroide.","Nao usar como escore, threshold ou variavel derivada do rotulo. Nao promover a 'validado'/'confirmado' sem revisao do REV-P."
Curitiba,1,CUR_SIAC156_45d17f2029ee6e9a,-25.5126083,-49.2701899,03/02/2025,2025,Drenagem,Alagamentos,RUA CATARINA GOOSSEN,XAXIM,strong,"Rua Catarina Goosen, Xaxim, Curitiba, Paraná, Região Sul, 81830-020, Brasil",85019677,1,"flood (alagamento/enchente) - landslide excluded by category filter (SIAC 156 Assunto/Subdivisao is a distinct structured category, not free text)",siac156_curitiba_v1,"Ponto positivo administrativo geocodificado (mesmo criterio do v12 Recife). Nao e ground truth cartografico individual -- confianca strong = correspondencia de rua (geometria, nao numero exato); medium = fallback bairro-centroide.","Nao usar como escore, threshold ou variavel derivada do rotulo. Nao promover a 'validado'/'confirmado' sem revisao do REV-P."
Curitiba,1,CUR_SIAC156_62db729472b4b564,-25.5387051,-49.2483352,03/02/2025,2025,Drenagem,Alagamentos,Rua Expedicionário Francisco Pereira Dos Santos,ALTO BOQUEIRAO,strong,"Rua Expedicionário Francisco Pereira dos Santos, Alto Boqueirão, Curitiba, Paraná, Região Sul, 81920-070, Brasil",33103979,1,"flood (alagamento/enchente) - landslide excluded by category filter (SIAC 156 Assunto/Subdivisao is a distinct structured category, not free text)",siac156_curitiba_v1,"Ponto positivo administrativo geocodificado (mesmo criterio do v12 Recife). Nao e ground truth cartografico individual -- confianca strong = correspondencia de rua (geometria, nao numero exato); medium = fallback bairro-centroide.","Nao usar como escore, threshold ou variavel derivada do rotulo. Nao promover a 'validado'/'confirmado' sem revisao do REV-P."
Curitiba,1,CUR_SIAC156_593a530933a0c40d,-25.5140456,-49.2768911,03/02/2025,2025,Drenagem,Alagamentos,RUA RODOLFO AMOEDO,XAXIM,strong,"Rua Rodolfo Amoedo, Jardim Urano, Xaxim, Curitiba, Paraná, Região Sul, 81810-000, Brasil",128988830,2,"flood (alagamento/enchente) - landslide excluded by category filter (SIAC 156 Assunto/Subdivisao is a distinct structured category, not free text)",siac156_curitiba_v1,"Ponto positivo administrativo geocodificado (mesmo criterio do v12 Recife). Nao e ground truth cartografico individual -- confianca strong = correspondencia de rua (geometria, nao numero exato); medium = fallback bairro-centroide.","Nao usar como escore, threshold ou variavel derivada do rotulo. Nao promover a 'validado'/'confirmado' sem revisao do REV-P."
Curitiba,1,CUR_SIAC156_760be264b12cec73,-25.532668,-49.2390629,03/02/2025,2025,Drenagem,Alagamentos,RUA CARLOS DE LAET,ALTO BOQUEIRAO,medium,"Alto Boqueirão, Curitiba, Paraná, Região Sul, Brasil",5622007,2,"flood (alagamento/enchente) - landslide excluded by category filter (SIAC 156 Assunto/Subdivisao is a distinct structured category, not free text)",siac156_curitiba_v1,"Ponto positivo administrativo geocodificado (mesmo criterio do v12 Recife). Nao e ground truth cartografico individual -- confianca strong = correspondencia de rua (geometria, nao numero exato); medium = fallback bairro-centroide.","Nao usar como escore, threshold ou variavel derivada do rotulo. Nao promover a 'validado'/'confirmado' sem revisao do REV-P."
Curitiba,1,CUR_SIAC156_24427180a09a040c,-25.532668,-49.2390629,03/02/2025,2025,Drenagem,Alagamentos,RUA 25 DE AGOSTO,ALTO BOQUEIRAO,medium,"Alto Boqueirão, Curitiba, Paraná, Região Sul, Brasil",5622007,1,"flood (alagamento/enchente) - landslide excluded by category filter (SIAC 156 Assunto/Subdivisao is a distinct structured category, not free text)",siac156_curitiba_v1,"Ponto positivo administrativo geocodificado (mesmo criterio do v12 Recife). Nao e ground truth cartografico individual -- confianca strong = correspondencia de rua (geometria, nao numero exato); medium = fallback bairro-centroide.","Nao usar como escore, threshold ou variavel derivada do rotulo. Nao promover a 'validado'/'confirmado' sem revisao do REV-P."
Curitiba,1,CUR_SIAC156_81fea2e7e8ac7c1e,-25.4798291,-49.2563993,03/02/2025,2025,Drenagem,Alagamentos,Oliveira Viana,HAUER,strong,"Rua Oliveira Viana, Hauer, Curitiba, Paraná, Região Sul, 81630-050, Brasil",231253188,1,"flood (alagamento/enchente) - landslide excluded by category filter (SIAC 156 Assunto/Subdivisao is a distinct structured category, not free text)",siac156_curitiba_v1,"Ponto positivo administrativo geocodificado (mesmo criterio do v12 Recife). Nao e ground truth cartografico individual -- confianca strong = correspondencia de rua (geometria, nao numero exato); medium = fallback bairro-centroide.","Nao usar como escore, threshold ou variavel derivada do rotulo. Nao promover a 'validado'/'confirmado' sem revisao do REV-P."
Curitiba,1,CUR_SIAC156_08f607044742d21c,-25.532668,-49.2390629,04/02/2025,2025,Drenagem,Alagamentos,Rua Conde de São João Das Duas Barras,ALTO BOQUEIRAO,medium,"Alto Boqueirão, Curitiba, Paraná, Região Sul, Brasil",5622007,1,"flood (alagamento/enchente) - landslide excluded by category filter (SIAC 156 Assunto/Subdivisao is a distinct structured category, not free text)",siac156_curitiba_v1,"Ponto positivo administrativo geocodificado (mesmo criterio do v12 Recife). Nao e ground truth cartografico individual -- confianca strong = correspondencia de rua (geometria, nao numero exato); medium = fallback bairro-centroide.","Nao usar como escore, threshold ou variavel derivada do rotulo. Nao promover a 'validado'/'confirmado' sem revisao do REV-P."
Curitiba,1,CUR_SIAC156_3ecdc9387aceec69,-25.4750861,-49.2464015,05/02/2025,2025,Drenagem,Alagamentos,Carlos de Laet,HAUER,strong,"Rua Carlos de Laet, Hauer, Curitiba, Paraná, Região Sul, 81610-050, Brasil",409615473,1,"flood (alagamento/enchente) - landslide excluded by category filter (SIAC 156 Assunto/Subdivisao is a distinct structured category, not free text)",siac156_curitiba_v1,"Ponto positivo administrativo geocodificado (mesmo criterio do v12 Recife). Nao e ground truth cartografico individual -- confianca strong = correspondencia de rua (geometria, nao numero exato); medium = fallback bairro-centroide.","Nao usar como escore, threshold ou variavel derivada do rotulo. Nao promover a 'validado'/'confirmado' sem revisao do REV-P."
Curitiba,1,CUR_SIAC156_5b7bec087a5413a1,-25.506663,-49.2239109,18/02/2025,2025,Drenagem,Alagamentos,William Booth,BOQUEIRAO,strong,"Rua William Booth, Boqueirão, Curitiba, Paraná, Região Sul, 81730-080, Brasil",60152611,1,"flood (alagamento/enchente) - landslide excluded by category filter (SIAC 156 Assunto/Subdivisao is a distinct structured category, not free text)",siac156_curitiba_v1,"Ponto positivo administrativo geocodificado (mesmo criterio do v12 Recife). Nao e ground truth cartografico individual -- confianca strong = correspondencia de rua (geometria, nao numero exato); medium = fallback bairro-centroide.","Nao usar como escore, threshold ou variavel derivada do rotulo. Nao promover a 'validado'/'confirmado' sem revisao do REV-P."
Curitiba,1,CUR_SIAC156_98329e1c83308e23,-25.5387051,-49.2483352,18/02/2025,2025,Drenagem,Alagamentos,RUA EXPEDICIONÁRIO FRANCISCO PEREIRA DOS SANTOS,ALTO BOQUEIRAO,strong,"Rua Expedicionário Francisco Pereira dos Santos, Alto Boqueirão, Curitiba, Paraná, Região Sul, 81920-070, Brasil",33103979,1,"flood (alagamento/enchente) - landslide excluded by category filter (SIAC 156 Assunto/Subdivisao is a distinct structured category, not free text)",siac156_curitiba_v1,"Ponto positivo administrativo geocodificado (mesmo criterio do v12 Recife). Nao e ground truth cartografico individual -- confianca strong = correspondencia de rua (geometria, nao numero exato); medium = fallback bairro-centroide.","Nao usar como escore, threshold ou variavel derivada do rotulo. Nao promover a 'validado'/'confirmado' sem revisao do REV-P."
Curitiba,1,CUR_SIAC156_db58f16610fd93bc,-25.5068695,-49.2294642,18/02/2025,2025,Drenagem,Alagamentos,Rua Bartolomeu Lourenço de Gusmão,BOQUEIRAO,strong,"Rua Bartolomeu Lourenço de Gusmão, Boqueirão, Curitiba, Paraná, Região Sul, 81730-360, Brasil",55204873,2,"flood (alagamento/enchente) - landslide excluded by category filter (SIAC 156 Assunto/Subdivisao is a distinct structured category, not free text)",siac156_curitiba_v1,"Ponto positivo administrativo geocodificado (mesmo criterio do v12 Recife). Nao e ground truth cartografico individual -- confianca strong = correspondencia de rua (geometria, nao numero exato); medium = fallback bairro-centroide.","Nao usar como escore, threshold ou variavel derivada do rotulo. Nao promover a 'validado'/'confirmado' sem revisao do REV-P."
Curitiba,1,CUR_SIAC156_f4226e96159d4baf,-25.4745155,-49.2481255,18/02/2025,2025,Drenagem,Alagamentos,Rua Bom Jesus de Iguape,HAUER,strong,"Rua Bom Jesus de Iguape, Hauer, Curitiba, Paraná, Região Sul, 81610-150, Brasil",1262797940,2,"flood (alagamento/enchente) - landslide excluded by category filter (SIAC 156 Assunto/Subdivisao is a distinct structured category, not free text)",siac156_curitiba_v1,"Ponto positivo administrativo geocodificado (mesmo criterio do v12 Recife). Nao e ground truth cartografico individual -- confianca strong = correspondencia de rua (geometria, nao numero exato); medium = fallback bairro-centroide.","Nao usar como escore, threshold ou variavel derivada do rotulo. Nao promover a 'validado'/'confirmado' sem revisao do REV-P."
Curitiba,1,CUR_SIAC156_d8d7ed501b83b0f5,-25.4966261,-49.2263003,18/02/2025,2025,Drenagem,Alagamentos,RUA ELTON ROBERTO DE MOURA TORRES,BOQUEIRAO,strong,"Rua Elton Roberto de Moura Torres, Boqueirão, Curitiba, Paraná, Região Sul, 81650-140, Brasil",85573772,1,"flood (alagamento/enchente) - landslide excluded by category filter (SIAC 156 Assunto/Subdivisao is a distinct structured category, not free text)",siac156_curitiba_v1,"Ponto positivo administrativo geocodificado (mesmo criterio do v12 Recife). Nao e ground truth cartografico individual -- confianca strong = correspondencia de rua (geometria, nao numero exato); medium = fallback bairro-centroide.","Nao usar como escore, threshold ou variavel derivada do rotulo. Nao promover a 'validado'/'confirmado' sem revisao do REV-P."
Curitiba,1,CUR_SIAC156_f4226e96159d4baf,-25.4745155,-49.2481255,18/02/2025,2025,Drenagem,Alagamentos,Rua Bom Jesus de Iguape,HAUER,strong,"Rua Bom Jesus de Iguape, Hauer, Curitiba, Paraná, Região Sul, 81610-150, Brasil",1262797940,2,"flood (alagamento/enchente) - landslide excluded by category filter (SIAC 156 Assunto/Subdivisao is a distinct structured category, not free text)",siac156_curitiba_v1,"Ponto positivo administrativo geocodificado (mesmo criterio do v12 Recife). Nao e ground truth cartografico individual -- confianca strong = correspondencia de rua (geometria, nao numero exato); medium = fallback bairro-centroide.","Nao usar como escore, threshold ou variavel derivada do rotulo. Nao promover a 'validado'/'confirmado' sem revisao do REV-P."
Curitiba,1,CUR_SIAC156_67e866ad01a35a83,-25.4750861,-49.2464015,18/02/2025,2025,Drenagem,Alagamentos,RUA CARLOS DE LAET,HAUER,strong,"Rua Carlos de Laet, Hauer, Curitiba, Paraná, Região Sul, 81610-050, Brasil",409615473,1,"flood (alagamento/enchente) - landslide excluded by category filter (SIAC 156 Assunto/Subdivisao is a distinct structured category, not free text)",siac156_curitiba_v1,"Ponto positivo administrativo geocodificado (mesmo criterio do v12 Recife). Nao e ground truth cartografico individual -- confianca strong = correspondencia de rua (geometria, nao numero exato); medium = fallback bairro-centroide.","Nao usar como escore, threshold ou variavel derivada do rotulo. Nao promover a 'validado'/'confirmado' sem revisao do REV-P."
Curitiba,1,CUR_SIAC156_ce87cbe5166e0394,-25.5068695,-49.2294642,18/02/2025,2025,Drenagem,Alagamentos,RUA BARTOLOMEU LOURENÇO DE GUSMÃO,BOQUEIRAO,strong,"Rua Bartolomeu Lourenço de Gusmão, Boqueirão, Curitiba, Paraná, Região Sul, 81730-360, Brasil",55204873,2,"flood (alagamento/enchente) - landslide excluded by category filter (SIAC 156 Assunto/Subdivisao is a distinct structured category, not free text)",siac156_curitiba_v1,"Ponto positivo administrativo geocodificado (mesmo criterio do v12 Recife). Nao e ground truth cartografico individual -- confianca strong = correspondencia de rua (geometria, nao numero exato); medium = fallback bairro-centroide.","Nao usar como escore, threshold ou variavel derivada do rotulo. Nao promover a 'validado'/'confirmado' sem revisao do REV-P."
Curitiba,1,CUR_SIAC156_7ce48c0199a4b023,-25.500728,-49.2411054,22/02/2025,2025,Drenagem,Alagamentos,José Peixoto de Lacerda Wernek,BOQUEIRAO,medium,"Boqueirão, Curitiba, Paraná, Região Sul, Brasil",3954206,1,"flood (alagamento/enchente) - landslide excluded by category filter (SIAC 156 Assunto/Subdivisao is a distinct structured category, not free text)",siac156_curitiba_v1,"Ponto positivo administrativo geocodificado (mesmo criterio do v12 Recife). Nao e ground truth cartografico individual -- confianca strong = correspondencia de rua (geometria, nao numero exato); medium = fallback bairro-centroide.","Nao usar como escore, threshold ou variavel derivada do rotulo. Nao promover a 'validado'/'confirmado' sem revisao do REV-P."
Curitiba,1,CUR_SIAC156_6131aed1ae4afcc2,-25.5118223,-49.2421731,27/02/2025,2025,Drenagem,Alagamentos,RUA ANGÉLICA MARIA TABORDA SANTOS,BOQUEIRAO,strong,"Rua Angélica Maria Taborda Santos, Boqueirão, Curitiba, Paraná, Região Sul, 81750-190, Brasil",85231839,1,"flood (alagamento/enchente) - landslide excluded by category filter (SIAC 156 Assunto/Subdivisao is a distinct structured category, not free text)",siac156_curitiba_v1,"Ponto positivo administrativo geocodificado (mesmo criterio do v12 Recife). Nao e ground truth cartografico individual -- confianca strong = correspondencia de rua (geometria, nao numero exato); medium = fallback bairro-centroide.","Nao usar como escore, threshold ou variavel derivada do rotulo. Nao promover a 'validado'/'confirmado' sem revisao do REV-P."
Curitiba,1,CUR_SIAC156_977a96d24d63a559,-25.506663,-49.2239109,27/02/2025,2025,Drenagem,Alagamentos,RUA WILLIAM BOOTH,BOQUEIRAO,strong,"Rua William Booth, Boqueirão, Curitiba, Paraná, Região Sul, 81730-080, Brasil",60152611,1,"flood (alagamento/enchente) - landslide excluded by category filter (SIAC 156 Assunto/Subdivisao is a distinct structured category, not free text)",siac156_curitiba_v1,"Ponto positivo administrativo geocodificado (mesmo criterio do v12 Recife). Nao e ground truth cartografico individual -- confianca strong = correspondencia de rua (geometria, nao numero exato); medium = fallback bairro-centroide.","Nao usar como escore, threshold ou variavel derivada do rotulo. Nao promover a 'validado'/'confirmado' sem revisao do REV-P."
Curitiba,1,CUR_SIAC156_8d858e114663f6ac,-25.5079903,-49.2271863,27/02/2025,2025,Drenagem,Alagamentos,RUA DESEMBARGADOR ANTÔNIO DE PAULA,BOQUEIRAO,strong,"Rua Desembargador Antônio de Paula, Boqueirão, Curitiba, Paraná, Região Sul, 81730-360, Brasil",70629101,2,"flood (alagamento/enchente) - landslide excluded by category filter (SIAC 156 Assunto/Subdivisao is a distinct structured category, not free text)",siac156_curitiba_v1,"Ponto positivo administrativo geocodificado (mesmo criterio do v12 Recife). Nao e ground truth cartografico individual -- confianca strong = correspondencia de rua (geometria, nao numero exato); medium = fallback bairro-centroide.","Nao usar como escore, threshold ou variavel derivada do rotulo. Nao promover a 'validado'/'confirmado' sem revisao do REV-P."
Curitiba,1,CUR_SIAC156_8d858e114663f6ac,-25.5079903,-49.2271863,27/02/2025,2025,Drenagem,Alagamentos,RUA DESEMBARGADOR ANTÔNIO DE PAULA,BOQUEIRAO,strong,"Rua Desembargador Antônio de Paula, Boqueirão, Curitiba, Paraná, Região Sul, 81730-360, Brasil",70629101,2,"flood (alagamento/enchente) - landslide excluded by category filter (SIAC 156 Assunto/Subdivisao is a distinct structured category, not free text)",siac156_curitiba_v1,"Ponto positivo administrativo geocodificado (mesmo criterio do v12 Recife). Nao e ground truth cartografico individual -- confianca strong = correspondencia de rua (geometria, nao numero exato); medium = fallback bairro-centroide.","Nao usar como escore, threshold ou variavel derivada do rotulo. Nao promover a 'validado'/'confirmado' sem revisao do REV-P."
Curitiba,1,CUR_SIAC156_a5cf28a101aedd7a,-25.5267887,-49.2224235,27/02/2025,2025,Drenagem,Alagamentos,AVENIDA MARECHAL FLORIANO PEIXOTO,BOQUEIRAO,strong,"Avenida Marechal Floriano Peixoto, Boqueirão, Curitiba, Paraná, Região Sul, 81770-340, Brasil",24572377,1,"flood (alagamento/enchente) - landslide excluded by category filter (SIAC 156 Assunto/Subdivisao is a distinct structured category, not free text)",siac156_curitiba_v1,"Ponto positivo administrativo geocodificado (mesmo criterio do v12 Recife). Nao e ground truth cartografico individual -- confianca strong = correspondencia de rua (geometria, nao numero exato); medium = fallback bairro-centroide.","Nao usar como escore, threshold ou variavel derivada do rotulo. Nao promover a 'validado'/'confirmado' sem revisao do REV-P."
Curitiba,1,CUR_SIAC156_895f4aca1c2ff4af,-25.530914,-49.2342574,28/02/2025,2025,Drenagem,Alagamentos,RUA ITAÚNA DO SUL,ALTO BOQUEIRAO,strong,"Rua Itaúna do Sul, Alto Boqueirão, Curitiba, Paraná, Região Sul, 81770-440, Brasil",126814876,1,"flood (alagamento/enchente) - landslide excluded by category filter (SIAC 156 Assunto/Subdivisao is a distinct structured category, not free text)",siac156_curitiba_v1,"Ponto positivo administrativo geocodificado (mesmo criterio do v12 Recife). Nao e ground truth cartografico individual -- confianca strong = correspondencia de rua (geometria, nao numero exato); medium = fallback bairro-centroide.","Nao usar como escore, threshold ou variavel derivada do rotulo. Nao promover a 'validado'/'confirmado' sem revisao do REV-P."
Curitiba,1,CUR_SIAC156_6b96a5221a1ef3c4,-25.5056284,-49.2267653,12/03/2025,2025,Drenagem,Alagamentos,Professora Joanita Bernett Passos,BOQUEIRAO,strong,"Rua Professora Joanita Bernett Passos, Boqueirão, Curitiba, Paraná, Região Sul, 81730-070, Brasil",60151143,1,"flood (alagamento/enchente) - landslide excluded by category filter (SIAC 156 Assunto/Subdivisao is a distinct structured category, not free text)",siac156_curitiba_v1,"Ponto positivo administrativo geocodificado (mesmo criterio do v12 Recife). Nao e ground truth cartografico individual -- confianca strong = correspondencia de rua (geometria, nao numero exato); medium = fallback bairro-centroide.","Nao usar como escore, threshold ou variavel derivada do rotulo. Nao promover a 'validado'/'confirmado' sem revisao do REV-P."
Curitiba,1,CUR_SIAC156_214bec65937b5796,-25.4813376,-49.2419464,17/03/2025,2025,Drenagem,Alagamentos,Bartolomeu Lourenço de Gusmão,HAUER,strong,"Rua Bartolomeu Lourenço de Gusmão, Hauer, Curitiba, Paraná, Região Sul, 81510-640, Brasil",1473286882,1,"flood (alagamento/enchente) - landslide excluded by category filter (SIAC 156 Assunto/Subdivisao is a distinct structured category, not free text)",siac156_curitiba_v1,"Ponto positivo administrativo geocodificado (mesmo criterio do v12 Recife). Nao e ground truth cartografico individual -- confianca strong = correspondencia de rua (geometria, nao numero exato); medium = fallback bairro-centroide.","Nao usar como escore, threshold ou variavel derivada do rotulo. Nao promover a 'validado'/'confirmado' sem revisao do REV-P."
Curitiba,1,CUR_SIAC156_95ac0b480271f9e0,-25.5030751,-49.2621022,26/03/2025,2025,Drenagem,Alagamentos,José Brum,XAXIM,strong,"Rua José Brum, Xaxim, Curitiba, Paraná, Região Sul, 81710-000, Brasil",84913647,1,"flood (alagamento/enchente) - landslide excluded by category filter (SIAC 156 Assunto/Subdivisao is a distinct structured category, not free text)",siac156_curitiba_v1,"Ponto positivo administrativo geocodificado (mesmo criterio do v12 Recife). Nao e ground truth cartografico individual -- confianca strong = correspondencia de rua (geometria, nao numero exato); medium = fallback bairro-centroide.","Nao usar como escore, threshold ou variavel derivada do rotulo. Nao promover a 'validado'/'confirmado' sem revisao do REV-P."
Curitiba,1,CUR_SIAC156_c7e21ef406ba75fc,-25.5140456,-49.2768911,15/04/2025,2025,Drenagem,Alagamentos,RUA RODOLFO AMOEDO,XAXIM,strong,"Rua Rodolfo Amoedo, Jardim Urano, Xaxim, Curitiba, Paraná, Região Sul, 81810-000, Brasil",128988830,1,"flood (alagamento/enchente) - landslide excluded by category filter (SIAC 156 Assunto/Subdivisao is a distinct structured category, not free text)",siac156_curitiba_v1,"Ponto positivo administrativo geocodificado (mesmo criterio do v12 Recife). Nao e ground truth cartografico individual -- confianca strong = correspondencia de rua (geometria, nao numero exato); medium = fallback bairro-centroide.","Nao usar como escore, threshold ou variavel derivada do rotulo. Nao promover a 'validado'/'confirmado' sem revisao do REV-P."
Curitiba,1,CUR_SIAC156_d9dc79c310bcb7ab,-25.479887,-49.2623783,18/04/2025,2025,Drenagem,Alagamentos,RODOVIA BR-476,HAUER,medium,"Linha Verde, Hauer, Curitiba, Paraná, Região Sul, 81690-200, Brasil",229259672,1,"flood (alagamento/enchente) - landslide excluded by category filter (SIAC 156 Assunto/Subdivisao is a distinct structured category, not free text)",siac156_curitiba_v1,"Ponto positivo administrativo geocodificado (mesmo criterio do v12 Recife). Nao e ground truth cartografico individual -- confianca strong = correspondencia de rua (geometria, nao numero exato); medium = fallback bairro-centroide.","Nao usar como escore, threshold ou variavel derivada do rotulo. Nao promover a 'validado'/'confirmado' sem revisao do REV-P."
Curitiba,1,CUR_SIAC156_ca061b3df6f81e55,-25.5202304,-49.236654,06/05/2025,2025,Drenagem,Alagamentos,Arthur Manoel Iwersen,BOQUEIRAO,strong,"Rua Arthur Manoel Iwersen, Boqueirão, Curitiba, Paraná, Região Sul, 81770-260, Brasil",85231828,1,"flood (alagamento/enchente) - landslide excluded by category filter (SIAC 156 Assunto/Subdivisao is a distinct structured category, not free text)",siac156_curitiba_v1,"Ponto positivo administrativo geocodificado (mesmo criterio do v12 Recife). Nao e ground truth cartografico individual -- confianca strong = correspondencia de rua (geometria, nao numero exato); medium = fallback bairro-centroide.","Nao usar como escore, threshold ou variavel derivada do rotulo. Nao promover a 'validado'/'confirmado' sem revisao do REV-P."
Curitiba,1,CUR_SIAC156_bd2508c8ccc3e5d5,-25.508146,-49.2790873,08/05/2025,2025,Drenagem,Alagamentos,RUA DESEMBARGADOR JOÃO ANTONIO DE BARROS JÚNIOR,XAXIM,strong,"Rua Desembargador João Antônio de Barros Júnior, Vila São Pedro, Xaxim, Curitiba, Paraná, Região Sul, 81810-590, Brasil",84999454,1,"flood (alagamento/enchente) - landslide excluded by category filter (SIAC 156 Assunto/Subdivisao is a distinct structured category, not free text)",siac156_curitiba_v1,"Ponto positivo administrativo geocodificado (mesmo criterio do v12 Recife). Nao e ground truth cartografico individual -- confianca strong = correspondencia de rua (geometria, nao numero exato); medium = fallback bairro-centroide.","Nao usar como escore, threshold ou variavel derivada do rotulo. Nao promover a 'validado'/'confirmado' sem revisao do REV-P."
Curitiba,1,CUR_SIAC156_c1a8bf89df6282e5,-25.5095857,-49.2257374,09/06/2025,2025,Drenagem,Alagamentos,Diogo Mugiatti,BOQUEIRAO,strong,"Rua Diogo Mugiatti, Boqueirão, Curitiba, Paraná, Região Sul, 81730-360, Brasil",161181849,1,"flood (alagamento/enchente) - landslide excluded by category filter (SIAC 156 Assunto/Subdivisao is a distinct structured category, not free text)",siac156_curitiba_v1,"Ponto positivo administrativo geocodificado (mesmo criterio do v12 Recife). Nao e ground truth cartografico individual -- confianca strong = correspondencia de rua (geometria, nao numero exato); medium = fallback bairro-centroide.","Nao usar como escore, threshold ou variavel derivada do rotulo. Nao promover a 'validado'/'confirmado' sem revisao do REV-P."
Curitiba,1,CUR_SIAC156_9ddb697466f6432e,-25.5356829,-49.2410153,22/09/2025,2025,Drenagem,Alagamentos,RUA DULCE TOTTI MARQUES,ALTO BOQUEIRAO,strong,"Rua Dulce Totti Marques, Alto Boqueirão, Curitiba, Paraná, Região Sul, 81850-000, Brasil",286261102,1,"flood (alagamento/enchente) - landslide excluded by category filter (SIAC 156 Assunto/Subdivisao is a distinct structured category, not free text)",siac156_curitiba_v1,"Ponto positivo administrativo geocodificado (mesmo criterio do v12 Recife). Nao e ground truth cartografico individual -- confianca strong = correspondencia de rua (geometria, nao numero exato); medium = fallback bairro-centroide.","Nao usar como escore, threshold ou variavel derivada do rotulo. Nao promover a 'validado'/'confirmado' sem revisao do REV-P."
Curitiba,1,CUR_SIAC156_0056e429bfefc1de,-25.5227823,-49.2284502,03/10/2025,2025,Drenagem,Alagamentos,Irineu Prevedello Tedesco,ALTO BOQUEIRAO,strong,"Rua Irineu Prevedello Tedesco, Alto Boqueirão, Curitiba, Paraná, Região Sul, 81770-340, Brasil",85231805,1,"flood (alagamento/enchente) - landslide excluded by category filter (SIAC 156 Assunto/Subdivisao is a distinct structured category, not free text)",siac156_curitiba_v1,"Ponto positivo administrativo geocodificado (mesmo criterio do v12 Recife). Nao e ground truth cartografico individual -- confianca strong = correspondencia de rua (geometria, nao numero exato); medium = fallback bairro-centroide.","Nao usar como escore, threshold ou variavel derivada do rotulo. Nao promover a 'validado'/'confirmado' sem revisao do REV-P."
Curitiba,1,CUR_SIAC156_9ba0d02e98cff387,-25.5008748,-49.2678646,14/10/2025,2025,Drenagem,Alagamentos,Coronel Cypriano Gomes da Silveira,XAXIM,medium,"Xaxim, Curitiba, Paraná, Região Sul, 81710-210, Brasil",3012156958,1,"flood (alagamento/enchente) - landslide excluded by category filter (SIAC 156 Assunto/Subdivisao is a distinct structured category, not free text)",siac156_curitiba_v1,"Ponto positivo administrativo geocodificado (mesmo criterio do v12 Recife). Nao e ground truth cartografico individual -- confianca strong = correspondencia de rua (geometria, nao numero exato); medium = fallback bairro-centroide.","Nao usar como escore, threshold ou variavel derivada do rotulo. Nao promover a 'validado'/'confirmado' sem revisao do REV-P."
Curitiba,1,CUR_SIAC156_ede640e4b0102489,-25.5008748,-49.2678646,04/11/2025,2025,Drenagem,Alagamentos,Abrão Winter,XAXIM,medium,"Xaxim, Curitiba, Paraná, Região Sul, 81710-210, Brasil",3012156958,1,"flood (alagamento/enchente) - landslide excluded by category filter (SIAC 156 Assunto/Subdivisao is a distinct structured category, not free text)",siac156_curitiba_v1,"Ponto positivo administrativo geocodificado (mesmo criterio do v12 Recife). Nao e ground truth cartografico individual -- confianca strong = correspondencia de rua (geometria, nao numero exato); medium = fallback bairro-centroide.","Nao usar como escore, threshold ou variavel derivada do rotulo. Nao promover a 'validado'/'confirmado' sem revisao do REV-P."
Curitiba,1,CUR_SIAC156_c3b9f8e903cdc628,-25.4864238,-49.2588509,07/11/2025,2025,Drenagem,Alagamentos,RUA PROFESSOR JOSÉ NOGUEIRA DOS SANTOS,HAUER,strong,"Rua Professor José Nogueira dos Santos, Hauer, Curitiba, Paraná, Região Sul, 81630-180, Brasil",85042406,1,"flood (alagamento/enchente) - landslide excluded by category filter (SIAC 156 Assunto/Subdivisao is a distinct structured category, not free text)",siac156_curitiba_v1,"Ponto positivo administrativo geocodificado (mesmo criterio do v12 Recife). Nao e ground truth cartografico individual -- confianca strong = correspondencia de rua (geometria, nao numero exato); medium = fallback bairro-centroide.","Nao usar como escore, threshold ou variavel derivada do rotulo. Nao promover a 'validado'/'confirmado' sem revisao do REV-P."
Curitiba,1,CUR_SIAC156_851ee50b7fcf5b0a,-25.4465335,-49.3114864,03/02/2025,2025,Drenagem,Alagamentos,Rua Abrahão Kalil Fadel,SEMINARIO,strong,"Rua Abrahão Kalil Fadel, Seminário, Curitiba, Paraná, Região Sul, 80310-100, Brasil",161320952,1,"flood (alagamento/enchente) - landslide excluded by category filter (SIAC 156 Assunto/Subdivisao is a distinct structured category, not free text)",siac156_curitiba_v1,"Ponto positivo administrativo geocodificado (mesmo criterio do v12 Recife). Nao e ground truth cartografico individual -- confianca strong = correspondencia de rua (geometria, nao numero exato); medium = fallback bairro-centroide.","Nao usar como escore, threshold ou variavel derivada do rotulo. Nao promover a 'validado'/'confirmado' sem revisao do REV-P."
Curitiba,1,CUR_SIAC156_cad1cd4d64db2d09,-25.4659508,-49.2733329,03/02/2025,2025,Drenagem,Alagamentos,Minas Gerais,GUAIRA,strong,"Rua Minas Gerais, Guaíra, Curitiba, Paraná, Região Sul, 80630-000, Brasil",421742147,1,"flood (alagamento/enchente) - landslide excluded by category filter (SIAC 156 Assunto/Subdivisao is a distinct structured category, not free text)",siac156_curitiba_v1,"Ponto positivo administrativo geocodificado (mesmo criterio do v12 Recife). Nao e ground truth cartografico individual -- confianca strong = correspondencia de rua (geometria, nao numero exato); medium = fallback bairro-centroide.","Nao usar como escore, threshold ou variavel derivada do rotulo. Nao promover a 'validado'/'confirmado' sem revisao do REV-P."
Curitiba,1,CUR_SIAC156_3ec6ffb9c4348aa3,-25.4672731,-49.283712,14/02/2025,2025,Drenagem,Alagamentos,Pará,AGUA VERDE,strong,"Rua Pará, Água Verde, Curitiba, Paraná, Região Sul, 80610-020, Brasil",48310684,1,"flood (alagamento/enchente) - landslide excluded by category filter (SIAC 156 Assunto/Subdivisao is a distinct structured category, not free text)",siac156_curitiba_v1,"Ponto positivo administrativo geocodificado (mesmo criterio do v12 Recife). Nao e ground truth cartografico individual -- confianca strong = correspondencia de rua (geometria, nao numero exato); medium = fallback bairro-centroide.","Nao usar como escore, threshold ou variavel derivada do rotulo. Nao promover a 'validado'/'confirmado' sem revisao do REV-P."
Curitiba,1,CUR_SIAC156_0ea473e090f5281f,-25.4461625,-49.3064313,18/02/2025,2025,Drenagem,Alagamentos,RUA JOSÉ SCUISSIATO,SEMINARIO,strong,"Rua José Scuissiato, Seminário, Curitiba, Paraná, Região Sul, 80310-100, Brasil",333496258,1,"flood (alagamento/enchente) - landslide excluded by category filter (SIAC 156 Assunto/Subdivisao is a distinct structured category, not free text)",siac156_curitiba_v1,"Ponto positivo administrativo geocodificado (mesmo criterio do v12 Recife). Nao e ground truth cartografico individual -- confianca strong = correspondencia de rua (geometria, nao numero exato); medium = fallback bairro-centroide.","Nao usar como escore, threshold ou variavel derivada do rotulo. Nao promover a 'validado'/'confirmado' sem revisao do REV-P."
Curitiba,1,CUR_SIAC156_efc79d3a6eec3949,-25.4726055,-49.3280456,18/02/2025,2025,Drenagem,Alagamentos,Rua Waldemar Cavanha,CAMPO COMPRIDO,strong,"Rua Waldemar Cavanha, Campo Comprido, Curitiba, Paraná, Região Sul, 81240-000, Brasil",316398464,1,"flood (alagamento/enchente) - landslide excluded by category filter (SIAC 156 Assunto/Subdivisao is a distinct structured category, not free text)",siac156_curitiba_v1,"Ponto positivo administrativo geocodificado (mesmo criterio do v12 Recife). Nao e ground truth cartografico individual -- confianca strong = correspondencia de rua (geometria, nao numero exato); medium = fallback bairro-centroide.","Nao usar como escore, threshold ou variavel derivada do rotulo. Nao promover a 'validado'/'confirmado' sem revisao do REV-P."
Curitiba,1,CUR_SIAC156_6b5d60560e652218,-25.4672731,-49.283712,18/02/2025,2025,Drenagem,Alagamentos,Pará,AGUA VERDE,strong,"Rua Pará, Água Verde, Curitiba, Paraná, Região Sul, 80610-020, Brasil",48310684,1,"flood (alagamento/enchente) - landslide excluded by category filter (SIAC 156 Assunto/Subdivisao is a distinct structured category, not free text)",siac156_curitiba_v1,"Ponto positivo administrativo geocodificado (mesmo criterio do v12 Recife). Nao e ground truth cartografico individual -- confianca strong = correspondencia de rua (geometria, nao numero exato); medium = fallback bairro-centroide.","Nao usar como escore, threshold ou variavel derivada do rotulo. Nao promover a 'validado'/'confirmado' sem revisao do REV-P."
Curitiba,1,CUR_SIAC156_e8050b4ead0c2f56,-25.4584537,-49.3235018,19/02/2025,2025,Drenagem,Alagamentos,RUA PEDRO KOSCHLA,CAMPO COMPRIDO,strong,"Rua Pedro Koschla, Campo Comprido, Curitiba, Paraná, Região Sul, 81220-060, Brasil",316398483,1,"flood (alagamento/enchente) - landslide excluded by category filter (SIAC 156 Assunto/Subdivisao is a distinct structured category, not free text)",siac156_curitiba_v1,"Ponto positivo administrativo geocodificado (mesmo criterio do v12 Recife). Nao e ground truth cartografico individual -- confianca strong = correspondencia de rua (geometria, nao numero exato); medium = fallback bairro-centroide.","Nao usar como escore, threshold ou variavel derivada do rotulo. Nao promover a 'validado'/'confirmado' sem revisao do REV-P."
Curitiba,1,CUR_SIAC156_b0ea06392982c208,-25.4461818,-49.2750885,25/02/2025,2025,Drenagem,Alagamentos,AVENIDA PRESIDENTE GETÚLIO VARGAS,AGUA VERDE,strong,"Avenida Presidente Getúlio Vargas, Água Verde, Curitiba, Paraná, Região Sul, 80250-190, Brasil",343540920,1,"flood (alagamento/enchente) - landslide excluded by category filter (SIAC 156 Assunto/Subdivisao is a distinct structured category, not free text)",siac156_curitiba_v1,"Ponto positivo administrativo geocodificado (mesmo criterio do v12 Recife). Nao e ground truth cartografico individual -- confianca strong = correspondencia de rua (geometria, nao numero exato); medium = fallback bairro-centroide.","Nao usar como escore, threshold ou variavel derivada do rotulo. Nao promover a 'validado'/'confirmado' sem revisao do REV-P."
Curitiba,1,CUR_SIAC156_11425e9f44ad4b49,-25.4613284,-49.3110452,16/04/2025,2025,Drenagem,Alagamentos,RUA REINALDO PAZELLO,SANTA QUITERIA,strong,"Rua Reinaldo Pazello, Santa Quitéria, Curitiba, Paraná, Região Sul, 80310-230, Brasil",129141984,1,"flood (alagamento/enchente) - landslide excluded by category filter (SIAC 156 Assunto/Subdivisao is a distinct structured category, not free text)",siac156_curitiba_v1,"Ponto positivo administrativo geocodificado (mesmo criterio do v12 Recife). Nao e ground truth cartografico individual -- confianca strong = correspondencia de rua (geometria, nao numero exato); medium = fallback bairro-centroide.","Nao usar como escore, threshold ou variavel derivada do rotulo. Nao promover a 'validado'/'confirmado' sem revisao do REV-P."
Curitiba,1,CUR_SIAC156_85f5f51df93122c0,-25.4563126,-49.2641066,26/08/2025,2025,Drenagem,Alagamentos,RUA ALFERES POLI,PAROLIN,strong,"Rua Alferes Poli, Parolin, Curitiba, Paraná, Região Sul, 80220-081, Brasil",24783521,1,"flood (alagamento/enchente) - landslide excluded by category filter (SIAC 156 Assunto/Subdivisao is a distinct structured category, not free text)",siac156_curitiba_v1,"Ponto positivo administrativo geocodificado (mesmo criterio do v12 Recife). Nao e ground truth cartografico individual -- confianca strong = correspondencia de rua (geometria, nao numero exato); medium = fallback bairro-centroide.","Nao usar como escore, threshold ou variavel derivada do rotulo. Nao promover a 'validado'/'confirmado' sem revisao do REV-P."
Curitiba,1,CUR_SIAC156_4f1a6e9d5024e2de,-25.4574104,-49.2753292,26/08/2025,2025,Drenagem,Alagamentos,Santo Amaro,AGUA VERDE,strong,"Rua Santo Amaro, Água Verde, Curitiba, Paraná, Região Sul, 80620-220, Brasil",52710292,1,"flood (alagamento/enchente) - landslide excluded by category filter (SIAC 156 Assunto/Subdivisao is a distinct structured category, not free text)",siac156_curitiba_v1,"Ponto positivo administrativo geocodificado (mesmo criterio do v12 Recife). Nao e ground truth cartografico individual -- confianca strong = correspondencia de rua (geometria, nao numero exato); medium = fallback bairro-centroide.","Nao usar como escore, threshold ou variavel derivada do rotulo. Nao promover a 'validado'/'confirmado' sem revisao do REV-P."
Curitiba,1,CUR_SIAC156_dd24236802f9bd61,-25.4612566,-49.2668905,22/09/2025,2025,Drenagem,Alagamentos,RUA BRIGADEIRO FRANCO,PAROLIN,strong,"Rua Brigadeiro Franco, Parolin, Curitiba, Paraná, Região Sul, 80220-081, Brasil",122741943,1,"flood (alagamento/enchente) - landslide excluded by category filter (SIAC 156 Assunto/Subdivisao is a distinct structured category, not free text)",siac156_curitiba_v1,"Ponto positivo administrativo geocodificado (mesmo criterio do v12 Recife). Nao e ground truth cartografico individual -- confianca strong = correspondencia de rua (geometria, nao numero exato); medium = fallback bairro-centroide.","Nao usar como escore, threshold ou variavel derivada do rotulo. Nao promover a 'validado'/'confirmado' sem revisao do REV-P."
Curitiba,1,CUR_SIAC156_bc523ab055b79dc9,-25.4602304,-49.2837278,22/09/2025,2025,Drenagem,Alagamentos,Professor Assis Gonçalves,AGUA VERDE,strong,"Rua Professor Assis Gonçalves, Água Verde, Curitiba, Paraná, Região Sul, 80620-130, Brasil",52708917,1,"flood (alagamento/enchente) - landslide excluded by category filter (SIAC 156 Assunto/Subdivisao is a distinct structured category, not free text)",siac156_curitiba_v1,"Ponto positivo administrativo geocodificado (mesmo criterio do v12 Recife). Nao e ground truth cartografico individual -- confianca strong = correspondencia de rua (geometria, nao numero exato); medium = fallback bairro-centroide.","Nao usar como escore, threshold ou variavel derivada do rotulo. Nao promover a 'validado'/'confirmado' sem revisao do REV-P."
Curitiba,1,CUR_SIAC156_a356aeea3966b20c,-25.4500016,-49.3137048,05/10/2025,2025,Drenagem,Alagamentos,Nossa Senhora Aparecida,SEMINARIO,strong,"Avenida Nossa Senhora Aparecida, Seminário, Curitiba, Paraná, Região Sul, 80310-430, Brasil",121817684,1,"flood (alagamento/enchente) - landslide excluded by category filter (SIAC 156 Assunto/Subdivisao is a distinct structured category, not free text)",siac156_curitiba_v1,"Ponto positivo administrativo geocodificado (mesmo criterio do v12 Recife). Nao e ground truth cartografico individual -- confianca strong = correspondencia de rua (geometria, nao numero exato); medium = fallback bairro-centroide.","Nao usar como escore, threshold ou variavel derivada do rotulo. Nao promover a 'validado'/'confirmado' sem revisao do REV-P."
Curitiba,1,CUR_SIAC156_088c9d6089a19427,-25.4574104,-49.2753292,11/10/2025,2025,Drenagem,Alagamentos,Santo Amaro,AGUA VERDE,strong,"Rua Santo Amaro, Água Verde, Curitiba, Paraná, Região Sul, 80620-220, Brasil",52710292,1,"flood (alagamento/enchente) - landslide excluded by category filter (SIAC 156 Assunto/Subdivisao is a distinct structured category, not free text)",siac156_curitiba_v1,"Ponto positivo administrativo geocodificado (mesmo criterio do v12 Recife). Nao e ground truth cartografico individual -- confianca strong = correspondencia de rua (geometria, nao numero exato); medium = fallback bairro-centroide.","Nao usar como escore, threshold ou variavel derivada do rotulo. Nao promover a 'validado'/'confirmado' sem revisao do REV-P."
Curitiba,1,CUR_SIAC156_5e45a4c4b56ea626,-25.4637167,-49.2601128,19/10/2025,2025,Drenagem,Alagamentos,Francisco Parolin,PAROLIN,strong,"Rua Francisco Parolin, Parolin, Curitiba, Paraná, Região Sul, 80220-390, Brasil",53814835,1,"flood (alagamento/enchente) - landslide excluded by category filter (SIAC 156 Assunto/Subdivisao is a distinct structured category, not free text)",siac156_curitiba_v1,"Ponto positivo administrativo geocodificado (mesmo criterio do v12 Recife). Nao e ground truth cartografico individual -- confianca strong = correspondencia de rua (geometria, nao numero exato); medium = fallback bairro-centroide.","Nao usar como escore, threshold ou variavel derivada do rotulo. Nao promover a 'validado'/'confirmado' sem revisao do REV-P."
Curitiba,1,CUR_SIAC156_48d96baa8e7cf219,-25.4574104,-49.2753292,22/11/2025,2025,Drenagem,Alagamentos,Santo Amaro,AGUA VERDE,strong,"Rua Santo Amaro, Água Verde, Curitiba, Paraná, Região Sul, 80620-220, Brasil",52710292,1,"flood (alagamento/enchente) - landslide excluded by category filter (SIAC 156 Assunto/Subdivisao is a distinct structured category, not free text)",siac156_curitiba_v1,"Ponto positivo administrativo geocodificado (mesmo criterio do v12 Recife). Nao e ground truth cartografico individual -- confianca strong = correspondencia de rua (geometria, nao numero exato); medium = fallback bairro-centroide.","Nao usar como escore, threshold ou variavel derivada do rotulo. Nao promover a 'validado'/'confirmado' sem revisao do REV-P."
Curitiba,1,CUR_SIAC156_20a7fb267041fc04,-25.4612566,-49.2668905,23/11/2025,2025,Drenagem,Alagamentos,RUA BRIGADEIRO FRANCO,PAROLIN,strong,"Rua Brigadeiro Franco, Parolin, Curitiba, Paraná, Região Sul, 80220-081, Brasil",122741943,2,"flood (alagamento/enchente) - landslide excluded by category filter (SIAC 156 Assunto/Subdivisao is a distinct structured category, not free text)",siac156_curitiba_v1,"Ponto positivo administrativo geocodificado (mesmo criterio do v12 Recife). Nao e ground truth cartografico individual -- confianca strong = correspondencia de rua (geometria, nao numero exato); medium = fallback bairro-centroide.","Nao usar como escore, threshold ou variavel derivada do rotulo. Nao promover a 'validado'/'confirmado' sem revisao do REV-P."
Curitiba,1,CUR_SIAC156_0bd71a3d909c71b6,-25.4445385,-49.3216127,30/11/2025,2025,Drenagem,Alagamentos,RUA PAULO GORSKI,CAMPO COMPRIDO,strong,"Rua Paulo Gorski, Mossunguê, Curitiba, Paraná, Região Sul, 81210-220, Brasil",138702887,1,"flood (alagamento/enchente) - landslide excluded by category filter (SIAC 156 Assunto/Subdivisao is a distinct structured category, not free text)",siac156_curitiba_v1,"Ponto positivo administrativo geocodificado (mesmo criterio do v12 Recife). Nao e ground truth cartografico individual -- confianca strong = correspondencia de rua (geometria, nao numero exato); medium = fallback bairro-centroide.","Nao usar como escore, threshold ou variavel derivada do rotulo. Nao promover a 'validado'/'confirmado' sem revisao do REV-P."
Curitiba,1,CUR_SIAC156_f2a1d458c583e778,-25.4642589,-49.2803828,30/11/2025,2025,Drenagem,Alagamentos,Eugênio José de Souza,AGUA VERDE,strong,"Rua Eugênio José de Souza, Água Verde, Curitiba, Paraná, Região Sul, 80610-020, Brasil",231807299,2,"flood (alagamento/enchente) - landslide excluded by category filter (SIAC 156 Assunto/Subdivisao is a distinct structured category, not free text)",siac156_curitiba_v1,"Ponto positivo administrativo geocodificado (mesmo criterio do v12 Recife). Nao e ground truth cartografico individual -- confianca strong = correspondencia de rua (geometria, nao numero exato); medium = fallback bairro-centroide.","Nao usar como escore, threshold ou variavel derivada do rotulo. Nao promover a 'validado'/'confirmado' sem revisao do REV-P."
Curitiba,1,CUR_SIAC156_36b6d456a002bcf4,-25.4611343,-49.284463,30/11/2025,2025,Drenagem,Alagamentos,Palmeiras,AGUA VERDE,strong,"Rua Palmeiras, Água Verde, Curitiba, Paraná, Região Sul, 80620-130, Brasil",52708910,1,"flood (alagamento/enchente) - landslide excluded by category filter (SIAC 156 Assunto/Subdivisao is a distinct structured category, not free text)",siac156_curitiba_v1,"Ponto positivo administrativo geocodificado (mesmo criterio do v12 Recife). Nao e ground truth cartografico individual -- confianca strong = correspondencia de rua (geometria, nao numero exato); medium = fallback bairro-centroide.","Nao usar como escore, threshold ou variavel derivada do rotulo. Nao promover a 'validado'/'confirmado' sem revisao do REV-P."
Curitiba,1,CUR_SIAC156_fa15af287d8f7a3d,-25.4583994,-49.2802579,30/11/2025,2025,Drenagem,Alagamentos,Professor Luiz César,AGUA VERDE,strong,"Rua Professor Luiz César, Água Verde, Curitiba, Paraná, Região Sul, 80620-400, Brasil",33068457,1,"flood (alagamento/enchente) - landslide excluded by category filter (SIAC 156 Assunto/Subdivisao is a distinct structured category, not free text)",siac156_curitiba_v1,"Ponto positivo administrativo geocodificado (mesmo criterio do v12 Recife). Nao e ground truth cartografico individual -- confianca strong = correspondencia de rua (geometria, nao numero exato); medium = fallback bairro-centroide.","Nao usar como escore, threshold ou variavel derivada do rotulo. Nao promover a 'validado'/'confirmado' sem revisao do REV-P."
Curitiba,1,CUR_SIAC156_737376e54aa14757,-25.465653,-49.2602814,30/11/2025,2025,Drenagem,Alagamentos,RUA 24 DE MAIO,PAROLIN,strong,"Rua 24 de Maio, Parolin, Curitiba, Paraná, Região Sul, 80220-390, Brasil",46208598,1,"flood (alagamento/enchente) - landslide excluded by category filter (SIAC 156 Assunto/Subdivisao is a distinct structured category, not free text)",siac156_curitiba_v1,"Ponto positivo administrativo geocodificado (mesmo criterio do v12 Recife). Nao e ground truth cartografico individual -- confianca strong = correspondencia de rua (geometria, nao numero exato); medium = fallback bairro-centroide.","Nao usar como escore, threshold ou variavel derivada do rotulo. Nao promover a 'validado'/'confirmado' sem revisao do REV-P."
Curitiba,1,CUR_SIAC156_b8ffe4605e48698c,-25.4616819,-49.2694389,30/11/2025,2025,Drenagem,Alagamentos,RUA JOÃO PAROLIN,PAROLIN,strong,"Rua João Parolin, Vila Valetão, Parolin, Curitiba, Paraná, Região Sul, 80620-220, Brasil",132844025,1,"flood (alagamento/enchente) - landslide excluded by category filter (SIAC 156 Assunto/Subdivisao is a distinct structured category, not free text)",siac156_curitiba_v1,"Ponto positivo administrativo geocodificado (mesmo criterio do v12 Recife). Nao e ground truth cartografico individual -- confianca strong = correspondencia de rua (geometria, nao numero exato); medium = fallback bairro-centroide.","Nao usar como escore, threshold ou variavel derivada do rotulo. Nao promover a 'validado'/'confirmado' sem revisao do REV-P."
Curitiba,1,CUR_SIAC156_7b8ec5c487defaef,-25.4612566,-49.2668905,02/12/2025,2025,Drenagem,Alagamentos,RUA BRIGADEIRO FRANCO,PAROLIN,strong,"Rua Brigadeiro Franco, Parolin, Curitiba, Paraná, Região Sul, 80220-081, Brasil",122741943,1,"flood (alagamento/enchente) - landslide excluded by category filter (SIAC 156 Assunto/Subdivisao is a distinct structured category, not free text)",siac156_curitiba_v1,"Ponto positivo administrativo geocodificado (mesmo criterio do v12 Recife). Nao e ground truth cartografico individual -- confianca strong = correspondencia de rua (geometria, nao numero exato); medium = fallback bairro-centroide.","Nao usar como escore, threshold ou variavel derivada do rotulo. Nao promover a 'validado'/'confirmado' sem revisao do REV-P."
Curitiba,1,CUR_SIAC156_b4f6af57e0bfeecd,-25.4500016,-49.3137048,06/12/2025,2025,Drenagem,Alagamentos,Nossa Senhora Aparecida,SEMINARIO,strong,"Avenida Nossa Senhora Aparecida, Seminário, Curitiba, Paraná, Região Sul, 80310-430, Brasil",121817684,1,"flood (alagamento/enchente) - landslide excluded by category filter (SIAC 156 Assunto/Subdivisao is a distinct structured category, not free text)",siac156_curitiba_v1,"Ponto positivo administrativo geocodificado (mesmo criterio do v12 Recife). Nao e ground truth cartografico individual -- confianca strong = correspondencia de rua (geometria, nao numero exato); medium = fallback bairro-centroide.","Nao usar como escore, threshold ou variavel derivada do rotulo. Nao promover a 'validado'/'confirmado' sem revisao do REV-P."
Curitiba,1,CUR_SIAC156_9c575e52ea43dff0,-25.4612566,-49.2668905,09/12/2025,2025,Drenagem,Alagamentos,RUA BRIGADEIRO FRANCO,PAROLIN,strong,"Rua Brigadeiro Franco, Parolin, Curitiba, Paraná, Região Sul, 80220-081, Brasil",122741943,1,"flood (alagamento/enchente) - landslide excluded by category filter (SIAC 156 Assunto/Subdivisao is a distinct structured category, not free text)",siac156_curitiba_v1,"Ponto positivo administrativo geocodificado (mesmo criterio do v12 Recife). Nao e ground truth cartografico individual -- confianca strong = correspondencia de rua (geometria, nao numero exato); medium = fallback bairro-centroide.","Nao usar como escore, threshold ou variavel derivada do rotulo. Nao promover a 'validado'/'confirmado' sem revisao do REV-P."
Curitiba,1,CUR_SIAC156_3db05a70413c4e5f,-25.4222977,-49.334633,27/01/2025,2025,Drenagem,Alagamentos,Rua José Boiko,SANTO INACIO,strong,"Rua José Boiko, Santo Inácio, Curitiba, Paraná, Região Sul, 82010-550, Brasil",137425516,1,"flood (alagamento/enchente) - landslide excluded by category filter (SIAC 156 Assunto/Subdivisao is a distinct structured category, not free text)",siac156_curitiba_v1,"Ponto positivo administrativo geocodificado (mesmo criterio do v12 Recife). Nao e ground truth cartografico individual -- confianca strong = correspondencia de rua (geometria, nao numero exato); medium = fallback bairro-centroide.","Nao usar como escore, threshold ou variavel derivada do rotulo. Nao promover a 'validado'/'confirmado' sem revisao do REV-P."
Curitiba,1,CUR_SIAC156_73852ce02c35374b,-25.4247126,-49.3409953,30/01/2025,2025,Drenagem,Alagamentos,RUA BASÍLIO KOWALCZUK,SAO BRAZ,strong,"Rua Basílio Kowalczuk, São Braz, Curitiba, Paraná, Região Sul, 82010-550, Brasil",137990064,1,"flood (alagamento/enchente) - landslide excluded by category filter (SIAC 156 Assunto/Subdivisao is a distinct structured category, not free text)",siac156_curitiba_v1,"Ponto positivo administrativo geocodificado (mesmo criterio do v12 Recife). Nao e ground truth cartografico individual -- confianca strong = correspondencia de rua (geometria, nao numero exato); medium = fallback bairro-centroide.","Nao usar como escore, threshold ou variavel derivada do rotulo. Nao promover a 'validado'/'confirmado' sem revisao do REV-P."
Curitiba,1,CUR_SIAC156_bad1d7f11ebc53c4,-25.388577,-49.3209093,25/02/2025,2025,Drenagem,Alagamentos,Ari José Valle,SAO JOAO,strong,"Rua Ari José Valle, Santa Felicidade, Curitiba, Paraná, Região Sul, 82410-330, Brasil",407738929,1,"flood (alagamento/enchente) - landslide excluded by category filter (SIAC 156 Assunto/Subdivisao is a distinct structured category, not free text)",siac156_curitiba_v1,"Ponto positivo administrativo geocodificado (mesmo criterio do v12 Recife). Nao e ground truth cartografico individual -- confianca strong = correspondencia de rua (geometria, nao numero exato); medium = fallback bairro-centroide.","Nao usar como escore, threshold ou variavel derivada do rotulo. Nao promover a 'validado'/'confirmado' sem revisao do REV-P."
Curitiba,1,CUR_SIAC156_1ad8da2c1a10bd02,-25.4222977,-49.334633,08/04/2025,2025,Drenagem,Alagamentos,Rua José Boiko,SANTO INACIO,strong,"Rua José Boiko, Santo Inácio, Curitiba, Paraná, Região Sul, 82010-550, Brasil",137425516,1,"flood (alagamento/enchente) - landslide excluded by category filter (SIAC 156 Assunto/Subdivisao is a distinct structured category, not free text)",siac156_curitiba_v1,"Ponto positivo administrativo geocodificado (mesmo criterio do v12 Recife). Nao e ground truth cartografico individual -- confianca strong = correspondencia de rua (geometria, nao numero exato); medium = fallback bairro-centroide.","Nao usar como escore, threshold ou variavel derivada do rotulo. Nao promover a 'validado'/'confirmado' sem revisao do REV-P."
Curitiba,1,CUR_SIAC156_ce9cf8ae5804780b,-25.4288133,-49.3517367,09/06/2025,2025,Drenagem,Alagamentos,RUA UBALDO BRUNATTI,ORLEANS,strong,"Rua Ubaldo Brunatti, Orleans, Curitiba, Paraná, Região Sul, 82310-347, Brasil",491656004,1,"flood (alagamento/enchente) - landslide excluded by category filter (SIAC 156 Assunto/Subdivisao is a distinct structured category, not free text)",siac156_curitiba_v1,"Ponto positivo administrativo geocodificado (mesmo criterio do v12 Recife). Nao e ground truth cartografico individual -- confianca strong = correspondencia de rua (geometria, nao numero exato); medium = fallback bairro-centroide.","Nao usar como escore, threshold ou variavel derivada do rotulo. Nao promover a 'validado'/'confirmado' sem revisao do REV-P."
Curitiba,1,CUR_SIAC156_b1939e36bd977798,-25.429025,-49.3471408,09/06/2025,2025,Drenagem,Alagamentos,RUA FRANCISCO KLEICHEVICZ,ORLEANS,strong,"Rua Francisco Kleichevicz, Orleans, Curitiba, Paraná, Região Sul, 82310-347, Brasil",127538674,1,"flood (alagamento/enchente) - landslide excluded by category filter (SIAC 156 Assunto/Subdivisao is a distinct structured category, not free text)",siac156_curitiba_v1,"Ponto positivo administrativo geocodificado (mesmo criterio do v12 Recife). Nao e ground truth cartografico individual -- confianca strong = correspondencia de rua (geometria, nao numero exato); medium = fallback bairro-centroide.","Nao usar como escore, threshold ou variavel derivada do rotulo. Nao promover a 'validado'/'confirmado' sem revisao do REV-P."
Curitiba,1,CUR_SIAC156_cfaa8ac2a16f4b75,-25.407163,-49.2910516,09/06/2025,2025,Drenagem,Alagamentos,Carlos Leinig Júnior,VISTA ALEGRE,strong,"Rua Carlos Leinig Júnior, Vista Alegre, Curitiba, Paraná, Região Sul, 80820-010, Brasil",30049740,1,"flood (alagamento/enchente) - landslide excluded by category filter (SIAC 156 Assunto/Subdivisao is a distinct structured category, not free text)",siac156_curitiba_v1,"Ponto positivo administrativo geocodificado (mesmo criterio do v12 Recife). Nao e ground truth cartografico individual -- confianca strong = correspondencia de rua (geometria, nao numero exato); medium = fallback bairro-centroide.","Nao usar como escore, threshold ou variavel derivada do rotulo. Nao promover a 'validado'/'confirmado' sem revisao do REV-P."
Curitiba,1,CUR_SIAC156_72d43c9625b293c9,-25.4045903,-49.3136778,10/06/2025,2025,Drenagem,Alagamentos,Ângelo Domingos Durigan,CASCATINHA,strong,"Rua Ângelo Domingos Durigan, Cascatinha, Curitiba, Paraná, Região Sul, 82020-250, Brasil",411409907,1,"flood (alagamento/enchente) - landslide excluded by category filter (SIAC 156 Assunto/Subdivisao is a distinct structured category, not free text)",siac156_curitiba_v1,"Ponto positivo administrativo geocodificado (mesmo criterio do v12 Recife). Nao e ground truth cartografico individual -- confianca strong = correspondencia de rua (geometria, nao numero exato); medium = fallback bairro-centroide.","Nao usar como escore, threshold ou variavel derivada do rotulo. Nao promover a 'validado'/'confirmado' sem revisao do REV-P."
Curitiba,1,CUR_SIAC156_1d0c24f68869e743,-25.4069642,-49.3211116,11/06/2025,2025,Drenagem,Alagamentos,Ruy de Santis,SANTA FELICIDADE,strong,"Rua Ruy de Santis, Santa Felicidade, Curitiba, Paraná, Região Sul, 82020-000, Brasil",158621084,1,"flood (alagamento/enchente) - landslide excluded by category filter (SIAC 156 Assunto/Subdivisao is a distinct structured category, not free text)",siac156_curitiba_v1,"Ponto positivo administrativo geocodificado (mesmo criterio do v12 Recife). Nao e ground truth cartografico individual -- confianca strong = correspondencia de rua (geometria, nao numero exato); medium = fallback bairro-centroide.","Nao usar como escore, threshold ou variavel derivada do rotulo. Nao promover a 'validado'/'confirmado' sem revisao do REV-P."
Curitiba,1,CUR_SIAC156_f89075547916bccd,-25.4117207,-49.3597629,07/07/2025,2025,Drenagem,Alagamentos,RUA SAO JOSE DA BOA VISTA,SAO BRAZ,strong,"Rua São José da Boa Vista, São Braz, Curitiba, Paraná, Região Sul, 82315-420, Brasil",150299055,1,"flood (alagamento/enchente) - landslide excluded by category filter (SIAC 156 Assunto/Subdivisao is a distinct structured category, not free text)",siac156_curitiba_v1,"Ponto positivo administrativo geocodificado (mesmo criterio do v12 Recife). Nao e ground truth cartografico individual -- confianca strong = correspondencia de rua (geometria, nao numero exato); medium = fallback bairro-centroide.","Nao usar como escore, threshold ou variavel derivada do rotulo. Nao promover a 'validado'/'confirmado' sem revisao do REV-P."
Curitiba,1,CUR_SIAC156_2e62000fe43b0187,-25.4787568,-49.2738188,03/02/2025,2025,Drenagem,Alagamentos,Rua Conde Dos Arcos,LINDOIA,strong,"Rua Conde dos Arcos, Lindóia, Curitiba, Paraná, Região Sul, 81010-001, Brasil",126274284,2,"flood (alagamento/enchente) - landslide excluded by category filter (SIAC 156 Assunto/Subdivisao is a distinct structured category, not free text)",siac156_curitiba_v1,"Ponto positivo administrativo geocodificado (mesmo criterio do v12 Recife). Nao e ground truth cartografico individual -- confianca strong = correspondencia de rua (geometria, nao numero exato); medium = fallback bairro-centroide.","Nao usar como escore, threshold ou variavel derivada do rotulo. Nao promover a 'validado'/'confirmado' sem revisao do REV-P."
Curitiba,1,CUR_SIAC156_588fd84dfa181459,-25.5239897,-49.2723663,03/02/2025,2025,Drenagem,Alagamentos,RUA IZIDORO STAVITZKI,PINHEIRINHO,strong,"Rua Izidoro Stavitzki, Pinheirinho, Curitiba, Paraná, Região Sul, 81825-300, Brasil",128988839,1,"flood (alagamento/enchente) - landslide excluded by category filter (SIAC 156 Assunto/Subdivisao is a distinct structured category, not free text)",siac156_curitiba_v1,"Ponto positivo administrativo geocodificado (mesmo criterio do v12 Recife). Nao e ground truth cartografico individual -- confianca strong = correspondencia de rua (geometria, nao numero exato); medium = fallback bairro-centroide.","Nao usar como escore, threshold ou variavel derivada do rotulo. Nao promover a 'validado'/'confirmado' sem revisao do REV-P."
Curitiba,1,CUR_SIAC156_797a40c9b6b2c684,-25.4787568,-49.2738188,03/02/2025,2025,Drenagem,Alagamentos,RUA CONDE DOS ARCOS,LINDOIA,strong,"Rua Conde dos Arcos, Lindóia, Curitiba, Paraná, Região Sul, 81010-001, Brasil",126274284,2,"flood (alagamento/enchente) - landslide excluded by category filter (SIAC 156 Assunto/Subdivisao is a distinct structured category, not free text)",siac156_curitiba_v1,"Ponto positivo administrativo geocodificado (mesmo criterio do v12 Recife). Nao e ground truth cartografico individual -- confianca strong = correspondencia de rua (geometria, nao numero exato); medium = fallback bairro-centroide.","Nao usar como escore, threshold ou variavel derivada do rotulo. Nao promover a 'validado'/'confirmado' sem revisao do REV-P."
Curitiba,1,CUR_SIAC156_c382a7fa5076343b,-25.4860845,-49.2857787,03/02/2025,2025,Drenagem,Alagamentos,Nicolau Serrato Sobrinho,NOVO MUNDO,strong,"Rua Nicolau Serrato Sobrinho, Novo Mundo, Curitiba, Paraná, Região Sul, 81020-410, Brasil",48310690,1,"flood (alagamento/enchente) - landslide excluded by category filter (SIAC 156 Assunto/Subdivisao is a distinct structured category, not free text)",siac156_curitiba_v1,"Ponto positivo administrativo geocodificado (mesmo criterio do v12 Recife). Nao e ground truth cartografico individual -- confianca strong = correspondencia de rua (geometria, nao numero exato); medium = fallback bairro-centroide.","Nao usar como escore, threshold ou variavel derivada do rotulo. Nao promover a 'validado'/'confirmado' sem revisao do REV-P."
Curitiba,1,CUR_SIAC156_c1d904c22666cc46,-25.5248466,-49.2773326,10/02/2025,2025,Drenagem,Alagamentos,RUA ROSA MANFRON FERRO,PINHEIRINHO,strong,"Rua Rosa Manfron Ferro, Jardim Voluz III, Pinheirinho, Curitiba, Paraná, Região Sul, 81825-300, Brasil",398695487,1,"flood (alagamento/enchente) - landslide excluded by category filter (SIAC 156 Assunto/Subdivisao is a distinct structured category, not free text)",siac156_curitiba_v1,"Ponto positivo administrativo geocodificado (mesmo criterio do v12 Recife). Nao e ground truth cartografico individual -- confianca strong = correspondencia de rua (geometria, nao numero exato); medium = fallback bairro-centroide.","Nao usar como escore, threshold ou variavel derivada do rotulo. Nao promover a 'validado'/'confirmado' sem revisao do REV-P."
Curitiba,1,CUR_SIAC156_9ae138365dcd87b8,-25.51657,-49.3115915,18/02/2025,2025,Drenagem,Alagamentos,RUA JOSÉ SILVA DE LIMA,CAPAO RASO,strong,"Rua José Silva de Lima, Capão Raso, Curitiba, Paraná, Região Sul, 81150-180, Brasil",48304430,1,"flood (alagamento/enchente) - landslide excluded by category filter (SIAC 156 Assunto/Subdivisao is a distinct structured category, not free text)",siac156_curitiba_v1,"Ponto positivo administrativo geocodificado (mesmo criterio do v12 Recife). Nao e ground truth cartografico individual -- confianca strong = correspondencia de rua (geometria, nao numero exato); medium = fallback bairro-centroide.","Nao usar como escore, threshold ou variavel derivada do rotulo. Nao promover a 'validado'/'confirmado' sem revisao do REV-P."
Curitiba,1,CUR_SIAC156_8d9e7bfb3d831227,-25.4975315,-49.2906193,18/02/2025,2025,Drenagem,Alagamentos,RUA DELEGADO NABY PARANÁ,CAPAO RASO,strong,"Rua Delegado Naby Paraná, Capão Raso, Curitiba, Paraná, Região Sul, 81110-110, Brasil",33037220,1,"flood (alagamento/enchente) - landslide excluded by category filter (SIAC 156 Assunto/Subdivisao is a distinct structured category, not free text)",siac156_curitiba_v1,"Ponto positivo administrativo geocodificado (mesmo criterio do v12 Recife). Nao e ground truth cartografico individual -- confianca strong = correspondencia de rua (geometria, nao numero exato); medium = fallback bairro-centroide.","Nao usar como escore, threshold ou variavel derivada do rotulo. Nao promover a 'validado'/'confirmado' sem revisao do REV-P."
Curitiba,1,CUR_SIAC156_d2176e8f83217c30,-25.4865848,-49.2739445,18/02/2025,2025,Drenagem,Alagamentos,RUA JOSÉ FERREIRA DE  BARROS,FANNY,strong,"Rua José Ferreira de Barros, Fanny, Curitiba, Paraná, Região Sul, 81030-330, Brasil",126271628,1,"flood (alagamento/enchente) - landslide excluded by category filter (SIAC 156 Assunto/Subdivisao is a distinct structured category, not free text)",siac156_curitiba_v1,"Ponto positivo administrativo geocodificado (mesmo criterio do v12 Recife). Nao e ground truth cartografico individual -- confianca strong = correspondencia de rua (geometria, nao numero exato); medium = fallback bairro-centroide.","Nao usar como escore, threshold ou variavel derivada do rotulo. Nao promover a 'validado'/'confirmado' sem revisao do REV-P."
Curitiba,1,CUR_SIAC156_110b64acb2aba65b,-25.4882034,-49.3126694,18/02/2025,2025,Drenagem,Alagamentos,Rua Carolina Castelli,NOVO MUNDO,strong,"Rua Carolina Castelli, Área Administrativa AMA. Vila Maria e Uberlândia, Novo Mundo, Curitiba, Paraná, Região Sul, 81050-450, Brasil",42802264,1,"flood (alagamento/enchente) - landslide excluded by category filter (SIAC 156 Assunto/Subdivisao is a distinct structured category, not free text)",siac156_curitiba_v1,"Ponto positivo administrativo geocodificado (mesmo criterio do v12 Recife). Nao e ground truth cartografico individual -- confianca strong = correspondencia de rua (geometria, nao numero exato); medium = fallback bairro-centroide.","Nao usar como escore, threshold ou variavel derivada do rotulo. Nao promover a 'validado'/'confirmado' sem revisao do REV-P."
Curitiba,1,CUR_SIAC156_30aeb78f7d57c2f2,-25.4838821,-49.2711309,19/02/2025,2025,Drenagem,Alagamentos,Maestro Francisco Antonello,FANNY,strong,"Rua Maestro Francisco Antonello, Fanny, Curitiba, Paraná, Região Sul, 81690-200, Brasil",1178039924,1,"flood (alagamento/enchente) - landslide excluded by category filter (SIAC 156 Assunto/Subdivisao is a distinct structured category, not free text)",siac156_curitiba_v1,"Ponto positivo administrativo geocodificado (mesmo criterio do v12 Recife). Nao e ground truth cartografico individual -- confianca strong = correspondencia de rua (geometria, nao numero exato); medium = fallback bairro-centroide.","Nao usar como escore, threshold ou variavel derivada do rotulo. Nao promover a 'validado'/'confirmado' sem revisao do REV-P."
Curitiba,1,CUR_SIAC156_98213838a14bb854,-25.4921543,-49.3065704,25/02/2025,2025,Drenagem,Alagamentos,José Alcides de Lima,NOVO MUNDO,strong,"Rua José Alcides de Lima, Novo Mundo, Curitiba, Paraná, Região Sul, 81050-380, Brasil",33037269,1,"flood (alagamento/enchente) - landslide excluded by category filter (SIAC 156 Assunto/Subdivisao is a distinct structured category, not free text)",siac156_curitiba_v1,"Ponto positivo administrativo geocodificado (mesmo criterio do v12 Recife). Nao e ground truth cartografico individual -- confianca strong = correspondencia de rua (geometria, nao numero exato); medium = fallback bairro-centroide.","Nao usar como escore, threshold ou variavel derivada do rotulo. Nao promover a 'validado'/'confirmado' sem revisao do REV-P."
Curitiba,1,CUR_SIAC156_f4dd02bef30843d6,-25.4838821,-49.2711309,27/02/2025,2025,Drenagem,Alagamentos,RUA MAESTRO FRANCISCO ANTONELLO,FANNY,strong,"Rua Maestro Francisco Antonello, Fanny, Curitiba, Paraná, Região Sul, 81690-200, Brasil",1178039924,1,"flood (alagamento/enchente) - landslide excluded by category filter (SIAC 156 Assunto/Subdivisao is a distinct structured category, not free text)",siac156_curitiba_v1,"Ponto positivo administrativo geocodificado (mesmo criterio do v12 Recife). Nao e ground truth cartografico individual -- confianca strong = correspondencia de rua (geometria, nao numero exato); medium = fallback bairro-centroide.","Nao usar como escore, threshold ou variavel derivada do rotulo. Nao promover a 'validado'/'confirmado' sem revisao do REV-P."
Curitiba,1,CUR_SIAC156_370550cdbb103703,-25.5161867,-49.3043441,12/03/2025,2025,Drenagem,Alagamentos,Jaime Rodrigues da Rocha,CAPAO RASO,strong,"Rua Jaime Rodrigues da Rocha, Capão Raso, Curitiba, Paraná, Região Sul, 81150-120, Brasil",33037379,1,"flood (alagamento/enchente) - landslide excluded by category filter (SIAC 156 Assunto/Subdivisao is a distinct structured category, not free text)",siac156_curitiba_v1,"Ponto positivo administrativo geocodificado (mesmo criterio do v12 Recife). Nao e ground truth cartografico individual -- confianca strong = correspondencia de rua (geometria, nao numero exato); medium = fallback bairro-centroide.","Nao usar como escore, threshold ou variavel derivada do rotulo. Nao promover a 'validado'/'confirmado' sem revisao do REV-P."
Curitiba,1,CUR_SIAC156_6787225528529ad2,-25.4990906,-49.2916122,17/03/2025,2025,Drenagem,Alagamentos,RUA DOUTOR MANOEL LINHARES DE LACERDA,CAPAO RASO,strong,"Rua Doutor Manoel Linhares de Lacerda, Capão Raso, Curitiba, Paraná, Região Sul, 81110-110, Brasil",33037245,1,"flood (alagamento/enchente) - landslide excluded by category filter (SIAC 156 Assunto/Subdivisao is a distinct structured category, not free text)",siac156_curitiba_v1,"Ponto positivo administrativo geocodificado (mesmo criterio do v12 Recife). Nao e ground truth cartografico individual -- confianca strong = correspondencia de rua (geometria, nao numero exato); medium = fallback bairro-centroide.","Nao usar como escore, threshold ou variavel derivada do rotulo. Nao promover a 'validado'/'confirmado' sem revisao do REV-P."
Curitiba,1,CUR_SIAC156_d27e535ec40b4b7e,-25.5224015,-49.2838005,17/03/2025,2025,Drenagem,Alagamentos,Rua Araçari,PINHEIRINHO,strong,"Rua Araçari, Jardim Piratini, Pinheirinho, Curitiba, Paraná, Região Sul, 81870-260, Brasil",128988848,1,"flood (alagamento/enchente) - landslide excluded by category filter (SIAC 156 Assunto/Subdivisao is a distinct structured category, not free text)",siac156_curitiba_v1,"Ponto positivo administrativo geocodificado (mesmo criterio do v12 Recife). Nao e ground truth cartografico individual -- confianca strong = correspondencia de rua (geometria, nao numero exato); medium = fallback bairro-centroide.","Nao usar como escore, threshold ou variavel derivada do rotulo. Nao promover a 'validado'/'confirmado' sem revisao do REV-P."
Curitiba,1,CUR_SIAC156_53aa7b19d35a335a,-25.5248391,-49.2896819,26/05/2025,2025,Drenagem,Alagamentos,RUA JOSÉ AFONSO CORDEIRO,PINHEIRINHO,strong,"Rua José Afonso Cordeiro, Pinheirinho, Curitiba, Paraná, Região Sul, 81870-260, Brasil",129002792,1,"flood (alagamento/enchente) - landslide excluded by category filter (SIAC 156 Assunto/Subdivisao is a distinct structured category, not free text)",siac156_curitiba_v1,"Ponto positivo administrativo geocodificado (mesmo criterio do v12 Recife). Nao e ground truth cartografico individual -- confianca strong = correspondencia de rua (geometria, nao numero exato); medium = fallback bairro-centroide.","Nao usar como escore, threshold ou variavel derivada do rotulo. Nao promover a 'validado'/'confirmado' sem revisao do REV-P."
Curitiba,1,CUR_SIAC156_6cfb08e0fa2d19f5,-25.5248391,-49.2896819,07/06/2025,2025,Drenagem,Alagamentos,RUA JOSÉ AFONSO CORDEIRO,PINHEIRINHO,strong,"Rua José Afonso Cordeiro, Pinheirinho, Curitiba, Paraná, Região Sul, 81870-260, Brasil",129002792,1,"flood (alagamento/enchente) - landslide excluded by category filter (SIAC 156 Assunto/Subdivisao is a distinct structured category, not free text)",siac156_curitiba_v1,"Ponto positivo administrativo geocodificado (mesmo criterio do v12 Recife). Nao e ground truth cartografico individual -- confianca strong = correspondencia de rua (geometria, nao numero exato); medium = fallback bairro-centroide.","Nao usar como escore, threshold ou variavel derivada do rotulo. Nao promover a 'validado'/'confirmado' sem revisao do REV-P."
Curitiba,1,CUR_SIAC156_f5e44dbfec15309a,-25.5166542,-49.3079757,27/06/2025,2025,Drenagem,Alagamentos,RUA ALBERTO KRAMER,CAPAO RASO,strong,"Rua Alberto Kramer, Capão Raso, Curitiba, Paraná, Região Sul, 81150-120, Brasil",48294479,1,"flood (alagamento/enchente) - landslide excluded by category filter (SIAC 156 Assunto/Subdivisao is a distinct structured category, not free text)",siac156_curitiba_v1,"Ponto positivo administrativo geocodificado (mesmo criterio do v12 Recife). Nao e ground truth cartografico individual -- confianca strong = correspondencia de rua (geometria, nao numero exato); medium = fallback bairro-centroide.","Nao usar como escore, threshold ou variavel derivada do rotulo. Nao promover a 'validado'/'confirmado' sem revisao do REV-P."
Curitiba,1,CUR_SIAC156_85760c9962dc843f,-25.4982522,-49.2843761,13/09/2025,2025,Drenagem,Alagamentos,Luiz Amora,CAPAO RASO,strong,"Rua Luiz Amora, Capão Raso, Curitiba, Paraná, Região Sul, 81020-740, Brasil",24781472,1,"flood (alagamento/enchente) - landslide excluded by category filter (SIAC 156 Assunto/Subdivisao is a distinct structured category, not free text)",siac156_curitiba_v1,"Ponto positivo administrativo geocodificado (mesmo criterio do v12 Recife). Nao e ground truth cartografico individual -- confianca strong = correspondencia de rua (geometria, nao numero exato); medium = fallback bairro-centroide.","Nao usar como escore, threshold ou variavel derivada do rotulo. Nao promover a 'validado'/'confirmado' sem revisao do REV-P."
Curitiba,1,CUR_SIAC156_27cc89101373df22,-25.5390929,-49.2976152,22/09/2025,2025,Drenagem,Alagamentos,Rua Lufrido Costa,PINHEIRINHO,strong,"Rua Lufrido Costa, Pinheirinho, Curitiba, Paraná, Região Sul, 81880-000, Brasil",129015268,1,"flood (alagamento/enchente) - landslide excluded by category filter (SIAC 156 Assunto/Subdivisao is a distinct structured category, not free text)",siac156_curitiba_v1,"Ponto positivo administrativo geocodificado (mesmo criterio do v12 Recife). Nao e ground truth cartografico individual -- confianca strong = correspondencia de rua (geometria, nao numero exato); medium = fallback bairro-centroide.","Nao usar como escore, threshold ou variavel derivada do rotulo. Nao promover a 'validado'/'confirmado' sem revisao do REV-P."
Curitiba,1,CUR_SIAC156_374be316eccb372f,-25.4921543,-49.3065704,22/09/2025,2025,Drenagem,Alagamentos,José Alcides de Lima,NOVO MUNDO,strong,"Rua José Alcides de Lima, Novo Mundo, Curitiba, Paraná, Região Sul, 81050-380, Brasil",33037269,1,"flood (alagamento/enchente) - landslide excluded by category filter (SIAC 156 Assunto/Subdivisao is a distinct structured category, not free text)",siac156_curitiba_v1,"Ponto positivo administrativo geocodificado (mesmo criterio do v12 Recife). Nao e ground truth cartografico individual -- confianca strong = correspondencia de rua (geometria, nao numero exato); medium = fallback bairro-centroide.","Nao usar como escore, threshold ou variavel derivada do rotulo. Nao promover a 'validado'/'confirmado' sem revisao do REV-P."
Curitiba,1,CUR_SIAC156_2d6b8b8a4ff3ce83,-25.5068525,-49.3009674,13/10/2025,2025,Drenagem,Alagamentos,RUA DESEMBARGADOR ERNANI GUARITA CARTAXO,CAPAO RASO,strong,"Rua Desembargador Ernani Guarita Cartaxo, Capão Raso, Curitiba, Paraná, Região Sul, 81130-290, Brasil",33037293,1,"flood (alagamento/enchente) - landslide excluded by category filter (SIAC 156 Assunto/Subdivisao is a distinct structured category, not free text)",siac156_curitiba_v1,"Ponto positivo administrativo geocodificado (mesmo criterio do v12 Recife). Nao e ground truth cartografico individual -- confianca strong = correspondencia de rua (geometria, nao numero exato); medium = fallback bairro-centroide.","Nao usar como escore, threshold ou variavel derivada do rotulo. Nao promover a 'validado'/'confirmado' sem revisao do REV-P."
Curitiba,1,CUR_SIAC156_8db7e03b8291dfff,-25.5169614,-49.3000252,13/10/2025,2025,Drenagem,Alagamentos,RUA OLINDO SEQUINEL,CAPAO RASO,strong,"Rua Olindo Sequinel, Capão Raso, Curitiba, Paraná, Região Sul, 81150-313, Brasil",701106748,1,"flood (alagamento/enchente) - landslide excluded by category filter (SIAC 156 Assunto/Subdivisao is a distinct structured category, not free text)",siac156_curitiba_v1,"Ponto positivo administrativo geocodificado (mesmo criterio do v12 Recife). Nao e ground truth cartografico individual -- confianca strong = correspondencia de rua (geometria, nao numero exato); medium = fallback bairro-centroide.","Nao usar como escore, threshold ou variavel derivada do rotulo. Nao promover a 'validado'/'confirmado' sem revisao do REV-P."
Curitiba,1,CUR_SIAC156_79674ccd9202cb2b,-25.4007395,-49.2040717,11/01/2025,2025,Drenagem,Alagamentos,Rio Guaporé,BAIRRO ALTO,strong,"Rua Rio Guaporé, Bairro Alto, Curitiba, Paraná, Região Sul, 82840-310, Brasil",1111176110,1,"flood (alagamento/enchente) - landslide excluded by category filter (SIAC 156 Assunto/Subdivisao is a distinct structured category, not free text)",siac156_curitiba_v1,"Ponto positivo administrativo geocodificado (mesmo criterio do v12 Recife). Nao e ground truth cartografico individual -- confianca strong = correspondencia de rua (geometria, nao numero exato); medium = fallback bairro-centroide.","Nao usar como escore, threshold ou variavel derivada do rotulo. Nao promover a 'validado'/'confirmado' sem revisao do REV-P."
Curitiba,1,CUR_SIAC156_3a29956f41dc1468,-25.3747273,-49.2701539,24/01/2025,2025,Drenagem,Alagamentos,Rua Sofia Dubiella,ABRANCHES,strong,"Rua Sofia Dubiella, Abranches, Curitiba, Paraná, Região Sul, 82220-330, Brasil",162043596,1,"flood (alagamento/enchente) - landslide excluded by category filter (SIAC 156 Assunto/Subdivisao is a distinct structured category, not free text)",siac156_curitiba_v1,"Ponto positivo administrativo geocodificado (mesmo criterio do v12 Recife). Nao e ground truth cartografico individual -- confianca strong = correspondencia de rua (geometria, nao numero exato); medium = fallback bairro-centroide.","Nao usar como escore, threshold ou variavel derivada do rotulo. Nao promover a 'validado'/'confirmado' sem revisao do REV-P."
Curitiba,1,CUR_SIAC156_798c4e1fbbb709e0,-25.3747273,-49.2701539,26/01/2025,2025,Drenagem,Alagamentos,Rua Sofia Dubiella,ABRANCHES,strong,"Rua Sofia Dubiella, Abranches, Curitiba, Paraná, Região Sul, 82220-330, Brasil",162043596,2,"flood (alagamento/enchente) - landslide excluded by category filter (SIAC 156 Assunto/Subdivisao is a distinct structured category, not free text)",siac156_curitiba_v1,"Ponto positivo administrativo geocodificado (mesmo criterio do v12 Recife). Nao e ground truth cartografico individual -- confianca strong = correspondencia de rua (geometria, nao numero exato); medium = fallback bairro-centroide.","Nao usar como escore, threshold ou variavel derivada do rotulo. Nao promover a 'validado'/'confirmado' sem revisao do REV-P."
Curitiba,1,CUR_SIAC156_97561db1bc6473bf,-25.3747273,-49.2701539,26/01/2025,2025,Drenagem,Alagamentos,RUA SOFIA DUBIELLA,ABRANCHES,strong,"Rua Sofia Dubiella, Abranches, Curitiba, Paraná, Região Sul, 82220-330, Brasil",162043596,2,"flood (alagamento/enchente) - landslide excluded by category filter (SIAC 156 Assunto/Subdivisao is a distinct structured category, not free text)",siac156_curitiba_v1,"Ponto positivo administrativo geocodificado (mesmo criterio do v12 Recife). Nao e ground truth cartografico individual -- confianca strong = correspondencia de rua (geometria, nao numero exato); medium = fallback bairro-centroide.","Nao usar como escore, threshold ou variavel derivada do rotulo. Nao promover a 'validado'/'confirmado' sem revisao do REV-P."
Curitiba,1,CUR_SIAC156_9e64b6654c5862ad,-25.3968497,-49.2344563,28/01/2025,2025,Drenagem,Alagamentos,Professor Raul Pinheiro Machado,BACACHERI,medium,"Bacacheri, Curitiba, Paraná, Região Sul, Brasil",6231364,1,"flood (alagamento/enchente) - landslide excluded by category filter (SIAC 156 Assunto/Subdivisao is a distinct structured category, not free text)",siac156_curitiba_v1,"Ponto positivo administrativo geocodificado (mesmo criterio do v12 Recife). Nao e ground truth cartografico individual -- confianca strong = correspondencia de rua (geometria, nao numero exato); medium = fallback bairro-centroide.","Nao usar como escore, threshold ou variavel derivada do rotulo. Nao promover a 'validado'/'confirmado' sem revisao do REV-P."
Curitiba,1,CUR_SIAC156_9e8001c779257368,-25.4058225,-49.2076602,28/01/2025,2025,Drenagem,Alagamentos,RUA VISCONDE DE ABAETÉ,BAIRRO ALTO,medium,"Bairro Alto, Curitiba, Paraná, Região Sul, 82840-160, Brasil",3012393446,1,"flood (alagamento/enchente) - landslide excluded by category filter (SIAC 156 Assunto/Subdivisao is a distinct structured category, not free text)",siac156_curitiba_v1,"Ponto positivo administrativo geocodificado (mesmo criterio do v12 Recife). Nao e ground truth cartografico individual -- confianca strong = correspondencia de rua (geometria, nao numero exato); medium = fallback bairro-centroide.","Nao usar como escore, threshold ou variavel derivada do rotulo. Nao promover a 'validado'/'confirmado' sem revisao do REV-P."
Curitiba,1,CUR_SIAC156_cb7d37a47c621fd3,-25.4146564,-49.2143797,28/01/2025,2025,Drenagem,Alagamentos,RUA ALBERTO DE OLIVEIRA,BAIRRO ALTO,strong,"Rua Alberto de Oliveira, Bairro Alto, Curitiba, Paraná, Região Sul, 82820-390, Brasil",154697396,1,"flood (alagamento/enchente) - landslide excluded by category filter (SIAC 156 Assunto/Subdivisao is a distinct structured category, not free text)",siac156_curitiba_v1,"Ponto positivo administrativo geocodificado (mesmo criterio do v12 Recife). Nao e ground truth cartografico individual -- confianca strong = correspondencia de rua (geometria, nao numero exato); medium = fallback bairro-centroide.","Nao usar como escore, threshold ou variavel derivada do rotulo. Nao promover a 'validado'/'confirmado' sem revisao do REV-P."
Curitiba,1,CUR_SIAC156_21cd7000aa509ffc,-25.4152987,-49.199769,28/01/2025,2025,Drenagem,Alagamentos,Rua Alberico Flores Bueno,BAIRRO ALTO,strong,"Rua Alberico Flores Bueno, Bairro Alto, Curitiba, Paraná, Região Sul, 82820-110, Brasil",730970609,1,"flood (alagamento/enchente) - landslide excluded by category filter (SIAC 156 Assunto/Subdivisao is a distinct structured category, not free text)",siac156_curitiba_v1,"Ponto positivo administrativo geocodificado (mesmo criterio do v12 Recife). Nao e ground truth cartografico individual -- confianca strong = correspondencia de rua (geometria, nao numero exato); medium = fallback bairro-centroide.","Nao usar como escore, threshold ou variavel derivada do rotulo. Nao promover a 'validado'/'confirmado' sem revisao do REV-P."
Curitiba,1,CUR_SIAC156_3a3996aa0caf4277,-25.3784693,-49.2775896,30/01/2025,2025,Drenagem,Alagamentos,Rua Catharina Prodlik,ABRANCHES,strong,"Rua Catharina Prodlik, Abranches, Curitiba, Paraná, Região Sul, 82130-290, Brasil",150348438,1,"flood (alagamento/enchente) - landslide excluded by category filter (SIAC 156 Assunto/Subdivisao is a distinct structured category, not free text)",siac156_curitiba_v1,"Ponto positivo administrativo geocodificado (mesmo criterio do v12 Recife). Nao e ground truth cartografico individual -- confianca strong = correspondencia de rua (geometria, nao numero exato); medium = fallback bairro-centroide.","Nao usar como escore, threshold ou variavel derivada do rotulo. Nao promover a 'validado'/'confirmado' sem revisao do REV-P."
Curitiba,1,CUR_SIAC156_0a07493cfdceb9d6,-25.4222515,-49.206902,31/01/2025,2025,Drenagem,Alagamentos,RUA CORONEL DOMINGOS SOARES,BAIRRO ALTO,strong,"Rua Coronel Domingos Soares, Bairro Alto, Curitiba, Paraná, Região Sul, 82820-110, Brasil",157843283,1,"flood (alagamento/enchente) - landslide excluded by category filter (SIAC 156 Assunto/Subdivisao is a distinct structured category, not free text)",siac156_curitiba_v1,"Ponto positivo administrativo geocodificado (mesmo criterio do v12 Recife). Nao e ground truth cartografico individual -- confianca strong = correspondencia de rua (geometria, nao numero exato); medium = fallback bairro-centroide.","Nao usar como escore, threshold ou variavel derivada do rotulo. Nao promover a 'validado'/'confirmado' sem revisao do REV-P."
Curitiba,1,CUR_SIAC156_080dc607b2ef4511,-25.4058225,-49.2076602,31/01/2025,2025,Drenagem,Alagamentos,RUA MARQUÊS DE ABRANTES,BAIRRO ALTO,medium,"Bairro Alto, Curitiba, Paraná, Região Sul, 82840-160, Brasil",3012393446,1,"flood (alagamento/enchente) - landslide excluded by category filter (SIAC 156 Assunto/Subdivisao is a distinct structured category, not free text)",siac156_curitiba_v1,"Ponto positivo administrativo geocodificado (mesmo criterio do v12 Recife). Nao e ground truth cartografico individual -- confianca strong = correspondencia de rua (geometria, nao numero exato); medium = fallback bairro-centroide.","Nao usar como escore, threshold ou variavel derivada do rotulo. Nao promover a 'validado'/'confirmado' sem revisao do REV-P."
Curitiba,1,CUR_SIAC156_151b5e7ed9710396,-25.4032607,-49.2024962,01/02/2025,2025,Drenagem,Alagamentos,Rua Rio Xingu,BAIRRO ALTO,strong,"Rua Rio Xingu, Bairro Alto, Curitiba, Paraná, Região Sul, 82840-200, Brasil",159676203,1,"flood (alagamento/enchente) - landslide excluded by category filter (SIAC 156 Assunto/Subdivisao is a distinct structured category, not free text)",siac156_curitiba_v1,"Ponto positivo administrativo geocodificado (mesmo criterio do v12 Recife). Nao e ground truth cartografico individual -- confianca strong = correspondencia de rua (geometria, nao numero exato); medium = fallback bairro-centroide.","Nao usar como escore, threshold ou variavel derivada do rotulo. Nao promover a 'validado'/'confirmado' sem revisao do REV-P."
Curitiba,1,CUR_SIAC156_9bbe10f5900559e4,-25.380276,-49.2436464,03/02/2025,2025,Drenagem,Alagamentos,RUA CORONEL ARY PINHO,BOA VISTA,strong,"Rua Coronel Ary Pinho, Boa Vista, Curitiba, Paraná, Região Sul, 82650-090, Brasil",162217222,1,"flood (alagamento/enchente) - landslide excluded by category filter (SIAC 156 Assunto/Subdivisao is a distinct structured category, not free text)",siac156_curitiba_v1,"Ponto positivo administrativo geocodificado (mesmo criterio do v12 Recife). Nao e ground truth cartografico individual -- confianca strong = correspondencia de rua (geometria, nao numero exato); medium = fallback bairro-centroide.","Nao usar como escore, threshold ou variavel derivada do rotulo. Nao promover a 'validado'/'confirmado' sem revisao do REV-P."
Curitiba,1,CUR_SIAC156_f11bfc865e47cf9f,-25.3785872,-49.2754528,05/02/2025,2025,Drenagem,Alagamentos,João Krasinski,ABRANCHES,strong,"Rua João Krasinski, Abranches, Curitiba, Paraná, Região Sul, 82130-230, Brasil",162043340,1,"flood (alagamento/enchente) - landslide excluded by category filter (SIAC 156 Assunto/Subdivisao is a distinct structured category, not free text)",siac156_curitiba_v1,"Ponto positivo administrativo geocodificado (mesmo criterio do v12 Recife). Nao e ground truth cartografico individual -- confianca strong = correspondencia de rua (geometria, nao numero exato); medium = fallback bairro-centroide.","Nao usar como escore, threshold ou variavel derivada do rotulo. Nao promover a 'validado'/'confirmado' sem revisao do REV-P."
Curitiba,1,CUR_SIAC156_b25d4e8698d77990,-25.3822969,-49.2516915,12/02/2025,2025,Drenagem,Alagamentos,RUA LODOVICO GERONAZZO,BOA VISTA,strong,"Rua Lodovico Geronazzo, Boa Vista, Curitiba, Paraná, Região Sul, 82650-090, Brasil",363168465,1,"flood (alagamento/enchente) - landslide excluded by category filter (SIAC 156 Assunto/Subdivisao is a distinct structured category, not free text)",siac156_curitiba_v1,"Ponto positivo administrativo geocodificado (mesmo criterio do v12 Recife). Nao e ground truth cartografico individual -- confianca strong = correspondencia de rua (geometria, nao numero exato); medium = fallback bairro-centroide.","Nao usar como escore, threshold ou variavel derivada do rotulo. Nao promover a 'validado'/'confirmado' sem revisao do REV-P."
Curitiba,1,CUR_SIAC156_56daf046cf2cfb7b,-25.3626623,-49.2319645,13/02/2025,2025,Drenagem,Alagamentos,RUA APOLÔNIO DE TIANA,SANTA CANDIDA,strong,"Rua Apolônio de Tiana, Moradas do Porto, Santa Cândida, Curitiba, Paraná, Região Sul, 82720-000, Brasil",1151050650,1,"flood (alagamento/enchente) - landslide excluded by category filter (SIAC 156 Assunto/Subdivisao is a distinct structured category, not free text)",siac156_curitiba_v1,"Ponto positivo administrativo geocodificado (mesmo criterio do v12 Recife). Nao e ground truth cartografico individual -- confianca strong = correspondencia de rua (geometria, nao numero exato); medium = fallback bairro-centroide.","Nao usar como escore, threshold ou variavel derivada do rotulo. Nao promover a 'validado'/'confirmado' sem revisao do REV-P."
Curitiba,1,CUR_SIAC156_c932a95bf4301ca2,-25.3747273,-49.2701539,13/02/2025,2025,Drenagem,Alagamentos,RUA SOFIA DUBIELLA,ABRANCHES,strong,"Rua Sofia Dubiella, Abranches, Curitiba, Paraná, Região Sul, 82220-330, Brasil",162043596,1,"flood (alagamento/enchente) - landslide excluded by category filter (SIAC 156 Assunto/Subdivisao is a distinct structured category, not free text)",siac156_curitiba_v1,"Ponto positivo administrativo geocodificado (mesmo criterio do v12 Recife). Nao e ground truth cartografico individual -- confianca strong = correspondencia de rua (geometria, nao numero exato); medium = fallback bairro-centroide.","Nao usar como escore, threshold ou variavel derivada do rotulo. Nao promover a 'validado'/'confirmado' sem revisao do REV-P."
Curitiba,1,CUR_SIAC156_b161424eafba933f,-25.3709681,-49.2633732,13/02/2025,2025,Drenagem,Alagamentos,RUA MUSTAPHA FRANCISCO LEMES,BARREIRINHA,strong,"Rua Mustaphá Francisco Lemes, Barreirinha, Curitiba, Paraná, Região Sul, 82700-110, Brasil",161237408,1,"flood (alagamento/enchente) - landslide excluded by category filter (SIAC 156 Assunto/Subdivisao is a distinct structured category, not free text)",siac156_curitiba_v1,"Ponto positivo administrativo geocodificado (mesmo criterio do v12 Recife). Nao e ground truth cartografico individual -- confianca strong = correspondencia de rua (geometria, nao numero exato); medium = fallback bairro-centroide.","Nao usar como escore, threshold ou variavel derivada do rotulo. Nao promover a 'validado'/'confirmado' sem revisao do REV-P."
Curitiba,1,CUR_SIAC156_9533ff59729d54a3,-25.3888735,-49.2254095,13/02/2025,2025,Drenagem,Alagamentos,RUA GUILHERME IHLENFELDT,BACACHERI,strong,"Rua Guilherme Ihlenfeldt, Bacacheri, Curitiba, Paraná, Região Sul, 82600-360, Brasil",1209220093,2,"flood (alagamento/enchente) - landslide excluded by category filter (SIAC 156 Assunto/Subdivisao is a distinct structured category, not free text)",siac156_curitiba_v1,"Ponto positivo administrativo geocodificado (mesmo criterio do v12 Recife). Nao e ground truth cartografico individual -- confianca strong = correspondencia de rua (geometria, nao numero exato); medium = fallback bairro-centroide.","Nao usar como escore, threshold ou variavel derivada do rotulo. Nao promover a 'validado'/'confirmado' sem revisao do REV-P."
Curitiba,1,CUR_SIAC156_c9901724255285ec,-25.4137458,-49.2101471,13/02/2025,2025,Drenagem,Alagamentos,Rua Percy Feliciano de Castilho,BAIRRO ALTO,strong,"Rua Percy Feliciano de Castilho, Bairro Alto, Curitiba, Paraná, Região Sul, 82820-390, Brasil",1111645242,1,"flood (alagamento/enchente) - landslide excluded by category filter (SIAC 156 Assunto/Subdivisao is a distinct structured category, not free text)",siac156_curitiba_v1,"Ponto positivo administrativo geocodificado (mesmo criterio do v12 Recife). Nao e ground truth cartografico individual -- confianca strong = correspondencia de rua (geometria, nao numero exato); medium = fallback bairro-centroide.","Nao usar como escore, threshold ou variavel derivada do rotulo. Nao promover a 'validado'/'confirmado' sem revisao do REV-P."
Curitiba,1,CUR_SIAC156_f872cf96e2a7ce66,-25.3777798,-49.2390043,13/02/2025,2025,Drenagem,Alagamentos,RUA JOSE ALCEU BERGER,SANTA CANDIDA,strong,"Rua José Alceu Berger, Santa Cândida, Curitiba, Paraná, Região Sul, 82650-090, Brasil",398364195,1,"flood (alagamento/enchente) - landslide excluded by category filter (SIAC 156 Assunto/Subdivisao is a distinct structured category, not free text)",siac156_curitiba_v1,"Ponto positivo administrativo geocodificado (mesmo criterio do v12 Recife). Nao e ground truth cartografico individual -- confianca strong = correspondencia de rua (geometria, nao numero exato); medium = fallback bairro-centroide.","Nao usar como escore, threshold ou variavel derivada do rotulo. Nao promover a 'validado'/'confirmado' sem revisao do REV-P."
Curitiba,1,CUR_SIAC156_2cd08771c64e0135,-25.3683053,-49.2511664,13/02/2025,2025,Drenagem,Alagamentos,RUA CURIÚVA,BARREIRINHA,strong,"Rua Curiúva, Barreirinha, Curitiba, Paraná, Região Sul, 82650-505, Brasil",162219635,1,"flood (alagamento/enchente) - landslide excluded by category filter (SIAC 156 Assunto/Subdivisao is a distinct structured category, not free text)",siac156_curitiba_v1,"Ponto positivo administrativo geocodificado (mesmo criterio do v12 Recife). Nao e ground truth cartografico individual -- confianca strong = correspondencia de rua (geometria, nao numero exato); medium = fallback bairro-centroide.","Nao usar como escore, threshold ou variavel derivada do rotulo. Nao promover a 'validado'/'confirmado' sem revisao do REV-P."
Curitiba,1,CUR_SIAC156_930b36c1774c0241,-25.3888735,-49.2254095,13/02/2025,2025,Drenagem,Alagamentos,Rua Guilherme Ihlenfeldt,BACACHERI,strong,"Rua Guilherme Ihlenfeldt, Bacacheri, Curitiba, Paraná, Região Sul, 82600-360, Brasil",1209220093,2,"flood (alagamento/enchente) - landslide excluded by category filter (SIAC 156 Assunto/Subdivisao is a distinct structured category, not free text)",siac156_curitiba_v1,"Ponto positivo administrativo geocodificado (mesmo criterio do v12 Recife). Nao e ground truth cartografico individual -- confianca strong = correspondencia de rua (geometria, nao numero exato); medium = fallback bairro-centroide.","Nao usar como escore, threshold ou variavel derivada do rotulo. Nao promover a 'validado'/'confirmado' sem revisao do REV-P."
Curitiba,1,CUR_SIAC156_4d5db349490400f5,-25.379658,-49.2340064,13/02/2025,2025,Drenagem,Alagamentos,Rua João Reboli,SANTA CANDIDA,strong,"Rua João Reboli, Santa Cândida, Curitiba, Paraná, Região Sul, 82640-390, Brasil",127195127,1,"flood (alagamento/enchente) - landslide excluded by category filter (SIAC 156 Assunto/Subdivisao is a distinct structured category, not free text)",siac156_curitiba_v1,"Ponto positivo administrativo geocodificado (mesmo criterio do v12 Recife). Nao e ground truth cartografico individual -- confianca strong = correspondencia de rua (geometria, nao numero exato); medium = fallback bairro-centroide.","Nao usar como escore, threshold ou variavel derivada do rotulo. Nao promover a 'validado'/'confirmado' sem revisao do REV-P."
Curitiba,1,CUR_SIAC156_26c944a87fc96827,-25.4227966,-49.2001606,14/02/2025,2025,Drenagem,Alagamentos,RUA JOSÉ VERÍSSIMO,BAIRRO ALTO,strong,"Rua José Veríssimo, Bairro Alto, Curitiba, Paraná, Região Sul, 82820-090, Brasil",1188402977,1,"flood (alagamento/enchente) - landslide excluded by category filter (SIAC 156 Assunto/Subdivisao is a distinct structured category, not free text)",siac156_curitiba_v1,"Ponto positivo administrativo geocodificado (mesmo criterio do v12 Recife). Nao e ground truth cartografico individual -- confianca strong = correspondencia de rua (geometria, nao numero exato); medium = fallback bairro-centroide.","Nao usar como escore, threshold ou variavel derivada do rotulo. Nao promover a 'validado'/'confirmado' sem revisao do REV-P."
Curitiba,1,CUR_SIAC156_3df1430611cc8145,-25.4226758,-49.2039335,14/02/2025,2025,Drenagem,Alagamentos,RUA JOSÉ LINS DO REGO,BAIRRO ALTO,strong,"Rua José Lins do Rego, Bairro Alto, Curitiba, Paraná, Região Sul, 82820-090, Brasil",157843292,1,"flood (alagamento/enchente) - landslide excluded by category filter (SIAC 156 Assunto/Subdivisao is a distinct structured category, not free text)",siac156_curitiba_v1,"Ponto positivo administrativo geocodificado (mesmo criterio do v12 Recife). Nao e ground truth cartografico individual -- confianca strong = correspondencia de rua (geometria, nao numero exato); medium = fallback bairro-centroide.","Nao usar como escore, threshold ou variavel derivada do rotulo. Nao promover a 'validado'/'confirmado' sem revisao do REV-P."
Curitiba,1,CUR_SIAC156_6f62c40a04491b36,-25.3650661,-49.2620054,17/02/2025,2025,Drenagem,Alagamentos,Santa Gema Galgani,BARREIRINHA,strong,"Rua Santa Gema Galgani, Barreirinha, Curitiba, Paraná, Região Sul, 82220-010, Brasil",161237401,1,"flood (alagamento/enchente) - landslide excluded by category filter (SIAC 156 Assunto/Subdivisao is a distinct structured category, not free text)",siac156_curitiba_v1,"Ponto positivo administrativo geocodificado (mesmo criterio do v12 Recife). Nao e ground truth cartografico individual -- confianca strong = correspondencia de rua (geometria, nao numero exato); medium = fallback bairro-centroide.","Nao usar como escore, threshold ou variavel derivada do rotulo. Nao promover a 'validado'/'confirmado' sem revisao do REV-P."
Curitiba,1,CUR_SIAC156_3e76f51087d63b84,-25.3662293,-49.2103305,18/02/2025,2025,Drenagem,Alagamentos,Ayrton Luciano Franco,SANTA CANDIDA,strong,"Rua Ayrton Luciano Franco, Santa Cândida, Curitiba, Paraná, Região Sul, 83404-550, Brasil",398372324,1,"flood (alagamento/enchente) - landslide excluded by category filter (SIAC 156 Assunto/Subdivisao is a distinct structured category, not free text)",siac156_curitiba_v1,"Ponto positivo administrativo geocodificado (mesmo criterio do v12 Recife). Nao e ground truth cartografico individual -- confianca strong = correspondencia de rua (geometria, nao numero exato); medium = fallback bairro-centroide.","Nao usar como escore, threshold ou variavel derivada do rotulo. Nao promover a 'validado'/'confirmado' sem revisao do REV-P."
Curitiba,1,CUR_SIAC156_7984f74175ad9b33,-25.389003,-49.3023478,19/02/2025,2025,Drenagem,Alagamentos,RUA SALVADOR DE MAURO,PILARZINHO,strong,"Rua Salvador de Mauro, Pilarzinho, Curitiba, Paraná, Região Sul, 82100-510, Brasil",149724979,1,"flood (alagamento/enchente) - landslide excluded by category filter (SIAC 156 Assunto/Subdivisao is a distinct structured category, not free text)",siac156_curitiba_v1,"Ponto positivo administrativo geocodificado (mesmo criterio do v12 Recife). Nao e ground truth cartografico individual -- confianca strong = correspondencia de rua (geometria, nao numero exato); medium = fallback bairro-centroide.","Nao usar como escore, threshold ou variavel derivada do rotulo. Nao promover a 'validado'/'confirmado' sem revisao do REV-P."
Curitiba,1,CUR_SIAC156_4ab8702f34a34aa1,-25.4081686,-49.2395069,12/03/2025,2025,Drenagem,Alagamentos,Rua Colômbia,BACACHERI,strong,"Rua Colômbia, Bacacheri, Curitiba, Paraná, Região Sul, 82515-030, Brasil",1104868486,1,"flood (alagamento/enchente) - landslide excluded by category filter (SIAC 156 Assunto/Subdivisao is a distinct structured category, not free text)",siac156_curitiba_v1,"Ponto positivo administrativo geocodificado (mesmo criterio do v12 Recife). Nao e ground truth cartografico individual -- confianca strong = correspondencia de rua (geometria, nao numero exato); medium = fallback bairro-centroide.","Nao usar como escore, threshold ou variavel derivada do rotulo. Nao promover a 'validado'/'confirmado' sem revisao do REV-P."
Curitiba,1,CUR_SIAC156_3b65a1689b38d869,-25.3986648,-49.2108961,18/03/2025,2025,Drenagem,Alagamentos,Rio Tietê,BAIRRO ALTO,strong,"Rua Rio Tietê, Bairro Alto, Curitiba, Paraná, Região Sul, 82840-170, Brasil",1497558619,1,"flood (alagamento/enchente) - landslide excluded by category filter (SIAC 156 Assunto/Subdivisao is a distinct structured category, not free text)",siac156_curitiba_v1,"Ponto positivo administrativo geocodificado (mesmo criterio do v12 Recife). Nao e ground truth cartografico individual -- confianca strong = correspondencia de rua (geometria, nao numero exato); medium = fallback bairro-centroide.","Nao usar como escore, threshold ou variavel derivada do rotulo. Nao promover a 'validado'/'confirmado' sem revisao do REV-P."
Curitiba,1,CUR_SIAC156_8be8fb24a17d30a3,-25.4103552,-49.2008273,19/03/2025,2025,Drenagem,Alagamentos,RUA ANTONIO CANDIDO CAVALIM,BAIRRO ALTO,strong,"Rua Antônio Cândido Cavalim, Bairro Alto, Curitiba, Paraná, Região Sul, 82820-300, Brasil",163108272,1,"flood (alagamento/enchente) - landslide excluded by category filter (SIAC 156 Assunto/Subdivisao is a distinct structured category, not free text)",siac156_curitiba_v1,"Ponto positivo administrativo geocodificado (mesmo criterio do v12 Recife). Nao e ground truth cartografico individual -- confianca strong = correspondencia de rua (geometria, nao numero exato); medium = fallback bairro-centroide.","Nao usar como escore, threshold ou variavel derivada do rotulo. Nao promover a 'validado'/'confirmado' sem revisao do REV-P."
Curitiba,1,CUR_SIAC156_778c78d558b8d0e4,-25.3911577,-49.2506514,20/03/2025,2025,Drenagem,Alagamentos,RUA DAVID GERONASSO,BOA VISTA,strong,"Rua David Geronasso, Boa Vista, Curitiba, Paraná, Região Sul, 82540-050, Brasil",35971380,1,"flood (alagamento/enchente) - landslide excluded by category filter (SIAC 156 Assunto/Subdivisao is a distinct structured category, not free text)",siac156_curitiba_v1,"Ponto positivo administrativo geocodificado (mesmo criterio do v12 Recife). Nao e ground truth cartografico individual -- confianca strong = correspondencia de rua (geometria, nao numero exato); medium = fallback bairro-centroide.","Nao usar como escore, threshold ou variavel derivada do rotulo. Nao promover a 'validado'/'confirmado' sem revisao do REV-P."
Curitiba,1,CUR_SIAC156_bf82765ed032987b,-25.3776199,-49.2362535,21/03/2025,2025,Drenagem,Alagamentos,Doutor Benedito Amorim,SANTA CANDIDA,strong,"Rua Doutor Benedito Amorim, Santa Cândida, Curitiba, Paraná, Região Sul, 82640-390, Brasil",127195087,2,"flood (alagamento/enchente) - landslide excluded by category filter (SIAC 156 Assunto/Subdivisao is a distinct structured category, not free text)",siac156_curitiba_v1,"Ponto positivo administrativo geocodificado (mesmo criterio do v12 Recife). Nao e ground truth cartografico individual -- confianca strong = correspondencia de rua (geometria, nao numero exato); medium = fallback bairro-centroide.","Nao usar como escore, threshold ou variavel derivada do rotulo. Nao promover a 'validado'/'confirmado' sem revisao do REV-P."
Curitiba,1,CUR_SIAC156_e5b3333248c919da,-25.4081686,-49.2395069,08/06/2025,2025,Drenagem,Alagamentos,RUA COLÔMBIA,BACACHERI,strong,"Rua Colômbia, Bacacheri, Curitiba, Paraná, Região Sul, 82515-030, Brasil",1104868486,1,"flood (alagamento/enchente) - landslide excluded by category filter (SIAC 156 Assunto/Subdivisao is a distinct structured category, not free text)",siac156_curitiba_v1,"Ponto positivo administrativo geocodificado (mesmo criterio do v12 Recife). Nao e ground truth cartografico individual -- confianca strong = correspondencia de rua (geometria, nao numero exato); medium = fallback bairro-centroide.","Nao usar como escore, threshold ou variavel derivada do rotulo. Nao promover a 'validado'/'confirmado' sem revisao do REV-P."
Curitiba,1,CUR_SIAC156_fc5865b4518b8c38,-25.386952,-49.2892903,26/06/2025,2025,Drenagem,Alagamentos,RUA DINARTE DE JESUS,PILARZINHO,strong,"Rua Dinarte de Jesus, Pilarzinho, Curitiba, Paraná, Região Sul, 82110-350, Brasil",162001466,1,"flood (alagamento/enchente) - landslide excluded by category filter (SIAC 156 Assunto/Subdivisao is a distinct structured category, not free text)",siac156_curitiba_v1,"Ponto positivo administrativo geocodificado (mesmo criterio do v12 Recife). Nao e ground truth cartografico individual -- confianca strong = correspondencia de rua (geometria, nao numero exato); medium = fallback bairro-centroide.","Nao usar como escore, threshold ou variavel derivada do rotulo. Nao promover a 'validado'/'confirmado' sem revisao do REV-P."
Curitiba,1,CUR_SIAC156_b202d7a87f84c126,-25.3943026,-49.2262185,07/07/2025,2025,Drenagem,Alagamentos,RUA ODETE FATUCH,BACACHERI,strong,"Rua Odete Fatuch, Bacacheri, Curitiba, Paraná, Região Sul, 82600-360, Brasil",160681511,1,"flood (alagamento/enchente) - landslide excluded by category filter (SIAC 156 Assunto/Subdivisao is a distinct structured category, not free text)",siac156_curitiba_v1,"Ponto positivo administrativo geocodificado (mesmo criterio do v12 Recife). Nao e ground truth cartografico individual -- confianca strong = correspondencia de rua (geometria, nao numero exato); medium = fallback bairro-centroide.","Nao usar como escore, threshold ou variavel derivada do rotulo. Nao promover a 'validado'/'confirmado' sem revisao do REV-P."
Curitiba,1,CUR_SIAC156_99cce980905ff1c1,-25.369919,-49.2132294,08/07/2025,2025,Drenagem,Alagamentos,Rua Patativa,SANTA CANDIDA,strong,"Rua Patativa, Santa Cândida, Curitiba, Paraná, Região Sul, 82630-492, Brasil",1153400510,1,"flood (alagamento/enchente) - landslide excluded by category filter (SIAC 156 Assunto/Subdivisao is a distinct structured category, not free text)",siac156_curitiba_v1,"Ponto positivo administrativo geocodificado (mesmo criterio do v12 Recife). Nao e ground truth cartografico individual -- confianca strong = correspondencia de rua (geometria, nao numero exato); medium = fallback bairro-centroide.","Nao usar como escore, threshold ou variavel derivada do rotulo. Nao promover a 'validado'/'confirmado' sem revisao do REV-P."
Curitiba,1,CUR_SIAC156_95ee41d2ed8e7d2d,-25.3873858,-49.2857986,25/07/2025,2025,Drenagem,Alagamentos,RUA ODILON SANTANA GOMES,PILARZINHO,strong,"Rua Odilon Santana Gomes, Pilarzinho, Curitiba, Paraná, Região Sul, 82110-350, Brasil",150296408,1,"flood (alagamento/enchente) - landslide excluded by category filter (SIAC 156 Assunto/Subdivisao is a distinct structured category, not free text)",siac156_curitiba_v1,"Ponto positivo administrativo geocodificado (mesmo criterio do v12 Recife). Nao e ground truth cartografico individual -- confianca strong = correspondencia de rua (geometria, nao numero exato); medium = fallback bairro-centroide.","Nao usar como escore, threshold ou variavel derivada do rotulo. Nao promover a 'validado'/'confirmado' sem revisao do REV-P."
Curitiba,1,CUR_SIAC156_0e18ecb4d7ee1cb5,-25.3943026,-49.2262185,06/08/2025,2025,Drenagem,Alagamentos,RUA ODETE FATUCH,BACACHERI,strong,"Rua Odete Fatuch, Bacacheri, Curitiba, Paraná, Região Sul, 82600-360, Brasil",160681511,1,"flood (alagamento/enchente) - landslide excluded by category filter (SIAC 156 Assunto/Subdivisao is a distinct structured category, not free text)",siac156_curitiba_v1,"Ponto positivo administrativo geocodificado (mesmo criterio do v12 Recife). Nao e ground truth cartografico individual -- confianca strong = correspondencia de rua (geometria, nao numero exato); medium = fallback bairro-centroide.","Nao usar como escore, threshold ou variavel derivada do rotulo. Nao promover a 'validado'/'confirmado' sem revisao do REV-P."
Curitiba,1,CUR_SIAC156_af0022af32e12d26,-25.3722482,-49.209536,08/08/2025,2025,Drenagem,Alagamentos,RUA JACOB PAYKALA,ATUBA,strong,"Rua Jacob Paykala, Atuba, Curitiba, Paraná, Região Sul, 83404-010, Brasil",432554654,1,"flood (alagamento/enchente) - landslide excluded by category filter (SIAC 156 Assunto/Subdivisao is a distinct structured category, not free text)",siac156_curitiba_v1,"Ponto positivo administrativo geocodificado (mesmo criterio do v12 Recife). Nao e ground truth cartografico individual -- confianca strong = correspondencia de rua (geometria, nao numero exato); medium = fallback bairro-centroide.","Nao usar como escore, threshold ou variavel derivada do rotulo. Nao promover a 'validado'/'confirmado' sem revisao do REV-P."
Curitiba,1,CUR_SIAC156_d2ed0f35ef917b77,-25.3971116,-49.2201038,20/10/2025,2025,Drenagem,Alagamentos,RUA DESEMBARGADOR MANOEL DE LACERDA PINTO,BACACHERI,strong,"Rua Desembargador Manoel de Lacerda Pinto, Bacacheri, Curitiba, Paraná, Região Sul, 82600-570, Brasil",294223496,1,"flood (alagamento/enchente) - landslide excluded by category filter (SIAC 156 Assunto/Subdivisao is a distinct structured category, not free text)",siac156_curitiba_v1,"Ponto positivo administrativo geocodificado (mesmo criterio do v12 Recife). Nao e ground truth cartografico individual -- confianca strong = correspondencia de rua (geometria, nao numero exato); medium = fallback bairro-centroide.","Nao usar como escore, threshold ou variavel derivada do rotulo. Nao promover a 'validado'/'confirmado' sem revisao do REV-P."
Curitiba,1,CUR_SIAC156_4a380aee2267de3b,-25.4658332,-49.2061122,11/01/2025,2025,Drenagem,Alagamentos,Jordânia,CAJURU,strong,"Rua Jordânia, Vila Centenário II, Cajuru, Curitiba, Paraná, Região Sul, 82960-000, Brasil",33018345,1,"flood (alagamento/enchente) - landslide excluded by category filter (SIAC 156 Assunto/Subdivisao is a distinct structured category, not free text)",siac156_curitiba_v1,"Ponto positivo administrativo geocodificado (mesmo criterio do v12 Recife). Nao e ground truth cartografico individual -- confianca strong = correspondencia de rua (geometria, nao numero exato); medium = fallback bairro-centroide.","Nao usar como escore, threshold ou variavel derivada do rotulo. Nao promover a 'validado'/'confirmado' sem revisao do REV-P."
Curitiba,1,CUR_SIAC156_d37b83cef7a71a38,-25.4985263,-49.2075385,20/01/2025,2025,Drenagem,Alagamentos,Sofia Bora,UBERABA,strong,"Rua Sofia Bora, Vila Alvorada, Uberaba, Curitiba, Paraná, Região Sul, 81560-615, Brasil",125624688,1,"flood (alagamento/enchente) - landslide excluded by category filter (SIAC 156 Assunto/Subdivisao is a distinct structured category, not free text)",siac156_curitiba_v1,"Ponto positivo administrativo geocodificado (mesmo criterio do v12 Recife). Nao e ground truth cartografico individual -- confianca strong = correspondencia de rua (geometria, nao numero exato); medium = fallback bairro-centroide.","Nao usar como escore, threshold ou variavel derivada do rotulo. Nao promover a 'validado'/'confirmado' sem revisao do REV-P."
Curitiba,1,CUR_SIAC156_8da26a4b2c1da483,-25.497263,-49.2034052,22/01/2025,2025,Drenagem,Alagamentos,Rua Manoela Stier Reiss,UBERABA,strong,"Rua Manoela Stier Reiss, Vila Jardim Icaray, Uberaba, Curitiba, Paraná, Região Sul, 81560-615, Brasil",125624723,5,"flood (alagamento/enchente) - landslide excluded by category filter (SIAC 156 Assunto/Subdivisao is a distinct structured category, not free text)",siac156_curitiba_v1,"Ponto positivo administrativo geocodificado (mesmo criterio do v12 Recife). Nao e ground truth cartografico individual -- confianca strong = correspondencia de rua (geometria, nao numero exato); medium = fallback bairro-centroide.","Nao usar como escore, threshold ou variavel derivada do rotulo. Nao promover a 'validado'/'confirmado' sem revisao do REV-P."
Curitiba,1,CUR_SIAC156_8da26a4b2c1da483,-25.497263,-49.2034052,22/01/2025,2025,Drenagem,Alagamentos,Rua Manoela Stier Reiss,UBERABA,strong,"Rua Manoela Stier Reiss, Vila Jardim Icaray, Uberaba, Curitiba, Paraná, Região Sul, 81560-615, Brasil",125624723,5,"flood (alagamento/enchente) - landslide excluded by category filter (SIAC 156 Assunto/Subdivisao is a distinct structured category, not free text)",siac156_curitiba_v1,"Ponto positivo administrativo geocodificado (mesmo criterio do v12 Recife). Nao e ground truth cartografico individual -- confianca strong = correspondencia de rua (geometria, nao numero exato); medium = fallback bairro-centroide.","Nao usar como escore, threshold ou variavel derivada do rotulo. Nao promover a 'validado'/'confirmado' sem revisao do REV-P."
Curitiba,1,CUR_SIAC156_55f8b2172607745b,-25.497263,-49.2034052,22/01/2025,2025,Drenagem,Alagamentos,RUA MANOELA STIER REISS,UBERABA,strong,"Rua Manoela Stier Reiss, Vila Jardim Icaray, Uberaba, Curitiba, Paraná, Região Sul, 81560-615, Brasil",125624723,5,"flood (alagamento/enchente) - landslide excluded by category filter (SIAC 156 Assunto/Subdivisao is a distinct structured category, not free text)",siac156_curitiba_v1,"Ponto positivo administrativo geocodificado (mesmo criterio do v12 Recife). Nao e ground truth cartografico individual -- confianca strong = correspondencia de rua (geometria, nao numero exato); medium = fallback bairro-centroide.","Nao usar como escore, threshold ou variavel derivada do rotulo. Nao promover a 'validado'/'confirmado' sem revisao do REV-P."
Curitiba,1,CUR_SIAC156_55f8b2172607745b,-25.497263,-49.2034052,22/01/2025,2025,Drenagem,Alagamentos,RUA MANOELA STIER REISS,UBERABA,strong,"Rua Manoela Stier Reiss, Vila Jardim Icaray, Uberaba, Curitiba, Paraná, Região Sul, 81560-615, Brasil",125624723,5,"flood (alagamento/enchente) - landslide excluded by category filter (SIAC 156 Assunto/Subdivisao is a distinct structured category, not free text)",siac156_curitiba_v1,"Ponto positivo administrativo geocodificado (mesmo criterio do v12 Recife). Nao e ground truth cartografico individual -- confianca strong = correspondencia de rua (geometria, nao numero exato); medium = fallback bairro-centroide.","Nao usar como escore, threshold ou variavel derivada do rotulo. Nao promover a 'validado'/'confirmado' sem revisao do REV-P."
Curitiba,1,CUR_SIAC156_8da26a4b2c1da483,-25.497263,-49.2034052,22/01/2025,2025,Drenagem,Alagamentos,Rua Manoela Stier Reiss,UBERABA,strong,"Rua Manoela Stier Reiss, Vila Jardim Icaray, Uberaba, Curitiba, Paraná, Região Sul, 81560-615, Brasil",125624723,5,"flood (alagamento/enchente) - landslide excluded by category filter (SIAC 156 Assunto/Subdivisao is a distinct structured category, not free text)",siac156_curitiba_v1,"Ponto positivo administrativo geocodificado (mesmo criterio do v12 Recife). Nao e ground truth cartografico individual -- confianca strong = correspondencia de rua (geometria, nao numero exato); medium = fallback bairro-centroide.","Nao usar como escore, threshold ou variavel derivada do rotulo. Nao promover a 'validado'/'confirmado' sem revisao do REV-P."
Curitiba,1,CUR_SIAC156_e928de5995aa5a78,-25.501548,-49.2146547,28/01/2025,2025,Drenagem,Alagamentos,Rua Arlindo Natal,UBERABA,strong,"Rua Arlindo Natal, Uberaba, Curitiba, Paraná, Região Sul, 81580-420, Brasil",60163934,1,"flood (alagamento/enchente) - landslide excluded by category filter (SIAC 156 Assunto/Subdivisao is a distinct structured category, not free text)",siac156_curitiba_v1,"Ponto positivo administrativo geocodificado (mesmo criterio do v12 Recife). Nao e ground truth cartografico individual -- confianca strong = correspondencia de rua (geometria, nao numero exato); medium = fallback bairro-centroide.","Nao usar como escore, threshold ou variavel derivada do rotulo. Nao promover a 'validado'/'confirmado' sem revisao do REV-P."
Curitiba,1,CUR_SIAC156_a080876b64da981c,-25.4662324,-49.2041624,28/01/2025,2025,Drenagem,Alagamentos,Rua Índia,CAJURU,strong,"Rua Índia, Cajuru, Curitiba, Paraná, Região Sul, 82960-000, Brasil",37184214,1,"flood (alagamento/enchente) - landslide excluded by category filter (SIAC 156 Assunto/Subdivisao is a distinct structured category, not free text)",siac156_curitiba_v1,"Ponto positivo administrativo geocodificado (mesmo criterio do v12 Recife). Nao e ground truth cartografico individual -- confianca strong = correspondencia de rua (geometria, nao numero exato); medium = fallback bairro-centroide.","Nao usar como escore, threshold ou variavel derivada do rotulo. Nao promover a 'validado'/'confirmado' sem revisao do REV-P."
Curitiba,1,CUR_SIAC156_f848e73e19b0ab57,-25.4747756,-49.1931009,28/01/2025,2025,Drenagem,Alagamentos,RUA CELSO CESAR OSTERNACK,CAJURU,strong,"Rua Celso César Osternack, Cajuru, Curitiba, Paraná, Região Sul, 82980-130, Brasil",163153943,1,"flood (alagamento/enchente) - landslide excluded by category filter (SIAC 156 Assunto/Subdivisao is a distinct structured category, not free text)",siac156_curitiba_v1,"Ponto positivo administrativo geocodificado (mesmo criterio do v12 Recife). Nao e ground truth cartografico individual -- confianca strong = correspondencia de rua (geometria, nao numero exato); medium = fallback bairro-centroide.","Nao usar como escore, threshold ou variavel derivada do rotulo. Nao promover a 'validado'/'confirmado' sem revisao do REV-P."
Curitiba,1,CUR_SIAC156_5f008f1a82b69627,-25.4508651,-49.2115844,28/01/2025,2025,Drenagem,Alagamentos,Rua Maceió,CAJURU,strong,"Rua Maceió, Cajuru, Curitiba, Paraná, Região Sul, 82950-420, Brasil",232901234,1,"flood (alagamento/enchente) - landslide excluded by category filter (SIAC 156 Assunto/Subdivisao is a distinct structured category, not free text)",siac156_curitiba_v1,"Ponto positivo administrativo geocodificado (mesmo criterio do v12 Recife). Nao e ground truth cartografico individual -- confianca strong = correspondencia de rua (geometria, nao numero exato); medium = fallback bairro-centroide.","Nao usar como escore, threshold ou variavel derivada do rotulo. Nao promover a 'validado'/'confirmado' sem revisao do REV-P."
Curitiba,1,CUR_SIAC156_79ed9dc9f7aa7535,-25.4855763,-49.1950077,28/01/2025,2025,Drenagem,Alagamentos,RUA CID JOSÉ DOS SANTOS,UBERABA,strong,"Rua Cid José dos Santos, Uberaba, Curitiba, Paraná, Região Sul, 81590-614, Brasil",248267398,1,"flood (alagamento/enchente) - landslide excluded by category filter (SIAC 156 Assunto/Subdivisao is a distinct structured category, not free text)",siac156_curitiba_v1,"Ponto positivo administrativo geocodificado (mesmo criterio do v12 Recife). Nao e ground truth cartografico individual -- confianca strong = correspondencia de rua (geometria, nao numero exato); medium = fallback bairro-centroide.","Nao usar como escore, threshold ou variavel derivada do rotulo. Nao promover a 'validado'/'confirmado' sem revisao do REV-P."
Curitiba,1,CUR_SIAC156_ba63279a3a7b3a07,-25.462597,-49.2128887,28/01/2025,2025,Drenagem,Alagamentos,RUA NITEROI,CAJURU,strong,"Rua Niterói, Cajuru, Curitiba, Paraná, Região Sul, 82940-090, Brasil",1363321231,1,"flood (alagamento/enchente) - landslide excluded by category filter (SIAC 156 Assunto/Subdivisao is a distinct structured category, not free text)",siac156_curitiba_v1,"Ponto positivo administrativo geocodificado (mesmo criterio do v12 Recife). Nao e ground truth cartografico individual -- confianca strong = correspondencia de rua (geometria, nao numero exato); medium = fallback bairro-centroide.","Nao usar como escore, threshold ou variavel derivada do rotulo. Nao promover a 'validado'/'confirmado' sem revisao do REV-P."
Curitiba,1,CUR_SIAC156_e2e83535263399b1,-25.4580898,-49.2202594,28/01/2025,2025,Drenagem,Alagamentos,Salvador,CAJURU,strong,"Rua Salvador, Cajuru, Curitiba, Paraná, Região Sul, 81540-080, Brasil",56051070,1,"flood (alagamento/enchente) - landslide excluded by category filter (SIAC 156 Assunto/Subdivisao is a distinct structured category, not free text)",siac156_curitiba_v1,"Ponto positivo administrativo geocodificado (mesmo criterio do v12 Recife). Nao e ground truth cartografico individual -- confianca strong = correspondencia de rua (geometria, nao numero exato); medium = fallback bairro-centroide.","Nao usar como escore, threshold ou variavel derivada do rotulo. Nao promover a 'validado'/'confirmado' sem revisao do REV-P."
Curitiba,1,CUR_SIAC156_e9abc69640dd694e,-25.4859393,-49.2039909,28/01/2025,2025,Drenagem,Alagamentos,Monsenhor Dunand,UBERABA,strong,"Rua Monsenhor Dunand, Uberaba, Curitiba, Paraná, Região Sul, 81590-370, Brasil",56177691,1,"flood (alagamento/enchente) - landslide excluded by category filter (SIAC 156 Assunto/Subdivisao is a distinct structured category, not free text)",siac156_curitiba_v1,"Ponto positivo administrativo geocodificado (mesmo criterio do v12 Recife). Nao e ground truth cartografico individual -- confianca strong = correspondencia de rua (geometria, nao numero exato); medium = fallback bairro-centroide.","Nao usar como escore, threshold ou variavel derivada do rotulo. Nao promover a 'validado'/'confirmado' sem revisao do REV-P."
Curitiba,1,CUR_SIAC156_e71cdbf9488bece4,-25.438382,-49.2087847,28/01/2025,2025,Drenagem,Alagamentos,Rua Osmário de Lima,CAPAO DA IMBUIA,strong,"Rua Osmário de Lima, Capão da Imbuia, Curitiba, Paraná, Região Sul, 82810-460, Brasil",1318008491,1,"flood (alagamento/enchente) - landslide excluded by category filter (SIAC 156 Assunto/Subdivisao is a distinct structured category, not free text)",siac156_curitiba_v1,"Ponto positivo administrativo geocodificado (mesmo criterio do v12 Recife). Nao e ground truth cartografico individual -- confianca strong = correspondencia de rua (geometria, nao numero exato); medium = fallback bairro-centroide.","Nao usar como escore, threshold ou variavel derivada do rotulo. Nao promover a 'validado'/'confirmado' sem revisao do REV-P."
Curitiba,1,CUR_SIAC156_25ca1912fd91417c,-25.490215,-49.2125598,28/01/2025,2025,Drenagem,Alagamentos,RUA CAJÁ-MANGA,UBERABA,strong,"Rua Cajá-Manga, Uberaba, Curitiba, Paraná, Região Sul, 81560-420, Brasil",121038433,1,"flood (alagamento/enchente) - landslide excluded by category filter (SIAC 156 Assunto/Subdivisao is a distinct structured category, not free text)",siac156_curitiba_v1,"Ponto positivo administrativo geocodificado (mesmo criterio do v12 Recife). Nao e ground truth cartografico individual -- confianca strong = correspondencia de rua (geometria, nao numero exato); medium = fallback bairro-centroide.","Nao usar como escore, threshold ou variavel derivada do rotulo. Nao promover a 'validado'/'confirmado' sem revisao do REV-P."
Curitiba,1,CUR_SIAC156_887752a9cd7a2f85,-25.4655337,-49.2012351,28/01/2025,2025,Drenagem,Alagamentos,Rua Etiópia,CAJURU,strong,"Rua Etiópia, Cajuru, Curitiba, Paraná, Região Sul, 82960-000, Brasil",164254338,1,"flood (alagamento/enchente) - landslide excluded by category filter (SIAC 156 Assunto/Subdivisao is a distinct structured category, not free text)",siac156_curitiba_v1,"Ponto positivo administrativo geocodificado (mesmo criterio do v12 Recife). Nao e ground truth cartografico individual -- confianca strong = correspondencia de rua (geometria, nao numero exato); medium = fallback bairro-centroide.","Nao usar como escore, threshold ou variavel derivada do rotulo. Nao promover a 'validado'/'confirmado' sem revisao do REV-P."
Curitiba,1,CUR_SIAC156_37a19c1396ed9dce,-25.4364887,-49.2075905,28/01/2025,2025,Drenagem,Alagamentos,RUA PROFESSORA ANTÔNIA REGINATO VIANNA,CAPAO DA IMBUIA,strong,"Rua Professora Antônia Reginato Vianna, Capão da Imbuia, Curitiba, Paraná, Região Sul, 82810-460, Brasil",152131292,2,"flood (alagamento/enchente) - landslide excluded by category filter (SIAC 156 Assunto/Subdivisao is a distinct structured category, not free text)",siac156_curitiba_v1,"Ponto positivo administrativo geocodificado (mesmo criterio do v12 Recife). Nao e ground truth cartografico individual -- confianca strong = correspondencia de rua (geometria, nao numero exato); medium = fallback bairro-centroide.","Nao usar como escore, threshold ou variavel derivada do rotulo. Nao promover a 'validado'/'confirmado' sem revisao do REV-P."
Curitiba,1,CUR_SIAC156_fbf20aa790d83391,-25.4368942,-49.2050055,28/01/2025,2025,Drenagem,Alagamentos,RUA CAPITÃO VARASSIN,CAPAO DA IMBUIA,strong,"Rua Capitão Varassin, Capão da Imbuia, Curitiba, Paraná, Região Sul, 82810-460, Brasil",105586585,1,"flood (alagamento/enchente) - landslide excluded by category filter (SIAC 156 Assunto/Subdivisao is a distinct structured category, not free text)",siac156_curitiba_v1,"Ponto positivo administrativo geocodificado (mesmo criterio do v12 Recife). Nao e ground truth cartografico individual -- confianca strong = correspondencia de rua (geometria, nao numero exato); medium = fallback bairro-centroide.","Nao usar como escore, threshold ou variavel derivada do rotulo. Nao promover a 'validado'/'confirmado' sem revisao do REV-P."
Curitiba,1,CUR_SIAC156_982ba6ad5540ee95,-25.4359377,-49.2054842,28/01/2025,2025,Drenagem,Alagamentos,RUA CASIMIRO TOSI,CAPAO DA IMBUIA,strong,"Rua Casimiro Tosi, Capão da Imbuia, Curitiba, Paraná, Região Sul, 82810-460, Brasil",105586584,1,"flood (alagamento/enchente) - landslide excluded by category filter (SIAC 156 Assunto/Subdivisao is a distinct structured category, not free text)",siac156_curitiba_v1,"Ponto positivo administrativo geocodificado (mesmo criterio do v12 Recife). Nao e ground truth cartografico individual -- confianca strong = correspondencia de rua (geometria, nao numero exato); medium = fallback bairro-centroide.","Nao usar como escore, threshold ou variavel derivada do rotulo. Nao promover a 'validado'/'confirmado' sem revisao do REV-P."
Curitiba,1,CUR_SIAC156_a1cef93907ea7305,-25.4600682,-49.195316,28/01/2025,2025,Drenagem,Alagamentos,Rua Laurentino Rosa Dos Santos,CAJURU,strong,"Rua Laurentino Rosa dos Santos, Vila São Domingos Agrícola, Cajuru, Curitiba, Paraná, Região Sul, 82930-548, Brasil",164655128,1,"flood (alagamento/enchente) - landslide excluded by category filter (SIAC 156 Assunto/Subdivisao is a distinct structured category, not free text)",siac156_curitiba_v1,"Ponto positivo administrativo geocodificado (mesmo criterio do v12 Recife). Nao e ground truth cartografico individual -- confianca strong = correspondencia de rua (geometria, nao numero exato); medium = fallback bairro-centroide.","Nao usar como escore, threshold ou variavel derivada do rotulo. Nao promover a 'validado'/'confirmado' sem revisao do REV-P."
Curitiba,1,CUR_SIAC156_608d0fab7c12d4e5,-25.4364887,-49.2075905,28/01/2025,2025,Drenagem,Alagamentos,Rua Professora Antônia Reginato Vianna,CAPAO DA IMBUIA,strong,"Rua Professora Antônia Reginato Vianna, Capão da Imbuia, Curitiba, Paraná, Região Sul, 82810-460, Brasil",152131292,2,"flood (alagamento/enchente) - landslide excluded by category filter (SIAC 156 Assunto/Subdivisao is a distinct structured category, not free text)",siac156_curitiba_v1,"Ponto positivo administrativo geocodificado (mesmo criterio do v12 Recife). Nao e ground truth cartografico individual -- confianca strong = correspondencia de rua (geometria, nao numero exato); medium = fallback bairro-centroide.","Nao usar como escore, threshold ou variavel derivada do rotulo. Nao promover a 'validado'/'confirmado' sem revisao do REV-P."
Curitiba,1,CUR_SIAC156_f4c08b71f15f7218,-25.4612817,-49.1977099,28/01/2025,2025,Drenagem,Alagamentos,Rua Doutor João Luiz Bettega,CAJURU,strong,"Rua Doutor João Luiz Bettega, Vila São Domingos Agrícola, Cajuru, Curitiba, Paraná, Região Sul, 82930-548, Brasil",917373244,2,"flood (alagamento/enchente) - landslide excluded by category filter (SIAC 156 Assunto/Subdivisao is a distinct structured category, not free text)",siac156_curitiba_v1,"Ponto positivo administrativo geocodificado (mesmo criterio do v12 Recife). Nao e ground truth cartografico individual -- confianca strong = correspondencia de rua (geometria, nao numero exato); medium = fallback bairro-centroide.","Nao usar como escore, threshold ou variavel derivada do rotulo. Nao promover a 'validado'/'confirmado' sem revisao do REV-P."
Curitiba,1,CUR_SIAC156_f7e8943802428171,-25.4849252,-49.2153133,28/01/2025,2025,Drenagem,Alagamentos,RUA MANOELA STIER REISS - UMS ALVORADA PSF,UBERABA,medium,"Uberaba, Curitiba, Paraná, Região Sul, Brasil",4146395,1,"flood (alagamento/enchente) - landslide excluded by category filter (SIAC 156 Assunto/Subdivisao is a distinct structured category, not free text)",siac156_curitiba_v1,"Ponto positivo administrativo geocodificado (mesmo criterio do v12 Recife). Nao e ground truth cartografico individual -- confianca strong = correspondencia de rua (geometria, nao numero exato); medium = fallback bairro-centroide.","Nao usar como escore, threshold ou variavel derivada do rotulo. Nao promover a 'validado'/'confirmado' sem revisao do REV-P."
Curitiba,1,CUR_SIAC156_7f09197eddb15aa2,-25.4612817,-49.1977099,28/01/2025,2025,Drenagem,Alagamentos,RUA DOUTOR JOÃO LUIZ BETTEGA,CAJURU,strong,"Rua Doutor João Luiz Bettega, Vila São Domingos Agrícola, Cajuru, Curitiba, Paraná, Região Sul, 82930-548, Brasil",917373244,2,"flood (alagamento/enchente) - landslide excluded by category filter (SIAC 156 Assunto/Subdivisao is a distinct structured category, not free text)",siac156_curitiba_v1,"Ponto positivo administrativo geocodificado (mesmo criterio do v12 Recife). Nao e ground truth cartografico individual -- confianca strong = correspondencia de rua (geometria, nao numero exato); medium = fallback bairro-centroide.","Nao usar como escore, threshold ou variavel derivada do rotulo. Nao promover a 'validado'/'confirmado' sem revisao do REV-P."
Curitiba,1,CUR_SIAC156_cdaf7abe07c12d82,-25.4694418,-49.1896284,28/01/2025,2025,Drenagem,Alagamentos,Rua Professora Leoni Idazima Fila do Nascimento,CAJURU,strong,"Rua Professora Leoni Idazima Fila do Nascimento, Vila Acrópole Agrícola, Cajuru, Curitiba, Paraná, Região Sul, 82980-100, Brasil",426104190,1,"flood (alagamento/enchente) - landslide excluded by category filter (SIAC 156 Assunto/Subdivisao is a distinct structured category, not free text)",siac156_curitiba_v1,"Ponto positivo administrativo geocodificado (mesmo criterio do v12 Recife). Nao e ground truth cartografico individual -- confianca strong = correspondencia de rua (geometria, nao numero exato); medium = fallback bairro-centroide.","Nao usar como escore, threshold ou variavel derivada do rotulo. Nao promover a 'validado'/'confirmado' sem revisao do REV-P."
Curitiba,1,CUR_SIAC156_4672aa70992205b5,-25.4712434,-49.2086908,28/01/2025,2025,Drenagem,Alagamentos,Edgard de Alencar Guimarães,CAJURU,strong,"Rua Edgard de Alencar Guimarães, Cajuru, Curitiba, Paraná, Região Sul, 82960-180, Brasil",1510179301,1,"flood (alagamento/enchente) - landslide excluded by category filter (SIAC 156 Assunto/Subdivisao is a distinct structured category, not free text)",siac156_curitiba_v1,"Ponto positivo administrativo geocodificado (mesmo criterio do v12 Recife). Nao e ground truth cartografico individual -- confianca strong = correspondencia de rua (geometria, nao numero exato); medium = fallback bairro-centroide.","Nao usar como escore, threshold ou variavel derivada do rotulo. Nao promover a 'validado'/'confirmado' sem revisao do REV-P."
Curitiba,1,CUR_SIAC156_dcdaf514907517f5,-25.4849252,-49.2153133,31/01/2025,2025,Drenagem,Alagamentos,RUA SANTO ANÍBAL MARIA DIFRANCIA,UBERABA,medium,"Uberaba, Curitiba, Paraná, Região Sul, Brasil",4146395,1,"flood (alagamento/enchente) - landslide excluded by category filter (SIAC 156 Assunto/Subdivisao is a distinct structured category, not free text)",siac156_curitiba_v1,"Ponto positivo administrativo geocodificado (mesmo criterio do v12 Recife). Nao e ground truth cartografico individual -- confianca strong = correspondencia de rua (geometria, nao numero exato); medium = fallback bairro-centroide.","Nao usar como escore, threshold ou variavel derivada do rotulo. Nao promover a 'validado'/'confirmado' sem revisao do REV-P."
Curitiba,1,CUR_SIAC156_720b107f33e57f8b,-25.4565218,-49.2032275,31/01/2025,2025,Drenagem,Alagamentos,Rua Tranquilo Saragiotto,CAJURU,strong,"Rua Tranquilo Saragiotto, Vila Florianópolis, Cajuru, Curitiba, Paraná, Região Sul, 82930-230, Brasil",164123906,1,"flood (alagamento/enchente) - landslide excluded by category filter (SIAC 156 Assunto/Subdivisao is a distinct structured category, not free text)",siac156_curitiba_v1,"Ponto positivo administrativo geocodificado (mesmo criterio do v12 Recife). Nao e ground truth cartografico individual -- confianca strong = correspondencia de rua (geometria, nao numero exato); medium = fallback bairro-centroide.","Nao usar como escore, threshold ou variavel derivada do rotulo. Nao promover a 'validado'/'confirmado' sem revisao do REV-P."
Curitiba,1,CUR_SIAC156_9f2a8db2b360149e,-25.4939749,-49.2211479,31/01/2025,2025,Drenagem,Alagamentos,Rua Ladislau Smak,UBERABA,strong,"Rua Ladislau Smak, Uberaba, Curitiba, Paraná, Região Sul, 81580-130, Brasil",125391985,1,"flood (alagamento/enchente) - landslide excluded by category filter (SIAC 156 Assunto/Subdivisao is a distinct structured category, not free text)",siac156_curitiba_v1,"Ponto positivo administrativo geocodificado (mesmo criterio do v12 Recife). Nao e ground truth cartografico individual -- confianca strong = correspondencia de rua (geometria, nao numero exato); medium = fallback bairro-centroide.","Nao usar como escore, threshold ou variavel derivada do rotulo. Nao promover a 'validado'/'confirmado' sem revisao do REV-P."
Curitiba,1,CUR_SIAC156_d19fcaad6258ecbe,-25.4583758,-49.2075862,31/01/2025,2025,Drenagem,Alagamentos,RUA NATAL,CAJURU,strong,"Rua Natal, Cajuru, Curitiba, Paraná, Região Sul, 82930-230, Brasil",232901223,2,"flood (alagamento/enchente) - landslide excluded by category filter (SIAC 156 Assunto/Subdivisao is a distinct structured category, not free text)",siac156_curitiba_v1,"Ponto positivo administrativo geocodificado (mesmo criterio do v12 Recife). Nao e ground truth cartografico individual -- confianca strong = correspondencia de rua (geometria, nao numero exato); medium = fallback bairro-centroide.","Nao usar como escore, threshold ou variavel derivada do rotulo. Nao promover a 'validado'/'confirmado' sem revisao do REV-P."
Curitiba,1,CUR_SIAC156_9aa2844e832a574c,-25.4580898,-49.2202594,31/01/2025,2025,Drenagem,Alagamentos,RUA SALVADOR,CAJURU,strong,"Rua Salvador, Cajuru, Curitiba, Paraná, Região Sul, 81540-080, Brasil",56051070,1,"flood (alagamento/enchente) - landslide excluded by category filter (SIAC 156 Assunto/Subdivisao is a distinct structured category, not free text)",siac156_curitiba_v1,"Ponto positivo administrativo geocodificado (mesmo criterio do v12 Recife). Nao e ground truth cartografico individual -- confianca strong = correspondencia de rua (geometria, nao numero exato); medium = fallback bairro-centroide.","Nao usar como escore, threshold ou variavel derivada do rotulo. Nao promover a 'validado'/'confirmado' sem revisao do REV-P."
Curitiba,1,CUR_SIAC156_773b10e82973d85e,-25.4583758,-49.2075862,31/01/2025,2025,Drenagem,Alagamentos,Rua Natal,CAJURU,strong,"Rua Natal, Cajuru, Curitiba, Paraná, Região Sul, 82930-230, Brasil",232901223,2,"flood (alagamento/enchente) - landslide excluded by category filter (SIAC 156 Assunto/Subdivisao is a distinct structured category, not free text)",siac156_curitiba_v1,"Ponto positivo administrativo geocodificado (mesmo criterio do v12 Recife). Nao e ground truth cartografico individual -- confianca strong = correspondencia de rua (geometria, nao numero exato); medium = fallback bairro-centroide.","Nao usar como escore, threshold ou variavel derivada do rotulo. Nao promover a 'validado'/'confirmado' sem revisao do REV-P."
Curitiba,1,CUR_SIAC156_579819a935c70aba,-25.4698647,-49.2088707,01/02/2025,2025,Drenagem,Alagamentos,Manoel Máximo dos Santos,CAJURU,strong,"Rua Manoel Máximo dos Santos, Cajuru, Curitiba, Paraná, Região Sul, 82960-180, Brasil",164255528,1,"flood (alagamento/enchente) - landslide excluded by category filter (SIAC 156 Assunto/Subdivisao is a distinct structured category, not free text)",siac156_curitiba_v1,"Ponto positivo administrativo geocodificado (mesmo criterio do v12 Recife). Nao e ground truth cartografico individual -- confianca strong = correspondencia de rua (geometria, nao numero exato); medium = fallback bairro-centroide.","Nao usar como escore, threshold ou variavel derivada do rotulo. Nao promover a 'validado'/'confirmado' sem revisao do REV-P."
Curitiba,1,CUR_SIAC156_38069c98f8109622,-25.4857258,-49.202058,01/02/2025,2025,Drenagem,Alagamentos,Rua Avelino Mantovani,UBERABA,strong,"Rua Avelino Mantovani, Uberaba, Curitiba, Paraná, Região Sul, 81590-370, Brasil",1262797956,1,"flood (alagamento/enchente) - landslide excluded by category filter (SIAC 156 Assunto/Subdivisao is a distinct structured category, not free text)",siac156_curitiba_v1,"Ponto positivo administrativo geocodificado (mesmo criterio do v12 Recife). Nao e ground truth cartografico individual -- confianca strong = correspondencia de rua (geometria, nao numero exato); medium = fallback bairro-centroide.","Nao usar como escore, threshold ou variavel derivada do rotulo. Nao promover a 'validado'/'confirmado' sem revisao do REV-P."
Curitiba,1,CUR_SIAC156_a8534f4b868adc7a,-25.4646101,-49.2073146,03/02/2025,2025,Drenagem,Alagamentos,Nagib da Silva,CAJURU,strong,"Rua Nagib da Silva, Cajuru, Curitiba, Paraná, Região Sul, 82960-000, Brasil",33019130,1,"flood (alagamento/enchente) - landslide excluded by category filter (SIAC 156 Assunto/Subdivisao is a distinct structured category, not free text)",siac156_curitiba_v1,"Ponto positivo administrativo geocodificado (mesmo criterio do v12 Recife). Nao e ground truth cartografico individual -- confianca strong = correspondencia de rua (geometria, nao numero exato); medium = fallback bairro-centroide.","Nao usar como escore, threshold ou variavel derivada do rotulo. Nao promover a 'validado'/'confirmado' sem revisao do REV-P."
Curitiba,1,CUR_SIAC156_067d8c96439ec860,-25.4648005,-49.2201031,03/02/2025,2025,Drenagem,Alagamentos,RUA ALETE DACHEAUX STORI,JARDIM DAS AMERICAS,strong,"Rua Alete Dacheaux Stori, Jardim das Américas, Curitiba, Paraná, Região Sul, 81540-120, Brasil",162510621,1,"flood (alagamento/enchente) - landslide excluded by category filter (SIAC 156 Assunto/Subdivisao is a distinct structured category, not free text)",siac156_curitiba_v1,"Ponto positivo administrativo geocodificado (mesmo criterio do v12 Recife). Nao e ground truth cartografico individual -- confianca strong = correspondencia de rua (geometria, nao numero exato); medium = fallback bairro-centroide.","Nao usar como escore, threshold ou variavel derivada do rotulo. Nao promover a 'validado'/'confirmado' sem revisao do REV-P."
Curitiba,1,CUR_SIAC156_a7747794b3ee2774,-25.439588,-49.2084436,03/02/2025,2025,Drenagem,Alagamentos,RUA ARAGUAIA,CAPAO DA IMBUIA,strong,"Rua Araguaia, Capão da Imbuia, Curitiba, Paraná, Região Sul, 82810-460, Brasil",37184301,1,"flood (alagamento/enchente) - landslide excluded by category filter (SIAC 156 Assunto/Subdivisao is a distinct structured category, not free text)",siac156_curitiba_v1,"Ponto positivo administrativo geocodificado (mesmo criterio do v12 Recife). Nao e ground truth cartografico individual -- confianca strong = correspondencia de rua (geometria, nao numero exato); medium = fallback bairro-centroide.","Nao usar como escore, threshold ou variavel derivada do rotulo. Nao promover a 'validado'/'confirmado' sem revisao do REV-P."
Curitiba,1,CUR_SIAC156_04e547690a45a8a9,-25.490215,-49.2125598,03/02/2025,2025,Drenagem,Alagamentos,RUA CAJA-MANGA,UBERABA,strong,"Rua Cajá-Manga, Uberaba, Curitiba, Paraná, Região Sul, 81560-420, Brasil",121038433,1,"flood (alagamento/enchente) - landslide excluded by category filter (SIAC 156 Assunto/Subdivisao is a distinct structured category, not free text)",siac156_curitiba_v1,"Ponto positivo administrativo geocodificado (mesmo criterio do v12 Recife). Nao e ground truth cartografico individual -- confianca strong = correspondencia de rua (geometria, nao numero exato); medium = fallback bairro-centroide.","Nao usar como escore, threshold ou variavel derivada do rotulo. Nao promover a 'validado'/'confirmado' sem revisao do REV-P."
Curitiba,1,CUR_SIAC156_4359cba776668ed6,-25.4934043,-49.2106096,05/02/2025,2025,Drenagem,Alagamentos,Aviador Armin Buhrer,UBERABA,strong,"Rua Aviador Armin Buhrer, Uberaba, Curitiba, Paraná, Região Sul, 81560-560, Brasil",293855037,1,"flood (alagamento/enchente) - landslide excluded by category filter (SIAC 156 Assunto/Subdivisao is a distinct structured category, not free text)",siac156_curitiba_v1,"Ponto positivo administrativo geocodificado (mesmo criterio do v12 Recife). Nao e ground truth cartografico individual -- confianca strong = correspondencia de rua (geometria, nao numero exato); medium = fallback bairro-centroide.","Nao usar como escore, threshold ou variavel derivada do rotulo. Nao promover a 'validado'/'confirmado' sem revisao do REV-P."
Curitiba,1,CUR_SIAC156_fc252157aa128d14,-25.4741294,-49.2234054,12/02/2025,2025,Drenagem,Alagamentos,RUA JÚLIO WISCHRAL,UBERABA,strong,"Rua Júlio Wischral, Uberaba, Curitiba, Paraná, Região Sul, 81540-590, Brasil",125389841,1,"flood (alagamento/enchente) - landslide excluded by category filter (SIAC 156 Assunto/Subdivisao is a distinct structured category, not free text)",siac156_curitiba_v1,"Ponto positivo administrativo geocodificado (mesmo criterio do v12 Recife). Nao e ground truth cartografico individual -- confianca strong = correspondencia de rua (geometria, nao numero exato); medium = fallback bairro-centroide.","Nao usar como escore, threshold ou variavel derivada do rotulo. Nao promover a 'validado'/'confirmado' sem revisao do REV-P."
Curitiba,1,CUR_SIAC156_d43f69e951adee9e,-25.4725842,-49.194381,13/02/2025,2025,Drenagem,Alagamentos,RUA PADRE ARNALDO JANSSEN,CAJURU,strong,"Rua Padre Arnaldo Janssen, Cajuru, Curitiba, Paraná, Região Sul, 82980-130, Brasil",163153938,2,"flood (alagamento/enchente) - landslide excluded by category filter (SIAC 156 Assunto/Subdivisao is a distinct structured category, not free text)",siac156_curitiba_v1,"Ponto positivo administrativo geocodificado (mesmo criterio do v12 Recife). Nao e ground truth cartografico individual -- confianca strong = correspondencia de rua (geometria, nao numero exato); medium = fallback bairro-centroide.","Nao usar como escore, threshold ou variavel derivada do rotulo. Nao promover a 'validado'/'confirmado' sem revisao do REV-P."
Curitiba,1,CUR_SIAC156_0c566ad67f56b855,-25.4596168,-49.2146446,13/02/2025,2025,Drenagem,Alagamentos,RUA PAULO DE FRONTIN,CAJURU,strong,"Rua Paulo de Frontin, Vila Menino Jesus, Cajuru, Curitiba, Paraná, Região Sul, 82940-280, Brasil",155600617,1,"flood (alagamento/enchente) - landslide excluded by category filter (SIAC 156 Assunto/Subdivisao is a distinct structured category, not free text)",siac156_curitiba_v1,"Ponto positivo administrativo geocodificado (mesmo criterio do v12 Recife). Nao e ground truth cartografico individual -- confianca strong = correspondencia de rua (geometria, nao numero exato); medium = fallback bairro-centroide.","Nao usar como escore, threshold ou variavel derivada do rotulo. Nao promover a 'validado'/'confirmado' sem revisao do REV-P."
Curitiba,1,CUR_SIAC156_365a5e8374671d1b,-25.4468665,-49.2258708,13/02/2025,2025,Drenagem,Alagamentos,Rua José Demeterco,CAJURU,strong,"Rua Professor José Demeterco, Vila Cajuru II, Cajuru, Curitiba, Paraná, Região Sul, 82900-320, Brasil",155598468,1,"flood (alagamento/enchente) - landslide excluded by category filter (SIAC 156 Assunto/Subdivisao is a distinct structured category, not free text)",siac156_curitiba_v1,"Ponto positivo administrativo geocodificado (mesmo criterio do v12 Recife). Nao e ground truth cartografico individual -- confianca strong = correspondencia de rua (geometria, nao numero exato); medium = fallback bairro-centroide.","Nao usar como escore, threshold ou variavel derivada do rotulo. Nao promover a 'validado'/'confirmado' sem revisao do REV-P."
Curitiba,1,CUR_SIAC156_6bf0b7da7430115e,-25.4512362,-49.2025768,13/02/2025,2025,Drenagem,Alagamentos,Rua Carlota Pereira de Queiroz,CAJURU,strong,"Rua Carlota Pereira de Queiroz, Cajuru, Curitiba, Paraná, Região Sul, 82930-240, Brasil",93827726,1,"flood (alagamento/enchente) - landslide excluded by category filter (SIAC 156 Assunto/Subdivisao is a distinct structured category, not free text)",siac156_curitiba_v1,"Ponto positivo administrativo geocodificado (mesmo criterio do v12 Recife). Nao e ground truth cartografico individual -- confianca strong = correspondencia de rua (geometria, nao numero exato); medium = fallback bairro-centroide.","Nao usar como escore, threshold ou variavel derivada do rotulo. Nao promover a 'validado'/'confirmado' sem revisao do REV-P."
Curitiba,1,CUR_SIAC156_551c5cbe88435bd8,-25.4538399,-49.2073063,13/02/2025,2025,Drenagem,Alagamentos,RUA CUIABÁ,CAJURU,strong,"Rua Cuiabá, Cajuru, Curitiba, Paraná, Região Sul, 82930-000, Brasil",56051072,1,"flood (alagamento/enchente) - landslide excluded by category filter (SIAC 156 Assunto/Subdivisao is a distinct structured category, not free text)",siac156_curitiba_v1,"Ponto positivo administrativo geocodificado (mesmo criterio do v12 Recife). Nao e ground truth cartografico individual -- confianca strong = correspondencia de rua (geometria, nao numero exato); medium = fallback bairro-centroide.","Nao usar como escore, threshold ou variavel derivada do rotulo. Nao promover a 'validado'/'confirmado' sem revisao do REV-P."
Curitiba,1,CUR_SIAC156_7fd06417312dbd4e,-25.4655337,-49.2012351,13/02/2025,2025,Drenagem,Alagamentos,Rua Etiópia,CAJURU,strong,"Rua Etiópia, Cajuru, Curitiba, Paraná, Região Sul, 82960-000, Brasil",164254338,1,"flood (alagamento/enchente) - landslide excluded by category filter (SIAC 156 Assunto/Subdivisao is a distinct structured category, not free text)",siac156_curitiba_v1,"Ponto positivo administrativo geocodificado (mesmo criterio do v12 Recife). Nao e ground truth cartografico individual -- confianca strong = correspondencia de rua (geometria, nao numero exato); medium = fallback bairro-centroide.","Nao usar como escore, threshold ou variavel derivada do rotulo. Nao promover a 'validado'/'confirmado' sem revisao do REV-P."
Curitiba,1,CUR_SIAC156_e178b46c2f767873,-25.439588,-49.2084436,13/02/2025,2025,Drenagem,Alagamentos,RUA ARAGUAIA,CAPAO DA IMBUIA,strong,"Rua Araguaia, Capão da Imbuia, Curitiba, Paraná, Região Sul, 82810-460, Brasil",37184301,1,"flood (alagamento/enchente) - landslide excluded by category filter (SIAC 156 Assunto/Subdivisao is a distinct structured category, not free text)",siac156_curitiba_v1,"Ponto positivo administrativo geocodificado (mesmo criterio do v12 Recife). Nao e ground truth cartografico individual -- confianca strong = correspondencia de rua (geometria, nao numero exato); medium = fallback bairro-centroide.","Nao usar como escore, threshold ou variavel derivada do rotulo. Nao promover a 'validado'/'confirmado' sem revisao do REV-P."
Curitiba,1,CUR_SIAC156_c3bdd698427069c3,-25.4442366,-49.217623,13/02/2025,2025,Drenagem,Alagamentos,Rua Germânia,CAJURU,strong,"Rua Germânia, Cajuru, Curitiba, Paraná, Região Sul, 82900-010, Brasil",162470574,1,"flood (alagamento/enchente) - landslide excluded by category filter (SIAC 156 Assunto/Subdivisao is a distinct structured category, not free text)",siac156_curitiba_v1,"Ponto positivo administrativo geocodificado (mesmo criterio do v12 Recife). Nao e ground truth cartografico individual -- confianca strong = correspondencia de rua (geometria, nao numero exato); medium = fallback bairro-centroide.","Nao usar como escore, threshold ou variavel derivada do rotulo. Nao promover a 'validado'/'confirmado' sem revisao do REV-P."
Curitiba,1,CUR_SIAC156_acff9406c5ade790,-25.4583758,-49.2075862,13/02/2025,2025,Drenagem,Alagamentos,RUA NATAL,CAJURU,strong,"Rua Natal, Cajuru, Curitiba, Paraná, Região Sul, 82930-230, Brasil",232901223,1,"flood (alagamento/enchente) - landslide excluded by category filter (SIAC 156 Assunto/Subdivisao is a distinct structured category, not free text)",siac156_curitiba_v1,"Ponto positivo administrativo geocodificado (mesmo criterio do v12 Recife). Nao e ground truth cartografico individual -- confianca strong = correspondencia de rua (geometria, nao numero exato); medium = fallback bairro-centroide.","Nao usar como escore, threshold ou variavel derivada do rotulo. Nao promover a 'validado'/'confirmado' sem revisao do REV-P."
Curitiba,1,CUR_SIAC156_39e5cf85d1257cf5,-25.4934043,-49.2106096,13/02/2025,2025,Drenagem,Alagamentos,Rua Aviador Armin Buhrer,UBERABA,strong,"Rua Aviador Armin Buhrer, Uberaba, Curitiba, Paraná, Região Sul, 81560-560, Brasil",293855037,2,"flood (alagamento/enchente) - landslide excluded by category filter (SIAC 156 Assunto/Subdivisao is a distinct structured category, not free text)",siac156_curitiba_v1,"Ponto positivo administrativo geocodificado (mesmo criterio do v12 Recife). Nao e ground truth cartografico individual -- confianca strong = correspondencia de rua (geometria, nao numero exato); medium = fallback bairro-centroide.","Nao usar como escore, threshold ou variavel derivada do rotulo. Nao promover a 'validado'/'confirmado' sem revisao do REV-P."
Curitiba,1,CUR_SIAC156_b267f0ffd3c8f641,-25.4533496,-49.2130027,13/02/2025,2025,Drenagem,Alagamentos,Rua Pastor Nilson do Amaral Fanin,CAJURU,medium,"Cajuru, Curitiba, Paraná, Região Sul, Brasil",3882263,1,"flood (alagamento/enchente) - landslide excluded by category filter (SIAC 156 Assunto/Subdivisao is a distinct structured category, not free text)",siac156_curitiba_v1,"Ponto positivo administrativo geocodificado (mesmo criterio do v12 Recife). Nao e ground truth cartografico individual -- confianca strong = correspondencia de rua (geometria, nao numero exato); medium = fallback bairro-centroide.","Nao usar como escore, threshold ou variavel derivada do rotulo. Nao promover a 'validado'/'confirmado' sem revisao do REV-P."
Curitiba,1,CUR_SIAC156_a0f382e307542d9a,-25.4814609,-49.2197016,13/02/2025,2025,Drenagem,Alagamentos,Rua Gabirobas,UBERABA,strong,"Rua Gabirobas, Uberaba, Curitiba, Paraná, Região Sul, 81550-000, Brasil",165065960,1,"flood (alagamento/enchente) - landslide excluded by category filter (SIAC 156 Assunto/Subdivisao is a distinct structured category, not free text)",siac156_curitiba_v1,"Ponto positivo administrativo geocodificado (mesmo criterio do v12 Recife). Nao e ground truth cartografico individual -- confianca strong = correspondencia de rua (geometria, nao numero exato); medium = fallback bairro-centroide.","Nao usar como escore, threshold ou variavel derivada do rotulo. Nao promover a 'validado'/'confirmado' sem revisao do REV-P."
Curitiba,1,CUR_SIAC156_7831ab425ffb019b,-25.4892317,-49.2057575,14/02/2025,2025,Drenagem,Alagamentos,Rua Doutor Ozéas Saraiva de Araújo,UBERABA,strong,"Rua Doutor Ozéas Saraiva de Araújo, Uberaba, Curitiba, Paraná, Região Sul, 81590-500, Brasil",125624724,1,"flood (alagamento/enchente) - landslide excluded by category filter (SIAC 156 Assunto/Subdivisao is a distinct structured category, not free text)",siac156_curitiba_v1,"Ponto positivo administrativo geocodificado (mesmo criterio do v12 Recife). Nao e ground truth cartografico individual -- confianca strong = correspondencia de rua (geometria, nao numero exato); medium = fallback bairro-centroide.","Nao usar como escore, threshold ou variavel derivada do rotulo. Nao promover a 'validado'/'confirmado' sem revisao do REV-P."
Curitiba,1,CUR_SIAC156_255913e791b93964,-25.4496912,-49.2082753,15/02/2025,2025,Drenagem,Alagamentos,Fortaleza,CAJURU,strong,"Rua Fortaleza, Cajuru, Curitiba, Paraná, Região Sul, 82930-000, Brasil",164115570,1,"flood (alagamento/enchente) - landslide excluded by category filter (SIAC 156 Assunto/Subdivisao is a distinct structured category, not free text)",siac156_curitiba_v1,"Ponto positivo administrativo geocodificado (mesmo criterio do v12 Recife). Nao e ground truth cartografico individual -- confianca strong = correspondencia de rua (geometria, nao numero exato); medium = fallback bairro-centroide.","Nao usar como escore, threshold ou variavel derivada do rotulo. Nao promover a 'validado'/'confirmado' sem revisao do REV-P."
Curitiba,1,CUR_SIAC156_edbec9edaaf6e937,-25.4829498,-49.2211047,17/02/2025,2025,Drenagem,Alagamentos,AVENIDA COMENDADOR FRANCO,UBERABA,strong,"Avenida Comendador Franco, Uberaba, Curitiba, Paraná, Região Sul, 81560-000, Brasil",395801519,1,"flood (alagamento/enchente) - landslide excluded by category filter (SIAC 156 Assunto/Subdivisao is a distinct structured category, not free text)",siac156_curitiba_v1,"Ponto positivo administrativo geocodificado (mesmo criterio do v12 Recife). Nao e ground truth cartografico individual -- confianca strong = correspondencia de rua (geometria, nao numero exato); medium = fallback bairro-centroide.","Nao usar como escore, threshold ou variavel derivada do rotulo. Nao promover a 'validado'/'confirmado' sem revisao do REV-P."
Curitiba,1,CUR_SIAC156_9a65ed6ff34a9e0a,-25.4538399,-49.2073063,18/02/2025,2025,Drenagem,Alagamentos,RUA CUIABÁ,CAJURU,strong,"Rua Cuiabá, Cajuru, Curitiba, Paraná, Região Sul, 82930-000, Brasil",56051072,2,"flood (alagamento/enchente) - landslide excluded by category filter (SIAC 156 Assunto/Subdivisao is a distinct structured category, not free text)",siac156_curitiba_v1,"Ponto positivo administrativo geocodificado (mesmo criterio do v12 Recife). Nao e ground truth cartografico individual -- confianca strong = correspondencia de rua (geometria, nao numero exato); medium = fallback bairro-centroide.","Nao usar como escore, threshold ou variavel derivada do rotulo. Nao promover a 'validado'/'confirmado' sem revisao do REV-P."
Curitiba,1,CUR_SIAC156_cc1a46ebaf3b4ad5,-25.4329715,-49.2098038,18/02/2025,2025,Drenagem,Alagamentos,Rua Nicácio Riquelme,CAPAO DA IMBUIA,strong,"Rua Nicácio Riquelme, Capão da Imbuia, Curitiba, Paraná, Região Sul, 82810-350, Brasil",162141056,1,"flood (alagamento/enchente) - landslide excluded by category filter (SIAC 156 Assunto/Subdivisao is a distinct structured category, not free text)",siac156_curitiba_v1,"Ponto positivo administrativo geocodificado (mesmo criterio do v12 Recife). Nao e ground truth cartografico individual -- confianca strong = correspondencia de rua (geometria, nao numero exato); medium = fallback bairro-centroide.","Nao usar como escore, threshold ou variavel derivada do rotulo. Nao promover a 'validado'/'confirmado' sem revisao do REV-P."
Curitiba,1,CUR_SIAC156_16ddf19332019b34,-25.4769071,-49.237223,18/02/2025,2025,Drenagem,Alagamentos,Doutor Hamilton Dybowicz,UBERABA,strong,"Rua Doutor Hamilton Dybowicz, Uberaba, Curitiba, Paraná, Região Sul, 81510-640, Brasil",125389822,1,"flood (alagamento/enchente) - landslide excluded by category filter (SIAC 156 Assunto/Subdivisao is a distinct structured category, not free text)",siac156_curitiba_v1,"Ponto positivo administrativo geocodificado (mesmo criterio do v12 Recife). Nao e ground truth cartografico individual -- confianca strong = correspondencia de rua (geometria, nao numero exato); medium = fallback bairro-centroide.","Nao usar como escore, threshold ou variavel derivada do rotulo. Nao promover a 'validado'/'confirmado' sem revisao do REV-P."
Curitiba,1,CUR_SIAC156_1d773f974712c7a2,-25.501548,-49.2146547,18/02/2025,2025,Drenagem,Alagamentos,Rua Arlindo Natal,UBERABA,strong,"Rua Arlindo Natal, Uberaba, Curitiba, Paraná, Região Sul, 81580-420, Brasil",60163934,2,"flood (alagamento/enchente) - landslide excluded by category filter (SIAC 156 Assunto/Subdivisao is a distinct structured category, not free text)",siac156_curitiba_v1,"Ponto positivo administrativo geocodificado (mesmo criterio do v12 Recife). Nao e ground truth cartografico individual -- confianca strong = correspondencia de rua (geometria, nao numero exato); medium = fallback bairro-centroide.","Nao usar como escore, threshold ou variavel derivada do rotulo. Nao promover a 'validado'/'confirmado' sem revisao do REV-P."
Curitiba,1,CUR_SIAC156_b1e16c3feb94859b,-25.4920827,-49.2261176,18/02/2025,2025,Drenagem,Alagamentos,Rua Francisco José Martin,UBERABA,strong,"Rua Francisco José Martin, Uberaba, Curitiba, Paraná, Região Sul, 81580-130, Brasil",161189760,1,"flood (alagamento/enchente) - landslide excluded by category filter (SIAC 156 Assunto/Subdivisao is a distinct structured category, not free text)",siac156_curitiba_v1,"Ponto positivo administrativo geocodificado (mesmo criterio do v12 Recife). Nao e ground truth cartografico individual -- confianca strong = correspondencia de rua (geometria, nao numero exato); medium = fallback bairro-centroide.","Nao usar como escore, threshold ou variavel derivada do rotulo. Nao promover a 'validado'/'confirmado' sem revisao do REV-P."
Curitiba,1,CUR_SIAC156_813d5a70ee625662,-25.430765,-49.2276,18/02/2025,2025,Drenagem,Alagamentos,General Polli Coelho,TARUMA,strong,"Rua General Polli Coelho, Tarumã, Curitiba, Paraná, Região Sul, 82800-030, Brasil",24877329,1,"flood (alagamento/enchente) - landslide excluded by category filter (SIAC 156 Assunto/Subdivisao is a distinct structured category, not free text)",siac156_curitiba_v1,"Ponto positivo administrativo geocodificado (mesmo criterio do v12 Recife). Nao e ground truth cartografico individual -- confianca strong = correspondencia de rua (geometria, nao numero exato); medium = fallback bairro-centroide.","Nao usar como escore, threshold ou variavel derivada do rotulo. Nao promover a 'validado'/'confirmado' sem revisao do REV-P."
Curitiba,1,CUR_SIAC156_f2e441bfdaf1a2fb,-25.4627351,-49.2053186,18/02/2025,2025,Drenagem,Alagamentos,Armando Della Bianca,CAJURU,strong,"Rua Armando della Bianca, Cajuru, Curitiba, Paraná, Região Sul, 82960-000, Brasil",1178702205,1,"flood (alagamento/enchente) - landslide excluded by category filter (SIAC 156 Assunto/Subdivisao is a distinct structured category, not free text)",siac156_curitiba_v1,"Ponto positivo administrativo geocodificado (mesmo criterio do v12 Recife). Nao e ground truth cartografico individual -- confianca strong = correspondencia de rua (geometria, nao numero exato); medium = fallback bairro-centroide.","Nao usar como escore, threshold ou variavel derivada do rotulo. Nao promover a 'validado'/'confirmado' sem revisao do REV-P."
Curitiba,1,CUR_SIAC156_18d9e39572117ca0,-25.4997167,-49.2195682,18/02/2025,2025,Drenagem,Alagamentos,Rua José Hauer,UBERABA,strong,"Rua José Hauer, Uberaba, Curitiba, Paraná, Região Sul, 81580-250, Brasil",70629093,1,"flood (alagamento/enchente) - landslide excluded by category filter (SIAC 156 Assunto/Subdivisao is a distinct structured category, not free text)",siac156_curitiba_v1,"Ponto positivo administrativo geocodificado (mesmo criterio do v12 Recife). Nao e ground truth cartografico individual -- confianca strong = correspondencia de rua (geometria, nao numero exato); medium = fallback bairro-centroide.","Nao usar como escore, threshold ou variavel derivada do rotulo. Nao promover a 'validado'/'confirmado' sem revisao do REV-P."
Curitiba,1,CUR_SIAC156_5659089230f64053,-25.4464725,-49.205096,18/02/2025,2025,Drenagem,Alagamentos,Rua Doutor Urbano Toniolo,CAJURU,strong,"Rua Doutor Urbano Toniolo, Cajuru, Curitiba, Paraná, Região Sul, 82810-000, Brasil",163218374,2,"flood (alagamento/enchente) - landslide excluded by category filter (SIAC 156 Assunto/Subdivisao is a distinct structured category, not free text)",siac156_curitiba_v1,"Ponto positivo administrativo geocodificado (mesmo criterio do v12 Recife). Nao e ground truth cartografico individual -- confianca strong = correspondencia de rua (geometria, nao numero exato); medium = fallback bairro-centroide.","Nao usar como escore, threshold ou variavel derivada do rotulo. Nao promover a 'validado'/'confirmado' sem revisao do REV-P."
Curitiba,1,CUR_SIAC156_1d773f974712c7a2,-25.501548,-49.2146547,18/02/2025,2025,Drenagem,Alagamentos,Rua Arlindo Natal,UBERABA,strong,"Rua Arlindo Natal, Uberaba, Curitiba, Paraná, Região Sul, 81580-420, Brasil",60163934,2,"flood (alagamento/enchente) - landslide excluded by category filter (SIAC 156 Assunto/Subdivisao is a distinct structured category, not free text)",siac156_curitiba_v1,"Ponto positivo administrativo geocodificado (mesmo criterio do v12 Recife). Nao e ground truth cartografico individual -- confianca strong = correspondencia de rua (geometria, nao numero exato); medium = fallback bairro-centroide.","Nao usar como escore, threshold ou variavel derivada do rotulo. Nao promover a 'validado'/'confirmado' sem revisao do REV-P."
Curitiba,1,CUR_SIAC156_b9d77c13a639af24,-25.4989557,-49.2201067,18/02/2025,2025,Drenagem,Alagamentos,Rua Pedro Saturnino,UBERABA,strong,"Rua Pedro Saturnino, Uberaba, Curitiba, Paraná, Região Sul, 81580-250, Brasil",125391973,1,"flood (alagamento/enchente) - landslide excluded by category filter (SIAC 156 Assunto/Subdivisao is a distinct structured category, not free text)",siac156_curitiba_v1,"Ponto positivo administrativo geocodificado (mesmo criterio do v12 Recife). Nao e ground truth cartografico individual -- confianca strong = correspondencia de rua (geometria, nao numero exato); medium = fallback bairro-centroide.","Nao usar como escore, threshold ou variavel derivada do rotulo. Nao promover a 'validado'/'confirmado' sem revisao do REV-P."
Curitiba,1,CUR_SIAC156_9a65ed6ff34a9e0a,-25.4538399,-49.2073063,18/02/2025,2025,Drenagem,Alagamentos,RUA CUIABÁ,CAJURU,strong,"Rua Cuiabá, Cajuru, Curitiba, Paraná, Região Sul, 82930-000, Brasil",56051072,2,"flood (alagamento/enchente) - landslide excluded by category filter (SIAC 156 Assunto/Subdivisao is a distinct structured category, not free text)",siac156_curitiba_v1,"Ponto positivo administrativo geocodificado (mesmo criterio do v12 Recife). Nao e ground truth cartografico individual -- confianca strong = correspondencia de rua (geometria, nao numero exato); medium = fallback bairro-centroide.","Nao usar como escore, threshold ou variavel derivada do rotulo. Nao promover a 'validado'/'confirmado' sem revisao do REV-P."
Curitiba,1,CUR_SIAC156_14efc639a6f55ecd,-25.4655337,-49.2012351,18/02/2025,2025,Drenagem,Alagamentos,Rua Etiópia,CAJURU,strong,"Rua Etiópia, Cajuru, Curitiba, Paraná, Região Sul, 82960-000, Brasil",164254338,1,"flood (alagamento/enchente) - landslide excluded by category filter (SIAC 156 Assunto/Subdivisao is a distinct structured category, not free text)",siac156_curitiba_v1,"Ponto positivo administrativo geocodificado (mesmo criterio do v12 Recife). Nao e ground truth cartografico individual -- confianca strong = correspondencia de rua (geometria, nao numero exato); medium = fallback bairro-centroide.","Nao usar como escore, threshold ou variavel derivada do rotulo. Nao promover a 'validado'/'confirmado' sem revisao do REV-P."
Curitiba,1,CUR_SIAC156_8ada814ddb9b7bb5,-25.4533496,-49.2130027,19/02/2025,2025,Drenagem,Alagamentos,Reverendo Raul Rodrigues de Castro,CAJURU,medium,"Cajuru, Curitiba, Paraná, Região Sul, Brasil",3882263,1,"flood (alagamento/enchente) - landslide excluded by category filter (SIAC 156 Assunto/Subdivisao is a distinct structured category, not free text)",siac156_curitiba_v1,"Ponto positivo administrativo geocodificado (mesmo criterio do v12 Recife). Nao e ground truth cartografico individual -- confianca strong = correspondencia de rua (geometria, nao numero exato); medium = fallback bairro-centroide.","Nao usar como escore, threshold ou variavel derivada do rotulo. Nao promover a 'validado'/'confirmado' sem revisao do REV-P."
Curitiba,1,CUR_SIAC156_fa3f3f1efac0af34,-25.4767366,-49.1923361,19/02/2025,2025,Drenagem,Alagamentos,RUA ANTONIO MOREIRA LOPES,CAJURU,strong,"Rua Antônio Moreira Lopes, Cajuru, Curitiba, Paraná, Região Sul, 82980-130, Brasil",1070406606,1,"flood (alagamento/enchente) - landslide excluded by category filter (SIAC 156 Assunto/Subdivisao is a distinct structured category, not free text)",siac156_curitiba_v1,"Ponto positivo administrativo geocodificado (mesmo criterio do v12 Recife). Nao e ground truth cartografico individual -- confianca strong = correspondencia de rua (geometria, nao numero exato); medium = fallback bairro-centroide.","Nao usar como escore, threshold ou variavel derivada do rotulo. Nao promover a 'validado'/'confirmado' sem revisao do REV-P."
Curitiba,1,CUR_SIAC156_43cae9de8d23d41b,-25.497987,-49.212359,27/02/2025,2025,Drenagem,Alagamentos,RUA SANTO ANÍBAL MARIA DI FRANCIA,UBERABA,strong,"Rua Santo Aníbal Maria Di Francia, Uberaba, Curitiba, Paraná, Região Sul, 81560-615, Brasil",125391986,1,"flood (alagamento/enchente) - landslide excluded by category filter (SIAC 156 Assunto/Subdivisao is a distinct structured category, not free text)",siac156_curitiba_v1,"Ponto positivo administrativo geocodificado (mesmo criterio do v12 Recife). Nao e ground truth cartografico individual -- confianca strong = correspondencia de rua (geometria, nao numero exato); medium = fallback bairro-centroide.","Nao usar como escore, threshold ou variavel derivada do rotulo. Nao promover a 'validado'/'confirmado' sem revisao do REV-P."
Curitiba,1,CUR_SIAC156_83161fae6e44a278,-25.4676644,-49.2295772,27/02/2025,2025,Drenagem,Alagamentos,Rua Marechal Cardoso Júnior,JARDIM DAS AMERICAS,strong,"Rua Marechal Cardoso Júnior, Jardim das Américas, Curitiba, Paraná, Região Sul, 81530-380, Brasil",125389809,1,"flood (alagamento/enchente) - landslide excluded by category filter (SIAC 156 Assunto/Subdivisao is a distinct structured category, not free text)",siac156_curitiba_v1,"Ponto positivo administrativo geocodificado (mesmo criterio do v12 Recife). Nao e ground truth cartografico individual -- confianca strong = correspondencia de rua (geometria, nao numero exato); medium = fallback bairro-centroide.","Nao usar como escore, threshold ou variavel derivada do rotulo. Nao promover a 'validado'/'confirmado' sem revisao do REV-P."
Curitiba,1,CUR_SIAC156_54c035899ccb4d07,-25.4947991,-49.2091403,06/03/2025,2025,Drenagem,Alagamentos,RUA ADÃO LAURO VARGAS,UBERABA,strong,"Rua Adão Lauro Vargas, Uberaba, Curitiba, Paraná, Região Sul, 81560-560, Brasil",125400586,1,"flood (alagamento/enchente) - landslide excluded by category filter (SIAC 156 Assunto/Subdivisao is a distinct structured category, not free text)",siac156_curitiba_v1,"Ponto positivo administrativo geocodificado (mesmo criterio do v12 Recife). Nao e ground truth cartografico individual -- confianca strong = correspondencia de rua (geometria, nao numero exato); medium = fallback bairro-centroide.","Nao usar como escore, threshold ou variavel derivada do rotulo. Nao promover a 'validado'/'confirmado' sem revisao do REV-P."
Curitiba,1,CUR_SIAC156_e32bb350091c268d,-25.4994302,-49.2166864,09/03/2025,2025,Drenagem,Alagamentos,RUA TENENTE CORONEL BENJAMIN LAGE,UBERABA,strong,"Rua Tenente Coronel Benjamin Lage, Uberaba, Curitiba, Paraná, Região Sul, 81580-420, Brasil",178213972,1,"flood (alagamento/enchente) - landslide excluded by category filter (SIAC 156 Assunto/Subdivisao is a distinct structured category, not free text)",siac156_curitiba_v1,"Ponto positivo administrativo geocodificado (mesmo criterio do v12 Recife). Nao e ground truth cartografico individual -- confianca strong = correspondencia de rua (geometria, nao numero exato); medium = fallback bairro-centroide.","Nao usar como escore, threshold ou variavel derivada do rotulo. Nao promover a 'validado'/'confirmado' sem revisao do REV-P."
Curitiba,1,CUR_SIAC156_0b0567e0a7cc4b96,-25.4553882,-49.1968766,18/03/2025,2025,Drenagem,Alagamentos,RUA ADY LOBO SOTTO MAIOR,CAJURU,strong,"Rua Ady Lobo Sotto Maior, Vila São Domingos Agrícola, Cajuru, Curitiba, Paraná, Região Sul, 82930-548, Brasil",390291912,1,"flood (alagamento/enchente) - landslide excluded by category filter (SIAC 156 Assunto/Subdivisao is a distinct structured category, not free text)",siac156_curitiba_v1,"Ponto positivo administrativo geocodificado (mesmo criterio do v12 Recife). Nao e ground truth cartografico individual -- confianca strong = correspondencia de rua (geometria, nao numero exato); medium = fallback bairro-centroide.","Nao usar como escore, threshold ou variavel derivada do rotulo. Nao promover a 'validado'/'confirmado' sem revisao do REV-P."
Curitiba,1,CUR_SIAC156_44f949bf4a065403,-25.4919259,-49.2252705,10/04/2025,2025,Drenagem,Alagamentos,RUA SILVIO DA MAIA MOREIRA,UBERABA,strong,"Rua Sílvio da Maia Moreira, Uberaba, Curitiba, Paraná, Região Sul, 81580-130, Brasil",125391123,1,"flood (alagamento/enchente) - landslide excluded by category filter (SIAC 156 Assunto/Subdivisao is a distinct structured category, not free text)",siac156_curitiba_v1,"Ponto positivo administrativo geocodificado (mesmo criterio do v12 Recife). Nao e ground truth cartografico individual -- confianca strong = correspondencia de rua (geometria, nao numero exato); medium = fallback bairro-centroide.","Nao usar como escore, threshold ou variavel derivada do rotulo. Nao promover a 'validado'/'confirmado' sem revisao do REV-P."
Curitiba,1,CUR_SIAC156_8e7641b65496d5c1,-25.4499704,-49.2256016,21/05/2025,2025,Drenagem,Alagamentos,Rua Reinaldo Issberner,CAJURU,strong,"Rua Reinaldo Issberner, Vila Cajuru II, Cajuru, Curitiba, Paraná, Região Sul, 81530-020, Brasil",397124775,1,"flood (alagamento/enchente) - landslide excluded by category filter (SIAC 156 Assunto/Subdivisao is a distinct structured category, not free text)",siac156_curitiba_v1,"Ponto positivo administrativo geocodificado (mesmo criterio do v12 Recife). Nao e ground truth cartografico individual -- confianca strong = correspondencia de rua (geometria, nao numero exato); medium = fallback bairro-centroide.","Nao usar como escore, threshold ou variavel derivada do rotulo. Nao promover a 'validado'/'confirmado' sem revisao do REV-P."
Curitiba,1,CUR_SIAC156_4fef98e62807c0fe,-25.4494462,-49.2012146,04/07/2025,2025,Drenagem,Alagamentos,Leonardo Gelinski,CAJURU,strong,"Rua Leonardo Gelinski, Vila Autódromo I, Cajuru, Curitiba, Paraná, Região Sul, 82930-240, Brasil",164761032,1,"flood (alagamento/enchente) - landslide excluded by category filter (SIAC 156 Assunto/Subdivisao is a distinct structured category, not free text)",siac156_curitiba_v1,"Ponto positivo administrativo geocodificado (mesmo criterio do v12 Recife). Nao e ground truth cartografico individual -- confianca strong = correspondencia de rua (geometria, nao numero exato); medium = fallback bairro-centroide.","Nao usar como escore, threshold ou variavel derivada do rotulo. Nao promover a 'validado'/'confirmado' sem revisao do REV-P."
Curitiba,1,CUR_SIAC156_079ae537bc99214f,-25.4458204,-49.2300127,15/08/2025,2025,Drenagem,Alagamentos,RUA SANTO AGOSTINHO,CAJURU,strong,"Rua Santo Agostinho, Cajuru, Curitiba, Paraná, Região Sul, 82900-310, Brasil",162470575,1,"flood (alagamento/enchente) - landslide excluded by category filter (SIAC 156 Assunto/Subdivisao is a distinct structured category, not free text)",siac156_curitiba_v1,"Ponto positivo administrativo geocodificado (mesmo criterio do v12 Recife). Nao e ground truth cartografico individual -- confianca strong = correspondencia de rua (geometria, nao numero exato); medium = fallback bairro-centroide.","Nao usar como escore, threshold ou variavel derivada do rotulo. Nao promover a 'validado'/'confirmado' sem revisao do REV-P."
Curitiba,1,CUR_SIAC156_8dc9a40ba77e0bb0,-25.5443334,-49.282933,24/01/2025,2025,Drenagem,Alagamentos,Rua Celeste Tortato Gabardo,SITIO CERCADO,strong,"Rua Celeste Tortato Gabardo, Vila Nova Aurora, Sítio Cercado, Curitiba, Paraná, Região Sul, 81900-440, Brasil",1226253026,1,"flood (alagamento/enchente) - landslide excluded by category filter (SIAC 156 Assunto/Subdivisao is a distinct structured category, not free text)",siac156_curitiba_v1,"Ponto positivo administrativo geocodificado (mesmo criterio do v12 Recife). Nao e ground truth cartografico individual -- confianca strong = correspondencia de rua (geometria, nao numero exato); medium = fallback bairro-centroide.","Nao usar como escore, threshold ou variavel derivada do rotulo. Nao promover a 'validado'/'confirmado' sem revisao do REV-P."
Curitiba,1,CUR_SIAC156_95fedcf48bf3d65e,-25.5505382,-49.2885574,28/01/2025,2025,Drenagem,Alagamentos,Profeta Elizeu,UMBARA,strong,"Rua Profeta Elizeu, Jardim Futurama, Umbará, Curitiba, Paraná, Região Sul, 81930-760, Brasil",164655548,1,"flood (alagamento/enchente) - landslide excluded by category filter (SIAC 156 Assunto/Subdivisao is a distinct structured category, not free text)",siac156_curitiba_v1,"Ponto positivo administrativo geocodificado (mesmo criterio do v12 Recife). Nao e ground truth cartografico individual -- confianca strong = correspondencia de rua (geometria, nao numero exato); medium = fallback bairro-centroide.","Nao usar como escore, threshold ou variavel derivada do rotulo. Nao promover a 'validado'/'confirmado' sem revisao do REV-P."
Curitiba,1,CUR_SIAC156_486d8c01d3aef3ac,-25.5505382,-49.2885574,29/01/2025,2025,Drenagem,Alagamentos,Profeta Elizeu,UMBARA,strong,"Rua Profeta Elizeu, Jardim Futurama, Umbará, Curitiba, Paraná, Região Sul, 81930-760, Brasil",164655548,1,"flood (alagamento/enchente) - landslide excluded by category filter (SIAC 156 Assunto/Subdivisao is a distinct structured category, not free text)",siac156_curitiba_v1,"Ponto positivo administrativo geocodificado (mesmo criterio do v12 Recife). Nao e ground truth cartografico individual -- confianca strong = correspondencia de rua (geometria, nao numero exato); medium = fallback bairro-centroide.","Nao usar como escore, threshold ou variavel derivada do rotulo. Nao promover a 'validado'/'confirmado' sem revisao do REV-P."
Curitiba,1,CUR_SIAC156_4237487fe942094b,-25.5466398,-49.2707692,30/01/2025,2025,Drenagem,Alagamentos,RUA PROFESSOR JOÃO POECK,SITIO CERCADO,strong,"Rua Professor João Poeck, Sítio Cercado, Curitiba, Paraná, Região Sul, 81925-189, Brasil",127268387,1,"flood (alagamento/enchente) - landslide excluded by category filter (SIAC 156 Assunto/Subdivisao is a distinct structured category, not free text)",siac156_curitiba_v1,"Ponto positivo administrativo geocodificado (mesmo criterio do v12 Recife). Nao e ground truth cartografico individual -- confianca strong = correspondencia de rua (geometria, nao numero exato); medium = fallback bairro-centroide.","Nao usar como escore, threshold ou variavel derivada do rotulo. Nao promover a 'validado'/'confirmado' sem revisao do REV-P."
Curitiba,1,CUR_SIAC156_7693a18a74af27ce,-25.5499763,-49.2496017,03/02/2025,2025,Drenagem,Alagamentos,Rua Doutor Carlos Franco Ferreira da Costa,SITIO CERCADO,strong,"Rua Doutor Carlos Franco Ferreira da Costa, Sítio Cercado, Curitiba, Paraná, Região Sul, 81935-446, Brasil",164975529,1,"flood (alagamento/enchente) - landslide excluded by category filter (SIAC 156 Assunto/Subdivisao is a distinct structured category, not free text)",siac156_curitiba_v1,"Ponto positivo administrativo geocodificado (mesmo criterio do v12 Recife). Nao e ground truth cartografico individual -- confianca strong = correspondencia de rua (geometria, nao numero exato); medium = fallback bairro-centroide.","Nao usar como escore, threshold ou variavel derivada do rotulo. Nao promover a 'validado'/'confirmado' sem revisao do REV-P."
Curitiba,1,CUR_SIAC156_d6e47f2f59ca5d63,-25.5405716,-49.2577,13/02/2025,2025,Drenagem,Alagamentos,RUA OURIZONA,SITIO CERCADO,strong,"Rua Ourizona, Sítio Cercado, Curitiba, Paraná, Região Sul, 81920-090, Brasil",568800829,1,"flood (alagamento/enchente) - landslide excluded by category filter (SIAC 156 Assunto/Subdivisao is a distinct structured category, not free text)",siac156_curitiba_v1,"Ponto positivo administrativo geocodificado (mesmo criterio do v12 Recife). Nao e ground truth cartografico individual -- confianca strong = correspondencia de rua (geometria, nao numero exato); medium = fallback bairro-centroide.","Nao usar como escore, threshold ou variavel derivada do rotulo. Nao promover a 'validado'/'confirmado' sem revisao do REV-P."
Curitiba,1,CUR_SIAC156_28c04cd4c5f6506f,-25.5426473,-49.2861397,18/02/2025,2025,Drenagem,Alagamentos,RUA CAMBÉ,SITIO CERCADO,strong,"Rua Cambé, Sítio Cercado, Curitiba, Paraná, Região Sul, 81900-460, Brasil",377365640,1,"flood (alagamento/enchente) - landslide excluded by category filter (SIAC 156 Assunto/Subdivisao is a distinct structured category, not free text)",siac156_curitiba_v1,"Ponto positivo administrativo geocodificado (mesmo criterio do v12 Recife). Nao e ground truth cartografico individual -- confianca strong = correspondencia de rua (geometria, nao numero exato); medium = fallback bairro-centroide.","Nao usar como escore, threshold ou variavel derivada do rotulo. Nao promover a 'validado'/'confirmado' sem revisao do REV-P."
Curitiba,1,CUR_SIAC156_69a0ebdb30535488,-25.5369557,-49.2710548,07/04/2025,2025,Drenagem,Alagamentos,RUA AGUDOS DO SUL,SITIO CERCADO,strong,"Rua Agudos do Sul, Sítio Cercado, Curitiba, Paraná, Região Sul, 81900-540, Brasil",106846798,1,"flood (alagamento/enchente) - landslide excluded by category filter (SIAC 156 Assunto/Subdivisao is a distinct structured category, not free text)",siac156_curitiba_v1,"Ponto positivo administrativo geocodificado (mesmo criterio do v12 Recife). Nao e ground truth cartografico individual -- confianca strong = correspondencia de rua (geometria, nao numero exato); medium = fallback bairro-centroide.","Nao usar como escore, threshold ou variavel derivada do rotulo. Nao promover a 'validado'/'confirmado' sem revisao do REV-P."
Curitiba,1,CUR_SIAC156_2c7b0c134e3dd803,-25.5528432,-49.2462192,13/04/2025,2025,Drenagem,Alagamentos,Rua Deputado Sinval Martins Araújo,GANCHINHO,strong,"Rua Deputado Sinval Martins Araújo, Vila Moradias 23 de Agosto I, Ganchinho, Curitiba, Paraná, Região Sul, 81935-446, Brasil",164975524,2,"flood (alagamento/enchente) - landslide excluded by category filter (SIAC 156 Assunto/Subdivisao is a distinct structured category, not free text)",siac156_curitiba_v1,"Ponto positivo administrativo geocodificado (mesmo criterio do v12 Recife). Nao e ground truth cartografico individual -- confianca strong = correspondencia de rua (geometria, nao numero exato); medium = fallback bairro-centroide.","Nao usar como escore, threshold ou variavel derivada do rotulo. Nao promover a 'validado'/'confirmado' sem revisao do REV-P."
Curitiba,1,CUR_SIAC156_e71081063b0eee21,-25.5528432,-49.2462192,13/04/2025,2025,Drenagem,Alagamentos,RUA DEPUTADO SINVAL MARTINS ARAÚJO,GANCHINHO,strong,"Rua Deputado Sinval Martins Araújo, Vila Moradias 23 de Agosto I, Ganchinho, Curitiba, Paraná, Região Sul, 81935-446, Brasil",164975524,2,"flood (alagamento/enchente) - landslide excluded by category filter (SIAC 156 Assunto/Subdivisao is a distinct structured category, not free text)",siac156_curitiba_v1,"Ponto positivo administrativo geocodificado (mesmo criterio do v12 Recife). Nao e ground truth cartografico individual -- confianca strong = correspondencia de rua (geometria, nao numero exato); medium = fallback bairro-centroide.","Nao usar como escore, threshold ou variavel derivada do rotulo. Nao promover a 'validado'/'confirmado' sem revisao do REV-P."
Curitiba,1,CUR_SIAC156_b8fd99500426d525,-25.5317065,-49.2754702,31/07/2025,2025,Drenagem,Alagamentos,RUA FRANCISCO CLAUDINO FERREIRA,SITIO CERCADO,strong,"Rua Francisco Claudino Pereira, Sítio Cercado, Curitiba, Paraná, Região Sul, 81900-050, Brasil",700234220,1,"flood (alagamento/enchente) - landslide excluded by category filter (SIAC 156 Assunto/Subdivisao is a distinct structured category, not free text)",siac156_curitiba_v1,"Ponto positivo administrativo geocodificado (mesmo criterio do v12 Recife). Nao e ground truth cartografico individual -- confianca strong = correspondencia de rua (geometria, nao numero exato); medium = fallback bairro-centroide.","Nao usar como escore, threshold ou variavel derivada do rotulo. Nao promover a 'validado'/'confirmado' sem revisao do REV-P."
Curitiba,1,CUR_SIAC156_28833d32a8344c5f,-25.5455425,-49.2547513,20/08/2025,2025,Drenagem,Alagamentos,RUA PROFESSOR MILTON VIANNA,SITIO CERCADO,strong,"Rua Professor Milton Vianna, Sítio Cercado, Curitiba, Paraná, Região Sul, 81920-500, Brasil",127255762,1,"flood (alagamento/enchente) - landslide excluded by category filter (SIAC 156 Assunto/Subdivisao is a distinct structured category, not free text)",siac156_curitiba_v1,"Ponto positivo administrativo geocodificado (mesmo criterio do v12 Recife). Nao e ground truth cartografico individual -- confianca strong = correspondencia de rua (geometria, nao numero exato); medium = fallback bairro-centroide.","Nao usar como escore, threshold ou variavel derivada do rotulo. Nao promover a 'validado'/'confirmado' sem revisao do REV-P."
Curitiba,1,CUR_SIAC156_2d1cd407f6051bda,-25.5395805,-49.258025,27/08/2025,2025,Drenagem,Alagamentos,RUA SANT ANA DO ITARARÉ,SITIO CERCADO,strong,"Rua Sant'Ana do Itararé, Sítio Cercado, Curitiba, Paraná, Região Sul, 81920-090, Brasil",161228944,1,"flood (alagamento/enchente) - landslide excluded by category filter (SIAC 156 Assunto/Subdivisao is a distinct structured category, not free text)",siac156_curitiba_v1,"Ponto positivo administrativo geocodificado (mesmo criterio do v12 Recife). Nao e ground truth cartografico individual -- confianca strong = correspondencia de rua (geometria, nao numero exato); medium = fallback bairro-centroide.","Nao usar como escore, threshold ou variavel derivada do rotulo. Nao promover a 'validado'/'confirmado' sem revisao do REV-P."
Curitiba,1,CUR_SIAC156_d2f01e614dfcab47,-25.5452287,-49.2517851,29/09/2025,2025,Drenagem,Alagamentos,Antônio Schwartz,SITIO CERCADO,strong,"Rua Antônio Schwartz, Sítio Cercado, Curitiba, Paraná, Região Sul, 81920-430, Brasil",1467098457,1,"flood (alagamento/enchente) - landslide excluded by category filter (SIAC 156 Assunto/Subdivisao is a distinct structured category, not free text)",siac156_curitiba_v1,"Ponto positivo administrativo geocodificado (mesmo criterio do v12 Recife). Nao e ground truth cartografico individual -- confianca strong = correspondencia de rua (geometria, nao numero exato); medium = fallback bairro-centroide.","Nao usar como escore, threshold ou variavel derivada do rotulo. Nao promover a 'validado'/'confirmado' sem revisao do REV-P."
Curitiba,1,CUR_SIAC156_befcf4e9f4d36609,-25.5776693,-49.3035336,27/10/2025,2025,Drenagem,Alagamentos,Rua Vereador Ângelo Burbello,UMBARA,strong,"Rua Vereador Ângelo Burbello, Umbará, Curitiba, Paraná, Região Sul, 81070-410, Brasil",630088273,1,"flood (alagamento/enchente) - landslide excluded by category filter (SIAC 156 Assunto/Subdivisao is a distinct structured category, not free text)",siac156_curitiba_v1,"Ponto positivo administrativo geocodificado (mesmo criterio do v12 Recife). Nao e ground truth cartografico individual -- confianca strong = correspondencia de rua (geometria, nao numero exato); medium = fallback bairro-centroide.","Nao usar como escore, threshold ou variavel derivada do rotulo. Nao promover a 'validado'/'confirmado' sem revisao do REV-P."
Curitiba,1,CUR_SIAC156_da977384e4bcf85a,-25.4298975,-49.2996695,24/01/2025,2025,Drenagem,Alagamentos,Rua Frederico Cantarelli,BIGORRILHO,strong,"Rua Frederico Cantarelli, Bigorrilho, Curitiba, Paraná, Região Sul, 80730-001, Brasil",29548992,1,"flood (alagamento/enchente) - landslide excluded by category filter (SIAC 156 Assunto/Subdivisao is a distinct structured category, not free text)",siac156_curitiba_v1,"Ponto positivo administrativo geocodificado (mesmo criterio do v12 Recife). Nao e ground truth cartografico individual -- confianca strong = correspondencia de rua (geometria, nao numero exato); medium = fallback bairro-centroide.","Nao usar como escore, threshold ou variavel derivada do rotulo. Nao promover a 'validado'/'confirmado' sem revisao do REV-P."
Curitiba,1,CUR_SIAC156_ebc3019d7f5858a8,-25.4355114,-49.2389133,28/01/2025,2025,Drenagem,Alagamentos,Oyapock,CRISTO REI,strong,"Rua Oyapock, Cristo Rei, Curitiba, Paraná, Região Sul, 80050-450, Brasil",1107163508,1,"flood (alagamento/enchente) - landslide excluded by category filter (SIAC 156 Assunto/Subdivisao is a distinct structured category, not free text)",siac156_curitiba_v1,"Ponto positivo administrativo geocodificado (mesmo criterio do v12 Recife). Nao e ground truth cartografico individual -- confianca strong = correspondencia de rua (geometria, nao numero exato); medium = fallback bairro-centroide.","Nao usar como escore, threshold ou variavel derivada do rotulo. Nao promover a 'validado'/'confirmado' sem revisao do REV-P."
Curitiba,1,CUR_SIAC156_a714afde0ae9acc8,-25.4162431,-49.2465512,28/01/2025,2025,Drenagem,Alagamentos,RUA CAMÕES,HUGO LANGE,strong,"Rua Camões, Hugo Lange, Curitiba, Paraná, Região Sul, 80040-345, Brasil",44026585,1,"flood (alagamento/enchente) - landslide excluded by category filter (SIAC 156 Assunto/Subdivisao is a distinct structured category, not free text)",siac156_curitiba_v1,"Ponto positivo administrativo geocodificado (mesmo criterio do v12 Recife). Nao e ground truth cartografico individual -- confianca strong = correspondencia de rua (geometria, nao numero exato); medium = fallback bairro-centroide.","Nao usar como escore, threshold ou variavel derivada do rotulo. Nao promover a 'validado'/'confirmado' sem revisao do REV-P."
Curitiba,1,CUR_SIAC156_efde6483325a5c0e,-25.4245897,-49.2456388,18/02/2025,2025,Drenagem,Alagamentos,Rua Professor Brandão,ALTO DA RUA XV,strong,"Rua Professor Brandão, Alto da Rua XV, Curitiba, Paraná, Região Sul, 80045-390, Brasil",292464182,1,"flood (alagamento/enchente) - landslide excluded by category filter (SIAC 156 Assunto/Subdivisao is a distinct structured category, not free text)",siac156_curitiba_v1,"Ponto positivo administrativo geocodificado (mesmo criterio do v12 Recife). Nao e ground truth cartografico individual -- confianca strong = correspondencia de rua (geometria, nao numero exato); medium = fallback bairro-centroide.","Nao usar como escore, threshold ou variavel derivada do rotulo. Nao promover a 'validado'/'confirmado' sem revisao do REV-P."
Curitiba,1,CUR_SIAC156_945c585c42eebf84,-25.4064874,-49.2542542,18/02/2025,2025,Drenagem,Alagamentos,RUA CHICHORRO JÚNIOR,CABRAL,strong,"Rua Chichorro Júnior, Cabral, Curitiba, Paraná, Região Sul, 80035-130, Brasil",127191503,1,"flood (alagamento/enchente) - landslide excluded by category filter (SIAC 156 Assunto/Subdivisao is a distinct structured category, not free text)",siac156_curitiba_v1,"Ponto positivo administrativo geocodificado (mesmo criterio do v12 Recife). Nao e ground truth cartografico individual -- confianca strong = correspondencia de rua (geometria, nao numero exato); medium = fallback bairro-centroide.","Nao usar como escore, threshold ou variavel derivada do rotulo. Nao promover a 'validado'/'confirmado' sem revisao do REV-P."
Curitiba,1,CUR_SIAC156_5de85250b85d972e,-25.4308426,-49.2467746,18/02/2025,2025,Drenagem,Alagamentos,Fernandes de Barros,CRISTO REI,strong,"Rua Fernandes de Barros, Cristo Rei, Curitiba, Paraná, Região Sul, 80050-152, Brasil",261419224,1,"flood (alagamento/enchente) - landslide excluded by category filter (SIAC 156 Assunto/Subdivisao is a distinct structured category, not free text)",siac156_curitiba_v1,"Ponto positivo administrativo geocodificado (mesmo criterio do v12 Recife). Nao e ground truth cartografico individual -- confianca strong = correspondencia de rua (geometria, nao numero exato); medium = fallback bairro-centroide.","Nao usar como escore, threshold ou variavel derivada do rotulo. Nao promover a 'validado'/'confirmado' sem revisao do REV-P."
Curitiba,1,CUR_SIAC156_92d92f81334db02b,-25.4136595,-49.27655,26/02/2025,2025,Drenagem,Alagamentos,Henrique Itiberê da Cunha,BOM RETIRO,strong,"Rua Henrique Itiberê da Cunha, Bom Retiro, Curitiba, Paraná, Região Sul, 80520-176, Brasil",32943949,2,"flood (alagamento/enchente) - landslide excluded by category filter (SIAC 156 Assunto/Subdivisao is a distinct structured category, not free text)",siac156_curitiba_v1,"Ponto positivo administrativo geocodificado (mesmo criterio do v12 Recife). Nao e ground truth cartografico individual -- confianca strong = correspondencia de rua (geometria, nao numero exato); medium = fallback bairro-centroide.","Nao usar como escore, threshold ou variavel derivada do rotulo. Nao promover a 'validado'/'confirmado' sem revisao do REV-P."
Curitiba,1,CUR_SIAC156_92d92f81334db02b,-25.4136595,-49.27655,26/02/2025,2025,Drenagem,Alagamentos,Henrique Itiberê da Cunha,BOM RETIRO,strong,"Rua Henrique Itiberê da Cunha, Bom Retiro, Curitiba, Paraná, Região Sul, 80520-176, Brasil",32943949,2,"flood (alagamento/enchente) - landslide excluded by category filter (SIAC 156 Assunto/Subdivisao is a distinct structured category, not free text)",siac156_curitiba_v1,"Ponto positivo administrativo geocodificado (mesmo criterio do v12 Recife). Nao e ground truth cartografico individual -- confianca strong = correspondencia de rua (geometria, nao numero exato); medium = fallback bairro-centroide.","Nao usar como escore, threshold ou variavel derivada do rotulo. Nao promover a 'validado'/'confirmado' sem revisao do REV-P."
Curitiba,1,CUR_SIAC156_3524c9800f0cddb2,-25.4005201,-49.2492124,24/03/2025,2025,Drenagem,Alagamentos,Coronel Amazonas Marcondes,CABRAL,strong,"Rua Coronel Amazonas Marcondes, Cabral, Curitiba, Paraná, Região Sul, 82540-040, Brasil",122317942,1,"flood (alagamento/enchente) - landslide excluded by category filter (SIAC 156 Assunto/Subdivisao is a distinct structured category, not free text)",siac156_curitiba_v1,"Ponto positivo administrativo geocodificado (mesmo criterio do v12 Recife). Nao e ground truth cartografico individual -- confianca strong = correspondencia de rua (geometria, nao numero exato); medium = fallback bairro-centroide.","Nao usar como escore, threshold ou variavel derivada do rotulo. Nao promover a 'validado'/'confirmado' sem revisao do REV-P."
Curitiba,1,CUR_SIAC156_6eb8d38b76c22192,-25.4309065,-49.3048362,08/04/2025,2025,Drenagem,Alagamentos,RUA LÚCIO RASERA,BIGORRILHO,strong,"Rua Lúcio Rasera, Bigorrilho, Curitiba, Paraná, Região Sul, 80710-390, Brasil",29548969,1,"flood (alagamento/enchente) - landslide excluded by category filter (SIAC 156 Assunto/Subdivisao is a distinct structured category, not free text)",siac156_curitiba_v1,"Ponto positivo administrativo geocodificado (mesmo criterio do v12 Recife). Nao e ground truth cartografico individual -- confianca strong = correspondencia de rua (geometria, nao numero exato); medium = fallback bairro-centroide.","Nao usar como escore, threshold ou variavel derivada do rotulo. Nao promover a 'validado'/'confirmado' sem revisao do REV-P."
Curitiba,1,CUR_SIAC156_31fe36b2eceb2259,-25.4104581,-49.2515578,04/06/2025,2025,Drenagem,Alagamentos,RUA DOUTOR MANOEL PEDRO,CABRAL,strong,"Rua Doutor Manoel Pedro, Cabral, Curitiba, Paraná, Região Sul, 80035-049, Brasil",295105528,1,"flood (alagamento/enchente) - landslide excluded by category filter (SIAC 156 Assunto/Subdivisao is a distinct structured category, not free text)",siac156_curitiba_v1,"Ponto positivo administrativo geocodificado (mesmo criterio do v12 Recife). Nao e ground truth cartografico individual -- confianca strong = correspondencia de rua (geometria, nao numero exato); medium = fallback bairro-centroide.","Nao usar como escore, threshold ou variavel derivada do rotulo. Nao promover a 'validado'/'confirmado' sem revisao do REV-P."
Curitiba,1,CUR_SIAC156_292a101c5eaf2f9c,-25.4008,-49.2643669,09/06/2025,2025,Drenagem,Alagamentos,LARGO ERASMO DE ROTTERDAM,AHU,medium,"Largo Erasmo de Rotterdam, 1285, Ahú, Curitiba, Paraná, Região Sul, Brasil",420862368,1,"flood (alagamento/enchente) - landslide excluded by category filter (SIAC 156 Assunto/Subdivisao is a distinct structured category, not free text)",siac156_curitiba_v1,"Ponto positivo administrativo geocodificado (mesmo criterio do v12 Recife). Nao e ground truth cartografico individual -- confianca strong = correspondencia de rua (geometria, nao numero exato); medium = fallback bairro-centroide.","Nao usar como escore, threshold ou variavel derivada do rotulo. Nao promover a 'validado'/'confirmado' sem revisao do REV-P."
Curitiba,1,CUR_SIAC156_55f8b2172607745b,-25.497263,-49.2034052,22/01/2025,2025,Proteção ao cidadão - GM,"Enchentes, inundações ou alagamentos",RUA MANOELA STIER REISS,UBERABA,strong,"Rua Manoela Stier Reiss, Vila Jardim Icaray, Uberaba, Curitiba, Paraná, Região Sul, 81560-615, Brasil",125624723,2,"flood (alagamento/enchente) - landslide excluded by category filter (SIAC 156 Assunto/Subdivisao is a distinct structured category, not free text)",siac156_curitiba_v1,"Ponto positivo administrativo geocodificado (mesmo criterio do v12 Recife). Nao e ground truth cartografico individual -- confianca strong = correspondencia de rua (geometria, nao numero exato); medium = fallback bairro-centroide.","Nao usar como escore, threshold ou variavel derivada do rotulo. Nao promover a 'validado'/'confirmado' sem revisao do REV-P."
Curitiba,1,CUR_SIAC156_798c4e1fbbb709e0,-25.3747273,-49.2701539,26/01/2025,2025,Proteção ao cidadão - GM,"Enchentes, inundações ou alagamentos",Rua Sofia Dubiella,ABRANCHES,strong,"Rua Sofia Dubiella, Abranches, Curitiba, Paraná, Região Sul, 82220-330, Brasil",162043596,1,"flood (alagamento/enchente) - landslide excluded by category filter (SIAC 156 Assunto/Subdivisao is a distinct structured category, not free text)",siac156_curitiba_v1,"Ponto positivo administrativo geocodificado (mesmo criterio do v12 Recife). Nao e ground truth cartografico individual -- confianca strong = correspondencia de rua (geometria, nao numero exato); medium = fallback bairro-centroide.","Nao usar como escore, threshold ou variavel derivada do rotulo. Nao promover a 'validado'/'confirmado' sem revisao do REV-P."
Curitiba,1,CUR_SIAC156_a1cef93907ea7305,-25.4600682,-49.195316,28/01/2025,2025,Proteção ao cidadão - GM,"Enchentes, inundações ou alagamentos",Rua Laurentino Rosa Dos Santos,CAJURU,strong,"Rua Laurentino Rosa dos Santos, Vila São Domingos Agrícola, Cajuru, Curitiba, Paraná, Região Sul, 82930-548, Brasil",164655128,1,"flood (alagamento/enchente) - landslide excluded by category filter (SIAC 156 Assunto/Subdivisao is a distinct structured category, not free text)",siac156_curitiba_v1,"Ponto positivo administrativo geocodificado (mesmo criterio do v12 Recife). Nao e ground truth cartografico individual -- confianca strong = correspondencia de rua (geometria, nao numero exato); medium = fallback bairro-centroide.","Nao usar como escore, threshold ou variavel derivada do rotulo. Nao promover a 'validado'/'confirmado' sem revisao do REV-P."
Curitiba,1,CUR_SIAC156_5284a0f4b173c864,-25.4686433,-49.1895979,28/01/2025,2025,Proteção ao cidadão - GM,"Enchentes, inundações ou alagamentos",RUA MARIA BARCHIKI CHINASSO,CAJURU,strong,"Rua Maria Barchiki Chinasso, Vila Acrópole Agrícola, Cajuru, Curitiba, Paraná, Região Sul, 82980-100, Brasil",398543315,1,"flood (alagamento/enchente) - landslide excluded by category filter (SIAC 156 Assunto/Subdivisao is a distinct structured category, not free text)",siac156_curitiba_v1,"Ponto positivo administrativo geocodificado (mesmo criterio do v12 Recife). Nao e ground truth cartografico individual -- confianca strong = correspondencia de rua (geometria, nao numero exato); medium = fallback bairro-centroide.","Nao usar como escore, threshold ou variavel derivada do rotulo. Nao promover a 'validado'/'confirmado' sem revisao do REV-P."
Curitiba,1,CUR_SIAC156_7f09197eddb15aa2,-25.4612817,-49.1977099,28/01/2025,2025,Proteção ao cidadão - GM,"Enchentes, inundações ou alagamentos",RUA DOUTOR JOÃO LUIZ BETTEGA,CAJURU,strong,"Rua Doutor João Luiz Bettega, Vila São Domingos Agrícola, Cajuru, Curitiba, Paraná, Região Sul, 82930-548, Brasil",917373244,1,"flood (alagamento/enchente) - landslide excluded by category filter (SIAC 156 Assunto/Subdivisao is a distinct structured category, not free text)",siac156_curitiba_v1,"Ponto positivo administrativo geocodificado (mesmo criterio do v12 Recife). Nao e ground truth cartografico individual -- confianca strong = correspondencia de rua (geometria, nao numero exato); medium = fallback bairro-centroide.","Nao usar como escore, threshold ou variavel derivada do rotulo. Nao promover a 'validado'/'confirmado' sem revisao do REV-P."
Curitiba,1,CUR_SIAC156_3f47d0fd24d9ea46,-25.4211231,-49.2368978,28/01/2025,2025,Proteção ao cidadão - GM,"Enchentes, inundações ou alagamentos",Rua Justiniano de Melo Silva,JARDIM SOCIAL,strong,"Rua Justiniano de Melo Silva, Jardim Social, Curitiba, Paraná, Região Sul, 82520-020, Brasil",29251601,1,"flood (alagamento/enchente) - landslide excluded by category filter (SIAC 156 Assunto/Subdivisao is a distinct structured category, not free text)",siac156_curitiba_v1,"Ponto positivo administrativo geocodificado (mesmo criterio do v12 Recife). Nao e ground truth cartografico individual -- confianca strong = correspondencia de rua (geometria, nao numero exato); medium = fallback bairro-centroide.","Nao usar como escore, threshold ou variavel derivada do rotulo. Nao promover a 'validado'/'confirmado' sem revisao do REV-P."
Curitiba,1,CUR_SIAC156_02465aaf4e5b47c1,-25.497993,-49.334522,31/01/2025,2025,Proteção ao cidadão - GM,"Enchentes, inundações ou alagamentos",Rua Douglas Victor Novitzki,CIDADE INDUSTRIAL,medium,"Cidade Industrial de Curitiba, Curitiba, Paraná, Região Sul, 81350-260, Brasil",3012156952,1,"flood (alagamento/enchente) - landslide excluded by category filter (SIAC 156 Assunto/Subdivisao is a distinct structured category, not free text)",siac156_curitiba_v1,"Ponto positivo administrativo geocodificado (mesmo criterio do v12 Recife). Nao e ground truth cartografico individual -- confianca strong = correspondencia de rua (geometria, nao numero exato); medium = fallback bairro-centroide.","Nao usar como escore, threshold ou variavel derivada do rotulo. Nao promover a 'validado'/'confirmado' sem revisao do REV-P."
Curitiba,1,CUR_SIAC156_de0fad399243375d,-25.4382745,-49.2063568,31/01/2025,2025,Proteção ao cidadão - GM,"Enchentes, inundações ou alagamentos",RUA BENEDITO FRANCA,CAPAO DA IMBUIA,strong,"Rua Benedito França, Capão da Imbuia, Curitiba, Paraná, Região Sul, 82810-460, Brasil",105586587,1,"flood (alagamento/enchente) - landslide excluded by category filter (SIAC 156 Assunto/Subdivisao is a distinct structured category, not free text)",siac156_curitiba_v1,"Ponto positivo administrativo geocodificado (mesmo criterio do v12 Recife). Nao e ground truth cartografico individual -- confianca strong = correspondencia de rua (geometria, nao numero exato); medium = fallback bairro-centroide.","Nao usar como escore, threshold ou variavel derivada do rotulo. Nao promover a 'validado'/'confirmado' sem revisao do REV-P."
Curitiba,1,CUR_SIAC156_b71d969cf9c85aa2,-25.5008748,-49.2678646,03/02/2025,2025,Proteção ao cidadão - GM,"Enchentes, inundações ou alagamentos",RUA ABRÃO WINTER,XAXIM,medium,"Xaxim, Curitiba, Paraná, Região Sul, 81710-210, Brasil",3012156958,1,"flood (alagamento/enchente) - landslide excluded by category filter (SIAC 156 Assunto/Subdivisao is a distinct structured category, not free text)",siac156_curitiba_v1,"Ponto positivo administrativo geocodificado (mesmo criterio do v12 Recife). Nao e ground truth cartografico individual -- confianca strong = correspondencia de rua (geometria, nao numero exato); medium = fallback bairro-centroide.","Nao usar como escore, threshold ou variavel derivada do rotulo. Nao promover a 'validado'/'confirmado' sem revisao do REV-P."
Curitiba,1,CUR_SIAC156_945c585c42eebf84,-25.4064874,-49.2542542,18/02/2025,2025,Proteção ao cidadão - GM,"Enchentes, inundações ou alagamentos",RUA CHICHORRO JÚNIOR,CABRAL,strong,"Rua Chichorro Júnior, Cabral, Curitiba, Paraná, Região Sul, 80035-130, Brasil",127191503,1,"flood (alagamento/enchente) - landslide excluded by category filter (SIAC 156 Assunto/Subdivisao is a distinct structured category, not free text)",siac156_curitiba_v1,"Ponto positivo administrativo geocodificado (mesmo criterio do v12 Recife). Nao e ground truth cartografico individual -- confianca strong = correspondencia de rua (geometria, nao numero exato); medium = fallback bairro-centroide.","Nao usar como escore, threshold ou variavel derivada do rotulo. Nao promover a 'validado'/'confirmado' sem revisao do REV-P."
Curitiba,1,CUR_SIAC156_1994e4df01e8cee7,-25.4745155,-49.2481255,18/02/2025,2025,Proteção ao cidadão - GM,"Enchentes, inundações ou alagamentos",RUA BOM JESUS DE IGUAPE,HAUER,strong,"Rua Bom Jesus de Iguape, Hauer, Curitiba, Paraná, Região Sul, 81610-150, Brasil",1262797940,2,"flood (alagamento/enchente) - landslide excluded by category filter (SIAC 156 Assunto/Subdivisao is a distinct structured category, not free text)",siac156_curitiba_v1,"Ponto positivo administrativo geocodificado (mesmo criterio do v12 Recife). Nao e ground truth cartografico individual -- confianca strong = correspondencia de rua (geometria, nao numero exato); medium = fallback bairro-centroide.","Nao usar como escore, threshold ou variavel derivada do rotulo. Nao promover a 'validado'/'confirmado' sem revisao do REV-P."
Curitiba,1,CUR_SIAC156_ae94311cbdbc04d7,-25.482083,-49.3032923,18/02/2025,2025,Proteção ao cidadão - GM,"Enchentes, inundações ou alagamentos",RUA BALDUR MAGNUS GRUBBA,NOVO MUNDO,strong,"Rua Baldur Magnus Grubba, Vila Uberlândia, Novo Mundo, Curitiba, Paraná, Região Sul, 81070-110, Brasil",42803381,2,"flood (alagamento/enchente) - landslide excluded by category filter (SIAC 156 Assunto/Subdivisao is a distinct structured category, not free text)",siac156_curitiba_v1,"Ponto positivo administrativo geocodificado (mesmo criterio do v12 Recife). Nao e ground truth cartografico individual -- confianca strong = correspondencia de rua (geometria, nao numero exato); medium = fallback bairro-centroide.","Nao usar como escore, threshold ou variavel derivada do rotulo. Nao promover a 'validado'/'confirmado' sem revisao do REV-P."
Curitiba,1,CUR_SIAC156_e5f8ce4a8817c78b,-25.4453314,-49.3120892,18/02/2025,2025,Proteção ao cidadão - GM,"Enchentes, inundações ou alagamentos",RUA WATERLOO MARCHESINI,SEMINARIO,strong,"Rua Waterloo Marchesini, Seminário, Curitiba, Paraná, Região Sul, 80310-100, Brasil",157457229,1,"flood (alagamento/enchente) - landslide excluded by category filter (SIAC 156 Assunto/Subdivisao is a distinct structured category, not free text)",siac156_curitiba_v1,"Ponto positivo administrativo geocodificado (mesmo criterio do v12 Recife). Nao e ground truth cartografico individual -- confianca strong = correspondencia de rua (geometria, nao numero exato); medium = fallback bairro-centroide.","Nao usar como escore, threshold ou variavel derivada do rotulo. Nao promover a 'validado'/'confirmado' sem revisao do REV-P."
Curitiba,1,CUR_SIAC156_f4226e96159d4baf,-25.4745155,-49.2481255,18/02/2025,2025,Proteção ao cidadão - GM,"Enchentes, inundações ou alagamentos",Rua Bom Jesus de Iguape,HAUER,strong,"Rua Bom Jesus de Iguape, Hauer, Curitiba, Paraná, Região Sul, 81610-150, Brasil",1262797940,2,"flood (alagamento/enchente) - landslide excluded by category filter (SIAC 156 Assunto/Subdivisao is a distinct structured category, not free text)",siac156_curitiba_v1,"Ponto positivo administrativo geocodificado (mesmo criterio do v12 Recife). Nao e ground truth cartografico individual -- confianca strong = correspondencia de rua (geometria, nao numero exato); medium = fallback bairro-centroide.","Nao usar como escore, threshold ou variavel derivada do rotulo. Nao promover a 'validado'/'confirmado' sem revisao do REV-P."
Curitiba,1,CUR_SIAC156_4e87ea6fe19ca488,-25.4869771,-49.2377774,27/02/2025,2025,Proteção ao cidadão - GM,"Enchentes, inundações ou alagamentos",RUA DAS CARMELITAS,BOQUEIRAO,strong,"Rua das Carmelitas, Boqueirão, Curitiba, Paraná, Região Sul, 81650-110, Brasil",85573756,1,"flood (alagamento/enchente) - landslide excluded by category filter (SIAC 156 Assunto/Subdivisao is a distinct structured category, not free text)",siac156_curitiba_v1,"Ponto positivo administrativo geocodificado (mesmo criterio do v12 Recife). Nao e ground truth cartografico individual -- confianca strong = correspondencia de rua (geometria, nao numero exato); medium = fallback bairro-centroide.","Nao usar como escore, threshold ou variavel derivada do rotulo. Nao promover a 'validado'/'confirmado' sem revisao do REV-P."
Curitiba,1,CUR_SIAC156_8d858e114663f6ac,-25.5079903,-49.2271863,27/02/2025,2025,Proteção ao cidadão - GM,"Enchentes, inundações ou alagamentos",RUA DESEMBARGADOR ANTÔNIO DE PAULA,BOQUEIRAO,strong,"Rua Desembargador Antônio de Paula, Boqueirão, Curitiba, Paraná, Região Sul, 81730-360, Brasil",70629101,1,"flood (alagamento/enchente) - landslide excluded by category filter (SIAC 156 Assunto/Subdivisao is a distinct structured category, not free text)",siac156_curitiba_v1,"Ponto positivo administrativo geocodificado (mesmo criterio do v12 Recife). Nao e ground truth cartografico individual -- confianca strong = correspondencia de rua (geometria, nao numero exato); medium = fallback bairro-centroide.","Nao usar como escore, threshold ou variavel derivada do rotulo. Nao promover a 'validado'/'confirmado' sem revisao do REV-P."
Curitiba,1,CUR_SIAC156_b7f6f9386d1c4cf3,-25.5006408,-49.2296913,27/02/2025,2025,Proteção ao cidadão - GM,"Enchentes, inundações ou alagamentos",RUA CARLOS ESSENFELDER,BOQUEIRAO,strong,"Rua Carlos Essenfelder, Boqueirão, Curitiba, Paraná, Região Sul, 81730-070, Brasil",60160977,1,"flood (alagamento/enchente) - landslide excluded by category filter (SIAC 156 Assunto/Subdivisao is a distinct structured category, not free text)",siac156_curitiba_v1,"Ponto positivo administrativo geocodificado (mesmo criterio do v12 Recife). Nao e ground truth cartografico individual -- confianca strong = correspondencia de rua (geometria, nao numero exato); medium = fallback bairro-centroide.","Nao usar como escore, threshold ou variavel derivada do rotulo. Nao promover a 'validado'/'confirmado' sem revisao do REV-P."
Curitiba,1,CUR_SIAC156_fb2588f9a5658eb7,-25.5077322,-49.2183521,27/02/2025,2025,Proteção ao cidadão - GM,"Enchentes, inundações ou alagamentos",Adão Picussa Netto,BOQUEIRAO,strong,"Rua Adão Picussa Netto, Boqueirão, Curitiba, Paraná, Região Sul, 81730-150, Brasil",85573749,1,"flood (alagamento/enchente) - landslide excluded by category filter (SIAC 156 Assunto/Subdivisao is a distinct structured category, not free text)",siac156_curitiba_v1,"Ponto positivo administrativo geocodificado (mesmo criterio do v12 Recife). Nao e ground truth cartografico individual -- confianca strong = correspondencia de rua (geometria, nao numero exato); medium = fallback bairro-centroide.","Nao usar como escore, threshold ou variavel derivada do rotulo. Nao promover a 'validado'/'confirmado' sem revisao do REV-P."
Curitiba,1,CUR_SIAC156_aca15138b83250fe,-25.4883666,-49.3416638,26/08/2025,2025,Proteção ao cidadão - GM,"Enchentes, inundações ou alagamentos",Rua Lins de Vasconcelos,CIDADE INDUSTRIAL,strong,"Rua Lins de Vasconcelos, Cidade Industrial de Curitiba, Curitiba, Paraná, Região Sul, 81250-460, Brasil",83059256,1,"flood (alagamento/enchente) - landslide excluded by category filter (SIAC 156 Assunto/Subdivisao is a distinct structured category, not free text)",siac156_curitiba_v1,"Ponto positivo administrativo geocodificado (mesmo criterio do v12 Recife). Nao e ground truth cartografico individual -- confianca strong = correspondencia de rua (geometria, nao numero exato); medium = fallback bairro-centroide.","Nao usar como escore, threshold ou variavel derivada do rotulo. Nao promover a 'validado'/'confirmado' sem revisao do REV-P."
Curitiba,1,CUR_SIAC156_0105010383137578,-25.3879479,-49.2517276,26/09/2025,2025,Proteção ao cidadão - GM,"Enchentes, inundações ou alagamentos",RUA BENVENUTO GUSSO,BOA VISTA,strong,"Rua Benvenuto Gusso, Boa Vista, Curitiba, Paraná, Região Sul, 82540-050, Brasil",35983195,1,"flood (alagamento/enchente) - landslide excluded by category filter (SIAC 156 Assunto/Subdivisao is a distinct structured category, not free text)",siac156_curitiba_v1,"Ponto positivo administrativo geocodificado (mesmo criterio do v12 Recife). Nao e ground truth cartografico individual -- confianca strong = correspondencia de rua (geometria, nao numero exato); medium = fallback bairro-centroide.","Nao usar como escore, threshold ou variavel derivada do rotulo. Nao promover a 'validado'/'confirmado' sem revisao do REV-P."
Curitiba,1,CUR_SIAC156_1ba7b2b713bcf498,-25.4775245,-49.2396133,03/11/2025,2025,Proteção ao cidadão - GM,"Enchentes, inundações ou alagamentos",Rua Guiroku Gastão Ayabe,UBERABA,strong,"Rua Gui Roku Gastão Ayabe, Uberaba, Curitiba, Paraná, Região Sul, 81510-640, Brasil",160108437,3,"flood (alagamento/enchente) - landslide excluded by category filter (SIAC 156 Assunto/Subdivisao is a distinct structured category, not free text)",siac156_curitiba_v1,"Ponto positivo administrativo geocodificado (mesmo criterio do v12 Recife). Nao e ground truth cartografico individual -- confianca strong = correspondencia de rua (geometria, nao numero exato); medium = fallback bairro-centroide.","Nao usar como escore, threshold ou variavel derivada do rotulo. Nao promover a 'validado'/'confirmado' sem revisao do REV-P."
Curitiba,1,CUR_SIAC156_c0ea5a3d45daee9f,-25.4775245,-49.2396133,03/11/2025,2025,Proteção ao cidadão - GM,"Enchentes, inundações ou alagamentos",RUA GUIROKU GASTÃO AYABE,UBERABA,strong,"Rua Gui Roku Gastão Ayabe, Uberaba, Curitiba, Paraná, Região Sul, 81510-640, Brasil",160108437,3,"flood (alagamento/enchente) - landslide excluded by category filter (SIAC 156 Assunto/Subdivisao is a distinct structured category, not free text)",siac156_curitiba_v1,"Ponto positivo administrativo geocodificado (mesmo criterio do v12 Recife). Nao e ground truth cartografico individual -- confianca strong = correspondencia de rua (geometria, nao numero exato); medium = fallback bairro-centroide.","Nao usar como escore, threshold ou variavel derivada do rotulo. Nao promover a 'validado'/'confirmado' sem revisao do REV-P."
Curitiba,1,CUR_SIAC156_1ba7b2b713bcf498,-25.4775245,-49.2396133,03/11/2025,2025,Proteção ao cidadão - GM,"Enchentes, inundações ou alagamentos",Rua Guiroku Gastão Ayabe,UBERABA,strong,"Rua Gui Roku Gastão Ayabe, Uberaba, Curitiba, Paraná, Região Sul, 81510-640, Brasil",160108437,3,"flood (alagamento/enchente) - landslide excluded by category filter (SIAC 156 Assunto/Subdivisao is a distinct structured category, not free text)",siac156_curitiba_v1,"Ponto positivo administrativo geocodificado (mesmo criterio do v12 Recife). Nao e ground truth cartografico individual -- confianca strong = correspondencia de rua (geometria, nao numero exato); medium = fallback bairro-centroide.","Nao usar como escore, threshold ou variavel derivada do rotulo. Nao promover a 'validado'/'confirmado' sem revisao do REV-P."
Curitiba,1,CUR_SIAC156_fa8ff59034481fbc,-25.4001938,-49.3562253,08/11/2025,2025,Proteção ao cidadão - GM,"Enchentes, inundações ou alagamentos",Rua Osvaldo Felippetto,BUTIATUVINHA,medium,"Butiatuvinha, Curitiba, Paraná, Região Sul, 82310-110, Brasil",3012346894,1,"flood (alagamento/enchente) - landslide excluded by category filter (SIAC 156 Assunto/Subdivisao is a distinct structured category, not free text)",siac156_curitiba_v1,"Ponto positivo administrativo geocodificado (mesmo criterio do v12 Recife). Nao e ground truth cartografico individual -- confianca strong = correspondencia de rua (geometria, nao numero exato); medium = fallback bairro-centroide.","Nao usar como escore, threshold ou variavel derivada do rotulo. Nao promover a 'validado'/'confirmado' sem revisao do REV-P."
Curitiba,1,CUR_SIAC156_5fe62d9a85dc58cf,-25.391533,-49.3391002,08/11/2025,2025,Proteção ao cidadão - GM,"Enchentes, inundações ou alagamentos",Rua Pedro Ferrari,BUTIATUVINHA,strong,"Rua Pedro Ferrari, Butiatuvinha, Curitiba, Paraná, Região Sul, 82400-070, Brasil",161496675,1,"flood (alagamento/enchente) - landslide excluded by category filter (SIAC 156 Assunto/Subdivisao is a distinct structured category, not free text)",siac156_curitiba_v1,"Ponto positivo administrativo geocodificado (mesmo criterio do v12 Recife). Nao e ground truth cartografico individual -- confianca strong = correspondencia de rua (geometria, nao numero exato); medium = fallback bairro-centroide.","Nao usar como escore, threshold ou variavel derivada do rotulo. Nao promover a 'validado'/'confirmado' sem revisao do REV-P."
Curitiba,1,CUR_SIAC156_065ecd2c8d9140ac,-25.395197,-49.3022381,01/12/2025,2025,Proteção ao cidadão - GM,"Enchentes, inundações ou alagamentos",RUA SOLANGE LUIZ CARLOS,PILARZINHO,strong,"Rua Solange Luiz Carlos, Pilarzinho, Curitiba, Paraná, Região Sul, 82100-160, Brasil",149724981,1,"flood (alagamento/enchente) - landslide excluded by category filter (SIAC 156 Assunto/Subdivisao is a distinct structured category, not free text)",siac156_curitiba_v1,"Ponto positivo administrativo geocodificado (mesmo criterio do v12 Recife). Nao e ground truth cartografico individual -- confianca strong = correspondencia de rua (geometria, nao numero exato); medium = fallback bairro-centroide.","Nao usar como escore, threshold ou variavel derivada do rotulo. Nao promover a 'validado'/'confirmado' sem revisao do REV-P."
Curitiba,1,CUR_SIAC156_10ee494b6b79b13f,-25.497993,-49.334522,28/01/2025,2025,Drenagem,Alagamentos,RUA PADRE ESTANISLAU PIASECKI,CIDADE INDUSTRIAL,medium,"Cidade Industrial de Curitiba, Curitiba, Paraná, Região Sul, 81350-260, Brasil",3012156952,1,"flood (alagamento/enchente) - landslide excluded by category filter (SIAC 156 Assunto/Subdivisao is a distinct structured category, not free text)",siac156_curitiba_v1,"Ponto positivo administrativo geocodificado (mesmo criterio do v12 Recife). Nao e ground truth cartografico individual -- confianca strong = correspondencia de rua (geometria, nao numero exato); medium = fallback bairro-centroide.","Nao usar como escore, threshold ou variavel derivada do rotulo. Nao promover a 'validado'/'confirmado' sem revisao do REV-P."
Curitiba,1,CUR_SIAC156_12233f0e2f6712b3,-25.5470251,-49.3288901,03/02/2025,2025,Drenagem,Alagamentos,Doutor Libânio Estanislau Cardoso,CIDADE INDUSTRIAL,medium,"HORSCH do Brasil, 2020, Rua Doutor Libânio Estanislau Cardoso, Cidade Industrial de Curitiba, Curitiba, Paraná, Região Sul, 81460-070, Brasil",1175973684,1,"flood (alagamento/enchente) - landslide excluded by category filter (SIAC 156 Assunto/Subdivisao is a distinct structured category, not free text)",siac156_curitiba_v1,"Ponto positivo administrativo geocodificado (mesmo criterio do v12 Recife). Nao e ground truth cartografico individual -- confianca strong = correspondencia de rua (geometria, nao numero exato); medium = fallback bairro-centroide.","Nao usar como escore, threshold ou variavel derivada do rotulo. Nao promover a 'validado'/'confirmado' sem revisao do REV-P."
Curitiba,1,CUR_SIAC156_fe081ca4edda22bd,-25.497993,-49.334522,07/02/2025,2025,Drenagem,Alagamentos,RUA DOUTOR JOSÉ GUILHERME LOYOLA,CIDADE INDUSTRIAL,medium,"Cidade Industrial de Curitiba, Curitiba, Paraná, Região Sul, 81350-260, Brasil",3012156952,1,"flood (alagamento/enchente) - landslide excluded by category filter (SIAC 156 Assunto/Subdivisao is a distinct structured category, not free text)",siac156_curitiba_v1,"Ponto positivo administrativo geocodificado (mesmo criterio do v12 Recife). Nao e ground truth cartografico individual -- confianca strong = correspondencia de rua (geometria, nao numero exato); medium = fallback bairro-centroide.","Nao usar como escore, threshold ou variavel derivada do rotulo. Nao promover a 'validado'/'confirmado' sem revisao do REV-P."
Curitiba,1,CUR_SIAC156_869f4ccde7a06111,-25.4985515,-49.3401636,18/02/2025,2025,Drenagem,Alagamentos,RUA DESEMBARGADOR SEGISMUNDO GRADOWSKI,CIDADE INDUSTRIAL,strong,"Rua Desembargador Segismundo Gradowski, Cidade Industrial de Curitiba, Curitiba, Paraná, Região Sul, 81350-260, Brasil",138705756,1,"flood (alagamento/enchente) - landslide excluded by category filter (SIAC 156 Assunto/Subdivisao is a distinct structured category, not free text)",siac156_curitiba_v1,"Ponto positivo administrativo geocodificado (mesmo criterio do v12 Recife). Nao e ground truth cartografico individual -- confianca strong = correspondencia de rua (geometria, nao numero exato); medium = fallback bairro-centroide.","Nao usar como escore, threshold ou variavel derivada do rotulo. Nao promover a 'validado'/'confirmado' sem revisao do REV-P."
Curitiba,1,CUR_SIAC156_fe4d04b37c4284f6,-25.497993,-49.334522,18/02/2025,2025,Drenagem,Alagamentos,RUA FREI EGÍDIO CARLOTTO,CIDADE INDUSTRIAL,medium,"Cidade Industrial de Curitiba, Curitiba, Paraná, Região Sul, 81350-260, Brasil",3012156952,1,"flood (alagamento/enchente) - landslide excluded by category filter (SIAC 156 Assunto/Subdivisao is a distinct structured category, not free text)",siac156_curitiba_v1,"Ponto positivo administrativo geocodificado (mesmo criterio do v12 Recife). Nao e ground truth cartografico individual -- confianca strong = correspondencia de rua (geometria, nao numero exato); medium = fallback bairro-centroide.","Nao usar como escore, threshold ou variavel derivada do rotulo. Nao promover a 'validado'/'confirmado' sem revisao do REV-P."
Curitiba,1,CUR_SIAC156_2f783f5bbde40d4a,-25.497993,-49.334522,18/02/2025,2025,Drenagem,Alagamentos,RUA MUNICÍPIO DE ENÉAS MARQUES,CIDADE INDUSTRIAL,medium,"Cidade Industrial de Curitiba, Curitiba, Paraná, Região Sul, 81350-260, Brasil",3012156952,2,"flood (alagamento/enchente) - landslide excluded by category filter (SIAC 156 Assunto/Subdivisao is a distinct structured category, not free text)",siac156_curitiba_v1,"Ponto positivo administrativo geocodificado (mesmo criterio do v12 Recife). Nao e ground truth cartografico individual -- confianca strong = correspondencia de rua (geometria, nao numero exato); medium = fallback bairro-centroide.","Nao usar como escore, threshold ou variavel derivada do rotulo. Nao promover a 'validado'/'confirmado' sem revisao do REV-P."
Curitiba,1,CUR_SIAC156_de1d7c09a0aca3cc,-25.481076,-49.3449831,19/02/2025,2025,Drenagem,Alagamentos,RUA CORONEL NICOLAU BLEY NETO,CIDADE INDUSTRIAL,strong,"Rua Coronel Nicolau Bley Neto, Cidade Industrial de Curitiba, Curitiba, Paraná, Região Sul, 81250-350, Brasil",83058597,1,"flood (alagamento/enchente) - landslide excluded by category filter (SIAC 156 Assunto/Subdivisao is a distinct structured category, not free text)",siac156_curitiba_v1,"Ponto positivo administrativo geocodificado (mesmo criterio do v12 Recife). Nao e ground truth cartografico individual -- confianca strong = correspondencia de rua (geometria, nao numero exato); medium = fallback bairro-centroide.","Nao usar como escore, threshold ou variavel derivada do rotulo. Nao promover a 'validado'/'confirmado' sem revisao do REV-P."
Curitiba,1,CUR_SIAC156_d74b68a594bfb60e,-25.497993,-49.334522,20/02/2025,2025,Drenagem,Alagamentos,Rogério Pereira de Camargo,CIDADE INDUSTRIAL,medium,"Cidade Industrial de Curitiba, Curitiba, Paraná, Região Sul, 81350-260, Brasil",3012156952,1,"flood (alagamento/enchente) - landslide excluded by category filter (SIAC 156 Assunto/Subdivisao is a distinct structured category, not free text)",siac156_curitiba_v1,"Ponto positivo administrativo geocodificado (mesmo criterio do v12 Recife). Nao e ground truth cartografico individual -- confianca strong = correspondencia de rua (geometria, nao numero exato); medium = fallback bairro-centroide.","Nao usar como escore, threshold ou variavel derivada do rotulo. Nao promover a 'validado'/'confirmado' sem revisao do REV-P."
Curitiba,1,CUR_SIAC156_03043dbbd12466a5,-25.485266,-49.3490599,26/08/2025,2025,Drenagem,Alagamentos,Rua Jacinto Cunha,CIDADE INDUSTRIAL,strong,"Rua Jacinto Cunha, Cidade Industrial de Curitiba, Curitiba, Paraná, Região Sul, 81260-260, Brasil",127529126,1,"flood (alagamento/enchente) - landslide excluded by category filter (SIAC 156 Assunto/Subdivisao is a distinct structured category, not free text)",siac156_curitiba_v1,"Ponto positivo administrativo geocodificado (mesmo criterio do v12 Recife). Nao e ground truth cartografico individual -- confianca strong = correspondencia de rua (geometria, nao numero exato); medium = fallback bairro-centroide.","Nao usar como escore, threshold ou variavel derivada do rotulo. Nao promover a 'validado'/'confirmado' sem revisao do REV-P."
Curitiba,1,CUR_SIAC156_d283d08c3fd95ef6,-25.497993,-49.334522,26/08/2025,2025,Drenagem,Alagamentos,Rua Padre Estanislau Piasecki,CIDADE INDUSTRIAL,medium,"Cidade Industrial de Curitiba, Curitiba, Paraná, Região Sul, 81350-260, Brasil",3012156952,1,"flood (alagamento/enchente) - landslide excluded by category filter (SIAC 156 Assunto/Subdivisao is a distinct structured category, not free text)",siac156_curitiba_v1,"Ponto positivo administrativo geocodificado (mesmo criterio do v12 Recife). Nao e ground truth cartografico individual -- confianca strong = correspondencia de rua (geometria, nao numero exato); medium = fallback bairro-centroide.","Nao usar como escore, threshold ou variavel derivada do rotulo. Nao promover a 'validado'/'confirmado' sem revisao do REV-P."
Curitiba,1,CUR_SIAC156_f3a1a1de9ee56419,-25.485266,-49.3490599,03/11/2025,2025,Drenagem,Alagamentos,Rua Jacinto Cunha,CIDADE INDUSTRIAL,strong,"Rua Jacinto Cunha, Cidade Industrial de Curitiba, Curitiba, Paraná, Região Sul, 81260-260, Brasil",127529126,1,"flood (alagamento/enchente) - landslide excluded by category filter (SIAC 156 Assunto/Subdivisao is a distinct structured category, not free text)",siac156_curitiba_v1,"Ponto positivo administrativo geocodificado (mesmo criterio do v12 Recife). Nao e ground truth cartografico individual -- confianca strong = correspondencia de rua (geometria, nao numero exato); medium = fallback bairro-centroide.","Nao usar como escore, threshold ou variavel derivada do rotulo. Nao promover a 'validado'/'confirmado' sem revisao do REV-P."
Curitiba,1,CUR_SIAC156_8cafbff763a30db4,-25.485266,-49.3490599,05/11/2025,2025,Drenagem,Alagamentos,Jacinto Cunha,CIDADE INDUSTRIAL,strong,"Rua Jacinto Cunha, Cidade Industrial de Curitiba, Curitiba, Paraná, Região Sul, 81260-260, Brasil",127529126,1,"flood (alagamento/enchente) - landslide excluded by category filter (SIAC 156 Assunto/Subdivisao is a distinct structured category, not free text)",siac156_curitiba_v1,"Ponto positivo administrativo geocodificado (mesmo criterio do v12 Recife). Nao e ground truth cartografico individual -- confianca strong = correspondencia de rua (geometria, nao numero exato); medium = fallback bairro-centroide.","Nao usar como escore, threshold ou variavel derivada do rotulo. Nao promover a 'validado'/'confirmado' sem revisao do REV-P."
Curitiba,1,CUR_SIAC156_6b67d5a433e0ea8a,-25.5498446,-49.2987317,28/01/2025,2025,Drenagem,Alagamentos,RUA IGNEZ DE SOUZA SOARES,TATUQUARA,strong,"Rua Ignez de Souza Soares, Vila Tatuquara, Tatuquara, Curitiba, Paraná, Região Sul, 81940-185, Brasil",164655572,1,"flood (alagamento/enchente) - landslide excluded by category filter (SIAC 156 Assunto/Subdivisao is a distinct structured category, not free text)",siac156_curitiba_v1,"Ponto positivo administrativo geocodificado (mesmo criterio do v12 Recife). Nao e ground truth cartografico individual -- confianca strong = correspondencia de rua (geometria, nao numero exato); medium = fallback bairro-centroide.","Nao usar como escore, threshold ou variavel derivada do rotulo. Nao promover a 'validado'/'confirmado' sem revisao do REV-P."
Curitiba,1,CUR_SIAC156_7dedc86b111e02dc,-25.5511403,-49.2986139,01/02/2025,2025,Drenagem,Alagamentos,Rua João Amadeu Pedro Bom,TATUQUARA,strong,"Rua João Amadeu Pedro Bom, Vila Tatuquara, Tatuquara, Curitiba, Paraná, Região Sul, 81940-080, Brasil",164655533,1,"flood (alagamento/enchente) - landslide excluded by category filter (SIAC 156 Assunto/Subdivisao is a distinct structured category, not free text)",siac156_curitiba_v1,"Ponto positivo administrativo geocodificado (mesmo criterio do v12 Recife). Nao e ground truth cartografico individual -- confianca strong = correspondencia de rua (geometria, nao numero exato); medium = fallback bairro-centroide.","Nao usar como escore, threshold ou variavel derivada do rotulo. Nao promover a 'validado'/'confirmado' sem revisao do REV-P."
Curitiba,1,CUR_SIAC156_4a5c34ae10381af4,-25.568693,-49.3290172,04/02/2025,2025,Drenagem,Alagamentos,Paulo Romeiro Marcondes Filho,TATUQUARA,strong,"Rua Paulo Romeiro Marcondes Filho, Tatuquara, Curitiba, Paraná, Região Sul, 81480-150, Brasil",297401890,1,"flood (alagamento/enchente) - landslide excluded by category filter (SIAC 156 Assunto/Subdivisao is a distinct structured category, not free text)",siac156_curitiba_v1,"Ponto positivo administrativo geocodificado (mesmo criterio do v12 Recife). Nao e ground truth cartografico individual -- confianca strong = correspondencia de rua (geometria, nao numero exato); medium = fallback bairro-centroide.","Nao usar como escore, threshold ou variavel derivada do rotulo. Nao promover a 'validado'/'confirmado' sem revisao do REV-P."
Curitiba,1,CUR_SIAC156_fdc25e1f7151986d,-25.5883783,-49.3387662,10/02/2025,2025,Drenagem,Alagamentos,Marcos Bertoldi,CAMPO DE SANTANA,strong,"Rua Marcos Bertoldi, Moradias Rio Bonito, Campo de Santana, Aldeia Kakane Porã, Curitiba, Paraná, Região Sul, 81490-426, Brasil",373202078,1,"flood (alagamento/enchente) - landslide excluded by category filter (SIAC 156 Assunto/Subdivisao is a distinct structured category, not free text)",siac156_curitiba_v1,"Ponto positivo administrativo geocodificado (mesmo criterio do v12 Recife). Nao e ground truth cartografico individual -- confianca strong = correspondencia de rua (geometria, nao numero exato); medium = fallback bairro-centroide.","Nao usar como escore, threshold ou variavel derivada do rotulo. Nao promover a 'validado'/'confirmado' sem revisao do REV-P."
Curitiba,1,CUR_SIAC156_f149384ac9b48693,-25.5682412,-49.3211452,15/05/2025,2025,Drenagem,Alagamentos,Antônio Zanon,TATUQUARA,strong,"Rua Antônio Zanon, Vila Raul Zanon, Tatuquara, Curitiba, Paraná, Região Sul, 81480-436, Brasil",143988028,1,"flood (alagamento/enchente) - landslide excluded by category filter (SIAC 156 Assunto/Subdivisao is a distinct structured category, not free text)",siac156_curitiba_v1,"Ponto positivo administrativo geocodificado (mesmo criterio do v12 Recife). Nao e ground truth cartografico individual -- confianca strong = correspondencia de rua (geometria, nao numero exato); medium = fallback bairro-centroide.","Nao usar como escore, threshold ou variavel derivada do rotulo. Nao promover a 'validado'/'confirmado' sem revisao do REV-P."
Curitiba,1,CUR_SIAC156_f7ac46cff82c6d90,-25.5642128,-49.3335459,23/06/2025,2025,Drenagem,Alagamentos,José Sosari,TATUQUARA,medium,"Tatuquara, Curitiba, Paraná, Região Sul, Brasil",5622185,1,"flood (alagamento/enchente) - landslide excluded by category filter (SIAC 156 Assunto/Subdivisao is a distinct structured category, not free text)",siac156_curitiba_v1,"Ponto positivo administrativo geocodificado (mesmo criterio do v12 Recife). Nao e ground truth cartografico individual -- confianca strong = correspondencia de rua (geometria, nao numero exato); medium = fallback bairro-centroide.","Nao usar como escore, threshold ou variavel derivada do rotulo. Nao promover a 'validado'/'confirmado' sem revisao do REV-P."
Curitiba,1,CUR_SIAC156_817772911535cb0c,-25.581889,-49.3208328,27/10/2025,2025,Drenagem,Alagamentos,RUA EMILE PAUL DECOK,CAMPO DE SANTANA,strong,"Rua Emile Paul Decok, Vila Olinda II, Campo de Santana, Curitiba, Paraná, Região Sul, 81490-090, Brasil",169645476,1,"flood (alagamento/enchente) - landslide excluded by category filter (SIAC 156 Assunto/Subdivisao is a distinct structured category, not free text)",siac156_curitiba_v1,"Ponto positivo administrativo geocodificado (mesmo criterio do v12 Recife). Nao e ground truth cartografico individual -- confianca strong = correspondencia de rua (geometria, nao numero exato); medium = fallback bairro-centroide.","Nao usar como escore, threshold ou variavel derivada do rotulo. Nao promover a 'validado'/'confirmado' sem revisao do REV-P."
Curitiba,1,CUR_SIAC156_fa48ea4c02bb8558,-25.4864741,-49.2616381,11/02/2025,2025,Drenagem,Alagamentos,Raggi Izar,HAUER,strong,"Rua Raggi Izar, Hauer, Curitiba, Paraná, Região Sul, 81630-140, Brasil",85042403,1,"flood (alagamento/enchente) - landslide excluded by category filter (SIAC 156 Assunto/Subdivisao is a distinct structured category, not free text)",siac156_curitiba_v1,"Ponto positivo administrativo geocodificado (mesmo criterio do v12 Recife). Nao e ground truth cartografico individual -- confianca strong = correspondencia de rua (geometria, nao numero exato); medium = fallback bairro-centroide.","Nao usar como escore, threshold ou variavel derivada do rotulo. Nao promover a 'validado'/'confirmado' sem revisao do REV-P."
Curitiba,1,CUR_SIAC156_aebf7eb267ea8138,-25.490251,-49.2486366,14/02/2025,2025,Drenagem,Alagamentos,Cleto da Silva,BOQUEIRAO,strong,"Rua Cleto da Silva, Boqueirão, Curitiba, Paraná, Região Sul, 81670-090, Brasil",84999467,1,"flood (alagamento/enchente) - landslide excluded by category filter (SIAC 156 Assunto/Subdivisao is a distinct structured category, not free text)",siac156_curitiba_v1,"Ponto positivo administrativo geocodificado (mesmo criterio do v12 Recife). Nao e ground truth cartografico individual -- confianca strong = correspondencia de rua (geometria, nao numero exato); medium = fallback bairro-centroide.","Nao usar como escore, threshold ou variavel derivada do rotulo. Nao promover a 'validado'/'confirmado' sem revisao do REV-P."
Curitiba,1,CUR_SIAC156_c9383e5c1704caa4,-25.5098565,-49.2237692,18/02/2025,2025,Drenagem,Alagamentos,O Brasil para Cristo,BOQUEIRAO,strong,"Rua O Brasil para Cristo, Boqueirão, Curitiba, Paraná, Região Sul, 81730-080, Brasil",60154478,1,"flood (alagamento/enchente) - landslide excluded by category filter (SIAC 156 Assunto/Subdivisao is a distinct structured category, not free text)",siac156_curitiba_v1,"Ponto positivo administrativo geocodificado (mesmo criterio do v12 Recife). Nao e ground truth cartografico individual -- confianca strong = correspondencia de rua (geometria, nao numero exato); medium = fallback bairro-centroide.","Nao usar como escore, threshold ou variavel derivada do rotulo. Nao promover a 'validado'/'confirmado' sem revisao do REV-P."
Curitiba,1,CUR_SIAC156_fb2588f9a5658eb7,-25.5077322,-49.2183521,27/02/2025,2025,Drenagem,Alagamentos,Adão Picussa Netto,BOQUEIRAO,strong,"Rua Adão Picussa Netto, Boqueirão, Curitiba, Paraná, Região Sul, 81730-150, Brasil",85573749,1,"flood (alagamento/enchente) - landslide excluded by category filter (SIAC 156 Assunto/Subdivisao is a distinct structured category, not free text)",siac156_curitiba_v1,"Ponto positivo administrativo geocodificado (mesmo criterio do v12 Recife). Nao e ground truth cartografico individual -- confianca strong = correspondencia de rua (geometria, nao numero exato); medium = fallback bairro-centroide.","Nao usar como escore, threshold ou variavel derivada do rotulo. Nao promover a 'validado'/'confirmado' sem revisao do REV-P."
Curitiba,1,CUR_SIAC156_9e89aee5f63a1b8a,-25.530914,-49.2342574,27/02/2025,2025,Drenagem,Alagamentos,RUA ITAÚNA DO SUL,ALTO BOQUEIRAO,strong,"Rua Itaúna do Sul, Alto Boqueirão, Curitiba, Paraná, Região Sul, 81770-440, Brasil",126814876,1,"flood (alagamento/enchente) - landslide excluded by category filter (SIAC 156 Assunto/Subdivisao is a distinct structured category, not free text)",siac156_curitiba_v1,"Ponto positivo administrativo geocodificado (mesmo criterio do v12 Recife). Nao e ground truth cartografico individual -- confianca strong = correspondencia de rua (geometria, nao numero exato); medium = fallback bairro-centroide.","Nao usar como escore, threshold ou variavel derivada do rotulo. Nao promover a 'validado'/'confirmado' sem revisao do REV-P."
Curitiba,1,CUR_SIAC156_ffb9dec21cfdaa3b,-25.5161439,-49.2344051,28/02/2025,2025,Drenagem,Alagamentos,Doutor Heleno da Silveira,BOQUEIRAO,strong,"Rua Doutor Heleno da Silveira, Boqueirão, Curitiba, Paraná, Região Sul, 81750-420, Brasil",85231824,1,"flood (alagamento/enchente) - landslide excluded by category filter (SIAC 156 Assunto/Subdivisao is a distinct structured category, not free text)",siac156_curitiba_v1,"Ponto positivo administrativo geocodificado (mesmo criterio do v12 Recife). Nao e ground truth cartografico individual -- confianca strong = correspondencia de rua (geometria, nao numero exato); medium = fallback bairro-centroide.","Nao usar como escore, threshold ou variavel derivada do rotulo. Nao promover a 'validado'/'confirmado' sem revisao do REV-P."
Curitiba,1,CUR_SIAC156_801719bbe648f82a,-25.4967415,-49.2693544,15/04/2025,2025,Drenagem,Alagamentos,RUA FRANCISCO DEROSSO,XAXIM,strong,"Rua Francisco Derosso, Xaxim, Curitiba, Paraná, Região Sul, 81810-440, Brasil",409615467,1,"flood (alagamento/enchente) - landslide excluded by category filter (SIAC 156 Assunto/Subdivisao is a distinct structured category, not free text)",siac156_curitiba_v1,"Ponto positivo administrativo geocodificado (mesmo criterio do v12 Recife). Nao e ground truth cartografico individual -- confianca strong = correspondencia de rua (geometria, nao numero exato); medium = fallback bairro-centroide.","Nao usar como escore, threshold ou variavel derivada do rotulo. Nao promover a 'validado'/'confirmado' sem revisao do REV-P."
Curitiba,1,CUR_SIAC156_596f43dade331e9f,-25.4516069,-49.2835701,22/01/2025,2025,Drenagem,Alagamentos,RUA DOUTOR ALEXANDRE GUTIERREZ,AGUA VERDE,strong,"Rua Doutor Alexandre Gutierrez, Água Verde, Curitiba, Paraná, Região Sul, 80620-200, Brasil",52708928,1,"flood (alagamento/enchente) - landslide excluded by category filter (SIAC 156 Assunto/Subdivisao is a distinct structured category, not free text)",siac156_curitiba_v1,"Ponto positivo administrativo geocodificado (mesmo criterio do v12 Recife). Nao e ground truth cartografico individual -- confianca strong = correspondencia de rua (geometria, nao numero exato); medium = fallback bairro-centroide.","Nao usar como escore, threshold ou variavel derivada do rotulo. Nao promover a 'validado'/'confirmado' sem revisao do REV-P."
Curitiba,1,CUR_SIAC156_c96820ad0bf456b7,-25.4581123,-49.3299862,24/01/2025,2025,Drenagem,Alagamentos,Rosamélia de Oliveira,CAMPO COMPRIDO,strong,"Rua Rosamélia de Oliveira, Campo Comprido, Curitiba, Paraná, Região Sul, 81230-162, Brasil",158243350,1,"flood (alagamento/enchente) - landslide excluded by category filter (SIAC 156 Assunto/Subdivisao is a distinct structured category, not free text)",siac156_curitiba_v1,"Ponto positivo administrativo geocodificado (mesmo criterio do v12 Recife). Nao e ground truth cartografico individual -- confianca strong = correspondencia de rua (geometria, nao numero exato); medium = fallback bairro-centroide.","Nao usar como escore, threshold ou variavel derivada do rotulo. Nao promover a 'validado'/'confirmado' sem revisao do REV-P."
Curitiba,1,CUR_SIAC156_8a6e60ff17c37f26,-25.4830922,-49.3250457,03/02/2025,2025,Drenagem,Alagamentos,RUA VICENTE CELESTINO,FAZENDINHA,strong,"Rua Vicente Celestino, Fazendinha, Curitiba, Paraná, Região Sul, 81330-170, Brasil",124782819,1,"flood (alagamento/enchente) - landslide excluded by category filter (SIAC 156 Assunto/Subdivisao is a distinct structured category, not free text)",siac156_curitiba_v1,"Ponto positivo administrativo geocodificado (mesmo criterio do v12 Recife). Nao e ground truth cartografico individual -- confianca strong = correspondencia de rua (geometria, nao numero exato); medium = fallback bairro-centroide.","Nao usar como escore, threshold ou variavel derivada do rotulo. Nao promover a 'validado'/'confirmado' sem revisao do REV-P."
Curitiba,1,CUR_SIAC156_409a656d8904c88d,-25.4581123,-49.3299862,03/02/2025,2025,Drenagem,Alagamentos,Rosamélia de Oliveira,CAMPO COMPRIDO,strong,"Rua Rosamélia de Oliveira, Campo Comprido, Curitiba, Paraná, Região Sul, 81230-162, Brasil",158243350,1,"flood (alagamento/enchente) - landslide excluded by category filter (SIAC 156 Assunto/Subdivisao is a distinct structured category, not free text)",siac156_curitiba_v1,"Ponto positivo administrativo geocodificado (mesmo criterio do v12 Recife). Nao e ground truth cartografico individual -- confianca strong = correspondencia de rua (geometria, nao numero exato); medium = fallback bairro-centroide.","Nao usar como escore, threshold ou variavel derivada do rotulo. Nao promover a 'validado'/'confirmado' sem revisao do REV-P."
Curitiba,1,CUR_SIAC156_d63210fdb9ad8cec,-25.4581123,-49.3299862,04/02/2025,2025,Drenagem,Alagamentos,Rosamélia de Oliveira,CAMPO COMPRIDO,strong,"Rua Rosamélia de Oliveira, Campo Comprido, Curitiba, Paraná, Região Sul, 81230-162, Brasil",158243350,3,"flood (alagamento/enchente) - landslide excluded by category filter (SIAC 156 Assunto/Subdivisao is a distinct structured category, not free text)",siac156_curitiba_v1,"Ponto positivo administrativo geocodificado (mesmo criterio do v12 Recife). Nao e ground truth cartografico individual -- confianca strong = correspondencia de rua (geometria, nao numero exato); medium = fallback bairro-centroide.","Nao usar como escore, threshold ou variavel derivada do rotulo. Nao promover a 'validado'/'confirmado' sem revisao do REV-P."
Curitiba,1,CUR_SIAC156_d63210fdb9ad8cec,-25.4581123,-49.3299862,04/02/2025,2025,Drenagem,Alagamentos,Rosamélia de Oliveira,CAMPO COMPRIDO,strong,"Rua Rosamélia de Oliveira, Campo Comprido, Curitiba, Paraná, Região Sul, 81230-162, Brasil",158243350,3,"flood (alagamento/enchente) - landslide excluded by category filter (SIAC 156 Assunto/Subdivisao is a distinct structured category, not free text)",siac156_curitiba_v1,"Ponto positivo administrativo geocodificado (mesmo criterio do v12 Recife). Nao e ground truth cartografico individual -- confianca strong = correspondencia de rua (geometria, nao numero exato); medium = fallback bairro-centroide.","Nao usar como escore, threshold ou variavel derivada do rotulo. Nao promover a 'validado'/'confirmado' sem revisao do REV-P."
Curitiba,1,CUR_SIAC156_d63210fdb9ad8cec,-25.4581123,-49.3299862,04/02/2025,2025,Drenagem,Alagamentos,Rosamélia de Oliveira,CAMPO COMPRIDO,strong,"Rua Rosamélia de Oliveira, Campo Comprido, Curitiba, Paraná, Região Sul, 81230-162, Brasil",158243350,3,"flood (alagamento/enchente) - landslide excluded by category filter (SIAC 156 Assunto/Subdivisao is a distinct structured category, not free text)",siac156_curitiba_v1,"Ponto positivo administrativo geocodificado (mesmo criterio do v12 Recife). Nao e ground truth cartografico individual -- confianca strong = correspondencia de rua (geometria, nao numero exato); medium = fallback bairro-centroide.","Nao usar como escore, threshold ou variavel derivada do rotulo. Nao promover a 'validado'/'confirmado' sem revisao do REV-P."
Curitiba,1,CUR_SIAC156_d63f1fbd65144590,-25.4581123,-49.3299862,05/02/2025,2025,Drenagem,Alagamentos,Rosamélia de Oliveira,CAMPO COMPRIDO,strong,"Rua Rosamélia de Oliveira, Campo Comprido, Curitiba, Paraná, Região Sul, 81230-162, Brasil",158243350,3,"flood (alagamento/enchente) - landslide excluded by category filter (SIAC 156 Assunto/Subdivisao is a distinct structured category, not free text)",siac156_curitiba_v1,"Ponto positivo administrativo geocodificado (mesmo criterio do v12 Recife). Nao e ground truth cartografico individual -- confianca strong = correspondencia de rua (geometria, nao numero exato); medium = fallback bairro-centroide.","Nao usar como escore, threshold ou variavel derivada do rotulo. Nao promover a 'validado'/'confirmado' sem revisao do REV-P."
Curitiba,1,CUR_SIAC156_d63f1fbd65144590,-25.4581123,-49.3299862,05/02/2025,2025,Drenagem,Alagamentos,Rosamélia de Oliveira,CAMPO COMPRIDO,strong,"Rua Rosamélia de Oliveira, Campo Comprido, Curitiba, Paraná, Região Sul, 81230-162, Brasil",158243350,3,"flood (alagamento/enchente) - landslide excluded by category filter (SIAC 156 Assunto/Subdivisao is a distinct structured category, not free text)",siac156_curitiba_v1,"Ponto positivo administrativo geocodificado (mesmo criterio do v12 Recife). Nao e ground truth cartografico individual -- confianca strong = correspondencia de rua (geometria, nao numero exato); medium = fallback bairro-centroide.","Nao usar como escore, threshold ou variavel derivada do rotulo. Nao promover a 'validado'/'confirmado' sem revisao do REV-P."
Curitiba,1,CUR_SIAC156_d63f1fbd65144590,-25.4581123,-49.3299862,05/02/2025,2025,Drenagem,Alagamentos,Rosamélia de Oliveira,CAMPO COMPRIDO,strong,"Rua Rosamélia de Oliveira, Campo Comprido, Curitiba, Paraná, Região Sul, 81230-162, Brasil",158243350,3,"flood (alagamento/enchente) - landslide excluded by category filter (SIAC 156 Assunto/Subdivisao is a distinct structured category, not free text)",siac156_curitiba_v1,"Ponto positivo administrativo geocodificado (mesmo criterio do v12 Recife). Nao e ground truth cartografico individual -- confianca strong = correspondencia de rua (geometria, nao numero exato); medium = fallback bairro-centroide.","Nao usar como escore, threshold ou variavel derivada do rotulo. Nao promover a 'validado'/'confirmado' sem revisao do REV-P."
Curitiba,1,CUR_SIAC156_207e4ac6471e5fe1,-25.4581123,-49.3299862,06/02/2025,2025,Drenagem,Alagamentos,Rosamélia de Oliveira,CAMPO COMPRIDO,strong,"Rua Rosamélia de Oliveira, Campo Comprido, Curitiba, Paraná, Região Sul, 81230-162, Brasil",158243350,1,"flood (alagamento/enchente) - landslide excluded by category filter (SIAC 156 Assunto/Subdivisao is a distinct structured category, not free text)",siac156_curitiba_v1,"Ponto positivo administrativo geocodificado (mesmo criterio do v12 Recife). Nao e ground truth cartografico individual -- confianca strong = correspondencia de rua (geometria, nao numero exato); medium = fallback bairro-centroide.","Nao usar como escore, threshold ou variavel derivada do rotulo. Nao promover a 'validado'/'confirmado' sem revisao do REV-P."
Curitiba,1,CUR_SIAC156_36affbd22f081270,-25.4782724,-49.3295372,25/02/2025,2025,Drenagem,Alagamentos,RUA CARLOS KLEMTZ,FAZENDINHA,strong,"Rua Carlos Klemtz, Fazendinha, Curitiba, Paraná, Região Sul, 81330-300, Brasil",121817694,1,"flood (alagamento/enchente) - landslide excluded by category filter (SIAC 156 Assunto/Subdivisao is a distinct structured category, not free text)",siac156_curitiba_v1,"Ponto positivo administrativo geocodificado (mesmo criterio do v12 Recife). Nao e ground truth cartografico individual -- confianca strong = correspondencia de rua (geometria, nao numero exato); medium = fallback bairro-centroide.","Nao usar como escore, threshold ou variavel derivada do rotulo. Nao promover a 'validado'/'confirmado' sem revisao do REV-P."
Curitiba,1,CUR_SIAC156_1c93c668abf3ca54,-25.4687097,-49.2790975,11/04/2025,2025,Drenagem,Alagamentos,Augusto de Mari,GUAIRA,strong,"Rua Augusto de Mari, Guaíra, Curitiba, Paraná, Região Sul, 80630-000, Brasil",48310682,1,"flood (alagamento/enchente) - landslide excluded by category filter (SIAC 156 Assunto/Subdivisao is a distinct structured category, not free text)",siac156_curitiba_v1,"Ponto positivo administrativo geocodificado (mesmo criterio do v12 Recife). Nao e ground truth cartografico individual -- confianca strong = correspondencia de rua (geometria, nao numero exato); medium = fallback bairro-centroide.","Nao usar como escore, threshold ou variavel derivada do rotulo. Nao promover a 'validado'/'confirmado' sem revisao do REV-P."
Curitiba,1,CUR_SIAC156_5e40042be350365e,-25.4672731,-49.283712,26/08/2025,2025,Drenagem,Alagamentos,Pará,AGUA VERDE,strong,"Rua Pará, Água Verde, Curitiba, Paraná, Região Sul, 80610-020, Brasil",48310684,1,"flood (alagamento/enchente) - landslide excluded by category filter (SIAC 156 Assunto/Subdivisao is a distinct structured category, not free text)",siac156_curitiba_v1,"Ponto positivo administrativo geocodificado (mesmo criterio do v12 Recife). Nao e ground truth cartografico individual -- confianca strong = correspondencia de rua (geometria, nao numero exato); medium = fallback bairro-centroide.","Nao usar como escore, threshold ou variavel derivada do rotulo. Nao promover a 'validado'/'confirmado' sem revisao do REV-P."
Curitiba,1,CUR_SIAC156_9697270ebf6d4c7d,-25.4546581,-49.3096852,11/09/2025,2025,Drenagem,Alagamentos,Delegado Trindade,SANTA QUITERIA,strong,"Rua Delegado Trindade, Santa Quitéria, Curitiba, Paraná, Região Sul, 80310-430, Brasil",129141985,1,"flood (alagamento/enchente) - landslide excluded by category filter (SIAC 156 Assunto/Subdivisao is a distinct structured category, not free text)",siac156_curitiba_v1,"Ponto positivo administrativo geocodificado (mesmo criterio do v12 Recife). Nao e ground truth cartografico individual -- confianca strong = correspondencia de rua (geometria, nao numero exato); medium = fallback bairro-centroide.","Nao usar como escore, threshold ou variavel derivada do rotulo. Nao promover a 'validado'/'confirmado' sem revisao do REV-P."
Curitiba,1,CUR_SIAC156_20a7fb267041fc04,-25.4612566,-49.2668905,23/11/2025,2025,Drenagem,Alagamentos,RUA BRIGADEIRO FRANCO,PAROLIN,strong,"Rua Brigadeiro Franco, Parolin, Curitiba, Paraná, Região Sul, 80220-081, Brasil",122741943,2,"flood (alagamento/enchente) - landslide excluded by category filter (SIAC 156 Assunto/Subdivisao is a distinct structured category, not free text)",siac156_curitiba_v1,"Ponto positivo administrativo geocodificado (mesmo criterio do v12 Recife). Nao e ground truth cartografico individual -- confianca strong = correspondencia de rua (geometria, nao numero exato); medium = fallback bairro-centroide.","Nao usar como escore, threshold ou variavel derivada do rotulo. Nao promover a 'validado'/'confirmado' sem revisao do REV-P."
Curitiba,1,CUR_SIAC156_df1d1e8c4798cd91,-25.4284385,-49.3575305,19/02/2025,2025,Drenagem,Alagamentos,RUA SILVIO PIOTTO,ORLEANS,medium,"Orleans, Curitiba, Paraná, Região Sul, Brasil",3955679,1,"flood (alagamento/enchente) - landslide excluded by category filter (SIAC 156 Assunto/Subdivisao is a distinct structured category, not free text)",siac156_curitiba_v1,"Ponto positivo administrativo geocodificado (mesmo criterio do v12 Recife). Nao e ground truth cartografico individual -- confianca strong = correspondencia de rua (geometria, nao numero exato); medium = fallback bairro-centroide.","Nao usar como escore, threshold ou variavel derivada do rotulo. Nao promover a 'validado'/'confirmado' sem revisao do REV-P."
Curitiba,1,CUR_SIAC156_a0dca1389a3cccf6,-25.411538,-49.2999602,21/05/2025,2025,Drenagem,Alagamentos,RUA EMÍLIO BORDENOSKI,VISTA ALEGRE,strong,"Rua Emílio Bordenoski, Vista Alegre, Curitiba, Paraná, Região Sul, 80820-390, Brasil",149724954,1,"flood (alagamento/enchente) - landslide excluded by category filter (SIAC 156 Assunto/Subdivisao is a distinct structured category, not free text)",siac156_curitiba_v1,"Ponto positivo administrativo geocodificado (mesmo criterio do v12 Recife). Nao e ground truth cartografico individual -- confianca strong = correspondencia de rua (geometria, nao numero exato); medium = fallback bairro-centroide.","Nao usar como escore, threshold ou variavel derivada do rotulo. Nao promover a 'validado'/'confirmado' sem revisao do REV-P."
Curitiba,1,CUR_SIAC156_86de7774c81d203d,-25.392013,-49.351697,06/06/2025,2025,Drenagem,Alagamentos,AVENIDA MANOEL RIBAS,BUTIATUVINHA,strong,"Avenida Manoel Ribas, Butiatuvinha, Curitiba, Paraná, Região Sul, 82320-750, Brasil",945716784,1,"flood (alagamento/enchente) - landslide excluded by category filter (SIAC 156 Assunto/Subdivisao is a distinct structured category, not free text)",siac156_curitiba_v1,"Ponto positivo administrativo geocodificado (mesmo criterio do v12 Recife). Nao e ground truth cartografico individual -- confianca strong = correspondencia de rua (geometria, nao numero exato); medium = fallback bairro-centroide.","Nao usar como escore, threshold ou variavel derivada do rotulo. Nao promover a 'validado'/'confirmado' sem revisao do REV-P."
Curitiba,1,CUR_SIAC156_2dac4c72c9e7be5b,-25.408058,-49.2867172,12/12/2025,2025,Drenagem,Alagamentos,Rua Engenheiro Roberto Guilherme Pereira Leite,VISTA ALEGRE,strong,"Rua Engenheiro Roberto Guilherme Pereira Leite, Vista Alegre, Curitiba, Paraná, Região Sul, 80820-240, Brasil",30049744,1,"flood (alagamento/enchente) - landslide excluded by category filter (SIAC 156 Assunto/Subdivisao is a distinct structured category, not free text)",siac156_curitiba_v1,"Ponto positivo administrativo geocodificado (mesmo criterio do v12 Recife). Nao e ground truth cartografico individual -- confianca strong = correspondencia de rua (geometria, nao numero exato); medium = fallback bairro-centroide.","Nao usar como escore, threshold ou variavel derivada do rotulo. Nao promover a 'validado'/'confirmado' sem revisao do REV-P."
Curitiba,1,CUR_SIAC156_323aafb3d4456763,-25.4852809,-49.2862576,05/02/2025,2025,Drenagem,Alagamentos,RUA JOÃO STENZOWSKI,NOVO MUNDO,strong,"Rua João Stenzowski, Novo Mundo, Curitiba, Paraná, Região Sul, 81030-410, Brasil",126301940,1,"flood (alagamento/enchente) - landslide excluded by category filter (SIAC 156 Assunto/Subdivisao is a distinct structured category, not free text)",siac156_curitiba_v1,"Ponto positivo administrativo geocodificado (mesmo criterio do v12 Recife). Nao e ground truth cartografico individual -- confianca strong = correspondencia de rua (geometria, nao numero exato); medium = fallback bairro-centroide.","Nao usar como escore, threshold ou variavel derivada do rotulo. Nao promover a 'validado'/'confirmado' sem revisao do REV-P."
Curitiba,1,CUR_SIAC156_fb9f84071ff6fea3,-25.4860845,-49.2857787,18/02/2025,2025,Drenagem,Alagamentos,Nicolau Serrato Sobrinho,NOVO MUNDO,strong,"Rua Nicolau Serrato Sobrinho, Novo Mundo, Curitiba, Paraná, Região Sul, 81020-410, Brasil",48310690,1,"flood (alagamento/enchente) - landslide excluded by category filter (SIAC 156 Assunto/Subdivisao is a distinct structured category, not free text)",siac156_curitiba_v1,"Ponto positivo administrativo geocodificado (mesmo criterio do v12 Recife). Nao e ground truth cartografico individual -- confianca strong = correspondencia de rua (geometria, nao numero exato); medium = fallback bairro-centroide.","Nao usar como escore, threshold ou variavel derivada do rotulo. Nao promover a 'validado'/'confirmado' sem revisao do REV-P."
Curitiba,1,CUR_SIAC156_3b4cb6c7036d2e3b,-25.4787568,-49.2738188,18/02/2025,2025,Drenagem,Alagamentos,Rua Conde Dos Arcos,LINDOIA,strong,"Rua Conde dos Arcos, Lindóia, Curitiba, Paraná, Região Sul, 81010-001, Brasil",126274284,1,"flood (alagamento/enchente) - landslide excluded by category filter (SIAC 156 Assunto/Subdivisao is a distinct structured category, not free text)",siac156_curitiba_v1,"Ponto positivo administrativo geocodificado (mesmo criterio do v12 Recife). Nao e ground truth cartografico individual -- confianca strong = correspondencia de rua (geometria, nao numero exato); medium = fallback bairro-centroide.","Nao usar como escore, threshold ou variavel derivada do rotulo. Nao promover a 'validado'/'confirmado' sem revisao do REV-P."
Curitiba,1,CUR_SIAC156_99eb716a0bd4b82a,-25.4975315,-49.2906193,06/03/2025,2025,Drenagem,Alagamentos,Delegado Naby Paraná,CAPAO RASO,strong,"Rua Delegado Naby Paraná, Capão Raso, Curitiba, Paraná, Região Sul, 81110-110, Brasil",33037220,1,"flood (alagamento/enchente) - landslide excluded by category filter (SIAC 156 Assunto/Subdivisao is a distinct structured category, not free text)",siac156_curitiba_v1,"Ponto positivo administrativo geocodificado (mesmo criterio do v12 Recife). Nao e ground truth cartografico individual -- confianca strong = correspondencia de rua (geometria, nao numero exato); medium = fallback bairro-centroide.","Nao usar como escore, threshold ou variavel derivada do rotulo. Nao promover a 'validado'/'confirmado' sem revisao do REV-P."
Curitiba,1,CUR_SIAC156_300a518ee90fc5a0,-25.4865848,-49.2739445,21/05/2025,2025,Drenagem,Alagamentos,José Ferreira Barros,FANNY,strong,"Rua José Ferreira de Barros, Fanny, Curitiba, Paraná, Região Sul, 81030-330, Brasil",126271628,1,"flood (alagamento/enchente) - landslide excluded by category filter (SIAC 156 Assunto/Subdivisao is a distinct structured category, not free text)",siac156_curitiba_v1,"Ponto positivo administrativo geocodificado (mesmo criterio do v12 Recife). Nao e ground truth cartografico individual -- confianca strong = correspondencia de rua (geometria, nao numero exato); medium = fallback bairro-centroide.","Nao usar como escore, threshold ou variavel derivada do rotulo. Nao promover a 'validado'/'confirmado' sem revisao do REV-P."
Curitiba,1,CUR_SIAC156_71635abb479043d9,-25.4882034,-49.3126694,04/06/2025,2025,Drenagem,Alagamentos,RUA CAROLINA CASTELLI,NOVO MUNDO,strong,"Rua Carolina Castelli, Área Administrativa AMA. Vila Maria e Uberlândia, Novo Mundo, Curitiba, Paraná, Região Sul, 81050-450, Brasil",42802264,1,"flood (alagamento/enchente) - landslide excluded by category filter (SIAC 156 Assunto/Subdivisao is a distinct structured category, not free text)",siac156_curitiba_v1,"Ponto positivo administrativo geocodificado (mesmo criterio do v12 Recife). Nao e ground truth cartografico individual -- confianca strong = correspondencia de rua (geometria, nao numero exato); medium = fallback bairro-centroide.","Nao usar como escore, threshold ou variavel derivada do rotulo. Nao promover a 'validado'/'confirmado' sem revisao do REV-P."
Curitiba,1,CUR_SIAC156_eb0a2b385668f2f3,-25.4058225,-49.2076602,29/01/2025,2025,Drenagem,Alagamentos,Estrada da Graciosa,BAIRRO ALTO,medium,"Bairro Alto, Curitiba, Paraná, Região Sul, 82840-160, Brasil",3012393446,1,"flood (alagamento/enchente) - landslide excluded by category filter (SIAC 156 Assunto/Subdivisao is a distinct structured category, not free text)",siac156_curitiba_v1,"Ponto positivo administrativo geocodificado (mesmo criterio do v12 Recife). Nao e ground truth cartografico individual -- confianca strong = correspondencia de rua (geometria, nao numero exato); medium = fallback bairro-centroide.","Nao usar como escore, threshold ou variavel derivada do rotulo. Nao promover a 'validado'/'confirmado' sem revisao do REV-P."
Curitiba,1,CUR_SIAC156_f7f433c8037acb91,-25.3911577,-49.2506514,13/02/2025,2025,Drenagem,Alagamentos,David Geronasso,BOA VISTA,strong,"Rua David Geronasso, Boa Vista, Curitiba, Paraná, Região Sul, 82540-050, Brasil",35971380,2,"flood (alagamento/enchente) - landslide excluded by category filter (SIAC 156 Assunto/Subdivisao is a distinct structured category, not free text)",siac156_curitiba_v1,"Ponto positivo administrativo geocodificado (mesmo criterio do v12 Recife). Nao e ground truth cartografico individual -- confianca strong = correspondencia de rua (geometria, nao numero exato); medium = fallback bairro-centroide.","Nao usar como escore, threshold ou variavel derivada do rotulo. Nao promover a 'validado'/'confirmado' sem revisao do REV-P."
Curitiba,1,CUR_SIAC156_f7f433c8037acb91,-25.3911577,-49.2506514,13/02/2025,2025,Drenagem,Alagamentos,David Geronasso,BOA VISTA,strong,"Rua David Geronasso, Boa Vista, Curitiba, Paraná, Região Sul, 82540-050, Brasil",35971380,2,"flood (alagamento/enchente) - landslide excluded by category filter (SIAC 156 Assunto/Subdivisao is a distinct structured category, not free text)",siac156_curitiba_v1,"Ponto positivo administrativo geocodificado (mesmo criterio do v12 Recife). Nao e ground truth cartografico individual -- confianca strong = correspondencia de rua (geometria, nao numero exato); medium = fallback bairro-centroide.","Nao usar como escore, threshold ou variavel derivada do rotulo. Nao promover a 'validado'/'confirmado' sem revisao do REV-P."
Curitiba,1,CUR_SIAC156_81bf0cef11939b9b,-25.3598731,-49.2660775,14/02/2025,2025,Drenagem,Alagamentos,Monsenhor Isidoro Mikosz,CACHOEIRA,strong,"Rua Monsenhor Isidoro Mikosz, Cachoeira, Curitiba, Paraná, Região Sul, 82220-010, Brasil",162220962,3,"flood (alagamento/enchente) - landslide excluded by category filter (SIAC 156 Assunto/Subdivisao is a distinct structured category, not free text)",siac156_curitiba_v1,"Ponto positivo administrativo geocodificado (mesmo criterio do v12 Recife). Nao e ground truth cartografico individual -- confianca strong = correspondencia de rua (geometria, nao numero exato); medium = fallback bairro-centroide.","Nao usar como escore, threshold ou variavel derivada do rotulo. Nao promover a 'validado'/'confirmado' sem revisao do REV-P."
Curitiba,1,CUR_SIAC156_81bf0cef11939b9b,-25.3598731,-49.2660775,14/02/2025,2025,Drenagem,Alagamentos,Monsenhor Isidoro Mikosz,CACHOEIRA,strong,"Rua Monsenhor Isidoro Mikosz, Cachoeira, Curitiba, Paraná, Região Sul, 82220-010, Brasil",162220962,3,"flood (alagamento/enchente) - landslide excluded by category filter (SIAC 156 Assunto/Subdivisao is a distinct structured category, not free text)",siac156_curitiba_v1,"Ponto positivo administrativo geocodificado (mesmo criterio do v12 Recife). Nao e ground truth cartografico individual -- confianca strong = correspondencia de rua (geometria, nao numero exato); medium = fallback bairro-centroide.","Nao usar como escore, threshold ou variavel derivada do rotulo. Nao promover a 'validado'/'confirmado' sem revisao do REV-P."
Curitiba,1,CUR_SIAC156_81bf0cef11939b9b,-25.3598731,-49.2660775,14/02/2025,2025,Drenagem,Alagamentos,Monsenhor Isidoro Mikosz,CACHOEIRA,strong,"Rua Monsenhor Isidoro Mikosz, Cachoeira, Curitiba, Paraná, Região Sul, 82220-010, Brasil",162220962,3,"flood (alagamento/enchente) - landslide excluded by category filter (SIAC 156 Assunto/Subdivisao is a distinct structured category, not free text)",siac156_curitiba_v1,"Ponto positivo administrativo geocodificado (mesmo criterio do v12 Recife). Nao e ground truth cartografico individual -- confianca strong = correspondencia de rua (geometria, nao numero exato); medium = fallback bairro-centroide.","Nao usar como escore, threshold ou variavel derivada do rotulo. Nao promover a 'validado'/'confirmado' sem revisao do REV-P."
Curitiba,1,CUR_SIAC156_8a43885b09d956b7,-25.3666473,-49.2683447,18/02/2025,2025,Drenagem,Alagamentos,RUA AUGUSTO DOS ANJOS,ABRANCHES,strong,"Rua Augusto dos Anjos, Abranches, Curitiba, Paraná, Região Sul, 82220-330, Brasil",161237405,1,"flood (alagamento/enchente) - landslide excluded by category filter (SIAC 156 Assunto/Subdivisao is a distinct structured category, not free text)",siac156_curitiba_v1,"Ponto positivo administrativo geocodificado (mesmo criterio do v12 Recife). Nao e ground truth cartografico individual -- confianca strong = correspondencia de rua (geometria, nao numero exato); medium = fallback bairro-centroide.","Nao usar como escore, threshold ou variavel derivada do rotulo. Nao promover a 'validado'/'confirmado' sem revisao do REV-P."
Curitiba,1,CUR_SIAC156_13a134ace5d58904,-25.3807226,-49.2452084,12/03/2025,2025,Drenagem,Alagamentos,RUA MARECHAL ANOR TEIXEIRA DOS SANTOS,BOA VISTA,strong,"Rua Marechal Anor Teixeira dos Santos, Boa Vista, Curitiba, Paraná, Região Sul, 82650-090, Brasil",162217228,1,"flood (alagamento/enchente) - landslide excluded by category filter (SIAC 156 Assunto/Subdivisao is a distinct structured category, not free text)",siac156_curitiba_v1,"Ponto positivo administrativo geocodificado (mesmo criterio do v12 Recife). Nao e ground truth cartografico individual -- confianca strong = correspondencia de rua (geometria, nao numero exato); medium = fallback bairro-centroide.","Nao usar como escore, threshold ou variavel derivada do rotulo. Nao promover a 'validado'/'confirmado' sem revisao do REV-P."
Curitiba,1,CUR_SIAC156_1b7fb346384255bb,-25.4090927,-49.222449,12/03/2025,2025,Drenagem,Alagamentos,RUA MERCEDES SEILER ROCHA,BACACHERI,strong,"Rua Mercedes Seiler Rocha, Bacacheri, Curitiba, Paraná, Região Sul, 82520-620, Brasil",69413613,1,"flood (alagamento/enchente) - landslide excluded by category filter (SIAC 156 Assunto/Subdivisao is a distinct structured category, not free text)",siac156_curitiba_v1,"Ponto positivo administrativo geocodificado (mesmo criterio do v12 Recife). Nao e ground truth cartografico individual -- confianca strong = correspondencia de rua (geometria, nao numero exato); medium = fallback bairro-centroide.","Nao usar como escore, threshold ou variavel derivada do rotulo. Nao promover a 'validado'/'confirmado' sem revisao do REV-P."
Curitiba,1,CUR_SIAC156_129bef2a1b327def,-25.3722482,-49.209536,20/03/2025,2025,Drenagem,Alagamentos,RUA JACOB PAYKALA,ATUBA,strong,"Rua Jacob Paykala, Atuba, Curitiba, Paraná, Região Sul, 83404-010, Brasil",432554654,1,"flood (alagamento/enchente) - landslide excluded by category filter (SIAC 156 Assunto/Subdivisao is a distinct structured category, not free text)",siac156_curitiba_v1,"Ponto positivo administrativo geocodificado (mesmo criterio do v12 Recife). Nao e ground truth cartografico individual -- confianca strong = correspondencia de rua (geometria, nao numero exato); medium = fallback bairro-centroide.","Nao usar como escore, threshold ou variavel derivada do rotulo. Nao promover a 'validado'/'confirmado' sem revisao do REV-P."
Curitiba,1,CUR_SIAC156_bf82765ed032987b,-25.3776199,-49.2362535,21/03/2025,2025,Drenagem,Alagamentos,Doutor Benedito Amorim,SANTA CANDIDA,strong,"Rua Doutor Benedito Amorim, Santa Cândida, Curitiba, Paraná, Região Sul, 82640-390, Brasil",127195087,2,"flood (alagamento/enchente) - landslide excluded by category filter (SIAC 156 Assunto/Subdivisao is a distinct structured category, not free text)",siac156_curitiba_v1,"Ponto positivo administrativo geocodificado (mesmo criterio do v12 Recife). Nao e ground truth cartografico individual -- confianca strong = correspondencia de rua (geometria, nao numero exato); medium = fallback bairro-centroide.","Nao usar como escore, threshold ou variavel derivada do rotulo. Nao promover a 'validado'/'confirmado' sem revisao do REV-P."
Curitiba,1,CUR_SIAC156_011d913bd2483cf8,-25.3835792,-49.2175614,08/05/2025,2025,Drenagem,Alagamentos,AVENIDA MARECHAL MASCARENHAS DE MORAES,ATUBA,medium,"Avenida Marechal Mascarenhas de Moraes, Atuba, Curitiba, Paraná, Região Sul, 82620-300, Brasil",231751467,1,"flood (alagamento/enchente) - landslide excluded by category filter (SIAC 156 Assunto/Subdivisao is a distinct structured category, not free text)",siac156_curitiba_v1,"Ponto positivo administrativo geocodificado (mesmo criterio do v12 Recife). Nao e ground truth cartografico individual -- confianca strong = correspondencia de rua (geometria, nao numero exato); medium = fallback bairro-centroide.","Nao usar como escore, threshold ou variavel derivada do rotulo. Nao promover a 'validado'/'confirmado' sem revisao do REV-P."
Curitiba,1,CUR_SIAC156_a0759c83ff63d4d1,-25.3747273,-49.2701539,10/07/2025,2025,Drenagem,Alagamentos,RUA SOFIA DUBIELLA,ABRANCHES,strong,"Rua Sofia Dubiella, Abranches, Curitiba, Paraná, Região Sul, 82220-330, Brasil",162043596,1,"flood (alagamento/enchente) - landslide excluded by category filter (SIAC 156 Assunto/Subdivisao is a distinct structured category, not free text)",siac156_curitiba_v1,"Ponto positivo administrativo geocodificado (mesmo criterio do v12 Recife). Nao e ground truth cartografico individual -- confianca strong = correspondencia de rua (geometria, nao numero exato); medium = fallback bairro-centroide.","Nao usar como escore, threshold ou variavel derivada do rotulo. Nao promover a 'validado'/'confirmado' sem revisao do REV-P."
Curitiba,1,CUR_SIAC156_b44ccb2e0ae429e9,-25.3734214,-49.2264545,29/07/2025,2025,Drenagem,Alagamentos,RUA THEODORO MAKIOLKA,SANTA CANDIDA,strong,"Rua Theodoro Makiolka, Santa Cândida, Curitiba, Paraná, Região Sul, 82620-360, Brasil",945098889,1,"flood (alagamento/enchente) - landslide excluded by category filter (SIAC 156 Assunto/Subdivisao is a distinct structured category, not free text)",siac156_curitiba_v1,"Ponto positivo administrativo geocodificado (mesmo criterio do v12 Recife). Nao e ground truth cartografico individual -- confianca strong = correspondencia de rua (geometria, nao numero exato); medium = fallback bairro-centroide.","Nao usar como escore, threshold ou variavel derivada do rotulo. Nao promover a 'validado'/'confirmado' sem revisao do REV-P."
Curitiba,1,CUR_SIAC156_7364dcac5dd80cbe,-25.386952,-49.2892903,29/07/2025,2025,Drenagem,Alagamentos,RUA DINARTE DE JESUS,PILARZINHO,strong,"Rua Dinarte de Jesus, Pilarzinho, Curitiba, Paraná, Região Sul, 82110-350, Brasil",162001466,1,"flood (alagamento/enchente) - landslide excluded by category filter (SIAC 156 Assunto/Subdivisao is a distinct structured category, not free text)",siac156_curitiba_v1,"Ponto positivo administrativo geocodificado (mesmo criterio do v12 Recife). Nao e ground truth cartografico individual -- confianca strong = correspondencia de rua (geometria, nao numero exato); medium = fallback bairro-centroide.","Nao usar como escore, threshold ou variavel derivada do rotulo. Nao promover a 'validado'/'confirmado' sem revisao do REV-P."
Curitiba,1,CUR_SIAC156_3e6ca7d31a7a8806,-25.395747,-49.282243,31/07/2025,2025,Drenagem,Alagamentos,RUA PRIMEIRO MINISTRO BROCHADO DA ROCHA,PILARZINHO,strong,"Rua Primeiro-Ministro Brochado da Rocha, Pilarzinho, Curitiba, Paraná, Região Sul, 82110-000, Brasil",150298857,1,"flood (alagamento/enchente) - landslide excluded by category filter (SIAC 156 Assunto/Subdivisao is a distinct structured category, not free text)",siac156_curitiba_v1,"Ponto positivo administrativo geocodificado (mesmo criterio do v12 Recife). Nao e ground truth cartografico individual -- confianca strong = correspondencia de rua (geometria, nao numero exato); medium = fallback bairro-centroide.","Nao usar como escore, threshold ou variavel derivada do rotulo. Nao promover a 'validado'/'confirmado' sem revisao do REV-P."
Curitiba,1,CUR_SIAC156_487d75cf4a681cb3,-25.3844904,-49.2531984,26/08/2025,2025,Drenagem,Alagamentos,João Havro,BOA VISTA,strong,"Rua João Havro, Boa Vista, Curitiba, Paraná, Região Sul, 82540-050, Brasil",35983077,1,"flood (alagamento/enchente) - landslide excluded by category filter (SIAC 156 Assunto/Subdivisao is a distinct structured category, not free text)",siac156_curitiba_v1,"Ponto positivo administrativo geocodificado (mesmo criterio do v12 Recife). Nao e ground truth cartografico individual -- confianca strong = correspondencia de rua (geometria, nao numero exato); medium = fallback bairro-centroide.","Nao usar como escore, threshold ou variavel derivada do rotulo. Nao promover a 'validado'/'confirmado' sem revisao do REV-P."
Curitiba,1,CUR_SIAC156_d775648cb9566149,-25.3894395,-49.2947375,28/08/2025,2025,Drenagem,Alagamentos,RUA JORNALISTA GERALDO RUSSE,PILARZINHO,strong,"Rua Jornalista Geraldo Russe, Vila Nori - Jardim Cosmos, Pilarzinho, Curitiba, Paraná, Região Sul, 82100-510, Brasil",150296279,1,"flood (alagamento/enchente) - landslide excluded by category filter (SIAC 156 Assunto/Subdivisao is a distinct structured category, not free text)",siac156_curitiba_v1,"Ponto positivo administrativo geocodificado (mesmo criterio do v12 Recife). Nao e ground truth cartografico individual -- confianca strong = correspondencia de rua (geometria, nao numero exato); medium = fallback bairro-centroide.","Nao usar como escore, threshold ou variavel derivada do rotulo. Nao promover a 'validado'/'confirmado' sem revisao do REV-P."
Curitiba,1,CUR_SIAC156_0105010383137578,-25.3879479,-49.2517276,26/09/2025,2025,Drenagem,Alagamentos,RUA BENVENUTO GUSSO,BOA VISTA,strong,"Rua Benvenuto Gusso, Boa Vista, Curitiba, Paraná, Região Sul, 82540-050, Brasil",35983195,1,"flood (alagamento/enchente) - landslide excluded by category filter (SIAC 156 Assunto/Subdivisao is a distinct structured category, not free text)",siac156_curitiba_v1,"Ponto positivo administrativo geocodificado (mesmo criterio do v12 Recife). Nao e ground truth cartografico individual -- confianca strong = correspondencia de rua (geometria, nao numero exato); medium = fallback bairro-centroide.","Nao usar como escore, threshold ou variavel derivada do rotulo. Nao promover a 'validado'/'confirmado' sem revisao do REV-P."
Curitiba,1,CUR_SIAC156_05fd14223f968a5d,-25.3929078,-49.2695016,14/11/2025,2025,Drenagem,Alagamentos,RUA MATEUS LEME,SAO LOURENCO,strong,"Rua Mateus Leme, São Lourenço, Curitiba, Paraná, Região Sul, 82200-000, Brasil",289829639,1,"flood (alagamento/enchente) - landslide excluded by category filter (SIAC 156 Assunto/Subdivisao is a distinct structured category, not free text)",siac156_curitiba_v1,"Ponto positivo administrativo geocodificado (mesmo criterio do v12 Recife). Nao e ground truth cartografico individual -- confianca strong = correspondencia de rua (geometria, nao numero exato); medium = fallback bairro-centroide.","Nao usar como escore, threshold ou variavel derivada do rotulo. Nao promover a 'validado'/'confirmado' sem revisao do REV-P."
Curitiba,1,CUR_SIAC156_5284a0f4b173c864,-25.4686433,-49.1895979,28/01/2025,2025,Drenagem,Alagamentos,RUA MARIA BARCHIKI CHINASSO,CAJURU,strong,"Rua Maria Barchiki Chinasso, Vila Acrópole Agrícola, Cajuru, Curitiba, Paraná, Região Sul, 82980-100, Brasil",398543315,1,"flood (alagamento/enchente) - landslide excluded by category filter (SIAC 156 Assunto/Subdivisao is a distinct structured category, not free text)",siac156_curitiba_v1,"Ponto positivo administrativo geocodificado (mesmo criterio do v12 Recife). Nao e ground truth cartografico individual -- confianca strong = correspondencia de rua (geometria, nao numero exato); medium = fallback bairro-centroide.","Nao usar como escore, threshold ou variavel derivada do rotulo. Nao promover a 'validado'/'confirmado' sem revisao do REV-P."
Curitiba,1,CUR_SIAC156_d43f69e951adee9e,-25.4725842,-49.194381,13/02/2025,2025,Drenagem,Alagamentos,RUA PADRE ARNALDO JANSSEN,CAJURU,strong,"Rua Padre Arnaldo Janssen, Cajuru, Curitiba, Paraná, Região Sul, 82980-130, Brasil",163153938,2,"flood (alagamento/enchente) - landslide excluded by category filter (SIAC 156 Assunto/Subdivisao is a distinct structured category, not free text)",siac156_curitiba_v1,"Ponto positivo administrativo geocodificado (mesmo criterio do v12 Recife). Nao e ground truth cartografico individual -- confianca strong = correspondencia de rua (geometria, nao numero exato); medium = fallback bairro-centroide.","Nao usar como escore, threshold ou variavel derivada do rotulo. Nao promover a 'validado'/'confirmado' sem revisao do REV-P."
Curitiba,1,CUR_SIAC156_39e5cf85d1257cf5,-25.4934043,-49.2106096,13/02/2025,2025,Drenagem,Alagamentos,Rua Aviador Armin Buhrer,UBERABA,strong,"Rua Aviador Armin Buhrer, Uberaba, Curitiba, Paraná, Região Sul, 81560-560, Brasil",293855037,2,"flood (alagamento/enchente) - landslide excluded by category filter (SIAC 156 Assunto/Subdivisao is a distinct structured category, not free text)",siac156_curitiba_v1,"Ponto positivo administrativo geocodificado (mesmo criterio do v12 Recife). Nao e ground truth cartografico individual -- confianca strong = correspondencia de rua (geometria, nao numero exato); medium = fallback bairro-centroide.","Nao usar como escore, threshold ou variavel derivada do rotulo. Nao promover a 'validado'/'confirmado' sem revisao do REV-P."
Curitiba,1,CUR_SIAC156_e335ab76a44f0f45,-25.4464725,-49.205096,18/02/2025,2025,Drenagem,Alagamentos,RUA DOUTOR URBANO TONIOLO,CAJURU,strong,"Rua Doutor Urbano Toniolo, Cajuru, Curitiba, Paraná, Região Sul, 82810-000, Brasil",163218374,2,"flood (alagamento/enchente) - landslide excluded by category filter (SIAC 156 Assunto/Subdivisao is a distinct structured category, not free text)",siac156_curitiba_v1,"Ponto positivo administrativo geocodificado (mesmo criterio do v12 Recife). Nao e ground truth cartografico individual -- confianca strong = correspondencia de rua (geometria, nao numero exato); medium = fallback bairro-centroide.","Nao usar como escore, threshold ou variavel derivada do rotulo. Nao promover a 'validado'/'confirmado' sem revisao do REV-P."
Curitiba,1,CUR_SIAC156_e8b2336c58729343,-25.4721014,-49.202044,21/02/2025,2025,Drenagem,Alagamentos,Ayrton Turra,CAJURU,strong,"Rua Ayrton Turra, Cajuru, Curitiba, Paraná, Região Sul, 82970-232, Brasil",309131576,1,"flood (alagamento/enchente) - landslide excluded by category filter (SIAC 156 Assunto/Subdivisao is a distinct structured category, not free text)",siac156_curitiba_v1,"Ponto positivo administrativo geocodificado (mesmo criterio do v12 Recife). Nao e ground truth cartografico individual -- confianca strong = correspondencia de rua (geometria, nao numero exato); medium = fallback bairro-centroide.","Nao usar como escore, threshold ou variavel derivada do rotulo. Nao promover a 'validado'/'confirmado' sem revisao do REV-P."
Curitiba,1,CUR_SIAC156_5af66512cdf8352f,-25.4929765,-49.2237722,27/02/2025,2025,Drenagem,Alagamentos,RUA DONA BARBARA CID,UBERABA,strong,"Rua Dona Bárbara Cid, Uberaba, Curitiba, Paraná, Região Sul, 81580-130, Brasil",125391119,1,"flood (alagamento/enchente) - landslide excluded by category filter (SIAC 156 Assunto/Subdivisao is a distinct structured category, not free text)",siac156_curitiba_v1,"Ponto positivo administrativo geocodificado (mesmo criterio do v12 Recife). Nao e ground truth cartografico individual -- confianca strong = correspondencia de rua (geometria, nao numero exato); medium = fallback bairro-centroide.","Nao usar como escore, threshold ou variavel derivada do rotulo. Nao promover a 'validado'/'confirmado' sem revisao do REV-P."
Curitiba,1,CUR_SIAC156_687c369cf86ad607,-25.4533496,-49.2130027,07/03/2025,2025,Drenagem,Alagamentos,Padre Karol Dworaczek,CAJURU,medium,"Cajuru, Curitiba, Paraná, Região Sul, Brasil",3882263,1,"flood (alagamento/enchente) - landslide excluded by category filter (SIAC 156 Assunto/Subdivisao is a distinct structured category, not free text)",siac156_curitiba_v1,"Ponto positivo administrativo geocodificado (mesmo criterio do v12 Recife). Nao e ground truth cartografico individual -- confianca strong = correspondencia de rua (geometria, nao numero exato); medium = fallback bairro-centroide.","Nao usar como escore, threshold ou variavel derivada do rotulo. Nao promover a 'validado'/'confirmado' sem revisao do REV-P."
Curitiba,1,CUR_SIAC156_c08b7c7185c0faf4,-25.4634131,-49.2265627,22/04/2025,2025,Drenagem,Alagamentos,RUA EDUARDO COUTURE,JARDIM DAS AMERICAS,strong,"Rua Eduardo Couture, Jardim das Américas, Curitiba, Paraná, Região Sul, 81530-380, Brasil",56051046,1,"flood (alagamento/enchente) - landslide excluded by category filter (SIAC 156 Assunto/Subdivisao is a distinct structured category, not free text)",siac156_curitiba_v1,"Ponto positivo administrativo geocodificado (mesmo criterio do v12 Recife). Nao e ground truth cartografico individual -- confianca strong = correspondencia de rua (geometria, nao numero exato); medium = fallback bairro-centroide.","Nao usar como escore, threshold ou variavel derivada do rotulo. Nao promover a 'validado'/'confirmado' sem revisao do REV-P."
Curitiba,1,CUR_SIAC156_dc2091bd4daac770,-25.4579236,-49.2296277,28/04/2025,2025,Drenagem,Alagamentos,AVENIDA CORONEL FRANCISCO H DOS SANTOS,JARDIM DAS AMERICAS,medium,"Jardim das Américas, Curitiba, Paraná, Região Sul, Brasil",4146392,1,"flood (alagamento/enchente) - landslide excluded by category filter (SIAC 156 Assunto/Subdivisao is a distinct structured category, not free text)",siac156_curitiba_v1,"Ponto positivo administrativo geocodificado (mesmo criterio do v12 Recife). Nao e ground truth cartografico individual -- confianca strong = correspondencia de rua (geometria, nao numero exato); medium = fallback bairro-centroide.","Nao usar como escore, threshold ou variavel derivada do rotulo. Nao promover a 'validado'/'confirmado' sem revisao do REV-P."
Curitiba,1,CUR_SIAC156_2762c1f32f7c7381,-25.4574013,-49.2308505,28/04/2025,2025,Drenagem,Alagamentos,RUA RODOLPHO SENFF,JARDIM DAS AMERICAS,strong,"Rua Rodolpho Senff, Jardim das Américas, Curitiba, Paraná, Região Sul, 81530-200, Brasil",186823917,1,"flood (alagamento/enchente) - landslide excluded by category filter (SIAC 156 Assunto/Subdivisao is a distinct structured category, not free text)",siac156_curitiba_v1,"Ponto positivo administrativo geocodificado (mesmo criterio do v12 Recife). Nao e ground truth cartografico individual -- confianca strong = correspondencia de rua (geometria, nao numero exato); medium = fallback bairro-centroide.","Nao usar como escore, threshold ou variavel derivada do rotulo. Nao promover a 'validado'/'confirmado' sem revisao do REV-P."
Curitiba,1,CUR_SIAC156_5536de93f3fe05f1,-25.4735955,-49.2398641,07/08/2025,2025,Drenagem,Alagamentos,RUA ARLINDO ARAÚJO SOBRINHO,GUABIROTUBA,strong,"Rua Arlindo Araújo Sobrinho, Guabirotuba, Curitiba, Paraná, Região Sul, 81510-001, Brasil",125387406,1,"flood (alagamento/enchente) - landslide excluded by category filter (SIAC 156 Assunto/Subdivisao is a distinct structured category, not free text)",siac156_curitiba_v1,"Ponto positivo administrativo geocodificado (mesmo criterio do v12 Recife). Nao e ground truth cartografico individual -- confianca strong = correspondencia de rua (geometria, nao numero exato); medium = fallback bairro-centroide.","Nao usar como escore, threshold ou variavel derivada do rotulo. Nao promover a 'validado'/'confirmado' sem revisao do REV-P."
Curitiba,1,CUR_SIAC156_9229e33ff1480aea,-25.4571775,-49.1962219,13/10/2025,2025,Drenagem,Alagamentos,Custódio Borges de Andrade,CAJURU,strong,"Rua Custódio Borges de Andrade, Vila São Domingos Agrícola, Cajuru, Curitiba, Paraná, Região Sul, 82930-548, Brasil",364407969,1,"flood (alagamento/enchente) - landslide excluded by category filter (SIAC 156 Assunto/Subdivisao is a distinct structured category, not free text)",siac156_curitiba_v1,"Ponto positivo administrativo geocodificado (mesmo criterio do v12 Recife). Nao e ground truth cartografico individual -- confianca strong = correspondencia de rua (geometria, nao numero exato); medium = fallback bairro-centroide.","Nao usar como escore, threshold ou variavel derivada do rotulo. Nao promover a 'validado'/'confirmado' sem revisao do REV-P."
Curitiba,1,CUR_SIAC156_de6c5699ffb6f69f,-25.543694,-49.2675489,06/02/2025,2025,Drenagem,Alagamentos,RUA TIJUCAS DO SUL,SITIO CERCADO,strong,"Rua Tijucas do Sul, Sítio Cercado, Curitiba, Paraná, Região Sul, 81925-070, Brasil",106211390,2,"flood (alagamento/enchente) - landslide excluded by category filter (SIAC 156 Assunto/Subdivisao is a distinct structured category, not free text)",siac156_curitiba_v1,"Ponto positivo administrativo geocodificado (mesmo criterio do v12 Recife). Nao e ground truth cartografico individual -- confianca strong = correspondencia de rua (geometria, nao numero exato); medium = fallback bairro-centroide.","Nao usar como escore, threshold ou variavel derivada do rotulo. Nao promover a 'validado'/'confirmado' sem revisao do REV-P."
Curitiba,1,CUR_SIAC156_de6c5699ffb6f69f,-25.543694,-49.2675489,06/02/2025,2025,Drenagem,Alagamentos,RUA TIJUCAS DO SUL,SITIO CERCADO,strong,"Rua Tijucas do Sul, Sítio Cercado, Curitiba, Paraná, Região Sul, 81925-070, Brasil",106211390,2,"flood (alagamento/enchente) - landslide excluded by category filter (SIAC 156 Assunto/Subdivisao is a distinct structured category, not free text)",siac156_curitiba_v1,"Ponto positivo administrativo geocodificado (mesmo criterio do v12 Recife). Nao e ground truth cartografico individual -- confianca strong = correspondencia de rua (geometria, nao numero exato); medium = fallback bairro-centroide.","Nao usar como escore, threshold ou variavel derivada do rotulo. Nao promover a 'validado'/'confirmado' sem revisao do REV-P."
Curitiba,1,CUR_SIAC156_32f2145af311f00e,-25.5427012,-49.2691056,11/04/2025,2025,Drenagem,Alagamentos,Doutor Lauro Gentio Portugal Tavares,SITIO CERCADO,medium,"Sítio Cercado, Curitiba, Paraná, Região Sul, Brasil",5622123,1,"flood (alagamento/enchente) - landslide excluded by category filter (SIAC 156 Assunto/Subdivisao is a distinct structured category, not free text)",siac156_curitiba_v1,"Ponto positivo administrativo geocodificado (mesmo criterio do v12 Recife). Nao e ground truth cartografico individual -- confianca strong = correspondencia de rua (geometria, nao numero exato); medium = fallback bairro-centroide.","Nao usar como escore, threshold ou variavel derivada do rotulo. Nao promover a 'validado'/'confirmado' sem revisao do REV-P."
Curitiba,1,CUR_SIAC156_8ff89cb7c39acd26,-25.5447356,-49.2490709,05/06/2025,2025,Drenagem,Alagamentos,Cypriano Ribeiro Cid,SITIO CERCADO,strong,"Rua Cypriano Ribeiro Cid, Sítio Cercado, Curitiba, Paraná, Região Sul, 81920-080, Brasil",127251669,2,"flood (alagamento/enchente) - landslide excluded by category filter (SIAC 156 Assunto/Subdivisao is a distinct structured category, not free text)",siac156_curitiba_v1,"Ponto positivo administrativo geocodificado (mesmo criterio do v12 Recife). Nao e ground truth cartografico individual -- confianca strong = correspondencia de rua (geometria, nao numero exato); medium = fallback bairro-centroide.","Nao usar como escore, threshold ou variavel derivada do rotulo. Nao promover a 'validado'/'confirmado' sem revisao do REV-P."
Curitiba,1,CUR_SIAC156_8ff89cb7c39acd26,-25.5447356,-49.2490709,05/06/2025,2025,Drenagem,Alagamentos,Cypriano Ribeiro Cid,SITIO CERCADO,strong,"Rua Cypriano Ribeiro Cid, Sítio Cercado, Curitiba, Paraná, Região Sul, 81920-080, Brasil",127251669,2,"flood (alagamento/enchente) - landslide excluded by category filter (SIAC 156 Assunto/Subdivisao is a distinct structured category, not free text)",siac156_curitiba_v1,"Ponto positivo administrativo geocodificado (mesmo criterio do v12 Recife). Nao e ground truth cartografico individual -- confianca strong = correspondencia de rua (geometria, nao numero exato); medium = fallback bairro-centroide.","Nao usar como escore, threshold ou variavel derivada do rotulo. Nao promover a 'validado'/'confirmado' sem revisao do REV-P."
Curitiba,1,CUR_SIAC156_0f0ca19f9b71db3d,-25.5405716,-49.2577,29/09/2025,2025,Drenagem,Alagamentos,RUA OURIZONA,SITIO CERCADO,strong,"Rua Ourizona, Sítio Cercado, Curitiba, Paraná, Região Sul, 81920-090, Brasil",568800829,1,"flood (alagamento/enchente) - landslide excluded by category filter (SIAC 156 Assunto/Subdivisao is a distinct structured category, not free text)",siac156_curitiba_v1,"Ponto positivo administrativo geocodificado (mesmo criterio do v12 Recife). Nao e ground truth cartografico individual -- confianca strong = correspondencia de rua (geometria, nao numero exato); medium = fallback bairro-centroide.","Nao usar como escore, threshold ou variavel derivada do rotulo. Nao promover a 'validado'/'confirmado' sem revisao do REV-P."
Curitiba,1,CUR_SIAC156_da48f4557f27b9ee,-25.4244008,-49.2688916,20/01/2025,2025,Drenagem,Alagamentos,RUA PRESIDENTE FARIA,CENTRO CIVICO,strong,"Rua Presidente Faria, Centro, Curitiba, Paraná, Região Sul, 80020-250, Brasil",565470626,1,"flood (alagamento/enchente) - landslide excluded by category filter (SIAC 156 Assunto/Subdivisao is a distinct structured category, not free text)",siac156_curitiba_v1,"Ponto positivo administrativo geocodificado (mesmo criterio do v12 Recife). Nao e ground truth cartografico individual -- confianca strong = correspondencia de rua (geometria, nao numero exato); medium = fallback bairro-centroide.","Nao usar como escore, threshold ou variavel derivada do rotulo. Nao promover a 'validado'/'confirmado' sem revisao do REV-P."
Curitiba,1,CUR_SIAC156_78222a37fdd55462,-25.4123014,-49.2560948,24/01/2025,2025,Drenagem,Alagamentos,AVENIDA MUNHOZ DA ROCHA,JUVEVE,strong,"Avenida Munhoz da Rocha, Juvevê, Curitiba, Paraná, Região Sul, 80030-340, Brasil",127185656,1,"flood (alagamento/enchente) - landslide excluded by category filter (SIAC 156 Assunto/Subdivisao is a distinct structured category, not free text)",siac156_curitiba_v1,"Ponto positivo administrativo geocodificado (mesmo criterio do v12 Recife). Nao e ground truth cartografico individual -- confianca strong = correspondencia de rua (geometria, nao numero exato); medium = fallback bairro-centroide.","Nao usar como escore, threshold ou variavel derivada do rotulo. Nao promover a 'validado'/'confirmado' sem revisao do REV-P."
Curitiba,1,CUR_SIAC156_bac525526a636cc5,-25.4014833,-49.2507635,24/01/2025,2025,Drenagem,Alagamentos,RUA SÃO LUIZ,CABRAL,strong,"Rua São Luiz, Cabral, Curitiba, Paraná, Região Sul, 82540-010, Brasil",35971366,1,"flood (alagamento/enchente) - landslide excluded by category filter (SIAC 156 Assunto/Subdivisao is a distinct structured category, not free text)",siac156_curitiba_v1,"Ponto positivo administrativo geocodificado (mesmo criterio do v12 Recife). Nao e ground truth cartografico individual -- confianca strong = correspondencia de rua (geometria, nao numero exato); medium = fallback bairro-centroide.","Nao usar como escore, threshold ou variavel derivada do rotulo. Nao promover a 'validado'/'confirmado' sem revisao do REV-P."
Curitiba,1,CUR_SIAC156_fcece405b4c229c2,-25.426454,-49.2797616,03/02/2025,2025,Drenagem,Alagamentos,Martim Afonso,SAO FRANCISCO,strong,"Rua Martim Afonso, São Francisco, Curitiba, Paraná, Região Sul, 80410-060, Brasil",380939558,1,"flood (alagamento/enchente) - landslide excluded by category filter (SIAC 156 Assunto/Subdivisao is a distinct structured category, not free text)",siac156_curitiba_v1,"Ponto positivo administrativo geocodificado (mesmo criterio do v12 Recife). Nao e ground truth cartografico individual -- confianca strong = correspondencia de rua (geometria, nao numero exato); medium = fallback bairro-centroide.","Nao usar como escore, threshold ou variavel derivada do rotulo. Nao promover a 'validado'/'confirmado' sem revisao do REV-P."
Curitiba,1,CUR_SIAC156_4754381bf693c6f0,-25.4265324,-49.270647,04/02/2025,2025,Drenagem,Alagamentos,RUA BARÃO DO SERRO AZUL,CENTRO,strong,"Rua Barão do Serro Azul, Centro, Curitiba, Paraná, Região Sul, 80060-050, Brasil",458691860,1,"flood (alagamento/enchente) - landslide excluded by category filter (SIAC 156 Assunto/Subdivisao is a distinct structured category, not free text)",siac156_curitiba_v1,"Ponto positivo administrativo geocodificado (mesmo criterio do v12 Recife). Nao e ground truth cartografico individual -- confianca strong = correspondencia de rua (geometria, nao numero exato); medium = fallback bairro-centroide.","Nao usar como escore, threshold ou variavel derivada do rotulo. Nao promover a 'validado'/'confirmado' sem revisao do REV-P."
Curitiba,1,CUR_SIAC156_e8630aec0b4b6aa0,-25.4197489,-49.27109,10/02/2025,2025,Drenagem,Alagamentos,Mateus Leme,SAO FRANCISCO,strong,"Rua Mateus Leme, São Francisco, Curitiba, Paraná, Região Sul, 80530-010, Brasil",29429443,1,"flood (alagamento/enchente) - landslide excluded by category filter (SIAC 156 Assunto/Subdivisao is a distinct structured category, not free text)",siac156_curitiba_v1,"Ponto positivo administrativo geocodificado (mesmo criterio do v12 Recife). Nao e ground truth cartografico individual -- confianca strong = correspondencia de rua (geometria, nao numero exato); medium = fallback bairro-centroide.","Nao usar como escore, threshold ou variavel derivada do rotulo. Nao promover a 'validado'/'confirmado' sem revisao do REV-P."
Curitiba,1,CUR_SIAC156_99856cf483b79ea2,-25.4257311,-49.2402415,10/02/2025,2025,Drenagem,Alagamentos,Madre Leonie,JARDIM SOCIAL,strong,"Rua Madre Leonie, Jardim Social, Curitiba, Paraná, Região Sul, 82530-010, Brasil",338482527,1,"flood (alagamento/enchente) - landslide excluded by category filter (SIAC 156 Assunto/Subdivisao is a distinct structured category, not free text)",siac156_curitiba_v1,"Ponto positivo administrativo geocodificado (mesmo criterio do v12 Recife). Nao e ground truth cartografico individual -- confianca strong = correspondencia de rua (geometria, nao numero exato); medium = fallback bairro-centroide.","Nao usar como escore, threshold ou variavel derivada do rotulo. Nao promover a 'validado'/'confirmado' sem revisao do REV-P."
Curitiba,1,CUR_SIAC156_5481c75903bf0ed7,-25.4396938,-49.2443992,13/02/2025,2025,Drenagem,Alagamentos,RUA SÃO JOAQUIM,JARDIM BOTANICO,strong,"Rua São Joaquim, Jardim Botânico, Curitiba, Paraná, Região Sul, 80210-310, Brasil",24777465,1,"flood (alagamento/enchente) - landslide excluded by category filter (SIAC 156 Assunto/Subdivisao is a distinct structured category, not free text)",siac156_curitiba_v1,"Ponto positivo administrativo geocodificado (mesmo criterio do v12 Recife). Nao e ground truth cartografico individual -- confianca strong = correspondencia de rua (geometria, nao numero exato); medium = fallback bairro-centroide.","Nao usar como escore, threshold ou variavel derivada do rotulo. Nao promover a 'validado'/'confirmado' sem revisao do REV-P."
Curitiba,1,CUR_SIAC156_5f3836cdd6a071d7,-25.4382373,-49.2703137,13/02/2025,2025,Drenagem,Alagamentos,Desembargador Westphalen,CENTRO,strong,"Rua Desembargador Westphalen, Centro, Curitiba, Paraná, Região Sul, 80230-901, Brasil",397646580,1,"flood (alagamento/enchente) - landslide excluded by category filter (SIAC 156 Assunto/Subdivisao is a distinct structured category, not free text)",siac156_curitiba_v1,"Ponto positivo administrativo geocodificado (mesmo criterio do v12 Recife). Nao e ground truth cartografico individual -- confianca strong = correspondencia de rua (geometria, nao numero exato); medium = fallback bairro-centroide.","Nao usar como escore, threshold ou variavel derivada do rotulo. Nao promover a 'validado'/'confirmado' sem revisao do REV-P."
Curitiba,1,CUR_SIAC156_f1d98fa3bf6e9eb9,-25.437403,-49.2807779,14/02/2025,2025,Drenagem,Alagamentos,RUA DESEMBARGADOR MOTTA,BATEL,strong,"Rua Desembargador Motta, Batel, Curitiba, Paraná, Região Sul, 80420-000, Brasil",44867748,1,"flood (alagamento/enchente) - landslide excluded by category filter (SIAC 156 Assunto/Subdivisao is a distinct structured category, not free text)",siac156_curitiba_v1,"Ponto positivo administrativo geocodificado (mesmo criterio do v12 Recife). Nao e ground truth cartografico individual -- confianca strong = correspondencia de rua (geometria, nao numero exato); medium = fallback bairro-centroide.","Nao usar como escore, threshold ou variavel derivada do rotulo. Nao promover a 'validado'/'confirmado' sem revisao do REV-P."
Curitiba,1,CUR_SIAC156_2ebb74140db86683,-25.4196583,-49.234537,18/02/2025,2025,Drenagem,Alagamentos,Manoel Correia de Freitas,JARDIM SOCIAL,medium,"Jardim Social, Curitiba, Paraná, Região Sul, Brasil",6228449,1,"flood (alagamento/enchente) - landslide excluded by category filter (SIAC 156 Assunto/Subdivisao is a distinct structured category, not free text)",siac156_curitiba_v1,"Ponto positivo administrativo geocodificado (mesmo criterio do v12 Recife). Nao e ground truth cartografico individual -- confianca strong = correspondencia de rua (geometria, nao numero exato); medium = fallback bairro-centroide.","Nao usar como escore, threshold ou variavel derivada do rotulo. Nao promover a 'validado'/'confirmado' sem revisao do REV-P."
Curitiba,1,CUR_SIAC156_0180f4b0250baacd,-25.4332137,-49.2622903,18/02/2025,2025,Drenagem,Alagamentos,RUA TIBAGI,CENTRO,strong,"Rua Tibagi, Centro, Curitiba, Paraná, Região Sul, 80060-110, Brasil",380939621,1,"flood (alagamento/enchente) - landslide excluded by category filter (SIAC 156 Assunto/Subdivisao is a distinct structured category, not free text)",siac156_curitiba_v1,"Ponto positivo administrativo geocodificado (mesmo criterio do v12 Recife). Nao e ground truth cartografico individual -- confianca strong = correspondencia de rua (geometria, nao numero exato); medium = fallback bairro-centroide.","Nao usar como escore, threshold ou variavel derivada do rotulo. Nao promover a 'validado'/'confirmado' sem revisao do REV-P."
Curitiba,1,CUR_SIAC156_18b3b1b0e110ca77,-25.4058986,-49.2717585,18/02/2025,2025,Drenagem,Alagamentos,RUA CELESTE SANTI,AHU,strong,"Rua Celeste Santi, Bom Retiro, Curitiba, Paraná, Região Sul, 80520-170, Brasil",192665488,1,"flood (alagamento/enchente) - landslide excluded by category filter (SIAC 156 Assunto/Subdivisao is a distinct structured category, not free text)",siac156_curitiba_v1,"Ponto positivo administrativo geocodificado (mesmo criterio do v12 Recife). Nao e ground truth cartografico individual -- confianca strong = correspondencia de rua (geometria, nao numero exato); medium = fallback bairro-centroide.","Nao usar como escore, threshold ou variavel derivada do rotulo. Nao promover a 'validado'/'confirmado' sem revisao do REV-P."
Curitiba,1,CUR_SIAC156_dc53a2d3991c42d5,-25.4189175,-49.2839597,18/02/2025,2025,Drenagem,Alagamentos,Coronel João Guilherme Guimarães,MERCES,strong,"Rua Coronel João Guilherme Guimarães, Mercês, Curitiba, Paraná, Região Sul, 80510-340, Brasil",165073647,1,"flood (alagamento/enchente) - landslide excluded by category filter (SIAC 156 Assunto/Subdivisao is a distinct structured category, not free text)",siac156_curitiba_v1,"Ponto positivo administrativo geocodificado (mesmo criterio do v12 Recife). Nao e ground truth cartografico individual -- confianca strong = correspondencia de rua (geometria, nao numero exato); medium = fallback bairro-centroide.","Nao usar como escore, threshold ou variavel derivada do rotulo. Nao promover a 'validado'/'confirmado' sem revisao do REV-P."
Curitiba,1,CUR_SIAC156_ee3dcc7d0291747e,-25.4352994,-49.2424701,19/02/2025,2025,Drenagem,Alagamentos,São José,CRISTO REI,strong,"Avenida São José, Cristo Rei, Curitiba, Paraná, Região Sul, 80050-380, Brasil",24553654,1,"flood (alagamento/enchente) - landslide excluded by category filter (SIAC 156 Assunto/Subdivisao is a distinct structured category, not free text)",siac156_curitiba_v1,"Ponto positivo administrativo geocodificado (mesmo criterio do v12 Recife). Nao e ground truth cartografico individual -- confianca strong = correspondencia de rua (geometria, nao numero exato); medium = fallback bairro-centroide.","Nao usar como escore, threshold ou variavel derivada do rotulo. Nao promover a 'validado'/'confirmado' sem revisao do REV-P."
Curitiba,1,CUR_SIAC156_d31efc342dd42bf2,-25.4372386,-49.2921825,21/02/2025,2025,Drenagem,Alagamentos,RUA FRANCISCO ROCHA,BIGORRILHO,strong,"Rua Francisco Rocha, Bigorrilho, Curitiba, Paraná, Região Sul, 80730-420, Brasil",223784049,1,"flood (alagamento/enchente) - landslide excluded by category filter (SIAC 156 Assunto/Subdivisao is a distinct structured category, not free text)",siac156_curitiba_v1,"Ponto positivo administrativo geocodificado (mesmo criterio do v12 Recife). Nao e ground truth cartografico individual -- confianca strong = correspondencia de rua (geometria, nao numero exato); medium = fallback bairro-centroide.","Nao usar como escore, threshold ou variavel derivada do rotulo. Nao promover a 'validado'/'confirmado' sem revisao do REV-P."
Curitiba,1,CUR_SIAC156_31b734ac64caffae,-25.4284452,-49.2799626,21/02/2025,2025,Drenagem,Alagamentos,RUA VISCONDE DE NACAR,MERCES,strong,"Rua Visconde de Nacar, Mercês, Curitiba, Paraná, Região Sul, 80410-001, Brasil",380939545,1,"flood (alagamento/enchente) - landslide excluded by category filter (SIAC 156 Assunto/Subdivisao is a distinct structured category, not free text)",siac156_curitiba_v1,"Ponto positivo administrativo geocodificado (mesmo criterio do v12 Recife). Nao e ground truth cartografico individual -- confianca strong = correspondencia de rua (geometria, nao numero exato); medium = fallback bairro-centroide.","Nao usar como escore, threshold ou variavel derivada do rotulo. Nao promover a 'validado'/'confirmado' sem revisao do REV-P."
Curitiba,1,CUR_SIAC156_c09f34587eead835,-25.4383334,-49.2750886,24/02/2025,2025,Drenagem,Alagamentos,RUA NUNES MACHADO,CENTRO,strong,"Rua Nunes Machado, Centro, Curitiba, Paraná, Região Sul, 80420-120, Brasil",28745211,1,"flood (alagamento/enchente) - landslide excluded by category filter (SIAC 156 Assunto/Subdivisao is a distinct structured category, not free text)",siac156_curitiba_v1,"Ponto positivo administrativo geocodificado (mesmo criterio do v12 Recife). Nao e ground truth cartografico individual -- confianca strong = correspondencia de rua (geometria, nao numero exato); medium = fallback bairro-centroide.","Nao usar como escore, threshold ou variavel derivada do rotulo. Nao promover a 'validado'/'confirmado' sem revisao do REV-P."
Curitiba,1,CUR_SIAC156_440eb21bdd5cd64d,-25.4354293,-49.2827366,25/02/2025,2025,Drenagem,Alagamentos,Vicente Machado,CENTRO,medium,"Vicente Machado, Rua Desembargador Motta, Centro, Curitiba, Paraná, Região Sul, 80420-000, Brasil",11047036941,1,"flood (alagamento/enchente) - landslide excluded by category filter (SIAC 156 Assunto/Subdivisao is a distinct structured category, not free text)",siac156_curitiba_v1,"Ponto positivo administrativo geocodificado (mesmo criterio do v12 Recife). Nao e ground truth cartografico individual -- confianca strong = correspondencia de rua (geometria, nao numero exato); medium = fallback bairro-centroide.","Nao usar como escore, threshold ou variavel derivada do rotulo. Nao promover a 'validado'/'confirmado' sem revisao do REV-P."
Curitiba,1,CUR_SIAC156_c5628f2cd6d804ba,-25.4246879,-49.2864524,25/02/2025,2025,Drenagem,Alagamentos,Brigadeiro Franco,MERCES,strong,"Rua Brigadeiro Franco, Mercês, Curitiba, Paraná, Região Sul, 80430-210, Brasil",358926104,1,"flood (alagamento/enchente) - landslide excluded by category filter (SIAC 156 Assunto/Subdivisao is a distinct structured category, not free text)",siac156_curitiba_v1,"Ponto positivo administrativo geocodificado (mesmo criterio do v12 Recife). Nao e ground truth cartografico individual -- confianca strong = correspondencia de rua (geometria, nao numero exato); medium = fallback bairro-centroide.","Nao usar como escore, threshold ou variavel derivada do rotulo. Nao promover a 'validado'/'confirmado' sem revisao do REV-P."
Curitiba,1,CUR_SIAC156_39ddc39329faed15,-25.4126682,-49.2767565,25/02/2025,2025,Drenagem,Alagamentos,Professora Maria José Godoy,BOM RETIRO,strong,"Rua Professora Maria José Godoy, Shopping da Rua Teffé, Bom Retiro, Curitiba, Paraná, Região Sul, 80520-260, Brasil",32943934,1,"flood (alagamento/enchente) - landslide excluded by category filter (SIAC 156 Assunto/Subdivisao is a distinct structured category, not free text)",siac156_curitiba_v1,"Ponto positivo administrativo geocodificado (mesmo criterio do v12 Recife). Nao e ground truth cartografico individual -- confianca strong = correspondencia de rua (geometria, nao numero exato); medium = fallback bairro-centroide.","Nao usar como escore, threshold ou variavel derivada do rotulo. Nao promover a 'validado'/'confirmado' sem revisao do REV-P."
Curitiba,1,CUR_SIAC156_0d2852a2a728e52a,-25.4332137,-49.2622903,18/03/2025,2025,Drenagem,Alagamentos,RUA TIBAGI,CENTRO,strong,"Rua Tibagi, Centro, Curitiba, Paraná, Região Sul, 80060-110, Brasil",380939621,1,"flood (alagamento/enchente) - landslide excluded by category filter (SIAC 156 Assunto/Subdivisao is a distinct structured category, not free text)",siac156_curitiba_v1,"Ponto positivo administrativo geocodificado (mesmo criterio do v12 Recife). Nao e ground truth cartografico individual -- confianca strong = correspondencia de rua (geometria, nao numero exato); medium = fallback bairro-centroide.","Nao usar como escore, threshold ou variavel derivada do rotulo. Nao promover a 'validado'/'confirmado' sem revisao do REV-P."
Curitiba,1,CUR_SIAC156_d7764c3e6e9a176b,-25.4104581,-49.2515578,04/04/2025,2025,Drenagem,Alagamentos,RUA DOUTOR MANOEL PEDRO,CABRAL,strong,"Rua Doutor Manoel Pedro, Cabral, Curitiba, Paraná, Região Sul, 80035-049, Brasil",295105528,1,"flood (alagamento/enchente) - landslide excluded by category filter (SIAC 156 Assunto/Subdivisao is a distinct structured category, not free text)",siac156_curitiba_v1,"Ponto positivo administrativo geocodificado (mesmo criterio do v12 Recife). Nao e ground truth cartografico individual -- confianca strong = correspondencia de rua (geometria, nao numero exato); medium = fallback bairro-centroide.","Nao usar como escore, threshold ou variavel derivada do rotulo. Nao promover a 'validado'/'confirmado' sem revisao do REV-P."
Curitiba,1,CUR_SIAC156_7b02d20a666ac557,-25.4109245,-49.2776904,30/05/2025,2025,Drenagem,Alagamentos,RUA CARLOS PIOLI,BOM RETIRO,strong,"Rua Carlos Pioli, Bom Retiro, Curitiba, Paraná, Região Sul, 80520-250, Brasil",254585162,1,"flood (alagamento/enchente) - landslide excluded by category filter (SIAC 156 Assunto/Subdivisao is a distinct structured category, not free text)",siac156_curitiba_v1,"Ponto positivo administrativo geocodificado (mesmo criterio do v12 Recife). Nao e ground truth cartografico individual -- confianca strong = correspondencia de rua (geometria, nao numero exato); medium = fallback bairro-centroide.","Nao usar como escore, threshold ou variavel derivada do rotulo. Nao promover a 'validado'/'confirmado' sem revisao do REV-P."
Curitiba,1,CUR_SIAC156_20b0cace8cfc1183,-25.4276401,-49.2672078,05/09/2025,2025,Drenagem,Alagamentos,RUA TREZE DE MAIO,CENTRO,strong,"Rua Treze de Maio, Centro, Curitiba, Paraná, Região Sul, 80020-270, Brasil",654377004,1,"flood (alagamento/enchente) - landslide excluded by category filter (SIAC 156 Assunto/Subdivisao is a distinct structured category, not free text)",siac156_curitiba_v1,"Ponto positivo administrativo geocodificado (mesmo criterio do v12 Recife). Nao e ground truth cartografico individual -- confianca strong = correspondencia de rua (geometria, nao numero exato); medium = fallback bairro-centroide.","Nao usar como escore, threshold ou variavel derivada do rotulo. Nao promover a 'validado'/'confirmado' sem revisao do REV-P."
Curitiba,1,CUR_SIAC156_d43f69e951adee9e,-25.4725842,-49.194381,13/02/2025,2025,Proteção ao cidadão - GM,"Enchentes, inundações ou alagamentos",RUA PADRE ARNALDO JANSSEN,CAJURU,strong,"Rua Padre Arnaldo Janssen, Cajuru, Curitiba, Paraná, Região Sul, 82980-130, Brasil",163153938,1,"flood (alagamento/enchente) - landslide excluded by category filter (SIAC 156 Assunto/Subdivisao is a distinct structured category, not free text)",siac156_curitiba_v1,"Ponto positivo administrativo geocodificado (mesmo criterio do v12 Recife). Nao e ground truth cartografico individual -- confianca strong = correspondencia de rua (geometria, nao numero exato); medium = fallback bairro-centroide.","Nao usar como escore, threshold ou variavel derivada do rotulo. Nao promover a 'validado'/'confirmado' sem revisao do REV-P."
Curitiba,1,CUR_SIAC156_ae94311cbdbc04d7,-25.482083,-49.3032923,18/02/2025,2025,Proteção ao cidadão - GM,"Enchentes, inundações ou alagamentos",RUA BALDUR MAGNUS GRUBBA,NOVO MUNDO,strong,"Rua Baldur Magnus Grubba, Vila Uberlândia, Novo Mundo, Curitiba, Paraná, Região Sul, 81070-110, Brasil",42803381,2,"flood (alagamento/enchente) - landslide excluded by category filter (SIAC 156 Assunto/Subdivisao is a distinct structured category, not free text)",siac156_curitiba_v1,"Ponto positivo administrativo geocodificado (mesmo criterio do v12 Recife). Nao e ground truth cartografico individual -- confianca strong = correspondencia de rua (geometria, nao numero exato); medium = fallback bairro-centroide.","Nao usar como escore, threshold ou variavel derivada do rotulo. Nao promover a 'validado'/'confirmado' sem revisao do REV-P."
Curitiba,1,CUR_SIAC156_a12eae2acf408bf2,-25.4705732,-49.2571604,18/02/2025,2025,Proteção ao cidadão - GM,"Enchentes, inundações ou alagamentos",AVENIDA PRESIDENTE WENCESLAU BRAZ,PAROLIN,strong,"Avenida Presidente Wenceslau Braz, Parolin, Curitiba, Paraná, Região Sul, 81030-030, Brasil",24783529,1,"flood (alagamento/enchente) - landslide excluded by category filter (SIAC 156 Assunto/Subdivisao is a distinct structured category, not free text)",siac156_curitiba_v1,"Ponto positivo administrativo geocodificado (mesmo criterio do v12 Recife). Nao e ground truth cartografico individual -- confianca strong = correspondencia de rua (geometria, nao numero exato); medium = fallback bairro-centroide.","Nao usar como escore, threshold ou variavel derivada do rotulo. Nao promover a 'validado'/'confirmado' sem revisao do REV-P."
Curitiba,1,CUR_SIAC156_4ab8702f34a34aa1,-25.4081686,-49.2395069,12/03/2025,2025,Proteção ao cidadão - GM,"Enchentes, inundações ou alagamentos",Rua Colômbia,BACACHERI,strong,"Rua Colômbia, Bacacheri, Curitiba, Paraná, Região Sul, 82515-030, Brasil",1104868486,1,"flood (alagamento/enchente) - landslide excluded by category filter (SIAC 156 Assunto/Subdivisao is a distinct structured category, not free text)",siac156_curitiba_v1,"Ponto positivo administrativo geocodificado (mesmo criterio do v12 Recife). Nao e ground truth cartografico individual -- confianca strong = correspondencia de rua (geometria, nao numero exato); medium = fallback bairro-centroide.","Nao usar como escore, threshold ou variavel derivada do rotulo. Nao promover a 'validado'/'confirmado' sem revisao do REV-P."
Curitiba,1,CUR_SIAC156_2c7b0c134e3dd803,-25.5528432,-49.2462192,13/04/2025,2025,Proteção ao cidadão - GM,"Enchentes, inundações ou alagamentos",Rua Deputado Sinval Martins Araújo,GANCHINHO,strong,"Rua Deputado Sinval Martins Araújo, Vila Moradias 23 de Agosto I, Ganchinho, Curitiba, Paraná, Região Sul, 81935-446, Brasil",164975524,1,"flood (alagamento/enchente) - landslide excluded by category filter (SIAC 156 Assunto/Subdivisao is a distinct structured category, not free text)",siac156_curitiba_v1,"Ponto positivo administrativo geocodificado (mesmo criterio do v12 Recife). Nao e ground truth cartografico individual -- confianca strong = correspondencia de rua (geometria, nao numero exato); medium = fallback bairro-centroide.","Nao usar como escore, threshold ou variavel derivada do rotulo. Nao promover a 'validado'/'confirmado' sem revisao do REV-P."
Curitiba,1,CUR_SIAC156_3a1b6c9d7ec0db69,-25.497993,-49.334522,13/10/2025,2025,Proteção ao cidadão - GM,"Enchentes, inundações ou alagamentos",RUA DESEMBARGADOR ERNANI GUARITA CARTAXO,CIDADE INDUSTRIAL,medium,"Cidade Industrial de Curitiba, Curitiba, Paraná, Região Sul, 81350-260, Brasil",3012156952,1,"flood (alagamento/enchente) - landslide excluded by category filter (SIAC 156 Assunto/Subdivisao is a distinct structured category, not free text)",siac156_curitiba_v1,"Ponto positivo administrativo geocodificado (mesmo criterio do v12 Recife). Nao e ground truth cartografico individual -- confianca strong = correspondencia de rua (geometria, nao numero exato); medium = fallback bairro-centroide.","Nao usar como escore, threshold ou variavel derivada do rotulo. Nao promover a 'validado'/'confirmado' sem revisao do REV-P."
Curitiba,1,CUR_SIAC156_51101836fb0d5594,-25.497993,-49.334522,18/02/2025,2025,Drenagem,Alagamentos,Rua Município de Eneas Marques,CIDADE INDUSTRIAL,medium,"Cidade Industrial de Curitiba, Curitiba, Paraná, Região Sul, 81350-260, Brasil",3012156952,2,"flood (alagamento/enchente) - landslide excluded by category filter (SIAC 156 Assunto/Subdivisao is a distinct structured category, not free text)",siac156_curitiba_v1,"Ponto positivo administrativo geocodificado (mesmo criterio do v12 Recife). Nao e ground truth cartografico individual -- confianca strong = correspondencia de rua (geometria, nao numero exato); medium = fallback bairro-centroide.","Nao usar como escore, threshold ou variavel derivada do rotulo. Nao promover a 'validado'/'confirmado' sem revisao do REV-P."
Curitiba,1,CUR_SIAC156_d9c465601344a0b2,-25.4895782,-49.3459345,05/06/2025,2025,Drenagem,Alagamentos,AVENIDA JUSCELINO KUBITSCHEK DE OLIVEIRA,CIDADE INDUSTRIAL,strong,"Avenida Juscelino Kubitschek de Oliveira (Marginal Oeste), Cidade Industrial de Curitiba, Curitiba, Paraná, Região Sul, 81250-460, Brasil",1259147529,1,"flood (alagamento/enchente) - landslide excluded by category filter (SIAC 156 Assunto/Subdivisao is a distinct structured category, not free text)",siac156_curitiba_v1,"Ponto positivo administrativo geocodificado (mesmo criterio do v12 Recife). Nao e ground truth cartografico individual -- confianca strong = correspondencia de rua (geometria, nao numero exato); medium = fallback bairro-centroide.","Nao usar como escore, threshold ou variavel derivada do rotulo. Nao promover a 'validado'/'confirmado' sem revisao do REV-P."
Curitiba,1,CUR_SIAC156_9cafe6af424fd978,-25.4895782,-49.3459345,05/06/2025,2025,Drenagem,Alagamentos,Juscelino Kubitschek de Oliveira,CIDADE INDUSTRIAL,strong,"Avenida Juscelino Kubitschek de Oliveira (Marginal Oeste), Cidade Industrial de Curitiba, Curitiba, Paraná, Região Sul, 81250-460, Brasil",1259147529,1,"flood (alagamento/enchente) - landslide excluded by category filter (SIAC 156 Assunto/Subdivisao is a distinct structured category, not free text)",siac156_curitiba_v1,"Ponto positivo administrativo geocodificado (mesmo criterio do v12 Recife). Nao e ground truth cartografico individual -- confianca strong = correspondencia de rua (geometria, nao numero exato); medium = fallback bairro-centroide.","Nao usar como escore, threshold ou variavel derivada do rotulo. Nao promover a 'validado'/'confirmado' sem revisao do REV-P."
Curitiba,1,CUR_SIAC156_1808daeb6ab9acc6,-25.497993,-49.334522,25/08/2025,2025,Drenagem,Alagamentos,AVENIDA JUSCELINO KUBITSCHEK DE OLIVEIRA LD,CIDADE INDUSTRIAL,medium,"Cidade Industrial de Curitiba, Curitiba, Paraná, Região Sul, 81350-260, Brasil",3012156952,1,"flood (alagamento/enchente) - landslide excluded by category filter (SIAC 156 Assunto/Subdivisao is a distinct structured category, not free text)",siac156_curitiba_v1,"Ponto positivo administrativo geocodificado (mesmo criterio do v12 Recife). Nao e ground truth cartografico individual -- confianca strong = correspondencia de rua (geometria, nao numero exato); medium = fallback bairro-centroide.","Nao usar como escore, threshold ou variavel derivada do rotulo. Nao promover a 'validado'/'confirmado' sem revisao do REV-P."
Curitiba,1,CUR_SIAC156_8371dcf7e18d7cde,-25.4995116,-49.3141922,26/08/2025,2025,Drenagem,Alagamentos,RUA OSMAR ROSA,CIDADE INDUSTRIAL,strong,"Rua Osmar Rosa, Cidade Industrial de Curitiba, Curitiba, Paraná, Região Sul, 81310-300, Brasil",48288712,1,"flood (alagamento/enchente) - landslide excluded by category filter (SIAC 156 Assunto/Subdivisao is a distinct structured category, not free text)",siac156_curitiba_v1,"Ponto positivo administrativo geocodificado (mesmo criterio do v12 Recife). Nao e ground truth cartografico individual -- confianca strong = correspondencia de rua (geometria, nao numero exato); medium = fallback bairro-centroide.","Nao usar como escore, threshold ou variavel derivada do rotulo. Nao promover a 'validado'/'confirmado' sem revisao do REV-P."
Curitiba,1,CUR_SIAC156_b5220f8f8b2210f6,-25.497993,-49.334522,27/08/2025,2025,Drenagem,Alagamentos,AVENIDA JUSCELINO KUBITSCHEK DE OLIVEIRA LD,CIDADE INDUSTRIAL,medium,"Cidade Industrial de Curitiba, Curitiba, Paraná, Região Sul, 81350-260, Brasil",3012156952,1,"flood (alagamento/enchente) - landslide excluded by category filter (SIAC 156 Assunto/Subdivisao is a distinct structured category, not free text)",siac156_curitiba_v1,"Ponto positivo administrativo geocodificado (mesmo criterio do v12 Recife). Nao e ground truth cartografico individual -- confianca strong = correspondencia de rua (geometria, nao numero exato); medium = fallback bairro-centroide.","Nao usar como escore, threshold ou variavel derivada do rotulo. Nao promover a 'validado'/'confirmado' sem revisao do REV-P."
Curitiba,1,CUR_SIAC156_48d9ad622abdc334,-25.497993,-49.334522,05/09/2025,2025,Drenagem,Alagamentos,AVENIDA JUSCELINO KUBITSCHEK DE OLIVEIRA LE,CIDADE INDUSTRIAL,medium,"Cidade Industrial de Curitiba, Curitiba, Paraná, Região Sul, 81350-260, Brasil",3012156952,1,"flood (alagamento/enchente) - landslide excluded by category filter (SIAC 156 Assunto/Subdivisao is a distinct structured category, not free text)",siac156_curitiba_v1,"Ponto positivo administrativo geocodificado (mesmo criterio do v12 Recife). Nao e ground truth cartografico individual -- confianca strong = correspondencia de rua (geometria, nao numero exato); medium = fallback bairro-centroide.","Nao usar como escore, threshold ou variavel derivada do rotulo. Nao promover a 'validado'/'confirmado' sem revisao do REV-P."
Curitiba,1,CUR_SIAC156_5deabb6285985677,-25.498605,-49.340775,17/09/2025,2025,Drenagem,Alagamentos,RUA LEONOR FIORI GRANATO,CIDADE INDUSTRIAL,strong,"Rua Leonor Fiori Granato, Cidade Industrial de Curitiba, Curitiba, Paraná, Região Sul, 81350-260, Brasil",138705722,1,"flood (alagamento/enchente) - landslide excluded by category filter (SIAC 156 Assunto/Subdivisao is a distinct structured category, not free text)",siac156_curitiba_v1,"Ponto positivo administrativo geocodificado (mesmo criterio do v12 Recife). Nao e ground truth cartografico individual -- confianca strong = correspondencia de rua (geometria, nao numero exato); medium = fallback bairro-centroide.","Nao usar como escore, threshold ou variavel derivada do rotulo. Nao promover a 'validado'/'confirmado' sem revisao do REV-P."
Curitiba,1,CUR_SIAC156_24bc79029077a6c3,-25.497993,-49.334522,24/11/2025,2025,Drenagem,Alagamentos,AVENIDA JUSCELINO KUBITSCHEK DE OLIVEIRA EC,CIDADE INDUSTRIAL,medium,"Cidade Industrial de Curitiba, Curitiba, Paraná, Região Sul, 81350-260, Brasil",3012156952,1,"flood (alagamento/enchente) - landslide excluded by category filter (SIAC 156 Assunto/Subdivisao is a distinct structured category, not free text)",siac156_curitiba_v1,"Ponto positivo administrativo geocodificado (mesmo criterio do v12 Recife). Nao e ground truth cartografico individual -- confianca strong = correspondencia de rua (geometria, nao numero exato); medium = fallback bairro-centroide.","Nao usar como escore, threshold ou variavel derivada do rotulo. Nao promover a 'validado'/'confirmado' sem revisao do REV-P."
Curitiba,1,CUR_SIAC156_d84edd65f0ccb013,-25.5847098,-49.3198437,09/12/2025,2025,Drenagem,Alagamentos,Rua Andrelino Pereira da Silva,CAMPO DE SANTANA,strong,"Rua Andrelino Pereira da Silva, Vila Olinda II, Campo de Santana, Curitiba, Paraná, Região Sul, 81490-090, Brasil",169645497,1,"flood (alagamento/enchente) - landslide excluded by category filter (SIAC 156 Assunto/Subdivisao is a distinct structured category, not free text)",siac156_curitiba_v1,"Ponto positivo administrativo geocodificado (mesmo criterio do v12 Recife). Nao e ground truth cartografico individual -- confianca strong = correspondencia de rua (geometria, nao numero exato); medium = fallback bairro-centroide.","Nao usar como escore, threshold ou variavel derivada do rotulo. Nao promover a 'validado'/'confirmado' sem revisao do REV-P."
Curitiba,1,CUR_SIAC156_8da26a4b2c1da483,-25.497263,-49.2034052,22/01/2025,2025,Proteção ao cidadão - GM,"Enchentes, inundações ou alagamentos",Rua Manoela Stier Reiss,UBERABA,strong,"Rua Manoela Stier Reiss, Vila Jardim Icaray, Uberaba, Curitiba, Paraná, Região Sul, 81560-615, Brasil",125624723,2,"flood (alagamento/enchente) - landslide excluded by category filter (SIAC 156 Assunto/Subdivisao is a distinct structured category, not free text)",siac156_curitiba_v1,"Ponto positivo administrativo geocodificado (mesmo criterio do v12 Recife). Nao e ground truth cartografico individual -- confianca strong = correspondencia de rua (geometria, nao numero exato); medium = fallback bairro-centroide.","Nao usar como escore, threshold ou variavel derivada do rotulo. Nao promover a 'validado'/'confirmado' sem revisao do REV-P."
Curitiba,1,CUR_SIAC156_8dc9a40ba77e0bb0,-25.5443334,-49.282933,24/01/2025,2025,Proteção ao cidadão - GM,"Enchentes, inundações ou alagamentos",Rua Celeste Tortato Gabardo,SITIO CERCADO,strong,"Rua Celeste Tortato Gabardo, Vila Nova Aurora, Sítio Cercado, Curitiba, Paraná, Região Sul, 81900-440, Brasil",1226253026,1,"flood (alagamento/enchente) - landslide excluded by category filter (SIAC 156 Assunto/Subdivisao is a distinct structured category, not free text)",siac156_curitiba_v1,"Ponto positivo administrativo geocodificado (mesmo criterio do v12 Recife). Nao e ground truth cartografico individual -- confianca strong = correspondencia de rua (geometria, nao numero exato); medium = fallback bairro-centroide.","Nao usar como escore, threshold ou variavel derivada do rotulo. Nao promover a 'validado'/'confirmado' sem revisao do REV-P."
Curitiba,1,CUR_SIAC156_1454f445b05788e0,-25.3759807,-49.263982,26/01/2025,2025,Proteção ao cidadão - GM,"Enchentes, inundações ou alagamentos",RUA BRUNO MERTENS,BARREIRINHA,strong,"Rua Bruno Mertens, Barreirinha, Curitiba, Paraná, Região Sul, 82700-110, Brasil",162228641,1,"flood (alagamento/enchente) - landslide excluded by category filter (SIAC 156 Assunto/Subdivisao is a distinct structured category, not free text)",siac156_curitiba_v1,"Ponto positivo administrativo geocodificado (mesmo criterio do v12 Recife). Nao e ground truth cartografico individual -- confianca strong = correspondencia de rua (geometria, nao numero exato); medium = fallback bairro-centroide.","Nao usar como escore, threshold ou variavel derivada do rotulo. Nao promover a 'validado'/'confirmado' sem revisao do REV-P."
Curitiba,1,CUR_SIAC156_826da0887dc4a63e,-25.497993,-49.334522,27/01/2025,2025,Proteção ao cidadão - GM,"Enchentes, inundações ou alagamentos",RUA PATRÍCIO BAGOLIN,CIDADE INDUSTRIAL,medium,"Cidade Industrial de Curitiba, Curitiba, Paraná, Região Sul, 81350-260, Brasil",3012156952,1,"flood (alagamento/enchente) - landslide excluded by category filter (SIAC 156 Assunto/Subdivisao is a distinct structured category, not free text)",siac156_curitiba_v1,"Ponto positivo administrativo geocodificado (mesmo criterio do v12 Recife). Nao e ground truth cartografico individual -- confianca strong = correspondencia de rua (geometria, nao numero exato); medium = fallback bairro-centroide.","Nao usar como escore, threshold ou variavel derivada do rotulo. Nao promover a 'validado'/'confirmado' sem revisao do REV-P."
Curitiba,1,CUR_SIAC156_6b67d5a433e0ea8a,-25.5498446,-49.2987317,28/01/2025,2025,Proteção ao cidadão - GM,"Enchentes, inundações ou alagamentos",RUA IGNEZ DE SOUZA SOARES,TATUQUARA,strong,"Rua Ignez de Souza Soares, Vila Tatuquara, Tatuquara, Curitiba, Paraná, Região Sul, 81940-185, Brasil",164655572,1,"flood (alagamento/enchente) - landslide excluded by category filter (SIAC 156 Assunto/Subdivisao is a distinct structured category, not free text)",siac156_curitiba_v1,"Ponto positivo administrativo geocodificado (mesmo criterio do v12 Recife). Nao e ground truth cartografico individual -- confianca strong = correspondencia de rua (geometria, nao numero exato); medium = fallback bairro-centroide.","Nao usar como escore, threshold ou variavel derivada do rotulo. Nao promover a 'validado'/'confirmado' sem revisao do REV-P."
Curitiba,1,CUR_SIAC156_e928de5995aa5a78,-25.501548,-49.2146547,28/01/2025,2025,Proteção ao cidadão - GM,"Enchentes, inundações ou alagamentos",Rua Arlindo Natal,UBERABA,strong,"Rua Arlindo Natal, Uberaba, Curitiba, Paraná, Região Sul, 81580-420, Brasil",60163934,1,"flood (alagamento/enchente) - landslide excluded by category filter (SIAC 156 Assunto/Subdivisao is a distinct structured category, not free text)",siac156_curitiba_v1,"Ponto positivo administrativo geocodificado (mesmo criterio do v12 Recife). Nao e ground truth cartografico individual -- confianca strong = correspondencia de rua (geometria, nao numero exato); medium = fallback bairro-centroide.","Nao usar como escore, threshold ou variavel derivada do rotulo. Nao promover a 'validado'/'confirmado' sem revisao do REV-P."
Curitiba,1,CUR_SIAC156_7c2c1c125b601d15,-25.4718975,-49.1943514,28/01/2025,2025,Proteção ao cidadão - GM,"Enchentes, inundações ou alagamentos",Rua Padre Estanislau Cebula,CAJURU,strong,"Rua Padre Estanislau Cebula, Cajuru, Curitiba, Paraná, Região Sul, 82980-130, Brasil",163153920,1,"flood (alagamento/enchente) - landslide excluded by category filter (SIAC 156 Assunto/Subdivisao is a distinct structured category, not free text)",siac156_curitiba_v1,"Ponto positivo administrativo geocodificado (mesmo criterio do v12 Recife). Nao e ground truth cartografico individual -- confianca strong = correspondencia de rua (geometria, nao numero exato); medium = fallback bairro-centroide.","Nao usar como escore, threshold ou variavel derivada do rotulo. Nao promover a 'validado'/'confirmado' sem revisao do REV-P."
Curitiba,1,CUR_SIAC156_43f82388433fbfec,-25.4355114,-49.2389133,28/01/2025,2025,Proteção ao cidadão - GM,"Enchentes, inundações ou alagamentos",Rua Oyapock,CRISTO REI,strong,"Rua Oyapock, Cristo Rei, Curitiba, Paraná, Região Sul, 80050-450, Brasil",1107163508,1,"flood (alagamento/enchente) - landslide excluded by category filter (SIAC 156 Assunto/Subdivisao is a distinct structured category, not free text)",siac156_curitiba_v1,"Ponto positivo administrativo geocodificado (mesmo criterio do v12 Recife). Nao e ground truth cartografico individual -- confianca strong = correspondencia de rua (geometria, nao numero exato); medium = fallback bairro-centroide.","Nao usar como escore, threshold ou variavel derivada do rotulo. Nao promover a 'validado'/'confirmado' sem revisao do REV-P."
Curitiba,1,CUR_SIAC156_a080876b64da981c,-25.4662324,-49.2041624,28/01/2025,2025,Proteção ao cidadão - GM,"Enchentes, inundações ou alagamentos",Rua Índia,CAJURU,strong,"Rua Índia, Cajuru, Curitiba, Paraná, Região Sul, 82960-000, Brasil",37184214,1,"flood (alagamento/enchente) - landslide excluded by category filter (SIAC 156 Assunto/Subdivisao is a distinct structured category, not free text)",siac156_curitiba_v1,"Ponto positivo administrativo geocodificado (mesmo criterio do v12 Recife). Nao e ground truth cartografico individual -- confianca strong = correspondencia de rua (geometria, nao numero exato); medium = fallback bairro-centroide.","Nao usar como escore, threshold ou variavel derivada do rotulo. Nao promover a 'validado'/'confirmado' sem revisao do REV-P."
Curitiba,1,CUR_SIAC156_4ab41efc34e4ca38,-25.3862353,-49.2008579,28/01/2025,2025,Proteção ao cidadão - GM,"Enchentes, inundações ou alagamentos",Rua Adelino Alexandrino Marquezini,ATUBA,strong,"Rua Adelino Alexandrino Marquezíni, Atuba, Curitiba, Paraná, Região Sul, 82630-305, Brasil",164943380,1,"flood (alagamento/enchente) - landslide excluded by category filter (SIAC 156 Assunto/Subdivisao is a distinct structured category, not free text)",siac156_curitiba_v1,"Ponto positivo administrativo geocodificado (mesmo criterio do v12 Recife). Nao e ground truth cartografico individual -- confianca strong = correspondencia de rua (geometria, nao numero exato); medium = fallback bairro-centroide.","Nao usar como escore, threshold ou variavel derivada do rotulo. Nao promover a 'validado'/'confirmado' sem revisao do REV-P."
Curitiba,1,CUR_SIAC156_605a0a8e22c344a6,-25.497987,-49.212359,28/01/2025,2025,Proteção ao cidadão - GM,"Enchentes, inundações ou alagamentos",RUA SANTO ANÍBAL MARIA DI FRANCIA,UBERABA,strong,"Rua Santo Aníbal Maria Di Francia, Uberaba, Curitiba, Paraná, Região Sul, 81560-615, Brasil",125391986,1,"flood (alagamento/enchente) - landslide excluded by category filter (SIAC 156 Assunto/Subdivisao is a distinct structured category, not free text)",siac156_curitiba_v1,"Ponto positivo administrativo geocodificado (mesmo criterio do v12 Recife). Nao e ground truth cartografico individual -- confianca strong = correspondencia de rua (geometria, nao numero exato); medium = fallback bairro-centroide.","Nao usar como escore, threshold ou variavel derivada do rotulo. Nao promover a 'validado'/'confirmado' sem revisao do REV-P."
Curitiba,1,CUR_SIAC156_00c7feb7d2404d0e,-25.4869985,-49.2025221,28/01/2025,2025,Proteção ao cidadão - GM,"Enchentes, inundações ou alagamentos",Rua Senador Alô Guimarães,UBERABA,strong,"Rua Senador Alo Guimarães, Uberaba, Curitiba, Paraná, Região Sul, 81590-400, Brasil",56177690,1,"flood (alagamento/enchente) - landslide excluded by category filter (SIAC 156 Assunto/Subdivisao is a distinct structured category, not free text)",siac156_curitiba_v1,"Ponto positivo administrativo geocodificado (mesmo criterio do v12 Recife). Nao e ground truth cartografico individual -- confianca strong = correspondencia de rua (geometria, nao numero exato); medium = fallback bairro-centroide.","Nao usar como escore, threshold ou variavel derivada do rotulo. Nao promover a 'validado'/'confirmado' sem revisao do REV-P."
Curitiba,1,CUR_SIAC156_26b530720f8d10b3,-25.462597,-49.2128887,28/01/2025,2025,Proteção ao cidadão - GM,"Enchentes, inundações ou alagamentos",Rua Niterói,CAJURU,strong,"Rua Niterói, Cajuru, Curitiba, Paraná, Região Sul, 82940-090, Brasil",1363321231,2,"flood (alagamento/enchente) - landslide excluded by category filter (SIAC 156 Assunto/Subdivisao is a distinct structured category, not free text)",siac156_curitiba_v1,"Ponto positivo administrativo geocodificado (mesmo criterio do v12 Recife). Nao e ground truth cartografico individual -- confianca strong = correspondencia de rua (geometria, nao numero exato); medium = fallback bairro-centroide.","Nao usar como escore, threshold ou variavel derivada do rotulo. Nao promover a 'validado'/'confirmado' sem revisao do REV-P."
Curitiba,1,CUR_SIAC156_89d1e94c2c8c29e5,-25.4807645,-49.217369,28/01/2025,2025,Proteção ao cidadão - GM,"Enchentes, inundações ou alagamentos",RUA IGNEZ ROMFELD OTTO,UBERABA,strong,"Rua Ignez Romfeld Otto, Uberaba, Curitiba, Paraná, Região Sul, 81550-000, Brasil",125396756,1,"flood (alagamento/enchente) - landslide excluded by category filter (SIAC 156 Assunto/Subdivisao is a distinct structured category, not free text)",siac156_curitiba_v1,"Ponto positivo administrativo geocodificado (mesmo criterio do v12 Recife). Nao e ground truth cartografico individual -- confianca strong = correspondencia de rua (geometria, nao numero exato); medium = fallback bairro-centroide.","Nao usar como escore, threshold ou variavel derivada do rotulo. Nao promover a 'validado'/'confirmado' sem revisao do REV-P."
Curitiba,1,CUR_SIAC156_268f8fa0ff61a1e4,-25.454271,-49.2115721,28/01/2025,2025,Proteção ao cidadão - GM,"Enchentes, inundações ou alagamentos",Rua Capitão Guilherme Bianchi,CAJURU,strong,"Rua Capitão Guilherme Bianchi, Cajuru, Curitiba, Paraná, Região Sul, 82930-090, Brasil",232901240,1,"flood (alagamento/enchente) - landslide excluded by category filter (SIAC 156 Assunto/Subdivisao is a distinct structured category, not free text)",siac156_curitiba_v1,"Ponto positivo administrativo geocodificado (mesmo criterio do v12 Recife). Nao e ground truth cartografico individual -- confianca strong = correspondencia de rua (geometria, nao numero exato); medium = fallback bairro-centroide.","Nao usar como escore, threshold ou variavel derivada do rotulo. Nao promover a 'validado'/'confirmado' sem revisao do REV-P."
Curitiba,1,CUR_SIAC156_e9abc69640dd694e,-25.4859393,-49.2039909,28/01/2025,2025,Proteção ao cidadão - GM,"Enchentes, inundações ou alagamentos",Monsenhor Dunand,UBERABA,strong,"Rua Monsenhor Dunand, Uberaba, Curitiba, Paraná, Região Sul, 81590-370, Brasil",56177691,1,"flood (alagamento/enchente) - landslide excluded by category filter (SIAC 156 Assunto/Subdivisao is a distinct structured category, not free text)",siac156_curitiba_v1,"Ponto positivo administrativo geocodificado (mesmo criterio do v12 Recife). Nao e ground truth cartografico individual -- confianca strong = correspondencia de rua (geometria, nao numero exato); medium = fallback bairro-centroide.","Nao usar como escore, threshold ou variavel derivada do rotulo. Nao promover a 'validado'/'confirmado' sem revisao do REV-P."
Curitiba,1,CUR_SIAC156_25ca1912fd91417c,-25.490215,-49.2125598,28/01/2025,2025,Proteção ao cidadão - GM,"Enchentes, inundações ou alagamentos",RUA CAJÁ-MANGA,UBERABA,strong,"Rua Cajá-Manga, Uberaba, Curitiba, Paraná, Região Sul, 81560-420, Brasil",121038433,1,"flood (alagamento/enchente) - landslide excluded by category filter (SIAC 156 Assunto/Subdivisao is a distinct structured category, not free text)",siac156_curitiba_v1,"Ponto positivo administrativo geocodificado (mesmo criterio do v12 Recife). Nao e ground truth cartografico individual -- confianca strong = correspondencia de rua (geometria, nao numero exato); medium = fallback bairro-centroide.","Nao usar como escore, threshold ou variavel derivada do rotulo. Nao promover a 'validado'/'confirmado' sem revisao do REV-P."
Curitiba,1,CUR_SIAC156_1489a143114c665f,-25.4849252,-49.2153133,28/01/2025,2025,Proteção ao cidadão - GM,"Enchentes, inundações ou alagamentos",RUA SANTO ANIBAL MARIA DIFRANCIA,UBERABA,medium,"Uberaba, Curitiba, Paraná, Região Sul, Brasil",4146395,1,"flood (alagamento/enchente) - landslide excluded by category filter (SIAC 156 Assunto/Subdivisao is a distinct structured category, not free text)",siac156_curitiba_v1,"Ponto positivo administrativo geocodificado (mesmo criterio do v12 Recife). Nao e ground truth cartografico individual -- confianca strong = correspondencia de rua (geometria, nao numero exato); medium = fallback bairro-centroide.","Nao usar como escore, threshold ou variavel derivada do rotulo. Nao promover a 'validado'/'confirmado' sem revisao do REV-P."
Curitiba,1,CUR_SIAC156_887752a9cd7a2f85,-25.4655337,-49.2012351,28/01/2025,2025,Proteção ao cidadão - GM,"Enchentes, inundações ou alagamentos",Rua Etiópia,CAJURU,strong,"Rua Etiópia, Cajuru, Curitiba, Paraná, Região Sul, 82960-000, Brasil",164254338,1,"flood (alagamento/enchente) - landslide excluded by category filter (SIAC 156 Assunto/Subdivisao is a distinct structured category, not free text)",siac156_curitiba_v1,"Ponto positivo administrativo geocodificado (mesmo criterio do v12 Recife). Nao e ground truth cartografico individual -- confianca strong = correspondencia de rua (geometria, nao numero exato); medium = fallback bairro-centroide.","Nao usar como escore, threshold ou variavel derivada do rotulo. Nao promover a 'validado'/'confirmado' sem revisao do REV-P."
Curitiba,1,CUR_SIAC156_cb7d37a47c621fd3,-25.4146564,-49.2143797,28/01/2025,2025,Proteção ao cidadão - GM,"Enchentes, inundações ou alagamentos",RUA ALBERTO DE OLIVEIRA,BAIRRO ALTO,strong,"Rua Alberto de Oliveira, Bairro Alto, Curitiba, Paraná, Região Sul, 82820-390, Brasil",154697396,1,"flood (alagamento/enchente) - landslide excluded by category filter (SIAC 156 Assunto/Subdivisao is a distinct structured category, not free text)",siac156_curitiba_v1,"Ponto positivo administrativo geocodificado (mesmo criterio do v12 Recife). Nao e ground truth cartografico individual -- confianca strong = correspondencia de rua (geometria, nao numero exato); medium = fallback bairro-centroide.","Nao usar como escore, threshold ou variavel derivada do rotulo. Nao promover a 'validado'/'confirmado' sem revisao do REV-P."
Curitiba,1,CUR_SIAC156_9e8001c779257368,-25.4058225,-49.2076602,28/01/2025,2025,Proteção ao cidadão - GM,"Enchentes, inundações ou alagamentos",RUA VISCONDE DE ABAETÉ,BAIRRO ALTO,medium,"Bairro Alto, Curitiba, Paraná, Região Sul, 82840-160, Brasil",3012393446,1,"flood (alagamento/enchente) - landslide excluded by category filter (SIAC 156 Assunto/Subdivisao is a distinct structured category, not free text)",siac156_curitiba_v1,"Ponto positivo administrativo geocodificado (mesmo criterio do v12 Recife). Nao e ground truth cartografico individual -- confianca strong = correspondencia de rua (geometria, nao numero exato); medium = fallback bairro-centroide.","Nao usar como escore, threshold ou variavel derivada do rotulo. Nao promover a 'validado'/'confirmado' sem revisao do REV-P."
Curitiba,1,CUR_SIAC156_c03f5f5d9e2d2707,-25.4373779,-49.2052843,28/01/2025,2025,Proteção ao cidadão - GM,"Enchentes, inundações ou alagamentos",Rua Paulo Kissula,CAPAO DA IMBUIA,strong,"Rua Paulo Kissula, Capão da Imbuia, Curitiba, Paraná, Região Sul, 82810-460, Brasil",730970593,1,"flood (alagamento/enchente) - landslide excluded by category filter (SIAC 156 Assunto/Subdivisao is a distinct structured category, not free text)",siac156_curitiba_v1,"Ponto positivo administrativo geocodificado (mesmo criterio do v12 Recife). Nao e ground truth cartografico individual -- confianca strong = correspondencia de rua (geometria, nao numero exato); medium = fallback bairro-centroide.","Nao usar como escore, threshold ou variavel derivada do rotulo. Nao promover a 'validado'/'confirmado' sem revisao do REV-P."
Curitiba,1,CUR_SIAC156_09ab38b90db96c9e,-25.4194449,-49.2017352,28/01/2025,2025,Proteção ao cidadão - GM,"Enchentes, inundações ou alagamentos",RUA ADÍLIO RAMOS,BAIRRO ALTO,strong,"Rua Adílio Ramos, Bairro Alto, Curitiba, Paraná, Região Sul, 82820-090, Brasil",730970606,1,"flood (alagamento/enchente) - landslide excluded by category filter (SIAC 156 Assunto/Subdivisao is a distinct structured category, not free text)",siac156_curitiba_v1,"Ponto positivo administrativo geocodificado (mesmo criterio do v12 Recife). Nao e ground truth cartografico individual -- confianca strong = correspondencia de rua (geometria, nao numero exato); medium = fallback bairro-centroide.","Nao usar como escore, threshold ou variavel derivada do rotulo. Nao promover a 'validado'/'confirmado' sem revisao do REV-P."
Curitiba,1,CUR_SIAC156_1370a5a8269d12e8,-25.4073624,-49.200963,28/01/2025,2025,Proteção ao cidadão - GM,"Enchentes, inundações ou alagamentos",RUA JOAQUIM DA COSTA RIBEIRO,BAIRRO ALTO,strong,"Rua Joaquim da Costa Ribeiro, Bairro Alto, Curitiba, Paraná, Região Sul, 82840-200, Brasil",1207324243,1,"flood (alagamento/enchente) - landslide excluded by category filter (SIAC 156 Assunto/Subdivisao is a distinct structured category, not free text)",siac156_curitiba_v1,"Ponto positivo administrativo geocodificado (mesmo criterio do v12 Recife). Nao e ground truth cartografico individual -- confianca strong = correspondencia de rua (geometria, nao numero exato); medium = fallback bairro-centroide.","Nao usar como escore, threshold ou variavel derivada do rotulo. Nao promover a 'validado'/'confirmado' sem revisao do REV-P."
Curitiba,1,CUR_SIAC156_26b530720f8d10b3,-25.462597,-49.2128887,28/01/2025,2025,Proteção ao cidadão - GM,"Enchentes, inundações ou alagamentos",Rua Niterói,CAJURU,strong,"Rua Niterói, Cajuru, Curitiba, Paraná, Região Sul, 82940-090, Brasil",1363321231,2,"flood (alagamento/enchente) - landslide excluded by category filter (SIAC 156 Assunto/Subdivisao is a distinct structured category, not free text)",siac156_curitiba_v1,"Ponto positivo administrativo geocodificado (mesmo criterio do v12 Recife). Nao e ground truth cartografico individual -- confianca strong = correspondencia de rua (geometria, nao numero exato); medium = fallback bairro-centroide.","Nao usar como escore, threshold ou variavel derivada do rotulo. Nao promover a 'validado'/'confirmado' sem revisao do REV-P."
Curitiba,1,CUR_SIAC156_3a3996aa0caf4277,-25.3784693,-49.2775896,30/01/2025,2025,Proteção ao cidadão - GM,"Enchentes, inundações ou alagamentos",Rua Catharina Prodlik,ABRANCHES,strong,"Rua Catharina Prodlik, Abranches, Curitiba, Paraná, Região Sul, 82130-290, Brasil",150348438,1,"flood (alagamento/enchente) - landslide excluded by category filter (SIAC 156 Assunto/Subdivisao is a distinct structured category, not free text)",siac156_curitiba_v1,"Ponto positivo administrativo geocodificado (mesmo criterio do v12 Recife). Nao e ground truth cartografico individual -- confianca strong = correspondencia de rua (geometria, nao numero exato); medium = fallback bairro-centroide.","Nao usar como escore, threshold ou variavel derivada do rotulo. Nao promover a 'validado'/'confirmado' sem revisao do REV-P."
Curitiba,1,CUR_SIAC156_cd555d8fb2f7358d,-25.4625416,-49.2413238,31/01/2025,2025,Proteção ao cidadão - GM,"Enchentes, inundações ou alagamentos",RUA JOÃO CARLOS DE SOUZA CASTRO,GUABIROTUBA,strong,"Rua João Carlos de Souza Castro, Guabirotuba, Curitiba, Paraná, Região Sul, 81520-280, Brasil",93125239,1,"flood (alagamento/enchente) - landslide excluded by category filter (SIAC 156 Assunto/Subdivisao is a distinct structured category, not free text)",siac156_curitiba_v1,"Ponto positivo administrativo geocodificado (mesmo criterio do v12 Recife). Nao e ground truth cartografico individual -- confianca strong = correspondencia de rua (geometria, nao numero exato); medium = fallback bairro-centroide.","Nao usar como escore, threshold ou variavel derivada do rotulo. Nao promover a 'validado'/'confirmado' sem revisao do REV-P."
Curitiba,1,CUR_SIAC156_720b107f33e57f8b,-25.4565218,-49.2032275,31/01/2025,2025,Proteção ao cidadão - GM,"Enchentes, inundações ou alagamentos",Rua Tranquilo Saragiotto,CAJURU,strong,"Rua Tranquilo Saragiotto, Vila Florianópolis, Cajuru, Curitiba, Paraná, Região Sul, 82930-230, Brasil",164123906,1,"flood (alagamento/enchente) - landslide excluded by category filter (SIAC 156 Assunto/Subdivisao is a distinct structured category, not free text)",siac156_curitiba_v1,"Ponto positivo administrativo geocodificado (mesmo criterio do v12 Recife). Nao e ground truth cartografico individual -- confianca strong = correspondencia de rua (geometria, nao numero exato); medium = fallback bairro-centroide.","Nao usar como escore, threshold ou variavel derivada do rotulo. Nao promover a 'validado'/'confirmado' sem revisao do REV-P."
Curitiba,1,CUR_SIAC156_9aa2844e832a574c,-25.4580898,-49.2202594,31/01/2025,2025,Proteção ao cidadão - GM,"Enchentes, inundações ou alagamentos",RUA SALVADOR,CAJURU,strong,"Rua Salvador, Cajuru, Curitiba, Paraná, Região Sul, 81540-080, Brasil",56051070,1,"flood (alagamento/enchente) - landslide excluded by category filter (SIAC 156 Assunto/Subdivisao is a distinct structured category, not free text)",siac156_curitiba_v1,"Ponto positivo administrativo geocodificado (mesmo criterio do v12 Recife). Nao e ground truth cartografico individual -- confianca strong = correspondencia de rua (geometria, nao numero exato); medium = fallback bairro-centroide.","Nao usar como escore, threshold ou variavel derivada do rotulo. Nao promover a 'validado'/'confirmado' sem revisao do REV-P."
Curitiba,1,CUR_SIAC156_0f35f511f0979a4f,-25.4894906,-49.2201498,31/01/2025,2025,Proteção ao cidadão - GM,"Enchentes, inundações ou alagamentos",RUA AGOSTINHO ÂNGELO TREVISAN,UBERABA,strong,"Rua Agostinho Ângelo Trevisan, Uberaba, Curitiba, Paraná, Região Sul, 81560-235, Brasil",158947075,2,"flood (alagamento/enchente) - landslide excluded by category filter (SIAC 156 Assunto/Subdivisao is a distinct structured category, not free text)",siac156_curitiba_v1,"Ponto positivo administrativo geocodificado (mesmo criterio do v12 Recife). Nao e ground truth cartografico individual -- confianca strong = correspondencia de rua (geometria, nao numero exato); medium = fallback bairro-centroide.","Nao usar como escore, threshold ou variavel derivada do rotulo. Nao promover a 'validado'/'confirmado' sem revisao do REV-P."
Curitiba,1,CUR_SIAC156_773b10e82973d85e,-25.4583758,-49.2075862,31/01/2025,2025,Proteção ao cidadão - GM,"Enchentes, inundações ou alagamentos",Rua Natal,CAJURU,strong,"Rua Natal, Cajuru, Curitiba, Paraná, Região Sul, 82930-230, Brasil",232901223,1,"flood (alagamento/enchente) - landslide excluded by category filter (SIAC 156 Assunto/Subdivisao is a distinct structured category, not free text)",siac156_curitiba_v1,"Ponto positivo administrativo geocodificado (mesmo criterio do v12 Recife). Nao e ground truth cartografico individual -- confianca strong = correspondencia de rua (geometria, nao numero exato); medium = fallback bairro-centroide.","Nao usar como escore, threshold ou variavel derivada do rotulo. Nao promover a 'validado'/'confirmado' sem revisao do REV-P."
Curitiba,1,CUR_SIAC156_0984002c53a8033f,-25.4894906,-49.2201498,31/01/2025,2025,Proteção ao cidadão - GM,"Enchentes, inundações ou alagamentos",Rua Agostinho Ângelo Trevisan,UBERABA,strong,"Rua Agostinho Ângelo Trevisan, Uberaba, Curitiba, Paraná, Região Sul, 81560-000, Brasil",158947075,2,"flood (alagamento/enchente) - landslide excluded by category filter (SIAC 156 Assunto/Subdivisao is a distinct structured category, not free text)",siac156_curitiba_v1,"Ponto positivo administrativo geocodificado (mesmo criterio do v12 Recife). Nao e ground truth cartografico individual -- confianca strong = correspondencia de rua (geometria, nao numero exato); medium = fallback bairro-centroide.","Nao usar como escore, threshold ou variavel derivada do rotulo. Nao promover a 'validado'/'confirmado' sem revisao do REV-P."
Curitiba,1,CUR_SIAC156_e25124d0500daad3,-25.4901497,-49.2795105,31/01/2025,2025,Proteção ao cidadão - GM,"Enchentes, inundações ou alagamentos",Rua Brasílio Ribas,NOVO MUNDO,strong,"Rua Brasílio Ribas, Novo Mundo, Curitiba, Paraná, Região Sul, 81030-470, Brasil",126284373,1,"flood (alagamento/enchente) - landslide excluded by category filter (SIAC 156 Assunto/Subdivisao is a distinct structured category, not free text)",siac156_curitiba_v1,"Ponto positivo administrativo geocodificado (mesmo criterio do v12 Recife). Nao e ground truth cartografico individual -- confianca strong = correspondencia de rua (geometria, nao numero exato); medium = fallback bairro-centroide.","Nao usar como escore, threshold ou variavel derivada do rotulo. Nao promover a 'validado'/'confirmado' sem revisao do REV-P."
Curitiba,1,CUR_SIAC156_151b5e7ed9710396,-25.4032607,-49.2024962,01/02/2025,2025,Proteção ao cidadão - GM,"Enchentes, inundações ou alagamentos",Rua Rio Xingu,BAIRRO ALTO,strong,"Rua Rio Xingu, Bairro Alto, Curitiba, Paraná, Região Sul, 82840-200, Brasil",159676203,1,"flood (alagamento/enchente) - landslide excluded by category filter (SIAC 156 Assunto/Subdivisao is a distinct structured category, not free text)",siac156_curitiba_v1,"Ponto positivo administrativo geocodificado (mesmo criterio do v12 Recife). Nao e ground truth cartografico individual -- confianca strong = correspondencia de rua (geometria, nao numero exato); medium = fallback bairro-centroide.","Nao usar como escore, threshold ou variavel derivada do rotulo. Nao promover a 'validado'/'confirmado' sem revisao do REV-P."
Curitiba,1,CUR_SIAC156_9bbe10f5900559e4,-25.380276,-49.2436464,03/02/2025,2025,Proteção ao cidadão - GM,"Enchentes, inundações ou alagamentos",RUA CORONEL ARY PINHO,BOA VISTA,strong,"Rua Coronel Ary Pinho, Boa Vista, Curitiba, Paraná, Região Sul, 82650-090, Brasil",162217222,1,"flood (alagamento/enchente) - landslide excluded by category filter (SIAC 156 Assunto/Subdivisao is a distinct structured category, not free text)",siac156_curitiba_v1,"Ponto positivo administrativo geocodificado (mesmo criterio do v12 Recife). Nao e ground truth cartografico individual -- confianca strong = correspondencia de rua (geometria, nao numero exato); medium = fallback bairro-centroide.","Nao usar como escore, threshold ou variavel derivada do rotulo. Nao promover a 'validado'/'confirmado' sem revisao do REV-P."
Curitiba,1,CUR_SIAC156_03a6450866f83155,-25.4378311,-49.2154548,03/02/2025,2025,Proteção ao cidadão - GM,"Enchentes, inundações ou alagamentos",RUA HAYTON DA SILVA PEREIRA,CAPAO DA IMBUIA,strong,"Rua Hayton da Silva Pereira, Capão da Imbuia, Curitiba, Paraná, Região Sul, 82810-280, Brasil",164417452,1,"flood (alagamento/enchente) - landslide excluded by category filter (SIAC 156 Assunto/Subdivisao is a distinct structured category, not free text)",siac156_curitiba_v1,"Ponto positivo administrativo geocodificado (mesmo criterio do v12 Recife). Nao e ground truth cartografico individual -- confianca strong = correspondencia de rua (geometria, nao numero exato); medium = fallback bairro-centroide.","Nao usar como escore, threshold ou variavel derivada do rotulo. Nao promover a 'validado'/'confirmado' sem revisao do REV-P."
Curitiba,1,CUR_SIAC156_067d8c96439ec860,-25.4648005,-49.2201031,03/02/2025,2025,Proteção ao cidadão - GM,"Enchentes, inundações ou alagamentos",RUA ALETE DACHEAUX STORI,JARDIM DAS AMERICAS,strong,"Rua Alete Dacheaux Stori, Jardim das Américas, Curitiba, Paraná, Região Sul, 81540-120, Brasil",162510621,1,"flood (alagamento/enchente) - landslide excluded by category filter (SIAC 156 Assunto/Subdivisao is a distinct structured category, not free text)",siac156_curitiba_v1,"Ponto positivo administrativo geocodificado (mesmo criterio do v12 Recife). Nao e ground truth cartografico individual -- confianca strong = correspondencia de rua (geometria, nao numero exato); medium = fallback bairro-centroide.","Nao usar como escore, threshold ou variavel derivada do rotulo. Nao promover a 'validado'/'confirmado' sem revisao do REV-P."
Curitiba,1,CUR_SIAC156_851ee50b7fcf5b0a,-25.4465335,-49.3114864,03/02/2025,2025,Proteção ao cidadão - GM,"Enchentes, inundações ou alagamentos",Rua Abrahão Kalil Fadel,SEMINARIO,strong,"Rua Abrahão Kalil Fadel, Seminário, Curitiba, Paraná, Região Sul, 80310-100, Brasil",161320952,1,"flood (alagamento/enchente) - landslide excluded by category filter (SIAC 156 Assunto/Subdivisao is a distinct structured category, not free text)",siac156_curitiba_v1,"Ponto positivo administrativo geocodificado (mesmo criterio do v12 Recife). Nao e ground truth cartografico individual -- confianca strong = correspondencia de rua (geometria, nao numero exato); medium = fallback bairro-centroide.","Nao usar como escore, threshold ou variavel derivada do rotulo. Nao promover a 'validado'/'confirmado' sem revisao do REV-P."
Curitiba,1,CUR_SIAC156_ff93c4fe43d533e1,-25.4996684,-49.2610393,03/02/2025,2025,Proteção ao cidadão - GM,"Enchentes, inundações ou alagamentos",RUA HELCIO DA CUNHA AJUZ,XAXIM,strong,"Rua Helcio da Cunha Ajuz, Xaxim, Curitiba, Paraná, Região Sul, 81710-380, Brasil",84883108,1,"flood (alagamento/enchente) - landslide excluded by category filter (SIAC 156 Assunto/Subdivisao is a distinct structured category, not free text)",siac156_curitiba_v1,"Ponto positivo administrativo geocodificado (mesmo criterio do v12 Recife). Nao e ground truth cartografico individual -- confianca strong = correspondencia de rua (geometria, nao numero exato); medium = fallback bairro-centroide.","Nao usar como escore, threshold ou variavel derivada do rotulo. Nao promover a 'validado'/'confirmado' sem revisao do REV-P."
Curitiba,1,CUR_SIAC156_b0870ccfa3327ae0,-25.4930908,-49.2785668,03/02/2025,2025,Proteção ao cidadão - GM,"Enchentes, inundações ou alagamentos",RUA MAESTRO FRANCISCO ANTONELLO,NOVO MUNDO,strong,"Rua Maestro Francisco Antonello, Novo Mundo, Curitiba, Paraná, Região Sul, 81030-480, Brasil",285877758,1,"flood (alagamento/enchente) - landslide excluded by category filter (SIAC 156 Assunto/Subdivisao is a distinct structured category, not free text)",siac156_curitiba_v1,"Ponto positivo administrativo geocodificado (mesmo criterio do v12 Recife). Nao e ground truth cartografico individual -- confianca strong = correspondencia de rua (geometria, nao numero exato); medium = fallback bairro-centroide.","Nao usar como escore, threshold ou variavel derivada do rotulo. Nao promover a 'validado'/'confirmado' sem revisao do REV-P."
Curitiba,1,CUR_SIAC156_760be264b12cec73,-25.532668,-49.2390629,03/02/2025,2025,Proteção ao cidadão - GM,"Enchentes, inundações ou alagamentos",RUA CARLOS DE LAET,ALTO BOQUEIRAO,medium,"Alto Boqueirão, Curitiba, Paraná, Região Sul, Brasil",5622007,1,"flood (alagamento/enchente) - landslide excluded by category filter (SIAC 156 Assunto/Subdivisao is a distinct structured category, not free text)",siac156_curitiba_v1,"Ponto positivo administrativo geocodificado (mesmo criterio do v12 Recife). Nao e ground truth cartografico individual -- confianca strong = correspondencia de rua (geometria, nao numero exato); medium = fallback bairro-centroide.","Nao usar como escore, threshold ou variavel derivada do rotulo. Nao promover a 'validado'/'confirmado' sem revisao do REV-P."
Curitiba,1,CUR_SIAC156_4cde8dd60608615f,-25.4776883,-49.2699621,03/02/2025,2025,Proteção ao cidadão - GM,"Enchentes, inundações ou alagamentos",Avenida Henry Ford,LINDOIA,strong,"Avenida Henry Ford, Lindóia, Curitiba, Paraná, Região Sul, 81010-001, Brasil",126274279,2,"flood (alagamento/enchente) - landslide excluded by category filter (SIAC 156 Assunto/Subdivisao is a distinct structured category, not free text)",siac156_curitiba_v1,"Ponto positivo administrativo geocodificado (mesmo criterio do v12 Recife). Nao e ground truth cartografico individual -- confianca strong = correspondencia de rua (geometria, nao numero exato); medium = fallback bairro-centroide.","Nao usar como escore, threshold ou variavel derivada do rotulo. Nao promover a 'validado'/'confirmado' sem revisao do REV-P."
Curitiba,1,CUR_SIAC156_5f55a72826d5a37e,-25.4776883,-49.2699621,03/02/2025,2025,Proteção ao cidadão - GM,"Enchentes, inundações ou alagamentos",AVENIDA HENRY FORD,LINDOIA,strong,"Avenida Henry Ford, Lindóia, Curitiba, Paraná, Região Sul, 81010-001, Brasil",126274279,2,"flood (alagamento/enchente) - landslide excluded by category filter (SIAC 156 Assunto/Subdivisao is a distinct structured category, not free text)",siac156_curitiba_v1,"Ponto positivo administrativo geocodificado (mesmo criterio do v12 Recife). Nao e ground truth cartografico individual -- confianca strong = correspondencia de rua (geometria, nao numero exato); medium = fallback bairro-centroide.","Nao usar como escore, threshold ou variavel derivada do rotulo. Nao promover a 'validado'/'confirmado' sem revisao do REV-P."
Curitiba,1,CUR_SIAC156_10781772784b42e2,-25.5101598,-49.2708732,03/02/2025,2025,Proteção ao cidadão - GM,"Enchentes, inundações ou alagamentos",Rua Dante Honório,XAXIM,strong,"Rua Dante Honório, Xaxim, Curitiba, Paraná, Região Sul, 81810-150, Brasil",85019720,1,"flood (alagamento/enchente) - landslide excluded by category filter (SIAC 156 Assunto/Subdivisao is a distinct structured category, not free text)",siac156_curitiba_v1,"Ponto positivo administrativo geocodificado (mesmo criterio do v12 Recife). Nao e ground truth cartografico individual -- confianca strong = correspondencia de rua (geometria, nao numero exato); medium = fallback bairro-centroide.","Nao usar como escore, threshold ou variavel derivada do rotulo. Nao promover a 'validado'/'confirmado' sem revisao do REV-P."
Curitiba,1,CUR_SIAC156_588fd84dfa181459,-25.5239897,-49.2723663,03/02/2025,2025,Proteção ao cidadão - GM,"Enchentes, inundações ou alagamentos",RUA IZIDORO STAVITZKI,PINHEIRINHO,strong,"Rua Izidoro Stavitzki, Pinheirinho, Curitiba, Paraná, Região Sul, 81825-300, Brasil",128988839,1,"flood (alagamento/enchente) - landslide excluded by category filter (SIAC 156 Assunto/Subdivisao is a distinct structured category, not free text)",siac156_curitiba_v1,"Ponto positivo administrativo geocodificado (mesmo criterio do v12 Recife). Nao e ground truth cartografico individual -- confianca strong = correspondencia de rua (geometria, nao numero exato); medium = fallback bairro-centroide.","Nao usar como escore, threshold ou variavel derivada do rotulo. Nao promover a 'validado'/'confirmado' sem revisao do REV-P."
Curitiba,1,CUR_SIAC156_7782cd378f7653ff,-25.4758504,-49.2630454,03/02/2025,2025,Proteção ao cidadão - GM,"Enchentes, inundações ou alagamentos",RUA RANDOLFO SERZEDELO,FANNY,strong,"Rua Randolfo Serzedelo, Fanny, Curitiba, Paraná, Região Sul, 80630-280, Brasil",126271634,1,"flood (alagamento/enchente) - landslide excluded by category filter (SIAC 156 Assunto/Subdivisao is a distinct structured category, not free text)",siac156_curitiba_v1,"Ponto positivo administrativo geocodificado (mesmo criterio do v12 Recife). Nao e ground truth cartografico individual -- confianca strong = correspondencia de rua (geometria, nao numero exato); medium = fallback bairro-centroide.","Nao usar como escore, threshold ou variavel derivada do rotulo. Nao promover a 'validado'/'confirmado' sem revisao do REV-P."
Curitiba,1,CUR_SIAC156_850ed864d756681b,-25.4689463,-49.3025256,03/02/2025,2025,Proteção ao cidadão - GM,"Enchentes, inundações ou alagamentos",Rua Francisco Klemtz,PORTAO,strong,"Rua Francisco Klemtz, Portão, Curitiba, Paraná, Região Sul, 80330-300, Brasil",396890092,1,"flood (alagamento/enchente) - landslide excluded by category filter (SIAC 156 Assunto/Subdivisao is a distinct structured category, not free text)",siac156_curitiba_v1,"Ponto positivo administrativo geocodificado (mesmo criterio do v12 Recife). Nao e ground truth cartografico individual -- confianca strong = correspondencia de rua (geometria, nao numero exato); medium = fallback bairro-centroide.","Nao usar como escore, threshold ou variavel derivada do rotulo. Nao promover a 'validado'/'confirmado' sem revisao do REV-P."
Curitiba,1,CUR_SIAC156_94de9166ddf724ed,-25.4601866,-49.3107392,03/02/2025,2025,Proteção ao cidadão - GM,"Enchentes, inundações ou alagamentos",RUA DA DIVINA PROVIDÊNCIA,SANTA QUITERIA,strong,"Rua da Divina Providência, Santa Quitéria, Curitiba, Paraná, Região Sul, 80310-410, Brasil",79690770,1,"flood (alagamento/enchente) - landslide excluded by category filter (SIAC 156 Assunto/Subdivisao is a distinct structured category, not free text)",siac156_curitiba_v1,"Ponto positivo administrativo geocodificado (mesmo criterio do v12 Recife). Nao e ground truth cartografico individual -- confianca strong = correspondencia de rua (geometria, nao numero exato); medium = fallback bairro-centroide.","Nao usar como escore, threshold ou variavel derivada do rotulo. Nao promover a 'validado'/'confirmado' sem revisao do REV-P."
Curitiba,1,CUR_SIAC156_acb383b54a46e8d2,-25.5246302,-49.2261236,03/02/2025,2025,Proteção ao cidadão - GM,"Enchentes, inundações ou alagamentos",AVENIDA MARECHAL FLORIANO PEIXOTO,ALTO BOQUEIRAO,strong,"Avenida Marechal Floriano Peixoto, Alto Boqueirão, Curitiba, Paraná, Região Sul, 81770-340, Brasil",274426587,1,"flood (alagamento/enchente) - landslide excluded by category filter (SIAC 156 Assunto/Subdivisao is a distinct structured category, not free text)",siac156_curitiba_v1,"Ponto positivo administrativo geocodificado (mesmo criterio do v12 Recife). Nao e ground truth cartografico individual -- confianca strong = correspondencia de rua (geometria, nao numero exato); medium = fallback bairro-centroide.","Nao usar como escore, threshold ou variavel derivada do rotulo. Nao promover a 'validado'/'confirmado' sem revisao do REV-P."
Curitiba,1,CUR_SIAC156_77cc771f936d0feb,-25.4815724,-49.2802058,03/02/2025,2025,Proteção ao cidadão - GM,"Enchentes, inundações ou alagamentos",Rua Oscar Wilde,LINDOIA,strong,"Rua Oscar Wilde, Lindóia, Curitiba, Paraná, Região Sul, 81030-410, Brasil",126274285,1,"flood (alagamento/enchente) - landslide excluded by category filter (SIAC 156 Assunto/Subdivisao is a distinct structured category, not free text)",siac156_curitiba_v1,"Ponto positivo administrativo geocodificado (mesmo criterio do v12 Recife). Nao e ground truth cartografico individual -- confianca strong = correspondencia de rua (geometria, nao numero exato); medium = fallback bairro-centroide.","Nao usar como escore, threshold ou variavel derivada do rotulo. Nao promover a 'validado'/'confirmado' sem revisao do REV-P."
Curitiba,1,CUR_SIAC156_24427180a09a040c,-25.532668,-49.2390629,03/02/2025,2025,Proteção ao cidadão - GM,"Enchentes, inundações ou alagamentos",RUA 25 DE AGOSTO,ALTO BOQUEIRAO,medium,"Alto Boqueirão, Curitiba, Paraná, Região Sul, Brasil",5622007,1,"flood (alagamento/enchente) - landslide excluded by category filter (SIAC 156 Assunto/Subdivisao is a distinct structured category, not free text)",siac156_curitiba_v1,"Ponto positivo administrativo geocodificado (mesmo criterio do v12 Recife). Nao e ground truth cartografico individual -- confianca strong = correspondencia de rua (geometria, nao numero exato); medium = fallback bairro-centroide.","Nao usar como escore, threshold ou variavel derivada do rotulo. Nao promover a 'validado'/'confirmado' sem revisao do REV-P."
Curitiba,1,CUR_SIAC156_31e6f558fa7cb726,-25.4767574,-49.2640461,04/02/2025,2025,Proteção ao cidadão - GM,"Enchentes, inundações ou alagamentos",Rua General Teodorico Guimarães,FANNY,strong,"Rua General Teodorico Guimarães, Fanny, Curitiba, Paraná, Região Sul, 80630-280, Brasil",126271632,1,"flood (alagamento/enchente) - landslide excluded by category filter (SIAC 156 Assunto/Subdivisao is a distinct structured category, not free text)",siac156_curitiba_v1,"Ponto positivo administrativo geocodificado (mesmo criterio do v12 Recife). Nao e ground truth cartografico individual -- confianca strong = correspondencia de rua (geometria, nao numero exato); medium = fallback bairro-centroide.","Nao usar como escore, threshold ou variavel derivada do rotulo. Nao promover a 'validado'/'confirmado' sem revisao do REV-P."
Curitiba,1,CUR_SIAC156_77ac111effcb70af,-25.5039157,-49.2607169,04/02/2025,2025,Proteção ao cidadão - GM,"Enchentes, inundações ou alagamentos",Rua Coronel Luiz José Dos Santos,XAXIM,strong,"Rua Coronel Luiz José dos Santos, Xaxim, Curitiba, Paraná, Região Sul, 81710-000, Brasil",33068502,1,"flood (alagamento/enchente) - landslide excluded by category filter (SIAC 156 Assunto/Subdivisao is a distinct structured category, not free text)",siac156_curitiba_v1,"Ponto positivo administrativo geocodificado (mesmo criterio do v12 Recife). Nao e ground truth cartografico individual -- confianca strong = correspondencia de rua (geometria, nao numero exato); medium = fallback bairro-centroide.","Nao usar como escore, threshold ou variavel derivada do rotulo. Nao promover a 'validado'/'confirmado' sem revisao do REV-P."
Curitiba,1,CUR_SIAC156_8e550d83a4062902,-25.4548426,-49.2132522,13/02/2025,2025,Proteção ao cidadão - GM,"Enchentes, inundações ou alagamentos",Rua Aguinaldo Dos Santos Pereira,CAJURU,strong,"Rua Aguinaldo dos Santos Pereira, Cajuru, Curitiba, Paraná, Região Sul, 82930-090, Brasil",164115568,1,"flood (alagamento/enchente) - landslide excluded by category filter (SIAC 156 Assunto/Subdivisao is a distinct structured category, not free text)",siac156_curitiba_v1,"Ponto positivo administrativo geocodificado (mesmo criterio do v12 Recife). Nao e ground truth cartografico individual -- confianca strong = correspondencia de rua (geometria, nao numero exato); medium = fallback bairro-centroide.","Nao usar como escore, threshold ou variavel derivada do rotulo. Nao promover a 'validado'/'confirmado' sem revisao do REV-P."
Curitiba,1,CUR_SIAC156_5481c75903bf0ed7,-25.4396938,-49.2443992,13/02/2025,2025,Proteção ao cidadão - GM,"Enchentes, inundações ou alagamentos",RUA SÃO JOAQUIM,JARDIM BOTANICO,strong,"Rua São Joaquim, Jardim Botânico, Curitiba, Paraná, Região Sul, 80210-310, Brasil",24777465,1,"flood (alagamento/enchente) - landslide excluded by category filter (SIAC 156 Assunto/Subdivisao is a distinct structured category, not free text)",siac156_curitiba_v1,"Ponto positivo administrativo geocodificado (mesmo criterio do v12 Recife). Nao e ground truth cartografico individual -- confianca strong = correspondencia de rua (geometria, nao numero exato); medium = fallback bairro-centroide.","Nao usar como escore, threshold ou variavel derivada do rotulo. Nao promover a 'validado'/'confirmado' sem revisao do REV-P."
Curitiba,1,CUR_SIAC156_365a5e8374671d1b,-25.4468665,-49.2258708,13/02/2025,2025,Proteção ao cidadão - GM,"Enchentes, inundações ou alagamentos",Rua José Demeterco,CAJURU,strong,"Rua Professor José Demeterco, Vila Cajuru II, Cajuru, Curitiba, Paraná, Região Sul, 82900-320, Brasil",155598468,1,"flood (alagamento/enchente) - landslide excluded by category filter (SIAC 156 Assunto/Subdivisao is a distinct structured category, not free text)",siac156_curitiba_v1,"Ponto positivo administrativo geocodificado (mesmo criterio do v12 Recife). Nao e ground truth cartografico individual -- confianca strong = correspondencia de rua (geometria, nao numero exato); medium = fallback bairro-centroide.","Nao usar como escore, threshold ou variavel derivada do rotulo. Nao promover a 'validado'/'confirmado' sem revisao do REV-P."
Curitiba,1,CUR_SIAC156_6bf0b7da7430115e,-25.4512362,-49.2025768,13/02/2025,2025,Proteção ao cidadão - GM,"Enchentes, inundações ou alagamentos",Rua Carlota Pereira de Queiroz,CAJURU,strong,"Rua Carlota Pereira de Queiroz, Cajuru, Curitiba, Paraná, Região Sul, 82930-240, Brasil",93827726,1,"flood (alagamento/enchente) - landslide excluded by category filter (SIAC 156 Assunto/Subdivisao is a distinct structured category, not free text)",siac156_curitiba_v1,"Ponto positivo administrativo geocodificado (mesmo criterio do v12 Recife). Nao e ground truth cartografico individual -- confianca strong = correspondencia de rua (geometria, nao numero exato); medium = fallback bairro-centroide.","Nao usar como escore, threshold ou variavel derivada do rotulo. Nao promover a 'validado'/'confirmado' sem revisao do REV-P."
Curitiba,1,CUR_SIAC156_c3bdd698427069c3,-25.4442366,-49.217623,13/02/2025,2025,Proteção ao cidadão - GM,"Enchentes, inundações ou alagamentos",Rua Germânia,CAJURU,strong,"Rua Germânia, Cajuru, Curitiba, Paraná, Região Sul, 82900-010, Brasil",162470574,1,"flood (alagamento/enchente) - landslide excluded by category filter (SIAC 156 Assunto/Subdivisao is a distinct structured category, not free text)",siac156_curitiba_v1,"Ponto positivo administrativo geocodificado (mesmo criterio do v12 Recife). Nao e ground truth cartografico individual -- confianca strong = correspondencia de rua (geometria, nao numero exato); medium = fallback bairro-centroide.","Nao usar como escore, threshold ou variavel derivada do rotulo. Nao promover a 'validado'/'confirmado' sem revisao do REV-P."
Curitiba,1,CUR_SIAC156_79081ad7d0d1c41d,-25.438382,-49.2087847,13/02/2025,2025,Proteção ao cidadão - GM,"Enchentes, inundações ou alagamentos",Rua Osmário de Lima,CAPAO DA IMBUIA,strong,"Rua Osmário de Lima, Capão da Imbuia, Curitiba, Paraná, Região Sul, 82810-460, Brasil",1318008491,1,"flood (alagamento/enchente) - landslide excluded by category filter (SIAC 156 Assunto/Subdivisao is a distinct structured category, not free text)",siac156_curitiba_v1,"Ponto positivo administrativo geocodificado (mesmo criterio do v12 Recife). Nao e ground truth cartografico individual -- confianca strong = correspondencia de rua (geometria, nao numero exato); medium = fallback bairro-centroide.","Nao usar como escore, threshold ou variavel derivada do rotulo. Nao promover a 'validado'/'confirmado' sem revisao do REV-P."
Curitiba,1,CUR_SIAC156_c932a95bf4301ca2,-25.3747273,-49.2701539,13/02/2025,2025,Proteção ao cidadão - GM,"Enchentes, inundações ou alagamentos",RUA SOFIA DUBIELLA,ABRANCHES,strong,"Rua Sofia Dubiella, Abranches, Curitiba, Paraná, Região Sul, 82220-330, Brasil",162043596,1,"flood (alagamento/enchente) - landslide excluded by category filter (SIAC 156 Assunto/Subdivisao is a distinct structured category, not free text)",siac156_curitiba_v1,"Ponto positivo administrativo geocodificado (mesmo criterio do v12 Recife). Nao e ground truth cartografico individual -- confianca strong = correspondencia de rua (geometria, nao numero exato); medium = fallback bairro-centroide.","Nao usar como escore, threshold ou variavel derivada do rotulo. Nao promover a 'validado'/'confirmado' sem revisao do REV-P."
Curitiba,1,CUR_SIAC156_ab91fa4242981136,-25.3797711,-49.2783941,13/02/2025,2025,Proteção ao cidadão - GM,"Enchentes, inundações ou alagamentos",RUA CLARA KUCHENNY,ABRANCHES,strong,"Rua Clara Kuchenny, Abranches, Curitiba, Paraná, Região Sul, 82130-290, Brasil",150348864,1,"flood (alagamento/enchente) - landslide excluded by category filter (SIAC 156 Assunto/Subdivisao is a distinct structured category, not free text)",siac156_curitiba_v1,"Ponto positivo administrativo geocodificado (mesmo criterio do v12 Recife). Nao e ground truth cartografico individual -- confianca strong = correspondencia de rua (geometria, nao numero exato); medium = fallback bairro-centroide.","Nao usar como escore, threshold ou variavel derivada do rotulo. Nao promover a 'validado'/'confirmado' sem revisao do REV-P."
Curitiba,1,CUR_SIAC156_0318352b6fc7e7eb,-25.367965,-49.2626129,13/02/2025,2025,Proteção ao cidadão - GM,"Enchentes, inundações ou alagamentos",RUA ASSIS BRASIL,BARREIRINHA,strong,"Rua Assis Brasil, Barreirinha, Curitiba, Paraná, Região Sul, 82220-010, Brasil",1487827086,1,"flood (alagamento/enchente) - landslide excluded by category filter (SIAC 156 Assunto/Subdivisao is a distinct structured category, not free text)",siac156_curitiba_v1,"Ponto positivo administrativo geocodificado (mesmo criterio do v12 Recife). Nao e ground truth cartografico individual -- confianca strong = correspondencia de rua (geometria, nao numero exato); medium = fallback bairro-centroide.","Nao usar como escore, threshold ou variavel derivada do rotulo. Nao promover a 'validado'/'confirmado' sem revisao do REV-P."
Curitiba,1,CUR_SIAC156_45210eeaf9b4cafc,-25.4646101,-49.2073146,13/02/2025,2025,Proteção ao cidadão - GM,"Enchentes, inundações ou alagamentos",RUA NAGIB DA SILVA,CAJURU,strong,"Rua Nagib da Silva, Cajuru, Curitiba, Paraná, Região Sul, 82960-000, Brasil",33019130,1,"flood (alagamento/enchente) - landslide excluded by category filter (SIAC 156 Assunto/Subdivisao is a distinct structured category, not free text)",siac156_curitiba_v1,"Ponto positivo administrativo geocodificado (mesmo criterio do v12 Recife). Nao e ground truth cartografico individual -- confianca strong = correspondencia de rua (geometria, nao numero exato); medium = fallback bairro-centroide.","Nao usar como escore, threshold ou variavel derivada do rotulo. Nao promover a 'validado'/'confirmado' sem revisao do REV-P."
Curitiba,1,CUR_SIAC156_9533ff59729d54a3,-25.3888735,-49.2254095,13/02/2025,2025,Proteção ao cidadão - GM,"Enchentes, inundações ou alagamentos",RUA GUILHERME IHLENFELDT,BACACHERI,strong,"Rua Guilherme Ihlenfeldt, Bacacheri, Curitiba, Paraná, Região Sul, 82600-360, Brasil",1209220093,1,"flood (alagamento/enchente) - landslide excluded by category filter (SIAC 156 Assunto/Subdivisao is a distinct structured category, not free text)",siac156_curitiba_v1,"Ponto positivo administrativo geocodificado (mesmo criterio do v12 Recife). Nao e ground truth cartografico individual -- confianca strong = correspondencia de rua (geometria, nao numero exato); medium = fallback bairro-centroide.","Nao usar como escore, threshold ou variavel derivada do rotulo. Nao promover a 'validado'/'confirmado' sem revisao do REV-P."
Curitiba,1,CUR_SIAC156_61509c43413db666,-25.482786,-49.2173637,13/02/2025,2025,Proteção ao cidadão - GM,"Enchentes, inundações ou alagamentos",Rua Henrique Mehl,UBERABA,strong,"Rua Henrique Mehl, Uberaba, Curitiba, Paraná, Região Sul, 81560-000, Brasil",186786784,1,"flood (alagamento/enchente) - landslide excluded by category filter (SIAC 156 Assunto/Subdivisao is a distinct structured category, not free text)",siac156_curitiba_v1,"Ponto positivo administrativo geocodificado (mesmo criterio do v12 Recife). Nao e ground truth cartografico individual -- confianca strong = correspondencia de rua (geometria, nao numero exato); medium = fallback bairro-centroide.","Nao usar como escore, threshold ou variavel derivada do rotulo. Nao promover a 'validado'/'confirmado' sem revisao do REV-P."
Curitiba,1,CUR_SIAC156_2cd08771c64e0135,-25.3683053,-49.2511664,13/02/2025,2025,Proteção ao cidadão - GM,"Enchentes, inundações ou alagamentos",RUA CURIÚVA,BARREIRINHA,strong,"Rua Curiúva, Barreirinha, Curitiba, Paraná, Região Sul, 82650-505, Brasil",162219635,1,"flood (alagamento/enchente) - landslide excluded by category filter (SIAC 156 Assunto/Subdivisao is a distinct structured category, not free text)",siac156_curitiba_v1,"Ponto positivo administrativo geocodificado (mesmo criterio do v12 Recife). Nao e ground truth cartografico individual -- confianca strong = correspondencia de rua (geometria, nao numero exato); medium = fallback bairro-centroide.","Nao usar como escore, threshold ou variavel derivada do rotulo. Nao promover a 'validado'/'confirmado' sem revisao do REV-P."
Curitiba,1,CUR_SIAC156_a0f382e307542d9a,-25.4814609,-49.2197016,13/02/2025,2025,Proteção ao cidadão - GM,"Enchentes, inundações ou alagamentos",Rua Gabirobas,UBERABA,strong,"Rua Gabirobas, Uberaba, Curitiba, Paraná, Região Sul, 81550-000, Brasil",165065960,1,"flood (alagamento/enchente) - landslide excluded by category filter (SIAC 156 Assunto/Subdivisao is a distinct structured category, not free text)",siac156_curitiba_v1,"Ponto positivo administrativo geocodificado (mesmo criterio do v12 Recife). Nao e ground truth cartografico individual -- confianca strong = correspondencia de rua (geometria, nao numero exato); medium = fallback bairro-centroide.","Nao usar como escore, threshold ou variavel derivada do rotulo. Nao promover a 'validado'/'confirmado' sem revisao do REV-P."
Curitiba,1,CUR_SIAC156_0c7b1574bd4e1866,-25.4672731,-49.283712,13/02/2025,2025,Proteção ao cidadão - GM,"Enchentes, inundações ou alagamentos",RUA PARÁ,AGUA VERDE,strong,"Rua Pará, Água Verde, Curitiba, Paraná, Região Sul, 80610-020, Brasil",48310684,1,"flood (alagamento/enchente) - landslide excluded by category filter (SIAC 156 Assunto/Subdivisao is a distinct structured category, not free text)",siac156_curitiba_v1,"Ponto positivo administrativo geocodificado (mesmo criterio do v12 Recife). Nao e ground truth cartografico individual -- confianca strong = correspondencia de rua (geometria, nao numero exato); medium = fallback bairro-centroide.","Nao usar como escore, threshold ou variavel derivada do rotulo. Nao promover a 'validado'/'confirmado' sem revisao do REV-P."
Curitiba,1,CUR_SIAC156_825c941ed750fc8c,-25.4658562,-49.2064053,15/02/2025,2025,Proteção ao cidadão - GM,"Enchentes, inundações ou alagamentos",RUA SUDÃO,CAJURU,strong,"Rua Sudão, Cajuru, Curitiba, Paraná, Região Sul, 82960-000, Brasil",33019077,1,"flood (alagamento/enchente) - landslide excluded by category filter (SIAC 156 Assunto/Subdivisao is a distinct structured category, not free text)",siac156_curitiba_v1,"Ponto positivo administrativo geocodificado (mesmo criterio do v12 Recife). Nao e ground truth cartografico individual -- confianca strong = correspondencia de rua (geometria, nao numero exato); medium = fallback bairro-centroide.","Nao usar como escore, threshold ou variavel derivada do rotulo. Nao promover a 'validado'/'confirmado' sem revisao do REV-P."
Curitiba,1,CUR_SIAC156_210a7c859a606137,-25.4689463,-49.3025256,18/02/2025,2025,Proteção ao cidadão - GM,"Enchentes, inundações ou alagamentos",Rua Francisco Klemtz,PORTAO,strong,"Rua Francisco Klemtz, Portão, Curitiba, Paraná, Região Sul, 80330-300, Brasil",396890092,1,"flood (alagamento/enchente) - landslide excluded by category filter (SIAC 156 Assunto/Subdivisao is a distinct structured category, not free text)",siac156_curitiba_v1,"Ponto positivo administrativo geocodificado (mesmo criterio do v12 Recife). Nao e ground truth cartografico individual -- confianca strong = correspondencia de rua (geometria, nao numero exato); medium = fallback bairro-centroide.","Nao usar como escore, threshold ou variavel derivada do rotulo. Nao promover a 'validado'/'confirmado' sem revisao do REV-P."
Curitiba,1,CUR_SIAC156_09ddd222e196f386,-25.4805451,-49.3319588,18/02/2025,2025,Proteção ao cidadão - GM,"Enchentes, inundações ou alagamentos",Rua Vereador Elias Karam,FAZENDINHA,strong,"Rua Vereador Elias Karam, Fazendinha, Curitiba, Paraná, Região Sul, 81330-300, Brasil",82005508,1,"flood (alagamento/enchente) - landslide excluded by category filter (SIAC 156 Assunto/Subdivisao is a distinct structured category, not free text)",siac156_curitiba_v1,"Ponto positivo administrativo geocodificado (mesmo criterio do v12 Recife). Nao e ground truth cartografico individual -- confianca strong = correspondencia de rua (geometria, nao numero exato); medium = fallback bairro-centroide.","Nao usar como escore, threshold ou variavel derivada do rotulo. Nao promover a 'validado'/'confirmado' sem revisao do REV-P."
Curitiba,1,CUR_SIAC156_c84432161b224fb3,-25.4581123,-49.3299862,18/02/2025,2025,Proteção ao cidadão - GM,"Enchentes, inundações ou alagamentos",RUA ROSAMÉLIA DE OLIVEIRA,CAMPO COMPRIDO,strong,"Rua Rosamélia de Oliveira, Campo Comprido, Curitiba, Paraná, Região Sul, 81230-162, Brasil",158243350,1,"flood (alagamento/enchente) - landslide excluded by category filter (SIAC 156 Assunto/Subdivisao is a distinct structured category, not free text)",siac156_curitiba_v1,"Ponto positivo administrativo geocodificado (mesmo criterio do v12 Recife). Nao e ground truth cartografico individual -- confianca strong = correspondencia de rua (geometria, nao numero exato); medium = fallback bairro-centroide.","Nao usar como escore, threshold ou variavel derivada do rotulo. Nao promover a 'validado'/'confirmado' sem revisao do REV-P."
Curitiba,1,CUR_SIAC156_228b0eac20cd9b34,-25.4883666,-49.3416638,18/02/2025,2025,Proteção ao cidadão - GM,"Enchentes, inundações ou alagamentos",Rua Lins de Vasconcelos,CIDADE INDUSTRIAL,strong,"Rua Lins de Vasconcelos, Cidade Industrial de Curitiba, Curitiba, Paraná, Região Sul, 81250-460, Brasil",83059256,1,"flood (alagamento/enchente) - landslide excluded by category filter (SIAC 156 Assunto/Subdivisao is a distinct structured category, not free text)",siac156_curitiba_v1,"Ponto positivo administrativo geocodificado (mesmo criterio do v12 Recife). Nao e ground truth cartografico individual -- confianca strong = correspondencia de rua (geometria, nao numero exato); medium = fallback bairro-centroide.","Nao usar como escore, threshold ou variavel derivada do rotulo. Nao promover a 'validado'/'confirmado' sem revisao do REV-P."
Curitiba,1,CUR_SIAC156_0180f4b0250baacd,-25.4332137,-49.2622903,18/02/2025,2025,Proteção ao cidadão - GM,"Enchentes, inundações ou alagamentos",RUA TIBAGI,CENTRO,strong,"Rua Tibagi, Centro, Curitiba, Paraná, Região Sul, 80060-110, Brasil",380939621,1,"flood (alagamento/enchente) - landslide excluded by category filter (SIAC 156 Assunto/Subdivisao is a distinct structured category, not free text)",siac156_curitiba_v1,"Ponto positivo administrativo geocodificado (mesmo criterio do v12 Recife). Nao e ground truth cartografico individual -- confianca strong = correspondencia de rua (geometria, nao numero exato); medium = fallback bairro-centroide.","Nao usar como escore, threshold ou variavel derivada do rotulo. Nao promover a 'validado'/'confirmado' sem revisao do REV-P."
Curitiba,1,CUR_SIAC156_de4d42bc9b4ce3bf,-25.5437905,-49.2869049,18/02/2025,2025,Proteção ao cidadão - GM,"Enchentes, inundações ou alagamentos",RUA BANDEIRANTES,SITIO CERCADO,strong,"Rua Bandeirantes, Sítio Cercado, Curitiba, Paraná, Região Sul, 81880-330, Brasil",129015234,1,"flood (alagamento/enchente) - landslide excluded by category filter (SIAC 156 Assunto/Subdivisao is a distinct structured category, not free text)",siac156_curitiba_v1,"Ponto positivo administrativo geocodificado (mesmo criterio do v12 Recife). Nao e ground truth cartografico individual -- confianca strong = correspondencia de rua (geometria, nao numero exato); medium = fallback bairro-centroide.","Nao usar como escore, threshold ou variavel derivada do rotulo. Nao promover a 'validado'/'confirmado' sem revisao do REV-P."
Curitiba,1,CUR_SIAC156_0e96f59b8628c6e6,-25.4869771,-49.2377774,18/02/2025,2025,Proteção ao cidadão - GM,"Enchentes, inundações ou alagamentos",RUA DAS CARMELITAS,BOQUEIRAO,strong,"Rua das Carmelitas, Boqueirão, Curitiba, Paraná, Região Sul, 81650-110, Brasil",85573756,1,"flood (alagamento/enchente) - landslide excluded by category filter (SIAC 156 Assunto/Subdivisao is a distinct structured category, not free text)",siac156_curitiba_v1,"Ponto positivo administrativo geocodificado (mesmo criterio do v12 Recife). Nao e ground truth cartografico individual -- confianca strong = correspondencia de rua (geometria, nao numero exato); medium = fallback bairro-centroide.","Nao usar como escore, threshold ou variavel derivada do rotulo. Nao promover a 'validado'/'confirmado' sem revisao do REV-P."
Curitiba,1,CUR_SIAC156_0f391957ea7a969f,-25.4870889,-49.3338694,18/02/2025,2025,Proteção ao cidadão - GM,"Enchentes, inundações ou alagamentos",Rua Olegário Maciel,FAZENDINHA,strong,"Rua Olegário Maciel, Cidade Industrial de Curitiba, Curitiba, Paraná, Região Sul, 81330-430, Brasil",83705686,1,"flood (alagamento/enchente) - landslide excluded by category filter (SIAC 156 Assunto/Subdivisao is a distinct structured category, not free text)",siac156_curitiba_v1,"Ponto positivo administrativo geocodificado (mesmo criterio do v12 Recife). Nao e ground truth cartografico individual -- confianca strong = correspondencia de rua (geometria, nao numero exato); medium = fallback bairro-centroide.","Nao usar como escore, threshold ou variavel derivada do rotulo. Nao promover a 'validado'/'confirmado' sem revisao do REV-P."
Curitiba,1,CUR_SIAC156_3858fa859a47453f,-25.5299224,-49.2566824,18/02/2025,2025,Proteção ao cidadão - GM,"Enchentes, inundações ou alagamentos",Rua Olga Baptista Bevilaqua,ALTO BOQUEIRAO,strong,"Rua Olga Baptista Beviláqua, Alto Boqueirão, Curitiba, Paraná, Região Sul, 81850-025, Brasil",85031443,1,"flood (alagamento/enchente) - landslide excluded by category filter (SIAC 156 Assunto/Subdivisao is a distinct structured category, not free text)",siac156_curitiba_v1,"Ponto positivo administrativo geocodificado (mesmo criterio do v12 Recife). Nao e ground truth cartografico individual -- confianca strong = correspondencia de rua (geometria, nao numero exato); medium = fallback bairro-centroide.","Nao usar como escore, threshold ou variavel derivada do rotulo. Nao promover a 'validado'/'confirmado' sem revisao do REV-P."
Curitiba,1,CUR_SIAC156_48f6e106d01eaa2d,-25.4265223,-49.2911846,25/02/2025,2025,Proteção ao cidadão - GM,"Enchentes, inundações ou alagamentos",RUA FERNANDO SIMAS,MERCES,strong,"Rua Fernando Simas, Mercês, Curitiba, Paraná, Região Sul, 80430-000, Brasil",358926096,1,"flood (alagamento/enchente) - landslide excluded by category filter (SIAC 156 Assunto/Subdivisao is a distinct structured category, not free text)",siac156_curitiba_v1,"Ponto positivo administrativo geocodificado (mesmo criterio do v12 Recife). Nao e ground truth cartografico individual -- confianca strong = correspondencia de rua (geometria, nao numero exato); medium = fallback bairro-centroide.","Nao usar como escore, threshold ou variavel derivada do rotulo. Nao promover a 'validado'/'confirmado' sem revisao do REV-P."
Curitiba,1,CUR_SIAC156_a5cf28a101aedd7a,-25.5267887,-49.2224235,27/02/2025,2025,Proteção ao cidadão - GM,"Enchentes, inundações ou alagamentos",AVENIDA MARECHAL FLORIANO PEIXOTO,BOQUEIRAO,strong,"Avenida Marechal Floriano Peixoto, Boqueirão, Curitiba, Paraná, Região Sul, 81770-340, Brasil",24572377,1,"flood (alagamento/enchente) - landslide excluded by category filter (SIAC 156 Assunto/Subdivisao is a distinct structured category, not free text)",siac156_curitiba_v1,"Ponto positivo administrativo geocodificado (mesmo criterio do v12 Recife). Nao e ground truth cartografico individual -- confianca strong = correspondencia de rua (geometria, nao numero exato); medium = fallback bairro-centroide.","Nao usar como escore, threshold ou variavel derivada do rotulo. Nao promover a 'validado'/'confirmado' sem revisao do REV-P."
Curitiba,1,CUR_SIAC156_18e866989d0bab0c,-25.500728,-49.2411054,05/03/2025,2025,Proteção ao cidadão - GM,"Enchentes, inundações ou alagamentos",TERMINAL BAIRRO ALTO,BOQUEIRAO,medium,"Boqueirão, Curitiba, Paraná, Região Sul, Brasil",3954206,1,"flood (alagamento/enchente) - landslide excluded by category filter (SIAC 156 Assunto/Subdivisao is a distinct structured category, not free text)",siac156_curitiba_v1,"Ponto positivo administrativo geocodificado (mesmo criterio do v12 Recife). Nao e ground truth cartografico individual -- confianca strong = correspondencia de rua (geometria, nao numero exato); medium = fallback bairro-centroide.","Nao usar como escore, threshold ou variavel derivada do rotulo. Nao promover a 'validado'/'confirmado' sem revisao do REV-P."
Curitiba,1,CUR_SIAC156_f87c37b05b339445,-25.497993,-49.334522,05/03/2025,2025,Proteção ao cidadão - GM,"Enchentes, inundações ou alagamentos",RUA ROGERIO PEREIRA DE CAMARGO,CIDADE INDUSTRIAL,medium,"Cidade Industrial de Curitiba, Curitiba, Paraná, Região Sul, 81350-260, Brasil",3012156952,1,"flood (alagamento/enchente) - landslide excluded by category filter (SIAC 156 Assunto/Subdivisao is a distinct structured category, not free text)",siac156_curitiba_v1,"Ponto positivo administrativo geocodificado (mesmo criterio do v12 Recife). Nao e ground truth cartografico individual -- confianca strong = correspondencia de rua (geometria, nao numero exato); medium = fallback bairro-centroide.","Nao usar como escore, threshold ou variavel derivada do rotulo. Nao promover a 'validado'/'confirmado' sem revisao do REV-P."
Curitiba,1,CUR_SIAC156_cc9caed157ae43b0,-25.5404147,-49.2556535,09/03/2025,2025,Proteção ao cidadão - GM,"Enchentes, inundações ou alagamentos",Rua Professora Woyslava Trzeciak Ângelotti,SITIO CERCADO,strong,"Rua Professora Woyslava Trzeciak Angelotti, Sítio Cercado, Curitiba, Paraná, Região Sul, 81920-090, Brasil",127255727,1,"flood (alagamento/enchente) - landslide excluded by category filter (SIAC 156 Assunto/Subdivisao is a distinct structured category, not free text)",siac156_curitiba_v1,"Ponto positivo administrativo geocodificado (mesmo criterio do v12 Recife). Nao e ground truth cartografico individual -- confianca strong = correspondencia de rua (geometria, nao numero exato); medium = fallback bairro-centroide.","Nao usar como escore, threshold ou variavel derivada do rotulo. Nao promover a 'validado'/'confirmado' sem revisao do REV-P."
Curitiba,1,CUR_SIAC156_7e91ffbe681808a5,-25.5605482,-49.3138266,09/03/2025,2025,Proteção ao cidadão - GM,"Enchentes, inundações ou alagamentos",Rua João Sarot,TATUQUARA,strong,"Rua João Sarot, Moradias Dalagassa, Tatuquara, Curitiba, Paraná, Região Sul, 81480-160, Brasil",125207639,1,"flood (alagamento/enchente) - landslide excluded by category filter (SIAC 156 Assunto/Subdivisao is a distinct structured category, not free text)",siac156_curitiba_v1,"Ponto positivo administrativo geocodificado (mesmo criterio do v12 Recife). Nao e ground truth cartografico individual -- confianca strong = correspondencia de rua (geometria, nao numero exato); medium = fallback bairro-centroide.","Nao usar como escore, threshold ou variavel derivada do rotulo. Nao promover a 'validado'/'confirmado' sem revisao do REV-P."
Curitiba,1,CUR_SIAC156_bc0ff8c99b4251cf,-25.497993,-49.334522,23/04/2025,2025,Proteção ao cidadão - GM,"Enchentes, inundações ou alagamentos",RUA IZOLINA MOLETTA MAURER,CIDADE INDUSTRIAL,medium,"Cidade Industrial de Curitiba, Curitiba, Paraná, Região Sul, 81350-260, Brasil",3012156952,1,"flood (alagamento/enchente) - landslide excluded by category filter (SIAC 156 Assunto/Subdivisao is a distinct structured category, not free text)",siac156_curitiba_v1,"Ponto positivo administrativo geocodificado (mesmo criterio do v12 Recife). Nao e ground truth cartografico individual -- confianca strong = correspondencia de rua (geometria, nao numero exato); medium = fallback bairro-centroide.","Nao usar como escore, threshold ou variavel derivada do rotulo. Nao promover a 'validado'/'confirmado' sem revisao do REV-P."
Curitiba,1,CUR_SIAC156_a0dca1389a3cccf6,-25.411538,-49.2999602,21/05/2025,2025,Proteção ao cidadão - GM,"Enchentes, inundações ou alagamentos",RUA EMÍLIO BORDENOSKI,VISTA ALEGRE,strong,"Rua Emílio Bordenoski, Vista Alegre, Curitiba, Paraná, Região Sul, 80820-390, Brasil",149724954,1,"flood (alagamento/enchente) - landslide excluded by category filter (SIAC 156 Assunto/Subdivisao is a distinct structured category, not free text)",siac156_curitiba_v1,"Ponto positivo administrativo geocodificado (mesmo criterio do v12 Recife). Nao e ground truth cartografico individual -- confianca strong = correspondencia de rua (geometria, nao numero exato); medium = fallback bairro-centroide.","Nao usar como escore, threshold ou variavel derivada do rotulo. Nao promover a 'validado'/'confirmado' sem revisao do REV-P."
Curitiba,1,CUR_SIAC156_b5818d063ad733bd,-25.489124,-49.2263508,21/05/2025,2025,Proteção ao cidadão - GM,"Enchentes, inundações ou alagamentos",Rua Rodolfo Bernardelli,UBERABA,strong,"Rua Rodolfo Bernardelli, Uberaba, Curitiba, Paraná, Região Sul, 81580-010, Brasil",55171079,1,"flood (alagamento/enchente) - landslide excluded by category filter (SIAC 156 Assunto/Subdivisao is a distinct structured category, not free text)",siac156_curitiba_v1,"Ponto positivo administrativo geocodificado (mesmo criterio do v12 Recife). Nao e ground truth cartografico individual -- confianca strong = correspondencia de rua (geometria, nao numero exato); medium = fallback bairro-centroide.","Nao usar como escore, threshold ou variavel derivada do rotulo. Nao promover a 'validado'/'confirmado' sem revisao do REV-P."
Curitiba,1,CUR_SIAC156_fdaee6d433d7a1e2,-25.429025,-49.3471408,07/06/2025,2025,Proteção ao cidadão - GM,"Enchentes, inundações ou alagamentos",RUA FRANCISCO KLEICHEVICZ,ORLEANS,strong,"Rua Francisco Kleichevicz, Orleans, Curitiba, Paraná, Região Sul, 82310-347, Brasil",127538674,1,"flood (alagamento/enchente) - landslide excluded by category filter (SIAC 156 Assunto/Subdivisao is a distinct structured category, not free text)",siac156_curitiba_v1,"Ponto positivo administrativo geocodificado (mesmo criterio do v12 Recife). Nao e ground truth cartografico individual -- confianca strong = correspondencia de rua (geometria, nao numero exato); medium = fallback bairro-centroide.","Nao usar como escore, threshold ou variavel derivada do rotulo. Nao promover a 'validado'/'confirmado' sem revisao do REV-P."
Curitiba,1,CUR_SIAC156_6871fa8cac2bc00d,-25.392013,-49.351697,07/06/2025,2025,Proteção ao cidadão - GM,"Enchentes, inundações ou alagamentos",AVENIDA MANOEL RIBAS,BUTIATUVINHA,strong,"Avenida Manoel Ribas, Butiatuvinha, Curitiba, Paraná, Região Sul, 82320-750, Brasil",945716784,1,"flood (alagamento/enchente) - landslide excluded by category filter (SIAC 156 Assunto/Subdivisao is a distinct structured category, not free text)",siac156_curitiba_v1,"Ponto positivo administrativo geocodificado (mesmo criterio do v12 Recife). Nao e ground truth cartografico individual -- confianca strong = correspondencia de rua (geometria, nao numero exato); medium = fallback bairro-centroide.","Nao usar como escore, threshold ou variavel derivada do rotulo. Nao promover a 'validado'/'confirmado' sem revisao do REV-P."
Curitiba,1,CUR_SIAC156_e5b3333248c919da,-25.4081686,-49.2395069,08/06/2025,2025,Proteção ao cidadão - GM,"Enchentes, inundações ou alagamentos",RUA COLÔMBIA,BACACHERI,strong,"Rua Colômbia, Bacacheri, Curitiba, Paraná, Região Sul, 82515-030, Brasil",1104868486,1,"flood (alagamento/enchente) - landslide excluded by category filter (SIAC 156 Assunto/Subdivisao is a distinct structured category, not free text)",siac156_curitiba_v1,"Ponto positivo administrativo geocodificado (mesmo criterio do v12 Recife). Nao e ground truth cartografico individual -- confianca strong = correspondencia de rua (geometria, nao numero exato); medium = fallback bairro-centroide.","Nao usar como escore, threshold ou variavel derivada do rotulo. Nao promover a 'validado'/'confirmado' sem revisao do REV-P."
Curitiba,1,CUR_SIAC156_67e43a0f3c10dc67,-25.4495297,-49.2821824,09/06/2025,2025,Proteção ao cidadão - GM,"Enchentes, inundações ou alagamentos",Rua Bento Viana,AGUA VERDE,strong,"Rua Bento Viana, Água Verde, Curitiba, Paraná, Região Sul, 80240-050, Brasil",38849145,1,"flood (alagamento/enchente) - landslide excluded by category filter (SIAC 156 Assunto/Subdivisao is a distinct structured category, not free text)",siac156_curitiba_v1,"Ponto positivo administrativo geocodificado (mesmo criterio do v12 Recife). Nao e ground truth cartografico individual -- confianca strong = correspondencia de rua (geometria, nao numero exato); medium = fallback bairro-centroide.","Nao usar como escore, threshold ou variavel derivada do rotulo. Nao promover a 'validado'/'confirmado' sem revisao do REV-P."
Curitiba,1,CUR_SIAC156_15483f96d08fd7cd,-25.3752293,-49.2463221,09/06/2025,2025,Proteção ao cidadão - GM,"Enchentes, inundações ou alagamentos",Rua Pedro Antônio da Costa,BOA VISTA,strong,"Rua Pedro Antônio da Costa, Boa Vista, Curitiba, Paraná, Região Sul, 82650-090, Brasil",162219656,1,"flood (alagamento/enchente) - landslide excluded by category filter (SIAC 156 Assunto/Subdivisao is a distinct structured category, not free text)",siac156_curitiba_v1,"Ponto positivo administrativo geocodificado (mesmo criterio do v12 Recife). Nao e ground truth cartografico individual -- confianca strong = correspondencia de rua (geometria, nao numero exato); medium = fallback bairro-centroide.","Nao usar como escore, threshold ou variavel derivada do rotulo. Nao promover a 'validado'/'confirmado' sem revisao do REV-P."
Curitiba,1,CUR_SIAC156_292a101c5eaf2f9c,-25.4008,-49.2643669,09/06/2025,2025,Proteção ao cidadão - GM,"Enchentes, inundações ou alagamentos",LARGO ERASMO DE ROTTERDAM,AHU,medium,"Largo Erasmo de Rotterdam, 1285, Ahú, Curitiba, Paraná, Região Sul, Brasil",420862368,1,"flood (alagamento/enchente) - landslide excluded by category filter (SIAC 156 Assunto/Subdivisao is a distinct structured category, not free text)",siac156_curitiba_v1,"Ponto positivo administrativo geocodificado (mesmo criterio do v12 Recife). Nao e ground truth cartografico individual -- confianca strong = correspondencia de rua (geometria, nao numero exato); medium = fallback bairro-centroide.","Nao usar como escore, threshold ou variavel derivada do rotulo. Nao promover a 'validado'/'confirmado' sem revisao do REV-P."
Curitiba,1,CUR_SIAC156_eb5f39ae8c13122d,-25.4264993,-49.3600256,20/06/2025,2025,Proteção ao cidadão - GM,"Enchentes, inundações ou alagamentos",RUA PALMIRA GLÓRIA DE QUEIROZ,ORLEANS,strong,"Rua Palmira Glória de Queiroz, Orleans, Curitiba, Paraná, Região Sul, 82310-385, Brasil",157551326,1,"flood (alagamento/enchente) - landslide excluded by category filter (SIAC 156 Assunto/Subdivisao is a distinct structured category, not free text)",siac156_curitiba_v1,"Ponto positivo administrativo geocodificado (mesmo criterio do v12 Recife). Nao e ground truth cartografico individual -- confianca strong = correspondencia de rua (geometria, nao numero exato); medium = fallback bairro-centroide.","Nao usar como escore, threshold ou variavel derivada do rotulo. Nao promover a 'validado'/'confirmado' sem revisao do REV-P."
Curitiba,1,CUR_SIAC156_d283d08c3fd95ef6,-25.497993,-49.334522,26/08/2025,2025,Proteção ao cidadão - GM,"Enchentes, inundações ou alagamentos",Rua Padre Estanislau Piasecki,CIDADE INDUSTRIAL,medium,"Cidade Industrial de Curitiba, Curitiba, Paraná, Região Sul, 81350-260, Brasil",3012156952,1,"flood (alagamento/enchente) - landslide excluded by category filter (SIAC 156 Assunto/Subdivisao is a distinct structured category, not free text)",siac156_curitiba_v1,"Ponto positivo administrativo geocodificado (mesmo criterio do v12 Recife). Nao e ground truth cartografico individual -- confianca strong = correspondencia de rua (geometria, nao numero exato); medium = fallback bairro-centroide.","Nao usar como escore, threshold ou variavel derivada do rotulo. Nao promover a 'validado'/'confirmado' sem revisao do REV-P."
Curitiba,1,CUR_SIAC156_c467e1ad59b75c68,-25.5230769,-49.2382822,21/09/2025,2025,Proteção ao cidadão - GM,"Enchentes, inundações ou alagamentos",RUA EDMUNDO GILLUNG,ALTO BOQUEIRAO,strong,"Rua Edmundo Gillung, Alto Boqueirão, Curitiba, Paraná, Região Sul, 81750-090, Brasil",390171235,1,"flood (alagamento/enchente) - landslide excluded by category filter (SIAC 156 Assunto/Subdivisao is a distinct structured category, not free text)",siac156_curitiba_v1,"Ponto positivo administrativo geocodificado (mesmo criterio do v12 Recife). Nao e ground truth cartografico individual -- confianca strong = correspondencia de rua (geometria, nao numero exato); medium = fallback bairro-centroide.","Nao usar como escore, threshold ou variavel derivada do rotulo. Nao promover a 'validado'/'confirmado' sem revisao do REV-P."
Curitiba,1,CUR_SIAC156_27cc89101373df22,-25.5390929,-49.2976152,22/09/2025,2025,Proteção ao cidadão - GM,"Enchentes, inundações ou alagamentos",Rua Lufrido Costa,PINHEIRINHO,strong,"Rua Lufrido Costa, Pinheirinho, Curitiba, Paraná, Região Sul, 81880-000, Brasil",129015268,1,"flood (alagamento/enchente) - landslide excluded by category filter (SIAC 156 Assunto/Subdivisao is a distinct structured category, not free text)",siac156_curitiba_v1,"Ponto positivo administrativo geocodificado (mesmo criterio do v12 Recife). Nao e ground truth cartografico individual -- confianca strong = correspondencia de rua (geometria, nao numero exato); medium = fallback bairro-centroide.","Nao usar como escore, threshold ou variavel derivada do rotulo. Nao promover a 'validado'/'confirmado' sem revisao do REV-P."
Curitiba,1,CUR_SIAC156_10171616e8b6c152,-25.497993,-49.334522,22/09/2025,2025,Proteção ao cidadão - GM,"Enchentes, inundações ou alagamentos",Rua Vitório Stevan,CIDADE INDUSTRIAL,medium,"Cidade Industrial de Curitiba, Curitiba, Paraná, Região Sul, 81350-260, Brasil",3012156952,1,"flood (alagamento/enchente) - landslide excluded by category filter (SIAC 156 Assunto/Subdivisao is a distinct structured category, not free text)",siac156_curitiba_v1,"Ponto positivo administrativo geocodificado (mesmo criterio do v12 Recife). Nao e ground truth cartografico individual -- confianca strong = correspondencia de rua (geometria, nao numero exato); medium = fallback bairro-centroide.","Nao usar como escore, threshold ou variavel derivada do rotulo. Nao promover a 'validado'/'confirmado' sem revisao do REV-P."
Curitiba,1,CUR_SIAC156_97c25eb1dbf928c2,-25.4978345,-49.2064322,18/10/2025,2025,Proteção ao cidadão - GM,"Enchentes, inundações ou alagamentos",RUA OLINDO CAETANI,UBERABA,strong,"Rua Olindo Caetani, Vila Alvorada, Uberaba, Curitiba, Paraná, Região Sul, 81560-615, Brasil",654374629,1,"flood (alagamento/enchente) - landslide excluded by category filter (SIAC 156 Assunto/Subdivisao is a distinct structured category, not free text)",siac156_curitiba_v1,"Ponto positivo administrativo geocodificado (mesmo criterio do v12 Recife). Nao e ground truth cartografico individual -- confianca strong = correspondencia de rua (geometria, nao numero exato); medium = fallback bairro-centroide.","Nao usar como escore, threshold ou variavel derivada do rotulo. Nao promover a 'validado'/'confirmado' sem revisao do REV-P."
Curitiba,1,CUR_SIAC156_f3a1a1de9ee56419,-25.485266,-49.3490599,03/11/2025,2025,Proteção ao cidadão - GM,"Enchentes, inundações ou alagamentos",Rua Jacinto Cunha,CIDADE INDUSTRIAL,strong,"Rua Jacinto Cunha, Cidade Industrial de Curitiba, Curitiba, Paraná, Região Sul, 81260-260, Brasil",127529126,1,"flood (alagamento/enchente) - landslide excluded by category filter (SIAC 156 Assunto/Subdivisao is a distinct structured category, not free text)",siac156_curitiba_v1,"Ponto positivo administrativo geocodificado (mesmo criterio do v12 Recife). Nao e ground truth cartografico individual -- confianca strong = correspondencia de rua (geometria, nao numero exato); medium = fallback bairro-centroide.","Nao usar como escore, threshold ou variavel derivada do rotulo. Nao promover a 'validado'/'confirmado' sem revisao do REV-P."
Curitiba,1,CUR_SIAC156_52b668f4b31fedcc,-25.3869409,-49.3383647,08/11/2025,2025,Proteção ao cidadão - GM,"Enchentes, inundações ou alagamentos",Avenida Francisco Gulin,SANTA FELICIDADE,strong,"Avenida Francisco Gulin, Santa Felicidade, Curitiba, Paraná, Região Sul, 82400-070, Brasil",127546305,1,"flood (alagamento/enchente) - landslide excluded by category filter (SIAC 156 Assunto/Subdivisao is a distinct structured category, not free text)",siac156_curitiba_v1,"Ponto positivo administrativo geocodificado (mesmo criterio do v12 Recife). Nao e ground truth cartografico individual -- confianca strong = correspondencia de rua (geometria, nao numero exato); medium = fallback bairro-centroide.","Nao usar como escore, threshold ou variavel derivada do rotulo. Nao promover a 'validado'/'confirmado' sem revisao do REV-P."
Curitiba,1,CUR_SIAC156_a04cde267ed4f8cc,-25.3935809,-49.2559241,29/12/2025,2025,Drenagem,Alagamentos,Rua Estados Unidos,BOA VISTA,strong,"Rua Estados Unidos, Boa Vista, Curitiba, Paraná, Região Sul, 82540-210, Brasil",38230006,1,"flood (alagamento/enchente) - landslide excluded by category filter (SIAC 156 Assunto/Subdivisao is a distinct structured category, not free text)",siac156_curitiba_v1,"Ponto positivo administrativo geocodificado (mesmo criterio do v12 Recife). Nao e ground truth cartografico individual -- confianca strong = correspondencia de rua (geometria, nao numero exato); medium = fallback bairro-centroide.","Nao usar como escore, threshold ou variavel derivada do rotulo. Nao promover a 'validado'/'confirmado' sem revisao do REV-P."
Curitiba,1,CUR_SIAC156_7f99842e2d532a7b,-25.3756412,-49.2393624,29/12/2025,2025,Drenagem,Alagamentos,Humberto Cezarino,SANTA CANDIDA,strong,"Rua Humberto Cezarino, Santa Cândida, Curitiba, Paraná, Região Sul, 82640-010, Brasil",162217201,1,"flood (alagamento/enchente) - landslide excluded by category filter (SIAC 156 Assunto/Subdivisao is a distinct structured category, not free text)",siac156_curitiba_v1,"Ponto positivo administrativo geocodificado (mesmo criterio do v12 Recife). Nao e ground truth cartografico individual -- confianca strong = correspondencia de rua (geometria, nao numero exato); medium = fallback bairro-centroide.","Nao usar como escore, threshold ou variavel derivada do rotulo. Nao promover a 'validado'/'confirmado' sem revisao do REV-P."
Curitiba,1,CUR_SIAC156_9293ff3703860e52,-25.4542973,-49.2536684,18/11/2025,2025,Drenagem,Alagamentos,Rua Iapó,PRADO VELHO,strong,"Rua Iapó, Prado Velho, Curitiba, Paraná, Região Sul, 80215-223, Brasil",317975013,1,"flood (alagamento/enchente) - landslide excluded by category filter (SIAC 156 Assunto/Subdivisao is a distinct structured category, not free text)",siac156_curitiba_v1,"Ponto positivo administrativo geocodificado (mesmo criterio do v12 Recife). Nao e ground truth cartografico individual -- confianca strong = correspondencia de rua (geometria, nao numero exato); medium = fallback bairro-centroide.","Nao usar como escore, threshold ou variavel derivada do rotulo. Nao promover a 'validado'/'confirmado' sem revisao do REV-P."
Curitiba,1,CUR_SIAC156_1d6238ace7f7f16f,-25.4264247,-49.2952568,14/12/2025,2025,Drenagem,Alagamentos,Júlia Wanderley,MERCES,strong,"Rua Júlia Wanderley, Mercês, Curitiba, Paraná, Região Sul, 80710-240, Brasil",163603467,1,"flood (alagamento/enchente) - landslide excluded by category filter (SIAC 156 Assunto/Subdivisao is a distinct structured category, not free text)",siac156_curitiba_v1,"Ponto positivo administrativo geocodificado (mesmo criterio do v12 Recife). Nao e ground truth cartografico individual -- confianca strong = correspondencia de rua (geometria, nao numero exato); medium = fallback bairro-centroide.","Nao usar como escore, threshold ou variavel derivada do rotulo. Nao promover a 'validado'/'confirmado' sem revisao do REV-P."
Curitiba,1,CUR_SIAC156_b9a380480174f767,-25.440597,-49.2783098,15/12/2025,2025,Drenagem,Alagamentos,RUA DESEMBARGADOR MOTTA,CENTRO,strong,"Rua Desembargador Motta, Centro, Curitiba, Paraná, Região Sul, 80250-220, Brasil",231095196,1,"flood (alagamento/enchente) - landslide excluded by category filter (SIAC 156 Assunto/Subdivisao is a distinct structured category, not free text)",siac156_curitiba_v1,"Ponto positivo administrativo geocodificado (mesmo criterio do v12 Recife). Nao e ground truth cartografico individual -- confianca strong = correspondencia de rua (geometria, nao numero exato); medium = fallback bairro-centroide.","Nao usar como escore, threshold ou variavel derivada do rotulo. Nao promover a 'validado'/'confirmado' sem revisao do REV-P."
Curitiba,1,CUR_SIAC156_26ca17889f0ecee5,-25.440597,-49.2783098,16/12/2025,2025,Drenagem,Alagamentos,RUA Desembargador Motta,CENTRO,strong,"Rua Desembargador Motta, Centro, Curitiba, Paraná, Região Sul, 80250-220, Brasil",231095196,1,"flood (alagamento/enchente) - landslide excluded by category filter (SIAC 156 Assunto/Subdivisao is a distinct structured category, not free text)",siac156_curitiba_v1,"Ponto positivo administrativo geocodificado (mesmo criterio do v12 Recife). Nao e ground truth cartografico individual -- confianca strong = correspondencia de rua (geometria, nao numero exato); medium = fallback bairro-centroide.","Nao usar como escore, threshold ou variavel derivada do rotulo. Nao promover a 'validado'/'confirmado' sem revisao do REV-P."
Curitiba,1,CUR_SIAC156_919abcfef21a9a57,-25.4203127,-49.2961347,31/12/2025,2025,Drenagem,Alagamentos,Nestor Lopes da Silva,MERCES,strong,"Rua Nestor Lopes da Silva, Mercês, Curitiba, Paraná, Região Sul, 80810-345, Brasil",29548945,1,"flood (alagamento/enchente) - landslide excluded by category filter (SIAC 156 Assunto/Subdivisao is a distinct structured category, not free text)",siac156_curitiba_v1,"Ponto positivo administrativo geocodificado (mesmo criterio do v12 Recife). Nao e ground truth cartografico individual -- confianca strong = correspondencia de rua (geometria, nao numero exato); medium = fallback bairro-centroide.","Nao usar como escore, threshold ou variavel derivada do rotulo. Nao promover a 'validado'/'confirmado' sem revisao do REV-P."
Curitiba,1,CUR_SIAC156_e5792ba922af9122,-25.4264247,-49.2952568,31/12/2025,2025,Drenagem,Alagamentos,Júlia Wanderley,MERCES,strong,"Rua Júlia Wanderley, Mercês, Curitiba, Paraná, Região Sul, 80710-240, Brasil",163603467,1,"flood (alagamento/enchente) - landslide excluded by category filter (SIAC 156 Assunto/Subdivisao is a distinct structured category, not free text)",siac156_curitiba_v1,"Ponto positivo administrativo geocodificado (mesmo criterio do v12 Recife). Nao e ground truth cartografico individual -- confianca strong = correspondencia de rua (geometria, nao numero exato); medium = fallback bairro-centroide.","Nao usar como escore, threshold ou variavel derivada do rotulo. Nao promover a 'validado'/'confirmado' sem revisao do REV-P."
Curitiba,1,CUR_SIAC156_f03e3a4bf1d6f02b,-25.4433089,-49.3331863,22/07/2026,2026,Drenagem,Alagamentos,RUA JEREMIAS MACIEL PERRETTO,MOSSUNGUE,strong,"Rua Jeremias Maciel Perretto, Mossunguê, Curitiba, Paraná, Região Sul, 81200-230, Brasil",1188743773,1,"flood (alagamento/enchente) - landslide excluded by category filter (SIAC 156 Assunto/Subdivisao is a distinct structured category, not free text)",siac156_curitiba_v1,"Ponto positivo administrativo geocodificado (mesmo criterio do v12 Recife). Nao e ground truth cartografico individual -- confianca strong = correspondencia de rua (geometria, nao numero exato); medium = fallback bairro-centroide.","Nao usar como escore, threshold ou variavel derivada do rotulo. Nao promover a 'validado'/'confirmado' sem revisao do REV-P."
Curitiba,1,CUR_SIAC156_125a5a58ea7bcb67,-25.4971239,-49.2574941,03/02/2026,2026,Proteção ao cidadão - GM,"Enchentes, inundações ou alagamentos",RUA 25 DE AGOSTO,BOQUEIRAO,strong,"Rua 25 de Agosto, Boqueirão, Curitiba, Paraná, Região Sul, 81670-230, Brasil",84872551,1,"flood (alagamento/enchente) - landslide excluded by category filter (SIAC 156 Assunto/Subdivisao is a distinct structured category, not free text)",siac156_curitiba_v1,"Ponto positivo administrativo geocodificado (mesmo criterio do v12 Recife). Nao e ground truth cartografico individual -- confianca strong = correspondencia de rua (geometria, nao numero exato); medium = fallback bairro-centroide.","Nao usar como escore, threshold ou variavel derivada do rotulo. Nao promover a 'validado'/'confirmado' sem revisao do REV-P."
Curitiba,1,CUR_SIAC156_70147e14533c4873,-25.5079903,-49.2271863,29/07/2026,2026,Drenagem,Alagamentos,RUA DESEMBARGADOR ANTÔNIO DE PAULA,BOQUEIRAO,strong,"Rua Desembargador Antônio de Paula, Boqueirão, Curitiba, Paraná, Região Sul, 81730-360, Brasil",70629101,1,"flood (alagamento/enchente) - landslide excluded by category filter (SIAC 156 Assunto/Subdivisao is a distinct structured category, not free text)",siac156_curitiba_v1,"Ponto positivo administrativo geocodificado (mesmo criterio do v12 Recife). Nao e ground truth cartografico individual -- confianca strong = correspondencia de rua (geometria, nao numero exato); medium = fallback bairro-centroide.","Nao usar como escore, threshold ou variavel derivada do rotulo. Nao promover a 'validado'/'confirmado' sem revisao do REV-P."
Curitiba,1,CUR_SIAC156_ecfe0cb10c94daa8,-25.497263,-49.2034052,11/07/2026,2026,Drenagem,Alagamentos,Rua Manoela Stier Reiss,UBERABA,strong,"Rua Manoela Stier Reiss, Vila Jardim Icaray, Uberaba, Curitiba, Paraná, Região Sul, 81560-615, Brasil",125624723,1,"flood (alagamento/enchente) - landslide excluded by category filter (SIAC 156 Assunto/Subdivisao is a distinct structured category, not free text)",siac156_curitiba_v1,"Ponto positivo administrativo geocodificado (mesmo criterio do v12 Recife). Nao e ground truth cartografico individual -- confianca strong = correspondencia de rua (geometria, nao numero exato); medium = fallback bairro-centroide.","Nao usar como escore, threshold ou variavel derivada do rotulo. Nao promover a 'validado'/'confirmado' sem revisao do REV-P."
Curitiba,1,CUR_SIAC156_d5e316912c7f1f8c,-25.5702727,-49.3421227,17/07/2026,2026,Drenagem,Alagamentos,RUA PAULINA KAVINSKI PONTAROLLA,TATUQUARA,strong,"Rua Paulina Kavinski Pontarolla, Tatuquara, Curitiba, Paraná, Região Sul, 81470-085, Brasil",914659116,1,"flood (alagamento/enchente) - landslide excluded by category filter (SIAC 156 Assunto/Subdivisao is a distinct structured category, not free text)",siac156_curitiba_v1,"Ponto positivo administrativo geocodificado (mesmo criterio do v12 Recife). Nao e ground truth cartografico individual -- confianca strong = correspondencia de rua (geometria, nao numero exato); medium = fallback bairro-centroide.","Nao usar como escore, threshold ou variavel derivada do rotulo. Nao promover a 'validado'/'confirmado' sem revisao do REV-P."
Curitiba,1,CUR_SIAC156_80eb888aa54635f6,-25.559663,-49.3139568,29/07/2026,2026,Drenagem,Alagamentos,RUA JAIME JOSÉ VOJCIECHOVSKI,TATUQUARA,strong,"Rua Jaime José Vojciechovski, Vila Pompéia, Tatuquara, Curitiba, Paraná, Região Sul, 81480-160, Brasil",125207599,1,"flood (alagamento/enchente) - landslide excluded by category filter (SIAC 156 Assunto/Subdivisao is a distinct structured category, not free text)",siac156_curitiba_v1,"Ponto positivo administrativo geocodificado (mesmo criterio do v12 Recife). Nao e ground truth cartografico individual -- confianca strong = correspondencia de rua (geometria, nao numero exato); medium = fallback bairro-centroide.","Nao usar como escore, threshold ou variavel derivada do rotulo. Nao promover a 'validado'/'confirmado' sem revisao do REV-P."
Curitiba,1,CUR_SIAC156_83c86b79337ffc63,-25.4192555,-49.243761,08/06/2026,2026,Drenagem,Alagamentos,RUA FLÁVIO DALLEGRAVE,HUGO LANGE,strong,"Rua Flávio Dallegrave, Hugo Lange, Curitiba, Paraná, Região Sul, 80040-450, Brasil",44027024,1,"flood (alagamento/enchente) - landslide excluded by category filter (SIAC 156 Assunto/Subdivisao is a distinct structured category, not free text)",siac156_curitiba_v1,"Ponto positivo administrativo geocodificado (mesmo criterio do v12 Recife). Nao e ground truth cartografico individual -- confianca strong = correspondencia de rua (geometria, nao numero exato); medium = fallback bairro-centroide.","Nao usar como escore, threshold ou variavel derivada do rotulo. Nao promover a 'validado'/'confirmado' sem revisao do REV-P."
Curitiba,1,CUR_SIAC156_0b07e9e7ad21c566,-25.4333807,-49.2771506,22/07/2026,2026,Drenagem,Alagamentos,AVENIDA VICENTE MACHADO,CENTRO,strong,"Avenida Vicente Machado, Centro, Curitiba, Paraná, Região Sul, 80410-201, Brasil",1008697395,1,"flood (alagamento/enchente) - landslide excluded by category filter (SIAC 156 Assunto/Subdivisao is a distinct structured category, not free text)",siac156_curitiba_v1,"Ponto positivo administrativo geocodificado (mesmo criterio do v12 Recife). Nao e ground truth cartografico individual -- confianca strong = correspondencia de rua (geometria, nao numero exato); medium = fallback bairro-centroide.","Nao usar como escore, threshold ou variavel derivada do rotulo. Nao promover a 'validado'/'confirmado' sem revisao do REV-P."
Curitiba,1,CUR_SIAC156_fb502bbb78db2090,-25.4246879,-49.2864524,22/07/2026,2026,Drenagem,Alagamentos,Brigadeiro Franco,MERCES,strong,"Rua Brigadeiro Franco, Mercês, Curitiba, Paraná, Região Sul, 80430-210, Brasil",358926104,1,"flood (alagamento/enchente) - landslide excluded by category filter (SIAC 156 Assunto/Subdivisao is a distinct structured category, not free text)",siac156_curitiba_v1,"Ponto positivo administrativo geocodificado (mesmo criterio do v12 Recife). Nao e ground truth cartografico individual -- confianca strong = correspondencia de rua (geometria, nao numero exato); medium = fallback bairro-centroide.","Nao usar como escore, threshold ou variavel derivada do rotulo. Nao promover a 'validado'/'confirmado' sem revisao do REV-P."
Curitiba,1,CUR_SIAC156_b9f086ce8ad65ead,-25.465336,-49.2704108,03/02/2026,2026,Drenagem,Alagamentos,Assis Figueiredo,GUAIRA,strong,"Rua Assis Figueiredo, Vila Valetão, Guaíra, Curitiba, Paraná, Região Sul, 80630-000, Brasil",53813396,1,"flood (alagamento/enchente) - landslide excluded by category filter (SIAC 156 Assunto/Subdivisao is a distinct structured category, not free text)",siac156_curitiba_v1,"Ponto positivo administrativo geocodificado (mesmo criterio do v12 Recife). Nao e ground truth cartografico individual -- confianca strong = correspondencia de rua (geometria, nao numero exato); medium = fallback bairro-centroide.","Nao usar como escore, threshold ou variavel derivada do rotulo. Nao promover a 'validado'/'confirmado' sem revisao do REV-P."
Curitiba,1,CUR_SIAC156_67936c6de8e520d0,-25.4293235,-49.2851098,15/05/2026,2026,Drenagem,Alagamentos,RUA PROFESSOR FERNANDO MOREIRA,MERCES,medium,"Canaleta Exclusiva BRT, Rua Brigadeiro Franco, Mercês, Curitiba, Paraná, Região Sul, 80410-140, Brasil",358926105,1,"flood (alagamento/enchente) - landslide excluded by category filter (SIAC 156 Assunto/Subdivisao is a distinct structured category, not free text)",siac156_curitiba_v1,"Ponto positivo administrativo geocodificado (mesmo criterio do v12 Recife). Nao e ground truth cartografico individual -- confianca strong = correspondencia de rua (geometria, nao numero exato); medium = fallback bairro-centroide.","Nao usar como escore, threshold ou variavel derivada do rotulo. Nao promover a 'validado'/'confirmado' sem revisao do REV-P."
Curitiba,1,CUR_SIAC156_20cf97ed1e895ac0,-25.4622234,-49.2852965,05/01/2026,2026,Drenagem,Alagamentos,Santa Catarina,AGUA VERDE,strong,"Rua Santa Catarina, Água Verde, Curitiba, Paraná, Região Sul, 80620-230, Brasil",48310672,1,"flood (alagamento/enchente) - landslide excluded by category filter (SIAC 156 Assunto/Subdivisao is a distinct structured category, not free text)",siac156_curitiba_v1,"Ponto positivo administrativo geocodificado (mesmo criterio do v12 Recife). Nao e ground truth cartografico individual -- confianca strong = correspondencia de rua (geometria, nao numero exato); medium = fallback bairro-centroide.","Nao usar como escore, threshold ou variavel derivada do rotulo. Nao promover a 'validado'/'confirmado' sem revisao do REV-P."
Curitiba,1,CUR_SIAC156_879be60340949c1b,-25.4602304,-49.2837278,06/01/2026,2026,Drenagem,Alagamentos,Professor Assis Gonçalves,AGUA VERDE,strong,"Rua Professor Assis Gonçalves, Água Verde, Curitiba, Paraná, Região Sul, 80620-130, Brasil",52708917,1,"flood (alagamento/enchente) - landslide excluded by category filter (SIAC 156 Assunto/Subdivisao is a distinct structured category, not free text)",siac156_curitiba_v1,"Ponto positivo administrativo geocodificado (mesmo criterio do v12 Recife). Nao e ground truth cartografico individual -- confianca strong = correspondencia de rua (geometria, nao numero exato); medium = fallback bairro-centroide.","Nao usar como escore, threshold ou variavel derivada do rotulo. Nao promover a 'validado'/'confirmado' sem revisao do REV-P."
Curitiba,1,CUR_SIAC156_dfc290f8bcbe60c6,-25.456233,-49.2806839,11/01/2026,2026,Drenagem,Alagamentos,Alcebíades Plaisant,AGUA VERDE,strong,"Rua Alcebíades Plaisant, Água Verde, Curitiba, Paraná, Região Sul, 80620-400, Brasil",52708909,1,"flood (alagamento/enchente) - landslide excluded by category filter (SIAC 156 Assunto/Subdivisao is a distinct structured category, not free text)",siac156_curitiba_v1,"Ponto positivo administrativo geocodificado (mesmo criterio do v12 Recife). Nao e ground truth cartografico individual -- confianca strong = correspondencia de rua (geometria, nao numero exato); medium = fallback bairro-centroide.","Nao usar como escore, threshold ou variavel derivada do rotulo. Nao promover a 'validado'/'confirmado' sem revisao do REV-P."
Curitiba,1,CUR_SIAC156_0c51b233dcd223df,-25.465653,-49.2602814,13/01/2026,2026,Drenagem,Alagamentos,RUA 24 DE MAIO,PAROLIN,strong,"Rua 24 de Maio, Parolin, Curitiba, Paraná, Região Sul, 80220-390, Brasil",46208598,1,"flood (alagamento/enchente) - landslide excluded by category filter (SIAC 156 Assunto/Subdivisao is a distinct structured category, not free text)",siac156_curitiba_v1,"Ponto positivo administrativo geocodificado (mesmo criterio do v12 Recife). Nao e ground truth cartografico individual -- confianca strong = correspondencia de rua (geometria, nao numero exato); medium = fallback bairro-centroide.","Nao usar como escore, threshold ou variavel derivada do rotulo. Nao promover a 'validado'/'confirmado' sem revisao do REV-P."
Curitiba,1,CUR_SIAC156_dfd67b8b2d9921d1,-25.4701084,-49.2761145,14/01/2026,2026,Drenagem,Alagamentos,RUA SÃO PAULO,GUAIRA,strong,"Rua São Paulo, Guaíra, Curitiba, Paraná, Região Sul, 80630-150, Brasil",52710257,1,"flood (alagamento/enchente) - landslide excluded by category filter (SIAC 156 Assunto/Subdivisao is a distinct structured category, not free text)",siac156_curitiba_v1,"Ponto positivo administrativo geocodificado (mesmo criterio do v12 Recife). Nao e ground truth cartografico individual -- confianca strong = correspondencia de rua (geometria, nao numero exato); medium = fallback bairro-centroide.","Nao usar como escore, threshold ou variavel derivada do rotulo. Nao promover a 'validado'/'confirmado' sem revisao do REV-P."
Curitiba,1,CUR_SIAC156_eea1fc51bc2878de,-25.4602304,-49.2837278,24/01/2026,2026,Drenagem,Alagamentos,Professor Assis Gonçalves,AGUA VERDE,strong,"Rua Professor Assis Gonçalves, Água Verde, Curitiba, Paraná, Região Sul, 80620-130, Brasil",52708917,1,"flood (alagamento/enchente) - landslide excluded by category filter (SIAC 156 Assunto/Subdivisao is a distinct structured category, not free text)",siac156_curitiba_v1,"Ponto positivo administrativo geocodificado (mesmo criterio do v12 Recife). Nao e ground truth cartografico individual -- confianca strong = correspondencia de rua (geometria, nao numero exato); medium = fallback bairro-centroide.","Nao usar como escore, threshold ou variavel derivada do rotulo. Nao promover a 'validado'/'confirmado' sem revisao do REV-P."
Curitiba,1,CUR_SIAC156_3939199ef111f5ae,-25.4814727,-49.3164521,29/01/2026,2026,Drenagem,Alagamentos,Rua Guapirama,FAZENDINHA,strong,"Rua Guapirama, Fazendinha, Curitiba, Paraná, Região Sul, 81070-001, Brasil",129144839,1,"flood (alagamento/enchente) - landslide excluded by category filter (SIAC 156 Assunto/Subdivisao is a distinct structured category, not free text)",siac156_curitiba_v1,"Ponto positivo administrativo geocodificado (mesmo criterio do v12 Recife). Nao e ground truth cartografico individual -- confianca strong = correspondencia de rua (geometria, nao numero exato); medium = fallback bairro-centroide.","Nao usar como escore, threshold ou variavel derivada do rotulo. Nao promover a 'validado'/'confirmado' sem revisao do REV-P."
Curitiba,1,CUR_SIAC156_3b13f759b392f46d,-25.4612566,-49.2668905,03/02/2026,2026,Drenagem,Alagamentos,RUA BRIGADEIRO FRANCO,PAROLIN,strong,"Rua Brigadeiro Franco, Parolin, Curitiba, Paraná, Região Sul, 80220-081, Brasil",122741943,1,"flood (alagamento/enchente) - landslide excluded by category filter (SIAC 156 Assunto/Subdivisao is a distinct structured category, not free text)",siac156_curitiba_v1,"Ponto positivo administrativo geocodificado (mesmo criterio do v12 Recife). Nao e ground truth cartografico individual -- confianca strong = correspondencia de rua (geometria, nao numero exato); medium = fallback bairro-centroide.","Nao usar como escore, threshold ou variavel derivada do rotulo. Nao promover a 'validado'/'confirmado' sem revisao do REV-P."
Curitiba,1,CUR_SIAC156_4786b6985cc0f134,-25.4622234,-49.2852965,03/02/2026,2026,Drenagem,Alagamentos,RUA SANTA CATARINA,AGUA VERDE,strong,"Rua Santa Catarina, Água Verde, Curitiba, Paraná, Região Sul, 80620-230, Brasil",48310672,1,"flood (alagamento/enchente) - landslide excluded by category filter (SIAC 156 Assunto/Subdivisao is a distinct structured category, not free text)",siac156_curitiba_v1,"Ponto positivo administrativo geocodificado (mesmo criterio do v12 Recife). Nao e ground truth cartografico individual -- confianca strong = correspondencia de rua (geometria, nao numero exato); medium = fallback bairro-centroide.","Nao usar como escore, threshold ou variavel derivada do rotulo. Nao promover a 'validado'/'confirmado' sem revisao do REV-P."
Curitiba,1,CUR_SIAC156_82686c925bffdac2,-25.4702298,-49.2854648,03/02/2026,2026,Drenagem,Alagamentos,RUA MARANHÃO,PORTAO,strong,"Rua Maranhão, Água Verde, Curitiba, Paraná, Região Sul, 80610-140, Brasil",48310677,1,"flood (alagamento/enchente) - landslide excluded by category filter (SIAC 156 Assunto/Subdivisao is a distinct structured category, not free text)",siac156_curitiba_v1,"Ponto positivo administrativo geocodificado (mesmo criterio do v12 Recife). Nao e ground truth cartografico individual -- confianca strong = correspondencia de rua (geometria, nao numero exato); medium = fallback bairro-centroide.","Nao usar como escore, threshold ou variavel derivada do rotulo. Nao promover a 'validado'/'confirmado' sem revisao do REV-P."
Curitiba,1,CUR_SIAC156_86fc6d8de1a9cac9,-25.4627523,-49.277946,04/02/2026,2026,Drenagem,Alagamentos,Rio de Janeiro,AGUA VERDE,strong,"Rua Rio de Janeiro, Água Verde, Curitiba, Paraná, Região Sul, 80620-220, Brasil",1338768166,1,"flood (alagamento/enchente) - landslide excluded by category filter (SIAC 156 Assunto/Subdivisao is a distinct structured category, not free text)",siac156_curitiba_v1,"Ponto positivo administrativo geocodificado (mesmo criterio do v12 Recife). Nao e ground truth cartografico individual -- confianca strong = correspondencia de rua (geometria, nao numero exato); medium = fallback bairro-centroide.","Nao usar como escore, threshold ou variavel derivada do rotulo. Nao promover a 'validado'/'confirmado' sem revisao do REV-P."
Curitiba,1,CUR_SIAC156_59e1b6b02e25511d,-25.4782724,-49.3295372,05/02/2026,2026,Drenagem,Alagamentos,RUA CARLOS KLEMTZ,FAZENDINHA,strong,"Rua Carlos Klemtz, Fazendinha, Curitiba, Paraná, Região Sul, 81330-300, Brasil",121817694,1,"flood (alagamento/enchente) - landslide excluded by category filter (SIAC 156 Assunto/Subdivisao is a distinct structured category, not free text)",siac156_curitiba_v1,"Ponto positivo administrativo geocodificado (mesmo criterio do v12 Recife). Nao e ground truth cartografico individual -- confianca strong = correspondencia de rua (geometria, nao numero exato); medium = fallback bairro-centroide.","Nao usar como escore, threshold ou variavel derivada do rotulo. Nao promover a 'validado'/'confirmado' sem revisao do REV-P."
Curitiba,1,CUR_SIAC156_ec0db3ee8e929a79,-25.4642589,-49.2803828,06/02/2026,2026,Drenagem,Alagamentos,Eugênio José de Souza,AGUA VERDE,strong,"Rua Eugênio José de Souza, Água Verde, Curitiba, Paraná, Região Sul, 80610-020, Brasil",231807299,2,"flood (alagamento/enchente) - landslide excluded by category filter (SIAC 156 Assunto/Subdivisao is a distinct structured category, not free text)",siac156_curitiba_v1,"Ponto positivo administrativo geocodificado (mesmo criterio do v12 Recife). Nao e ground truth cartografico individual -- confianca strong = correspondencia de rua (geometria, nao numero exato); medium = fallback bairro-centroide.","Nao usar como escore, threshold ou variavel derivada do rotulo. Nao promover a 'validado'/'confirmado' sem revisao do REV-P."
Curitiba,1,CUR_SIAC156_5e64dd8b5e471cea,-25.4788131,-49.320056,13/02/2026,2026,Drenagem,Alagamentos,Rua Jandira Ferreira Dos Santos,FAZENDINHA,strong,"Rua Jandira Ferreira dos Santos, Fazendinha, Curitiba, Paraná, Região Sul, 81330-600, Brasil",924760848,1,"flood (alagamento/enchente) - landslide excluded by category filter (SIAC 156 Assunto/Subdivisao is a distinct structured category, not free text)",siac156_curitiba_v1,"Ponto positivo administrativo geocodificado (mesmo criterio do v12 Recife). Nao e ground truth cartografico individual -- confianca strong = correspondencia de rua (geometria, nao numero exato); medium = fallback bairro-centroide.","Nao usar como escore, threshold ou variavel derivada do rotulo. Nao promover a 'validado'/'confirmado' sem revisao do REV-P."
Curitiba,1,CUR_SIAC156_616411eab1c04993,-25.4621764,-49.2872606,27/04/2026,2026,Drenagem,Alagamentos,Marquês do Paraná,AGUA VERDE,strong,"Rua Marquês do Paraná, Água Verde, Curitiba, Paraná, Região Sul, 80620-100, Brasil",277739807,1,"flood (alagamento/enchente) - landslide excluded by category filter (SIAC 156 Assunto/Subdivisao is a distinct structured category, not free text)",siac156_curitiba_v1,"Ponto positivo administrativo geocodificado (mesmo criterio do v12 Recife). Nao e ground truth cartografico individual -- confianca strong = correspondencia de rua (geometria, nao numero exato); medium = fallback bairro-centroide.","Nao usar como escore, threshold ou variavel derivada do rotulo. Nao promover a 'validado'/'confirmado' sem revisao do REV-P."
Curitiba,1,CUR_SIAC156_ae10ffe0cc812d38,-25.473939,-49.2830144,06/06/2026,2026,Drenagem,Alagamentos,Alagoas,GUAIRA,strong,"Rua Alagoas, Guaíra, Curitiba, Paraná, Região Sul, 80610-905, Brasil",186776870,1,"flood (alagamento/enchente) - landslide excluded by category filter (SIAC 156 Assunto/Subdivisao is a distinct structured category, not free text)",siac156_curitiba_v1,"Ponto positivo administrativo geocodificado (mesmo criterio do v12 Recife). Nao e ground truth cartografico individual -- confianca strong = correspondencia de rua (geometria, nao numero exato); medium = fallback bairro-centroide.","Nao usar como escore, threshold ou variavel derivada do rotulo. Nao promover a 'validado'/'confirmado' sem revisao do REV-P."
Curitiba,1,CUR_SIAC156_3df24dafa2c980b4,-25.4594422,-49.2591324,21/06/2026,2026,Drenagem,Alagamentos,Doutor Carvalho Chaves,PAROLIN,strong,"Rua Doutor Carvalho Chaves, Parolin, Curitiba, Paraná, Região Sul, 80220-902, Brasil",46208601,1,"flood (alagamento/enchente) - landslide excluded by category filter (SIAC 156 Assunto/Subdivisao is a distinct structured category, not free text)",siac156_curitiba_v1,"Ponto positivo administrativo geocodificado (mesmo criterio do v12 Recife). Nao e ground truth cartografico individual -- confianca strong = correspondencia de rua (geometria, nao numero exato); medium = fallback bairro-centroide.","Nao usar como escore, threshold ou variavel derivada do rotulo. Nao promover a 'validado'/'confirmado' sem revisao do REV-P."
Curitiba,1,CUR_SIAC156_7a8c4e1bdfde86a4,-25.3716482,-49.2781897,03/02/2026,2026,Drenagem,Alagamentos,Rua Engenheiro Oswaldo Siqueira,TABOAO,strong,"Rua Engenheiro Oswaldo Siqueira, Taboão, Curitiba, Paraná, Região Sul, 82220-320, Brasil",162043349,1,"flood (alagamento/enchente) - landslide excluded by category filter (SIAC 156 Assunto/Subdivisao is a distinct structured category, not free text)",siac156_curitiba_v1,"Ponto positivo administrativo geocodificado (mesmo criterio do v12 Recife). Nao e ground truth cartografico individual -- confianca strong = correspondencia de rua (geometria, nao numero exato); medium = fallback bairro-centroide.","Nao usar como escore, threshold ou variavel derivada do rotulo. Nao promover a 'validado'/'confirmado' sem revisao do REV-P."
Curitiba,1,CUR_SIAC156_335856edbab73b88,-25.38541,-49.1976628,05/02/2026,2026,Drenagem,Alagamentos,RUA OSCAR SPENA,ATUBA,strong,"Rua Oscar Spena, Atuba, Curitiba, Paraná, Região Sul, 82630-305, Brasil",169608385,1,"flood (alagamento/enchente) - landslide excluded by category filter (SIAC 156 Assunto/Subdivisao is a distinct structured category, not free text)",siac156_curitiba_v1,"Ponto positivo administrativo geocodificado (mesmo criterio do v12 Recife). Nao e ground truth cartografico individual -- confianca strong = correspondencia de rua (geometria, nao numero exato); medium = fallback bairro-centroide.","Nao usar como escore, threshold ou variavel derivada do rotulo. Nao promover a 'validado'/'confirmado' sem revisao do REV-P."
Curitiba,1,CUR_SIAC156_bc73dd9c712e22f6,-25.3922665,-49.2386416,06/02/2026,2026,Drenagem,Alagamentos,RUA LODOVICO GERONAZZO,BACACHERI,strong,"Rua Lodovico Geronazzo, Bacacheri, Curitiba, Paraná, Região Sul, 82510-350, Brasil",332994951,1,"flood (alagamento/enchente) - landslide excluded by category filter (SIAC 156 Assunto/Subdivisao is a distinct structured category, not free text)",siac156_curitiba_v1,"Ponto positivo administrativo geocodificado (mesmo criterio do v12 Recife). Nao e ground truth cartografico individual -- confianca strong = correspondencia de rua (geometria, nao numero exato); medium = fallback bairro-centroide.","Nao usar como escore, threshold ou variavel derivada do rotulo. Nao promover a 'validado'/'confirmado' sem revisao do REV-P."
Curitiba,1,CUR_SIAC156_cce9a67519972a78,-25.3888735,-49.2254095,11/02/2026,2026,Drenagem,Alagamentos,RUA GUILHERME IHLENFELDT,BACACHERI,strong,"Rua Guilherme Ihlenfeldt, Bacacheri, Curitiba, Paraná, Região Sul, 82600-360, Brasil",1209220093,1,"flood (alagamento/enchente) - landslide excluded by category filter (SIAC 156 Assunto/Subdivisao is a distinct structured category, not free text)",siac156_curitiba_v1,"Ponto positivo administrativo geocodificado (mesmo criterio do v12 Recife). Nao e ground truth cartografico individual -- confianca strong = correspondencia de rua (geometria, nao numero exato); medium = fallback bairro-centroide.","Nao usar como escore, threshold ou variavel derivada do rotulo. Nao promover a 'validado'/'confirmado' sem revisao do REV-P."
Curitiba,1,CUR_SIAC156_485150672f750ccb,-25.3968629,-49.2772628,11/02/2026,2026,Drenagem,Alagamentos,RUA CAPITÃO CARLOS HENRIQUE CASTOR,PILARZINHO,strong,"Rua Capitão Carlos Henrique Castor, Pilarzinho, Curitiba, Paraná, Região Sul, 82120-060, Brasil",150348425,1,"flood (alagamento/enchente) - landslide excluded by category filter (SIAC 156 Assunto/Subdivisao is a distinct structured category, not free text)",siac156_curitiba_v1,"Ponto positivo administrativo geocodificado (mesmo criterio do v12 Recife). Nao e ground truth cartografico individual -- confianca strong = correspondencia de rua (geometria, nao numero exato); medium = fallback bairro-centroide.","Nao usar como escore, threshold ou variavel derivada do rotulo. Nao promover a 'validado'/'confirmado' sem revisao do REV-P."
Curitiba,1,CUR_SIAC156_dd5d97b7c14d47a6,-25.3958912,-49.2455806,05/03/2026,2026,Drenagem,Alagamentos,RUA JOSÉ MERHY,BOA VISTA,strong,"Rua José Merhy, Boa Vista, Curitiba, Paraná, Região Sul, 82560-440, Brasil",38230417,1,"flood (alagamento/enchente) - landslide excluded by category filter (SIAC 156 Assunto/Subdivisao is a distinct structured category, not free text)",siac156_curitiba_v1,"Ponto positivo administrativo geocodificado (mesmo criterio do v12 Recife). Nao e ground truth cartografico individual -- confianca strong = correspondencia de rua (geometria, nao numero exato); medium = fallback bairro-centroide.","Nao usar como escore, threshold ou variavel derivada do rotulo. Nao promover a 'validado'/'confirmado' sem revisao do REV-P."
Curitiba,1,CUR_SIAC156_9c8b82bfc72d45c3,-25.38541,-49.1976628,09/03/2026,2026,Drenagem,Alagamentos,RUA OSCAR SPENA,ATUBA,strong,"Rua Oscar Spena, Atuba, Curitiba, Paraná, Região Sul, 82630-305, Brasil",169608385,1,"flood (alagamento/enchente) - landslide excluded by category filter (SIAC 156 Assunto/Subdivisao is a distinct structured category, not free text)",siac156_curitiba_v1,"Ponto positivo administrativo geocodificado (mesmo criterio do v12 Recife). Nao e ground truth cartografico individual -- confianca strong = correspondencia de rua (geometria, nao numero exato); medium = fallback bairro-centroide.","Nao usar como escore, threshold ou variavel derivada do rotulo. Nao promover a 'validado'/'confirmado' sem revisao do REV-P."
Curitiba,1,CUR_SIAC156_31dfecad4221ccb9,-25.38541,-49.1976628,12/03/2026,2026,Drenagem,Alagamentos,Oscar Spena,ATUBA,strong,"Rua Oscar Spena, Atuba, Curitiba, Paraná, Região Sul, 82630-305, Brasil",169608385,1,"flood (alagamento/enchente) - landslide excluded by category filter (SIAC 156 Assunto/Subdivisao is a distinct structured category, not free text)",siac156_curitiba_v1,"Ponto positivo administrativo geocodificado (mesmo criterio do v12 Recife). Nao e ground truth cartografico individual -- confianca strong = correspondencia de rua (geometria, nao numero exato); medium = fallback bairro-centroide.","Nao usar como escore, threshold ou variavel derivada do rotulo. Nao promover a 'validado'/'confirmado' sem revisao do REV-P."
Curitiba,1,CUR_SIAC156_29f9a2589e152baa,-25.3658387,-49.2562748,16/04/2026,2026,Drenagem,Alagamentos,da Nogueira,BARREIRINHA,strong,"Rua da Nogueira, Barreirinha, Curitiba, Paraná, Região Sul, 82650-505, Brasil",371651604,1,"flood (alagamento/enchente) - landslide excluded by category filter (SIAC 156 Assunto/Subdivisao is a distinct structured category, not free text)",siac156_curitiba_v1,"Ponto positivo administrativo geocodificado (mesmo criterio do v12 Recife). Nao e ground truth cartografico individual -- confianca strong = correspondencia de rua (geometria, nao numero exato); medium = fallback bairro-centroide.","Nao usar como escore, threshold ou variavel derivada do rotulo. Nao promover a 'validado'/'confirmado' sem revisao do REV-P."
Curitiba,1,CUR_SIAC156_cc9f29e73512cf14,-25.3835393,-49.1959996,29/06/2026,2026,Drenagem,Alagamentos,RUA APARECIDA CALLEGARINE BARRETO,ATUBA,strong,"Rua Aparecida Callegarine Barreto, Atuba, Curitiba, Paraná, Região Sul, 83408-180, Brasil",164943338,1,"flood (alagamento/enchente) - landslide excluded by category filter (SIAC 156 Assunto/Subdivisao is a distinct structured category, not free text)",siac156_curitiba_v1,"Ponto positivo administrativo geocodificado (mesmo criterio do v12 Recife). Nao e ground truth cartografico individual -- confianca strong = correspondencia de rua (geometria, nao numero exato); medium = fallback bairro-centroide.","Nao usar como escore, threshold ou variavel derivada do rotulo. Nao promover a 'validado'/'confirmado' sem revisao do REV-P."
Curitiba,1,CUR_SIAC156_3990c8a77ae4de0d,-25.3758131,-49.2418049,10/07/2026,2026,Drenagem,Alagamentos,Rua Rei David,SANTA CANDIDA,strong,"Rua Rei David, Santa Cândida, Curitiba, Paraná, Região Sul, 82650-090, Brasil",655816497,1,"flood (alagamento/enchente) - landslide excluded by category filter (SIAC 156 Assunto/Subdivisao is a distinct structured category, not free text)",siac156_curitiba_v1,"Ponto positivo administrativo geocodificado (mesmo criterio do v12 Recife). Nao e ground truth cartografico individual -- confianca strong = correspondencia de rua (geometria, nao numero exato); medium = fallback bairro-centroide.","Nao usar como escore, threshold ou variavel derivada do rotulo. Nao promover a 'validado'/'confirmado' sem revisao do REV-P."
Curitiba,1,CUR_SIAC156_849e38b88a0bd33e,-25.392106,-49.2100989,13/07/2026,2026,Drenagem,Alagamentos,Abrão Calixto,ATUBA,strong,"Rua Abrão Calixto, Atuba, Curitiba, Paraná, Região Sul, 82600-030, Brasil",921979011,1,"flood (alagamento/enchente) - landslide excluded by category filter (SIAC 156 Assunto/Subdivisao is a distinct structured category, not free text)",siac156_curitiba_v1,"Ponto positivo administrativo geocodificado (mesmo criterio do v12 Recife). Nao e ground truth cartografico individual -- confianca strong = correspondencia de rua (geometria, nao numero exato); medium = fallback bairro-centroide.","Nao usar como escore, threshold ou variavel derivada do rotulo. Nao promover a 'validado'/'confirmado' sem revisao do REV-P."
Curitiba,1,CUR_SIAC156_35c654e407eb2193,-25.532668,-49.2390629,03/02/2026,2026,Drenagem,Alagamentos,RUA ZIRES PEREIRA RIBAS,ALTO BOQUEIRAO,medium,"Alto Boqueirão, Curitiba, Paraná, Região Sul, Brasil",5622007,1,"flood (alagamento/enchente) - landslide excluded by category filter (SIAC 156 Assunto/Subdivisao is a distinct structured category, not free text)",siac156_curitiba_v1,"Ponto positivo administrativo geocodificado (mesmo criterio do v12 Recife). Nao e ground truth cartografico individual -- confianca strong = correspondencia de rua (geometria, nao numero exato); medium = fallback bairro-centroide.","Nao usar como escore, threshold ou variavel derivada do rotulo. Nao promover a 'validado'/'confirmado' sem revisao do REV-P."
Curitiba,1,CUR_SIAC156_adb2a31ee323a9bd,-25.508604,-49.231456,03/02/2026,2026,Drenagem,Alagamentos,RUA BOM JESUS DE IGUAPE,BOQUEIRAO,strong,"Rua Bom Jesus de Iguape, Boqueirão, Curitiba, Paraná, Região Sul, 81730-360, Brasil",55204874,1,"flood (alagamento/enchente) - landslide excluded by category filter (SIAC 156 Assunto/Subdivisao is a distinct structured category, not free text)",siac156_curitiba_v1,"Ponto positivo administrativo geocodificado (mesmo criterio do v12 Recife). Nao e ground truth cartografico individual -- confianca strong = correspondencia de rua (geometria, nao numero exato); medium = fallback bairro-centroide.","Nao usar como escore, threshold ou variavel derivada do rotulo. Nao promover a 'validado'/'confirmado' sem revisao do REV-P."
Curitiba,1,CUR_SIAC156_a19a677d679c6b8d,-25.532668,-49.2390629,03/02/2026,2026,Drenagem,Alagamentos,Zires Pereira Ribas,ALTO BOQUEIRAO,medium,"Alto Boqueirão, Curitiba, Paraná, Região Sul, Brasil",5622007,1,"flood (alagamento/enchente) - landslide excluded by category filter (SIAC 156 Assunto/Subdivisao is a distinct structured category, not free text)",siac156_curitiba_v1,"Ponto positivo administrativo geocodificado (mesmo criterio do v12 Recife). Nao e ground truth cartografico individual -- confianca strong = correspondencia de rua (geometria, nao numero exato); medium = fallback bairro-centroide.","Nao usar como escore, threshold ou variavel derivada do rotulo. Nao promover a 'validado'/'confirmado' sem revisao do REV-P."
Curitiba,1,CUR_SIAC156_db5ec08f7debb53d,-25.4840953,-49.2571395,03/02/2026,2026,Drenagem,Alagamentos,RUA MAJOR THEOLINDO FERREIRA RIBAS,HAUER,strong,"Rua Major Theolindo Ferreira Ribas, Hauer, Curitiba, Paraná, Região Sul, 81630-180, Brasil",671139407,1,"flood (alagamento/enchente) - landslide excluded by category filter (SIAC 156 Assunto/Subdivisao is a distinct structured category, not free text)",siac156_curitiba_v1,"Ponto positivo administrativo geocodificado (mesmo criterio do v12 Recife). Nao e ground truth cartografico individual -- confianca strong = correspondencia de rua (geometria, nao numero exato); medium = fallback bairro-centroide.","Nao usar como escore, threshold ou variavel derivada do rotulo. Nao promover a 'validado'/'confirmado' sem revisao do REV-P."
Curitiba,1,CUR_SIAC156_4a420a1e4ac7b30d,-25.5287333,-49.2515773,03/02/2026,2026,Drenagem,Alagamentos,Rua Reskala Snege,ALTO BOQUEIRAO,strong,"Rua Reskala Snege, teste, Alto Boqueirão, Curitiba, Paraná, Região Sul, 81850-724, Brasil",126822532,1,"flood (alagamento/enchente) - landslide excluded by category filter (SIAC 156 Assunto/Subdivisao is a distinct structured category, not free text)",siac156_curitiba_v1,"Ponto positivo administrativo geocodificado (mesmo criterio do v12 Recife). Nao e ground truth cartografico individual -- confianca strong = correspondencia de rua (geometria, nao numero exato); medium = fallback bairro-centroide.","Nao usar como escore, threshold ou variavel derivada do rotulo. Nao promover a 'validado'/'confirmado' sem revisao do REV-P."
Curitiba,1,CUR_SIAC156_2e571472726ffd69,-25.5008748,-49.2678646,03/02/2026,2026,Drenagem,Alagamentos,RUA JOÃO BATISTA ZAGONEL PASSOS,XAXIM,medium,"Xaxim, Curitiba, Paraná, Região Sul, 81710-210, Brasil",3012156958,1,"flood (alagamento/enchente) - landslide excluded by category filter (SIAC 156 Assunto/Subdivisao is a distinct structured category, not free text)",siac156_curitiba_v1,"Ponto positivo administrativo geocodificado (mesmo criterio do v12 Recife). Nao e ground truth cartografico individual -- confianca strong = correspondencia de rua (geometria, nao numero exato); medium = fallback bairro-centroide.","Nao usar como escore, threshold ou variavel derivada do rotulo. Nao promover a 'validado'/'confirmado' sem revisao do REV-P."
Curitiba,1,CUR_SIAC156_18049b81e248932d,-25.530914,-49.2342574,03/02/2026,2026,Drenagem,Alagamentos,RUA ITAÚNA DO SUL,ALTO BOQUEIRAO,strong,"Rua Itaúna do Sul, Alto Boqueirão, Curitiba, Paraná, Região Sul, 81770-440, Brasil",126814876,1,"flood (alagamento/enchente) - landslide excluded by category filter (SIAC 156 Assunto/Subdivisao is a distinct structured category, not free text)",siac156_curitiba_v1,"Ponto positivo administrativo geocodificado (mesmo criterio do v12 Recife). Nao e ground truth cartografico individual -- confianca strong = correspondencia de rua (geometria, nao numero exato); medium = fallback bairro-centroide.","Nao usar como escore, threshold ou variavel derivada do rotulo. Nao promover a 'validado'/'confirmado' sem revisao do REV-P."
Curitiba,1,CUR_SIAC156_931417e768392f49,-25.4966225,-49.265087,03/02/2026,2026,Drenagem,Alagamentos,Rua Menino Jesus,XAXIM,strong,"Rua Menino Jesus, Xaxim, Curitiba, Paraná, Região Sul, 81710-210, Brasil",84881075,1,"flood (alagamento/enchente) - landslide excluded by category filter (SIAC 156 Assunto/Subdivisao is a distinct structured category, not free text)",siac156_curitiba_v1,"Ponto positivo administrativo geocodificado (mesmo criterio do v12 Recife). Nao e ground truth cartografico individual -- confianca strong = correspondencia de rua (geometria, nao numero exato); medium = fallback bairro-centroide.","Nao usar como escore, threshold ou variavel derivada do rotulo. Nao promover a 'validado'/'confirmado' sem revisao do REV-P."
Curitiba,1,CUR_SIAC156_9ebf453310f16eac,-25.5230318,-49.2324486,04/02/2026,2026,Drenagem,Alagamentos,Angelina Legat Pasini,ALTO BOQUEIRAO,strong,"Rua Angelina Legat Pasini, Alto Boqueirão, Curitiba, Paraná, Região Sul, 81770-260, Brasil",85231797,2,"flood (alagamento/enchente) - landslide excluded by category filter (SIAC 156 Assunto/Subdivisao is a distinct structured category, not free text)",siac156_curitiba_v1,"Ponto positivo administrativo geocodificado (mesmo criterio do v12 Recife). Nao e ground truth cartografico individual -- confianca strong = correspondencia de rua (geometria, nao numero exato); medium = fallback bairro-centroide.","Nao usar como escore, threshold ou variavel derivada do rotulo. Nao promover a 'validado'/'confirmado' sem revisao do REV-P."
Curitiba,1,CUR_SIAC156_9ebf453310f16eac,-25.5230318,-49.2324486,04/02/2026,2026,Drenagem,Alagamentos,Angelina Legat Pasini,ALTO BOQUEIRAO,strong,"Rua Angelina Legat Pasini, Alto Boqueirão, Curitiba, Paraná, Região Sul, 81770-260, Brasil",85231797,2,"flood (alagamento/enchente) - landslide excluded by category filter (SIAC 156 Assunto/Subdivisao is a distinct structured category, not free text)",siac156_curitiba_v1,"Ponto positivo administrativo geocodificado (mesmo criterio do v12 Recife). Nao e ground truth cartografico individual -- confianca strong = correspondencia de rua (geometria, nao numero exato); medium = fallback bairro-centroide.","Nao usar como escore, threshold ou variavel derivada do rotulo. Nao promover a 'validado'/'confirmado' sem revisao do REV-P."
Curitiba,1,CUR_SIAC156_2e0ca81947f9dc68,-25.5142953,-49.2787086,04/02/2026,2026,Drenagem,Alagamentos,Zeferino da Costa,XAXIM,strong,"Rua Zeferino da Costa, Jardim Urano, Xaxim, Curitiba, Paraná, Região Sul, 81810-000, Brasil",128988853,1,"flood (alagamento/enchente) - landslide excluded by category filter (SIAC 156 Assunto/Subdivisao is a distinct structured category, not free text)",siac156_curitiba_v1,"Ponto positivo administrativo geocodificado (mesmo criterio do v12 Recife). Nao e ground truth cartografico individual -- confianca strong = correspondencia de rua (geometria, nao numero exato); medium = fallback bairro-centroide.","Nao usar como escore, threshold ou variavel derivada do rotulo. Nao promover a 'validado'/'confirmado' sem revisao do REV-P."
Curitiba,1,CUR_SIAC156_ff0fc42d45c88eba,-25.5012962,-49.2780527,05/02/2026,2026,Drenagem,Alagamentos,Desembargador Estanislau Cardoso,XAXIM,strong,"Rua Desembargador Estanislau Cardoso, Xaxim, Curitiba, Paraná, Região Sul, 81690-300, Brasil",84999458,1,"flood (alagamento/enchente) - landslide excluded by category filter (SIAC 156 Assunto/Subdivisao is a distinct structured category, not free text)",siac156_curitiba_v1,"Ponto positivo administrativo geocodificado (mesmo criterio do v12 Recife). Nao e ground truth cartografico individual -- confianca strong = correspondencia de rua (geometria, nao numero exato); medium = fallback bairro-centroide.","Nao usar como escore, threshold ou variavel derivada do rotulo. Nao promover a 'validado'/'confirmado' sem revisao do REV-P."
Curitiba,1,CUR_SIAC156_ea0dedc877cc296a,-25.5289899,-49.2335675,06/02/2026,2026,Drenagem,Alagamentos,TRAVESSA CÉLIA CARDOZO DOS SANTOS,ALTO BOQUEIRAO,strong,"Travessa Célia Cardozo dos Santos, Alto Boqueirão, Curitiba, Paraná, Região Sul, 81770-440, Brasil",161202660,1,"flood (alagamento/enchente) - landslide excluded by category filter (SIAC 156 Assunto/Subdivisao is a distinct structured category, not free text)",siac156_curitiba_v1,"Ponto positivo administrativo geocodificado (mesmo criterio do v12 Recife). Nao e ground truth cartografico individual -- confianca strong = correspondencia de rua (geometria, nao numero exato); medium = fallback bairro-centroide.","Nao usar como escore, threshold ou variavel derivada do rotulo. Nao promover a 'validado'/'confirmado' sem revisao do REV-P."
Curitiba,1,CUR_SIAC156_0d636acc104fb89e,-25.5140456,-49.2768911,06/02/2026,2026,Drenagem,Alagamentos,RUA RODOLFO AMOEDO,XAXIM,strong,"Rua Rodolfo Amoedo, Jardim Urano, Xaxim, Curitiba, Paraná, Região Sul, 81810-000, Brasil",128988830,1,"flood (alagamento/enchente) - landslide excluded by category filter (SIAC 156 Assunto/Subdivisao is a distinct structured category, not free text)",siac156_curitiba_v1,"Ponto positivo administrativo geocodificado (mesmo criterio do v12 Recife). Nao e ground truth cartografico individual -- confianca strong = correspondencia de rua (geometria, nao numero exato); medium = fallback bairro-centroide.","Nao usar como escore, threshold ou variavel derivada do rotulo. Nao promover a 'validado'/'confirmado' sem revisao do REV-P."
Curitiba,1,CUR_SIAC156_622df5aca5cde819,-25.5042198,-49.2668214,09/02/2026,2026,Drenagem,Alagamentos,RUA MOACIR POTIER,XAXIM,strong,"Rua Moacir Potier, Xaxim, Curitiba, Paraná, Região Sul, 81710-000, Brasil",84999937,1,"flood (alagamento/enchente) - landslide excluded by category filter (SIAC 156 Assunto/Subdivisao is a distinct structured category, not free text)",siac156_curitiba_v1,"Ponto positivo administrativo geocodificado (mesmo criterio do v12 Recife). Nao e ground truth cartografico individual -- confianca strong = correspondencia de rua (geometria, nao numero exato); medium = fallback bairro-centroide.","Nao usar como escore, threshold ou variavel derivada do rotulo. Nao promover a 'validado'/'confirmado' sem revisao do REV-P."
Curitiba,1,CUR_SIAC156_07fb78d0bd0861a3,-25.5230318,-49.2324486,10/02/2026,2026,Drenagem,Alagamentos,RUA ANGELINA LEGAT PASINI,ALTO BOQUEIRAO,strong,"Rua Angelina Legat Pasini, Alto Boqueirão, Curitiba, Paraná, Região Sul, 81770-260, Brasil",85231797,1,"flood (alagamento/enchente) - landslide excluded by category filter (SIAC 156 Assunto/Subdivisao is a distinct structured category, not free text)",siac156_curitiba_v1,"Ponto positivo administrativo geocodificado (mesmo criterio do v12 Recife). Nao e ground truth cartografico individual -- confianca strong = correspondencia de rua (geometria, nao numero exato); medium = fallback bairro-centroide.","Nao usar como escore, threshold ou variavel derivada do rotulo. Nao promover a 'validado'/'confirmado' sem revisao do REV-P."
Curitiba,1,CUR_SIAC156_a5eb60d94a8c2a19,-25.508189,-49.2757105,10/02/2026,2026,Drenagem,Alagamentos,RUA EXPEDICIONÁRIO ERNESTO GONÇALVES,XAXIM,strong,"Rua Expedicionário Ernesto Gonçalves, Xaxim, Curitiba, Paraná, Região Sul, 81810-590, Brasil",84999894,1,"flood (alagamento/enchente) - landslide excluded by category filter (SIAC 156 Assunto/Subdivisao is a distinct structured category, not free text)",siac156_curitiba_v1,"Ponto positivo administrativo geocodificado (mesmo criterio do v12 Recife). Nao e ground truth cartografico individual -- confianca strong = correspondencia de rua (geometria, nao numero exato); medium = fallback bairro-centroide.","Nao usar como escore, threshold ou variavel derivada do rotulo. Nao promover a 'validado'/'confirmado' sem revisao do REV-P."
Curitiba,1,CUR_SIAC156_7ee30388bb75f83e,-25.5099364,-49.2574164,13/02/2026,2026,Drenagem,Alagamentos,Rua Guilherme Nievola,XAXIM,strong,"Rua Guilherme Nievola, Xaxim, Curitiba, Paraná, Região Sul, 81720-140, Brasil",85034868,1,"flood (alagamento/enchente) - landslide excluded by category filter (SIAC 156 Assunto/Subdivisao is a distinct structured category, not free text)",siac156_curitiba_v1,"Ponto positivo administrativo geocodificado (mesmo criterio do v12 Recife). Nao e ground truth cartografico individual -- confianca strong = correspondencia de rua (geometria, nao numero exato); medium = fallback bairro-centroide.","Nao usar como escore, threshold ou variavel derivada do rotulo. Nao promover a 'validado'/'confirmado' sem revisao do REV-P."
Curitiba,1,CUR_SIAC156_247a1b26d4902d9e,-25.5083592,-49.2656024,13/02/2026,2026,Drenagem,Alagamentos,RUA PROFESSOR OSCAR MARTINS GOMES,XAXIM,strong,"Rua Professor Oscar Martins Gomes, Xaxim, Curitiba, Paraná, Região Sul, 81720-000, Brasil",85013394,1,"flood (alagamento/enchente) - landslide excluded by category filter (SIAC 156 Assunto/Subdivisao is a distinct structured category, not free text)",siac156_curitiba_v1,"Ponto positivo administrativo geocodificado (mesmo criterio do v12 Recife). Nao e ground truth cartografico individual -- confianca strong = correspondencia de rua (geometria, nao numero exato); medium = fallback bairro-centroide.","Nao usar como escore, threshold ou variavel derivada do rotulo. Nao promover a 'validado'/'confirmado' sem revisao do REV-P."
Curitiba,1,CUR_SIAC156_619d8cab7c0b923f,-25.4891509,-49.2568067,15/05/2026,2026,Drenagem,Alagamentos,RUA IRMÃ FLÁVIA BORLET,HAUER,strong,"Rua Irmã Flávia Borlet, Hauer, Curitiba, Paraná, Região Sul, 81670-464, Brasil",893873619,1,"flood (alagamento/enchente) - landslide excluded by category filter (SIAC 156 Assunto/Subdivisao is a distinct structured category, not free text)",siac156_curitiba_v1,"Ponto positivo administrativo geocodificado (mesmo criterio do v12 Recife). Nao e ground truth cartografico individual -- confianca strong = correspondencia de rua (geometria, nao numero exato); medium = fallback bairro-centroide.","Nao usar como escore, threshold ou variavel derivada do rotulo. Nao promover a 'validado'/'confirmado' sem revisao do REV-P."
Curitiba,1,CUR_SIAC156_5e85807752f58139,-25.4433089,-49.3331863,20/06/2026,2026,Drenagem,Alagamentos,RUA JEREMIAS MACIEL PERRETTO,MOSSUNGUE,strong,"Rua Jeremias Maciel Perretto, Mossunguê, Curitiba, Paraná, Região Sul, 81200-230, Brasil",1188743773,1,"flood (alagamento/enchente) - landslide excluded by category filter (SIAC 156 Assunto/Subdivisao is a distinct structured category, not free text)",siac156_curitiba_v1,"Ponto positivo administrativo geocodificado (mesmo criterio do v12 Recife). Nao e ground truth cartografico individual -- confianca strong = correspondencia de rua (geometria, nao numero exato); medium = fallback bairro-centroide.","Nao usar como escore, threshold ou variavel derivada do rotulo. Nao promover a 'validado'/'confirmado' sem revisao do REV-P."
Curitiba,1,CUR_SIAC156_9158932cec0dc431,-25.5166542,-49.3079757,29/01/2026,2026,Drenagem,Alagamentos,RUA ALBERTO KRAMER,CAPAO RASO,strong,"Rua Alberto Kramer, Capão Raso, Curitiba, Paraná, Região Sul, 81150-120, Brasil",48294479,1,"flood (alagamento/enchente) - landslide excluded by category filter (SIAC 156 Assunto/Subdivisao is a distinct structured category, not free text)",siac156_curitiba_v1,"Ponto positivo administrativo geocodificado (mesmo criterio do v12 Recife). Nao e ground truth cartografico individual -- confianca strong = correspondencia de rua (geometria, nao numero exato); medium = fallback bairro-centroide.","Nao usar como escore, threshold ou variavel derivada do rotulo. Nao promover a 'validado'/'confirmado' sem revisao do REV-P."
Curitiba,1,CUR_SIAC156_8b06ade941f2e427,-25.4901954,-49.2906609,03/02/2026,2026,Drenagem,Alagamentos,AVENIDA BRASÍLIA,NOVO MUNDO,strong,"Avenida Brasília, Novo Mundo, Curitiba, Paraná, Região Sul, 81020-220, Brasil",409615460,1,"flood (alagamento/enchente) - landslide excluded by category filter (SIAC 156 Assunto/Subdivisao is a distinct structured category, not free text)",siac156_curitiba_v1,"Ponto positivo administrativo geocodificado (mesmo criterio do v12 Recife). Nao e ground truth cartografico individual -- confianca strong = correspondencia de rua (geometria, nao numero exato); medium = fallback bairro-centroide.","Nao usar como escore, threshold ou variavel derivada do rotulo. Nao promover a 'validado'/'confirmado' sem revisao do REV-P."
Curitiba,1,CUR_SIAC156_06a141c3ff66225b,-25.4776555,-49.2650309,03/02/2026,2026,Drenagem,Alagamentos,João Nogarolli,FANNY,strong,"Rua João Nogarolli, Fanny, Curitiba, Paraná, Região Sul, 81690-200, Brasil",126271630,1,"flood (alagamento/enchente) - landslide excluded by category filter (SIAC 156 Assunto/Subdivisao is a distinct structured category, not free text)",siac156_curitiba_v1,"Ponto positivo administrativo geocodificado (mesmo criterio do v12 Recife). Nao e ground truth cartografico individual -- confianca strong = correspondencia de rua (geometria, nao numero exato); medium = fallback bairro-centroide.","Nao usar como escore, threshold ou variavel derivada do rotulo. Nao promover a 'validado'/'confirmado' sem revisao do REV-P."
Curitiba,1,CUR_SIAC156_0dad81c3f5f58d19,-25.4767574,-49.2640461,03/02/2026,2026,Drenagem,Alagamentos,RUA GENERAL TEODORICO GUIMARÃES,FANNY,strong,"Rua General Teodorico Guimarães, Fanny, Curitiba, Paraná, Região Sul, 80630-280, Brasil",126271632,1,"flood (alagamento/enchente) - landslide excluded by category filter (SIAC 156 Assunto/Subdivisao is a distinct structured category, not free text)",siac156_curitiba_v1,"Ponto positivo administrativo geocodificado (mesmo criterio do v12 Recife). Nao e ground truth cartografico individual -- confianca strong = correspondencia de rua (geometria, nao numero exato); medium = fallback bairro-centroide.","Nao usar como escore, threshold ou variavel derivada do rotulo. Nao promover a 'validado'/'confirmado' sem revisao do REV-P."
Curitiba,1,CUR_SIAC156_892c0efc8a4daa9d,-25.5193572,-49.2882981,03/02/2026,2026,Drenagem,Alagamentos,Rua Madame Curie,PINHEIRINHO,strong,"Rua Madame Curie, Núcleo Habitacional Pinheirinho, Pinheirinho, Curitiba, Paraná, Região Sul, 81820-030, Brasil",128988812,1,"flood (alagamento/enchente) - landslide excluded by category filter (SIAC 156 Assunto/Subdivisao is a distinct structured category, not free text)",siac156_curitiba_v1,"Ponto positivo administrativo geocodificado (mesmo criterio do v12 Recife). Nao e ground truth cartografico individual -- confianca strong = correspondencia de rua (geometria, nao numero exato); medium = fallback bairro-centroide.","Nao usar como escore, threshold ou variavel derivada do rotulo. Nao promover a 'validado'/'confirmado' sem revisao do REV-P."
Curitiba,1,CUR_SIAC156_fa3a1ad5a8c67a8f,-25.4828531,-49.2761852,04/02/2026,2026,Drenagem,Alagamentos,AVENIDA HENRY FORD,FANNY,strong,"Avenida Henry Ford, Fanny, Curitiba, Paraná, Região Sul, 81030-330, Brasil",75366762,1,"flood (alagamento/enchente) - landslide excluded by category filter (SIAC 156 Assunto/Subdivisao is a distinct structured category, not free text)",siac156_curitiba_v1,"Ponto positivo administrativo geocodificado (mesmo criterio do v12 Recife). Nao e ground truth cartografico individual -- confianca strong = correspondencia de rua (geometria, nao numero exato); medium = fallback bairro-centroide.","Nao usar como escore, threshold ou variavel derivada do rotulo. Nao promover a 'validado'/'confirmado' sem revisao do REV-P."
Curitiba,1,CUR_SIAC156_fb483caf96bba6fb,-25.5042907,-49.2836687,04/02/2026,2026,Drenagem,Alagamentos,Rua Francisco Habinovski,CAPAO RASO,strong,"Rua Francisco Habinovski, Vila Ipiranga, Capão Raso, Curitiba, Paraná, Região Sul, 81110-290, Brasil",268007661,1,"flood (alagamento/enchente) - landslide excluded by category filter (SIAC 156 Assunto/Subdivisao is a distinct structured category, not free text)",siac156_curitiba_v1,"Ponto positivo administrativo geocodificado (mesmo criterio do v12 Recife). Nao e ground truth cartografico individual -- confianca strong = correspondencia de rua (geometria, nao numero exato); medium = fallback bairro-centroide.","Nao usar como escore, threshold ou variavel derivada do rotulo. Nao promover a 'validado'/'confirmado' sem revisao do REV-P."
Curitiba,1,CUR_SIAC156_3d043050441dd4c7,-25.4987708,-49.2845855,05/02/2026,2026,Drenagem,Alagamentos,RUA HUGO GUSSO,CAPAO RASO,strong,"Rua Hugo Gusso, Capão Raso, Curitiba, Paraná, Região Sul, 81020-730, Brasil",1363287398,1,"flood (alagamento/enchente) - landslide excluded by category filter (SIAC 156 Assunto/Subdivisao is a distinct structured category, not free text)",siac156_curitiba_v1,"Ponto positivo administrativo geocodificado (mesmo criterio do v12 Recife). Nao e ground truth cartografico individual -- confianca strong = correspondencia de rua (geometria, nao numero exato); medium = fallback bairro-centroide.","Nao usar como escore, threshold ou variavel derivada do rotulo. Nao promover a 'validado'/'confirmado' sem revisao do REV-P."
Curitiba,1,CUR_SIAC156_766619f72a16a7db,-25.4954998,-49.303201,09/02/2026,2026,Drenagem,Alagamentos,RUA AFFIFE MANSUR,NOVO MUNDO,strong,"Rua Affife Mansur, Novo Mundo, Curitiba, Paraná, Região Sul, 81050-200, Brasil",42802260,1,"flood (alagamento/enchente) - landslide excluded by category filter (SIAC 156 Assunto/Subdivisao is a distinct structured category, not free text)",siac156_curitiba_v1,"Ponto positivo administrativo geocodificado (mesmo criterio do v12 Recife). Nao e ground truth cartografico individual -- confianca strong = correspondencia de rua (geometria, nao numero exato); medium = fallback bairro-centroide.","Nao usar como escore, threshold ou variavel derivada do rotulo. Nao promover a 'validado'/'confirmado' sem revisao do REV-P."
Curitiba,1,CUR_SIAC156_6263080f0c5adedc,-25.521672,-49.2852737,09/03/2026,2026,Drenagem,Alagamentos,Rua José Symchack,PINHEIRINHO,strong,"Rua José Symchack, Jardim Piratini II, Pinheirinho, Curitiba, Paraná, Região Sul, 81820-030, Brasil",128988829,1,"flood (alagamento/enchente) - landslide excluded by category filter (SIAC 156 Assunto/Subdivisao is a distinct structured category, not free text)",siac156_curitiba_v1,"Ponto positivo administrativo geocodificado (mesmo criterio do v12 Recife). Nao e ground truth cartografico individual -- confianca strong = correspondencia de rua (geometria, nao numero exato); medium = fallback bairro-centroide.","Nao usar como escore, threshold ou variavel derivada do rotulo. Nao promover a 'validado'/'confirmado' sem revisao do REV-P."
Curitiba,1,CUR_SIAC156_12f53fea6c90b93a,-25.4901497,-49.2795105,11/03/2026,2026,Drenagem,Alagamentos,Rua Brasílio Ribas,NOVO MUNDO,strong,"Rua Brasílio Ribas, Novo Mundo, Curitiba, Paraná, Região Sul, 81030-470, Brasil",126284373,1,"flood (alagamento/enchente) - landslide excluded by category filter (SIAC 156 Assunto/Subdivisao is a distinct structured category, not free text)",siac156_curitiba_v1,"Ponto positivo administrativo geocodificado (mesmo criterio do v12 Recife). Nao e ground truth cartografico individual -- confianca strong = correspondencia de rua (geometria, nao numero exato); medium = fallback bairro-centroide.","Nao usar como escore, threshold ou variavel derivada do rotulo. Nao promover a 'validado'/'confirmado' sem revisao do REV-P."
Curitiba,1,CUR_SIAC156_67a763ba85c753d6,-25.4901954,-49.2906609,22/04/2026,2026,Drenagem,Alagamentos,Brasília,NOVO MUNDO,strong,"Avenida Brasília, Novo Mundo, Curitiba, Paraná, Região Sul, 81020-220, Brasil",409615460,1,"flood (alagamento/enchente) - landslide excluded by category filter (SIAC 156 Assunto/Subdivisao is a distinct structured category, not free text)",siac156_curitiba_v1,"Ponto positivo administrativo geocodificado (mesmo criterio do v12 Recife). Nao e ground truth cartografico individual -- confianca strong = correspondencia de rua (geometria, nao numero exato); medium = fallback bairro-centroide.","Nao usar como escore, threshold ou variavel derivada do rotulo. Nao promover a 'validado'/'confirmado' sem revisao do REV-P."
Curitiba,1,CUR_SIAC156_d414e1790e068c82,-25.4885091,-49.2765203,29/04/2026,2026,Drenagem,Alagamentos,RUA João de Oliveira Franco,FANNY,strong,"Rua João de Oliveira Franco, Fanny, Curitiba, Paraná, Região Sul, 81030-330, Brasil",79642404,1,"flood (alagamento/enchente) - landslide excluded by category filter (SIAC 156 Assunto/Subdivisao is a distinct structured category, not free text)",siac156_curitiba_v1,"Ponto positivo administrativo geocodificado (mesmo criterio do v12 Recife). Nao e ground truth cartografico individual -- confianca strong = correspondencia de rua (geometria, nao numero exato); medium = fallback bairro-centroide.","Nao usar como escore, threshold ou variavel derivada do rotulo. Nao promover a 'validado'/'confirmado' sem revisao do REV-P."
Curitiba,1,CUR_SIAC156_ad68ea8b3ea6d68d,-25.4881556,-49.3035071,04/06/2026,2026,Drenagem,Alagamentos,Rua Bernardo Jacintho da Veiga,NOVO MUNDO,strong,"Rua Bernardo Jacintho da Veiga, Novo Mundo, Curitiba, Paraná, Região Sul, 81050-380, Brasil",42803004,1,"flood (alagamento/enchente) - landslide excluded by category filter (SIAC 156 Assunto/Subdivisao is a distinct structured category, not free text)",siac156_curitiba_v1,"Ponto positivo administrativo geocodificado (mesmo criterio do v12 Recife). Nao e ground truth cartografico individual -- confianca strong = correspondencia de rua (geometria, nao numero exato); medium = fallback bairro-centroide.","Nao usar como escore, threshold ou variavel derivada do rotulo. Nao promover a 'validado'/'confirmado' sem revisao do REV-P."
Curitiba,1,CUR_SIAC156_f19666edbd0d10c5,-25.4646451,-49.1992001,12/06/2026,2026,Proteção ao cidadão - GM,"Enchentes, inundações ou alagamentos",RUA ANTÔNIO DE OLIVEIRA,CAJURU,strong,"Rua Antônio de Oliveira, Vila Centenário II, Cajuru, Curitiba, Paraná, Região Sul, 82960-000, Brasil",164254312,1,"flood (alagamento/enchente) - landslide excluded by category filter (SIAC 156 Assunto/Subdivisao is a distinct structured category, not free text)",siac156_curitiba_v1,"Ponto positivo administrativo geocodificado (mesmo criterio do v12 Recife). Nao e ground truth cartografico individual -- confianca strong = correspondencia de rua (geometria, nao numero exato); medium = fallback bairro-centroide.","Nao usar como escore, threshold ou variavel derivada do rotulo. Nao promover a 'validado'/'confirmado' sem revisao do REV-P."
Curitiba,1,CUR_SIAC156_0fddfa8bf0ef9caf,-25.4344458,-49.230353,19/07/2026,2026,Drenagem,Alagamentos,Rua Guilherme Tragante,TARUMA,strong,"Rua Guilherme Tragante, Tarumã, Curitiba, Paraná, Região Sul, 82530-500, Brasil",162320228,1,"flood (alagamento/enchente) - landslide excluded by category filter (SIAC 156 Assunto/Subdivisao is a distinct structured category, not free text)",siac156_curitiba_v1,"Ponto positivo administrativo geocodificado (mesmo criterio do v12 Recife). Nao e ground truth cartografico individual -- confianca strong = correspondencia de rua (geometria, nao numero exato); medium = fallback bairro-centroide.","Nao usar como escore, threshold ou variavel derivada do rotulo. Nao promover a 'validado'/'confirmado' sem revisao do REV-P."
Curitiba,1,CUR_SIAC156_10213c9d0829d5f5,-25.4496912,-49.2082753,02/02/2026,2026,Drenagem,Alagamentos,Fortaleza,CAJURU,strong,"Rua Fortaleza, Cajuru, Curitiba, Paraná, Região Sul, 82930-000, Brasil",164115570,1,"flood (alagamento/enchente) - landslide excluded by category filter (SIAC 156 Assunto/Subdivisao is a distinct structured category, not free text)",siac156_curitiba_v1,"Ponto positivo administrativo geocodificado (mesmo criterio do v12 Recife). Nao e ground truth cartografico individual -- confianca strong = correspondencia de rua (geometria, nao numero exato); medium = fallback bairro-centroide.","Nao usar como escore, threshold ou variavel derivada do rotulo. Nao promover a 'validado'/'confirmado' sem revisao do REV-P."
Curitiba,1,CUR_SIAC156_d7bab382309a6330,-25.4270009,-49.2091664,02/03/2026,2026,Drenagem,Alagamentos,RUA reinaldo pilato,TARUMA,strong,"Rua Reinaldo Pilato, Tarumã, Curitiba, Paraná, Região Sul, 82821-016, Brasil",390727822,1,"flood (alagamento/enchente) - landslide excluded by category filter (SIAC 156 Assunto/Subdivisao is a distinct structured category, not free text)",siac156_curitiba_v1,"Ponto positivo administrativo geocodificado (mesmo criterio do v12 Recife). Nao e ground truth cartografico individual -- confianca strong = correspondencia de rua (geometria, nao numero exato); medium = fallback bairro-centroide.","Nao usar como escore, threshold ou variavel derivada do rotulo. Nao promover a 'validado'/'confirmado' sem revisao do REV-P."
Curitiba,1,CUR_SIAC156_3539db2d20df02f0,-25.4414387,-49.2042153,11/03/2026,2026,Drenagem,Alagamentos,Jorge Luís Della Coletta,CAPAO DA IMBUIA,strong,"Rua Jorge Luís della Coletta, Capão da Imbuia, Curitiba, Paraná, Região Sul, 82810-000, Brasil",162156399,1,"flood (alagamento/enchente) - landslide excluded by category filter (SIAC 156 Assunto/Subdivisao is a distinct structured category, not free text)",siac156_curitiba_v1,"Ponto positivo administrativo geocodificado (mesmo criterio do v12 Recife). Nao e ground truth cartografico individual -- confianca strong = correspondencia de rua (geometria, nao numero exato); medium = fallback bairro-centroide.","Nao usar como escore, threshold ou variavel derivada do rotulo. Nao promover a 'validado'/'confirmado' sem revisao do REV-P."
Curitiba,1,CUR_SIAC156_ba498811aff65092,-25.4388513,-49.2104492,12/03/2026,2026,Drenagem,Alagamentos,Frederico Stadler Júnior,CAPAO DA IMBUIA,strong,"Rua Frederico Stadler Júnior, Capão da Imbuia, Curitiba, Paraná, Região Sul, 82810-460, Brasil",152131289,1,"flood (alagamento/enchente) - landslide excluded by category filter (SIAC 156 Assunto/Subdivisao is a distinct structured category, not free text)",siac156_curitiba_v1,"Ponto positivo administrativo geocodificado (mesmo criterio do v12 Recife). Nao e ground truth cartografico individual -- confianca strong = correspondencia de rua (geometria, nao numero exato); medium = fallback bairro-centroide.","Nao usar como escore, threshold ou variavel derivada do rotulo. Nao promover a 'validado'/'confirmado' sem revisao do REV-P."
Curitiba,1,CUR_SIAC156_38e6aebae721dc81,-25.4589686,-49.2066596,28/04/2026,2026,Drenagem,Alagamentos,Rua Pedro Violani,CAJURU,strong,"Rua Pedro Violani, Cajuru, Curitiba, Paraná, Região Sul, 82930-230, Brasil",162510628,1,"flood (alagamento/enchente) - landslide excluded by category filter (SIAC 156 Assunto/Subdivisao is a distinct structured category, not free text)",siac156_curitiba_v1,"Ponto positivo administrativo geocodificado (mesmo criterio do v12 Recife). Nao e ground truth cartografico individual -- confianca strong = correspondencia de rua (geometria, nao numero exato); medium = fallback bairro-centroide.","Nao usar como escore, threshold ou variavel derivada do rotulo. Nao promover a 'validado'/'confirmado' sem revisao do REV-P."
Curitiba,1,CUR_SIAC156_5a1a967c05eea0dc,-25.4741294,-49.2234054,21/05/2026,2026,Drenagem,Alagamentos,Júlio Wischral,UBERABA,strong,"Rua Júlio Wischral, Uberaba, Curitiba, Paraná, Região Sul, 81540-590, Brasil",125389841,1,"flood (alagamento/enchente) - landslide excluded by category filter (SIAC 156 Assunto/Subdivisao is a distinct structured category, not free text)",siac156_curitiba_v1,"Ponto positivo administrativo geocodificado (mesmo criterio do v12 Recife). Nao e ground truth cartografico individual -- confianca strong = correspondencia de rua (geometria, nao numero exato); medium = fallback bairro-centroide.","Nao usar como escore, threshold ou variavel derivada do rotulo. Nao promover a 'validado'/'confirmado' sem revisao do REV-P."
Curitiba,1,CUR_SIAC156_d45d20abe290539c,-25.4420083,-49.203369,11/06/2026,2026,Drenagem,Alagamentos,Serapião Mendes Soares,CAPAO DA IMBUIA,strong,"Rua Serapião Mendes Soares, Capão da Imbuia, Curitiba, Paraná, Região Sul, 82810-000, Brasil",162156404,1,"flood (alagamento/enchente) - landslide excluded by category filter (SIAC 156 Assunto/Subdivisao is a distinct structured category, not free text)",siac156_curitiba_v1,"Ponto positivo administrativo geocodificado (mesmo criterio do v12 Recife). Nao e ground truth cartografico individual -- confianca strong = correspondencia de rua (geometria, nao numero exato); medium = fallback bairro-centroide.","Nao usar como escore, threshold ou variavel derivada do rotulo. Nao promover a 'validado'/'confirmado' sem revisao do REV-P."
Curitiba,1,CUR_SIAC156_f19666edbd0d10c5,-25.4646451,-49.1992001,12/06/2026,2026,Drenagem,Alagamentos,RUA ANTÔNIO DE OLIVEIRA,CAJURU,strong,"Rua Antônio de Oliveira, Vila Centenário II, Cajuru, Curitiba, Paraná, Região Sul, 82960-000, Brasil",164254312,1,"flood (alagamento/enchente) - landslide excluded by category filter (SIAC 156 Assunto/Subdivisao is a distinct structured category, not free text)",siac156_curitiba_v1,"Ponto positivo administrativo geocodificado (mesmo criterio do v12 Recife). Nao e ground truth cartografico individual -- confianca strong = correspondencia de rua (geometria, nao numero exato); medium = fallback bairro-centroide.","Nao usar como escore, threshold ou variavel derivada do rotulo. Nao promover a 'validado'/'confirmado' sem revisao do REV-P."
Curitiba,1,CUR_SIAC156_a05bac47cd43b956,-25.558634,-49.2475656,20/06/2026,2026,Drenagem,Alagamentos,RUA ANTÔNIO JOSÉ BONATO,GANCHINHO,strong,"Rua Antônio José Bonato, Moradias São José, Ganchinho, Curitiba, Paraná, Região Sul, 81935-446, Brasil",164975515,2,"flood (alagamento/enchente) - landslide excluded by category filter (SIAC 156 Assunto/Subdivisao is a distinct structured category, not free text)",siac156_curitiba_v1,"Ponto positivo administrativo geocodificado (mesmo criterio do v12 Recife). Nao e ground truth cartografico individual -- confianca strong = correspondencia de rua (geometria, nao numero exato); medium = fallback bairro-centroide.","Nao usar como escore, threshold ou variavel derivada do rotulo. Nao promover a 'validado'/'confirmado' sem revisao do REV-P."
Curitiba,1,CUR_SIAC156_a05bac47cd43b956,-25.558634,-49.2475656,20/06/2026,2026,Drenagem,Alagamentos,RUA ANTÔNIO JOSÉ BONATO,GANCHINHO,strong,"Rua Antônio José Bonato, Moradias São José, Ganchinho, Curitiba, Paraná, Região Sul, 81935-446, Brasil",164975515,2,"flood (alagamento/enchente) - landslide excluded by category filter (SIAC 156 Assunto/Subdivisao is a distinct structured category, not free text)",siac156_curitiba_v1,"Ponto positivo administrativo geocodificado (mesmo criterio do v12 Recife). Nao e ground truth cartografico individual -- confianca strong = correspondencia de rua (geometria, nao numero exato); medium = fallback bairro-centroide.","Nao usar como escore, threshold ou variavel derivada do rotulo. Nao promover a 'validado'/'confirmado' sem revisao do REV-P."
Curitiba,1,CUR_SIAC156_da87956e9e5fe9b6,-25.543784,-49.2561071,05/01/2026,2026,Drenagem,Alagamentos,RUA JOSÉ BASSA,SITIO CERCADO,strong,"Rua José Bassa, Sítio Cercado, Curitiba, Paraná, Região Sul, 81920-500, Brasil",127255719,1,"flood (alagamento/enchente) - landslide excluded by category filter (SIAC 156 Assunto/Subdivisao is a distinct structured category, not free text)",siac156_curitiba_v1,"Ponto positivo administrativo geocodificado (mesmo criterio do v12 Recife). Nao e ground truth cartografico individual -- confianca strong = correspondencia de rua (geometria, nao numero exato); medium = fallback bairro-centroide.","Nao usar como escore, threshold ou variavel derivada do rotulo. Nao promover a 'validado'/'confirmado' sem revisao do REV-P."
Curitiba,1,CUR_SIAC156_afdcdd9802d0fcbf,-25.5405716,-49.2577,15/01/2026,2026,Drenagem,Alagamentos,Rua Ourizona,SITIO CERCADO,strong,"Rua Ourizona, Sítio Cercado, Curitiba, Paraná, Região Sul, 81920-090, Brasil",568800829,2,"flood (alagamento/enchente) - landslide excluded by category filter (SIAC 156 Assunto/Subdivisao is a distinct structured category, not free text)",siac156_curitiba_v1,"Ponto positivo administrativo geocodificado (mesmo criterio do v12 Recife). Nao e ground truth cartografico individual -- confianca strong = correspondencia de rua (geometria, nao numero exato); medium = fallback bairro-centroide.","Nao usar como escore, threshold ou variavel derivada do rotulo. Nao promover a 'validado'/'confirmado' sem revisao do REV-P."
Curitiba,1,CUR_SIAC156_14ddac1e85fd1389,-25.5405716,-49.2577,15/01/2026,2026,Drenagem,Alagamentos,RUA OURIZONA,SITIO CERCADO,strong,"Rua Ourizona, Sítio Cercado, Curitiba, Paraná, Região Sul, 81920-090, Brasil",568800829,2,"flood (alagamento/enchente) - landslide excluded by category filter (SIAC 156 Assunto/Subdivisao is a distinct structured category, not free text)",siac156_curitiba_v1,"Ponto positivo administrativo geocodificado (mesmo criterio do v12 Recife). Nao e ground truth cartografico individual -- confianca strong = correspondencia de rua (geometria, nao numero exato); medium = fallback bairro-centroide.","Nao usar como escore, threshold ou variavel derivada do rotulo. Nao promover a 'validado'/'confirmado' sem revisao do REV-P."
Curitiba,1,CUR_SIAC156_8557912229ea3876,-25.5525917,-49.2457523,03/02/2026,2026,Drenagem,Alagamentos,Rua Miguel Rossetim,GANCHINHO,strong,"Rua Miguel Rossetim, Vila Moradias 23 de Agosto I, Ganchinho, Curitiba, Paraná, Região Sul, 81935-446, Brasil",700980612,1,"flood (alagamento/enchente) - landslide excluded by category filter (SIAC 156 Assunto/Subdivisao is a distinct structured category, not free text)",siac156_curitiba_v1,"Ponto positivo administrativo geocodificado (mesmo criterio do v12 Recife). Nao e ground truth cartografico individual -- confianca strong = correspondencia de rua (geometria, nao numero exato); medium = fallback bairro-centroide.","Nao usar como escore, threshold ou variavel derivada do rotulo. Nao promover a 'validado'/'confirmado' sem revisao do REV-P."
Curitiba,1,CUR_SIAC156_4be6339d43431f53,-25.5333888,-49.2764132,10/02/2026,2026,Drenagem,Alagamentos,João Socha,SITIO CERCADO,strong,"Rua João Socha, Sítio Cercado, Curitiba, Paraná, Região Sul, 81900-050, Brasil",127264759,1,"flood (alagamento/enchente) - landslide excluded by category filter (SIAC 156 Assunto/Subdivisao is a distinct structured category, not free text)",siac156_curitiba_v1,"Ponto positivo administrativo geocodificado (mesmo criterio do v12 Recife). Nao e ground truth cartografico individual -- confianca strong = correspondencia de rua (geometria, nao numero exato); medium = fallback bairro-centroide.","Nao usar como escore, threshold ou variavel derivada do rotulo. Nao promover a 'validado'/'confirmado' sem revisao do REV-P."
Curitiba,1,CUR_SIAC156_c4c3bad681b27c06,-25.4205916,-49.2922671,02/01/2026,2026,Drenagem,Alagamentos,Alcides Munhoz,MERCES,medium,"Banco do Brasil, Rua Alcides Munhoz, Mercês, Curitiba, Paraná, Região Sul, 80810-120, Brasil",170292405,1,"flood (alagamento/enchente) - landslide excluded by category filter (SIAC 156 Assunto/Subdivisao is a distinct structured category, not free text)",siac156_curitiba_v1,"Ponto positivo administrativo geocodificado (mesmo criterio do v12 Recife). Nao e ground truth cartografico individual -- confianca strong = correspondencia de rua (geometria, nao numero exato); medium = fallback bairro-centroide.","Nao usar como escore, threshold ou variavel derivada do rotulo. Nao promover a 'validado'/'confirmado' sem revisao do REV-P."
Curitiba,1,CUR_SIAC156_a54a485bfed0c273,-25.4449881,-49.2512021,16/01/2026,2026,Drenagem,Alagamentos,RUA CHILE,JARDIM BOTANICO,strong,"Rua Chile, Jardim Botânico, Curitiba, Paraná, Região Sul, 80215-090, Brasil",158958944,1,"flood (alagamento/enchente) - landslide excluded by category filter (SIAC 156 Assunto/Subdivisao is a distinct structured category, not free text)",siac156_curitiba_v1,"Ponto positivo administrativo geocodificado (mesmo criterio do v12 Recife). Nao e ground truth cartografico individual -- confianca strong = correspondencia de rua (geometria, nao numero exato); medium = fallback bairro-centroide.","Nao usar como escore, threshold ou variavel derivada do rotulo. Nao promover a 'validado'/'confirmado' sem revisao do REV-P."
Curitiba,1,CUR_SIAC156_24120d58cb3215d7,-25.4469018,-49.2662796,26/01/2026,2026,Drenagem,Alagamentos,RUA DESEMBARGADOR WESTPHALEN,REBOUCAS,strong,"Rua Desembargador Westphalen, Rebouças, Curitiba, Paraná, Região Sul, 80230-050, Brasil",316394251,1,"flood (alagamento/enchente) - landslide excluded by category filter (SIAC 156 Assunto/Subdivisao is a distinct structured category, not free text)",siac156_curitiba_v1,"Ponto positivo administrativo geocodificado (mesmo criterio do v12 Recife). Nao e ground truth cartografico individual -- confianca strong = correspondencia de rua (geometria, nao numero exato); medium = fallback bairro-centroide.","Nao usar como escore, threshold ou variavel derivada do rotulo. Nao promover a 'validado'/'confirmado' sem revisao do REV-P."
Curitiba,1,CUR_SIAC156_7672528908ca60f6,-25.4280591,-49.2803913,03/02/2026,2026,Drenagem,Alagamentos,ALAMEDA JÚLIA DA COSTA,SAO FRANCISCO,strong,"Alameda Júlia da Costa, Centro Histórico, Mercês, Curitiba, Paraná, Região Sul, 80410-001, Brasil",29422711,1,"flood (alagamento/enchente) - landslide excluded by category filter (SIAC 156 Assunto/Subdivisao is a distinct structured category, not free text)",siac156_curitiba_v1,"Ponto positivo administrativo geocodificado (mesmo criterio do v12 Recife). Nao e ground truth cartografico individual -- confianca strong = correspondencia de rua (geometria, nao numero exato); medium = fallback bairro-centroide.","Nao usar como escore, threshold ou variavel derivada do rotulo. Nao promover a 'validado'/'confirmado' sem revisao do REV-P."
Curitiba,1,CUR_SIAC156_e2d453d2593c994d,-25.4136595,-49.27655,06/02/2026,2026,Drenagem,Alagamentos,RUA HENRIQUE ITIBERÊ DA CUNHA,BOM RETIRO,strong,"Rua Henrique Itiberê da Cunha, Bom Retiro, Curitiba, Paraná, Região Sul, 80520-176, Brasil",32943949,1,"flood (alagamento/enchente) - landslide excluded by category filter (SIAC 156 Assunto/Subdivisao is a distinct structured category, not free text)",siac156_curitiba_v1,"Ponto positivo administrativo geocodificado (mesmo criterio do v12 Recife). Nao e ground truth cartografico individual -- confianca strong = correspondencia de rua (geometria, nao numero exato); medium = fallback bairro-centroide.","Nao usar como escore, threshold ou variavel derivada do rotulo. Nao promover a 'validado'/'confirmado' sem revisao do REV-P."
Curitiba,1,CUR_SIAC156_29d9095bc5db14bf,-25.4353238,-49.2854831,10/02/2026,2026,Drenagem,Alagamentos,Presidente Taunay,BATEL,strong,"Alameda Presidente Taunay, Batel, Curitiba, Paraná, Região Sul, 80240-240, Brasil",1214386936,1,"flood (alagamento/enchente) - landslide excluded by category filter (SIAC 156 Assunto/Subdivisao is a distinct structured category, not free text)",siac156_curitiba_v1,"Ponto positivo administrativo geocodificado (mesmo criterio do v12 Recife). Nao e ground truth cartografico individual -- confianca strong = correspondencia de rua (geometria, nao numero exato); medium = fallback bairro-centroide.","Nao usar como escore, threshold ou variavel derivada do rotulo. Nao promover a 'validado'/'confirmado' sem revisao do REV-P."
Curitiba,1,CUR_SIAC156_33d6c0a527847d0d,-25.4895782,-49.3459345,14/01/2026,2026,Drenagem,Alagamentos,AVENIDA JUSCELINO KUBITSCHEK DE OLIVEIRA,CIDADE INDUSTRIAL,strong,"Avenida Juscelino Kubitschek de Oliveira (Marginal Oeste), Cidade Industrial de Curitiba, Curitiba, Paraná, Região Sul, 81250-460, Brasil",1259147529,1,"flood (alagamento/enchente) - landslide excluded by category filter (SIAC 156 Assunto/Subdivisao is a distinct structured category, not free text)",siac156_curitiba_v1,"Ponto positivo administrativo geocodificado (mesmo criterio do v12 Recife). Nao e ground truth cartografico individual -- confianca strong = correspondencia de rua (geometria, nao numero exato); medium = fallback bairro-centroide.","Nao usar como escore, threshold ou variavel derivada do rotulo. Nao promover a 'validado'/'confirmado' sem revisao do REV-P."
Curitiba,1,CUR_SIAC156_ec519b123eea9121,-25.5077044,-49.3259984,29/01/2026,2026,Drenagem,Alagamentos,São João Bosco,CIDADE INDUSTRIAL,strong,"Rua São João Bosco, Núcleo Habitacional Nossa Senhora da Luz dos Pinhais, Cidade Industrial de Curitiba, Curitiba, Paraná, Região Sul, 81305-185, Brasil",129112991,1,"flood (alagamento/enchente) - landslide excluded by category filter (SIAC 156 Assunto/Subdivisao is a distinct structured category, not free text)",siac156_curitiba_v1,"Ponto positivo administrativo geocodificado (mesmo criterio do v12 Recife). Nao e ground truth cartografico individual -- confianca strong = correspondencia de rua (geometria, nao numero exato); medium = fallback bairro-centroide.","Nao usar como escore, threshold ou variavel derivada do rotulo. Nao promover a 'validado'/'confirmado' sem revisao do REV-P."
Curitiba,1,CUR_SIAC156_95b6ee9f39f6fde7,-25.4961524,-49.3387369,29/01/2026,2026,Drenagem,Alagamentos,Rua Aldo Laval,CIDADE INDUSTRIAL,strong,"Rua Aldo Laval, Cidade Industrial de Curitiba, Curitiba, Paraná, Região Sul, 81350-260, Brasil",138705729,1,"flood (alagamento/enchente) - landslide excluded by category filter (SIAC 156 Assunto/Subdivisao is a distinct structured category, not free text)",siac156_curitiba_v1,"Ponto positivo administrativo geocodificado (mesmo criterio do v12 Recife). Nao e ground truth cartografico individual -- confianca strong = correspondencia de rua (geometria, nao numero exato); medium = fallback bairro-centroide.","Nao usar como escore, threshold ou variavel derivada do rotulo. Nao promover a 'validado'/'confirmado' sem revisao do REV-P."
Curitiba,1,CUR_SIAC156_ea0a6e6de7f45544,-25.4861907,-49.3386935,03/02/2026,2026,Drenagem,Alagamentos,Rua Michajlo Pantschenko,CIDADE INDUSTRIAL,strong,"Rua Michajlo Pantschenko, Cidade Industrial de Curitiba, Curitiba, Paraná, Região Sul, 81250-460, Brasil",83705714,1,"flood (alagamento/enchente) - landslide excluded by category filter (SIAC 156 Assunto/Subdivisao is a distinct structured category, not free text)",siac156_curitiba_v1,"Ponto positivo administrativo geocodificado (mesmo criterio do v12 Recife). Nao e ground truth cartografico individual -- confianca strong = correspondencia de rua (geometria, nao numero exato); medium = fallback bairro-centroide.","Nao usar como escore, threshold ou variavel derivada do rotulo. Nao promover a 'validado'/'confirmado' sem revisao do REV-P."
Curitiba,1,CUR_SIAC156_9bc596ca1963718a,-25.5005658,-49.3191731,06/02/2026,2026,Drenagem,Alagamentos,Santa Águeda,CIDADE INDUSTRIAL,strong,"Rua Santa Águeda, Núcleo Habitacional Nossa Senhora da Luz dos Pinhais, Cidade Industrial de Curitiba, Curitiba, Paraná, Região Sul, 81310-026, Brasil",48288651,1,"flood (alagamento/enchente) - landslide excluded by category filter (SIAC 156 Assunto/Subdivisao is a distinct structured category, not free text)",siac156_curitiba_v1,"Ponto positivo administrativo geocodificado (mesmo criterio do v12 Recife). Nao e ground truth cartografico individual -- confianca strong = correspondencia de rua (geometria, nao numero exato); medium = fallback bairro-centroide.","Nao usar como escore, threshold ou variavel derivada do rotulo. Nao promover a 'validado'/'confirmado' sem revisao do REV-P."
Curitiba,1,CUR_SIAC156_3c0ba96dbe5a9961,-25.5077044,-49.3259984,07/02/2026,2026,Drenagem,Alagamentos,Rua São João Bosco,CIDADE INDUSTRIAL,strong,"Rua São João Bosco, Núcleo Habitacional Nossa Senhora da Luz dos Pinhais, Cidade Industrial de Curitiba, Curitiba, Paraná, Região Sul, 81305-185, Brasil",129112991,1,"flood (alagamento/enchente) - landslide excluded by category filter (SIAC 156 Assunto/Subdivisao is a distinct structured category, not free text)",siac156_curitiba_v1,"Ponto positivo administrativo geocodificado (mesmo criterio do v12 Recife). Nao e ground truth cartografico individual -- confianca strong = correspondencia de rua (geometria, nao numero exato); medium = fallback bairro-centroide.","Nao usar como escore, threshold ou variavel derivada do rotulo. Nao promover a 'validado'/'confirmado' sem revisao do REV-P."
Curitiba,1,CUR_SIAC156_d950e97276a625cb,-25.497993,-49.334522,24/02/2026,2026,Drenagem,Alagamentos,RUA LUIZ CASAGRANDE,CIDADE INDUSTRIAL,medium,"Cidade Industrial de Curitiba, Curitiba, Paraná, Região Sul, 81350-260, Brasil",3012156952,1,"flood (alagamento/enchente) - landslide excluded by category filter (SIAC 156 Assunto/Subdivisao is a distinct structured category, not free text)",siac156_curitiba_v1,"Ponto positivo administrativo geocodificado (mesmo criterio do v12 Recife). Nao e ground truth cartografico individual -- confianca strong = correspondencia de rua (geometria, nao numero exato); medium = fallback bairro-centroide.","Nao usar como escore, threshold ou variavel derivada do rotulo. Nao promover a 'validado'/'confirmado' sem revisao do REV-P."
Curitiba,1,CUR_SIAC156_03e6a632f5484fc5,-25.4813814,-49.3505771,24/02/2026,2026,Drenagem,Alagamentos,RUA ARNAUD FERREIRA VELLOSO,CIDADE INDUSTRIAL,strong,"Rua Arnaud Ferreira Velloso, Cidade Industrial de Curitiba, Curitiba, Paraná, Região Sul, 81265-310, Brasil",1259147530,1,"flood (alagamento/enchente) - landslide excluded by category filter (SIAC 156 Assunto/Subdivisao is a distinct structured category, not free text)",siac156_curitiba_v1,"Ponto positivo administrativo geocodificado (mesmo criterio do v12 Recife). Nao e ground truth cartografico individual -- confianca strong = correspondencia de rua (geometria, nao numero exato); medium = fallback bairro-centroide.","Nao usar como escore, threshold ou variavel derivada do rotulo. Nao promover a 'validado'/'confirmado' sem revisao do REV-P."
Curitiba,1,CUR_SIAC156_afe1c9b9f6632e13,-25.5151173,-49.3284145,09/05/2026,2026,Drenagem,Alagamentos,Rua Desembargador Cid Campelo,CIDADE INDUSTRIAL,strong,"Rua Desembargador Cid Campelo, Cidade Industrial de Curitiba, Curitiba, Paraná, Região Sul, 81305-185, Brasil",121815348,1,"flood (alagamento/enchente) - landslide excluded by category filter (SIAC 156 Assunto/Subdivisao is a distinct structured category, not free text)",siac156_curitiba_v1,"Ponto positivo administrativo geocodificado (mesmo criterio do v12 Recife). Nao e ground truth cartografico individual -- confianca strong = correspondencia de rua (geometria, nao numero exato); medium = fallback bairro-centroide.","Nao usar como escore, threshold ou variavel derivada do rotulo. Nao promover a 'validado'/'confirmado' sem revisao do REV-P."
Curitiba,1,CUR_SIAC156_f9d53e8bff7264e0,-25.5057873,-49.3269801,20/06/2026,2026,Drenagem,Alagamentos,Rua Orestes Thá,CIDADE INDUSTRIAL,strong,"Rua Orestes Thá, Núcleo Habitacional Nossa Senhora da Luz dos Pinhais, Cidade Industrial de Curitiba, Curitiba, Paraná, Região Sul, 81305-185, Brasil",48288652,1,"flood (alagamento/enchente) - landslide excluded by category filter (SIAC 156 Assunto/Subdivisao is a distinct structured category, not free text)",siac156_curitiba_v1,"Ponto positivo administrativo geocodificado (mesmo criterio do v12 Recife). Nao e ground truth cartografico individual -- confianca strong = correspondencia de rua (geometria, nao numero exato); medium = fallback bairro-centroide.","Nao usar como escore, threshold ou variavel derivada do rotulo. Nao promover a 'validado'/'confirmado' sem revisao do REV-P."
Curitiba,1,CUR_SIAC156_46fffd598ebb2bb8,-25.5103737,-49.3268427,20/06/2026,2026,Drenagem,Alagamentos,Rua Sérgio Carlos Martins Leal,CIDADE INDUSTRIAL,strong,"Rua Sérgio Carlos Martins Leal, Cidade Industrial de Curitiba, Curitiba, Paraná, Região Sul, 81305-185, Brasil",129113038,2,"flood (alagamento/enchente) - landslide excluded by category filter (SIAC 156 Assunto/Subdivisao is a distinct structured category, not free text)",siac156_curitiba_v1,"Ponto positivo administrativo geocodificado (mesmo criterio do v12 Recife). Nao e ground truth cartografico individual -- confianca strong = correspondencia de rua (geometria, nao numero exato); medium = fallback bairro-centroide.","Nao usar como escore, threshold ou variavel derivada do rotulo. Nao promover a 'validado'/'confirmado' sem revisao do REV-P."
Curitiba,1,CUR_SIAC156_a05bac47cd43b956,-25.558634,-49.2475656,20/06/2026,2026,Proteção ao cidadão - GM,"Enchentes, inundações ou alagamentos",RUA ANTÔNIO JOSÉ BONATO,GANCHINHO,strong,"Rua Antônio José Bonato, Moradias São José, Ganchinho, Curitiba, Paraná, Região Sul, 81935-446, Brasil",164975515,1,"flood (alagamento/enchente) - landslide excluded by category filter (SIAC 156 Assunto/Subdivisao is a distinct structured category, not free text)",siac156_curitiba_v1,"Ponto positivo administrativo geocodificado (mesmo criterio do v12 Recife). Nao e ground truth cartografico individual -- confianca strong = correspondencia de rua (geometria, nao numero exato); medium = fallback bairro-centroide.","Nao usar como escore, threshold ou variavel derivada do rotulo. Nao promover a 'validado'/'confirmado' sem revisao do REV-P."
Curitiba,1,CUR_SIAC156_7407d1b00de61d59,-25.5430269,-49.2569532,23/07/2026,2026,Drenagem,Alagamentos,RUA AGENOR ANTONIO RODRIGUES,SITIO CERCADO,strong,"Rua Agenor Antônio Rodrigues, Sítio Cercado, Curitiba, Paraná, Região Sul, 81920-500, Brasil",127245312,1,"flood (alagamento/enchente) - landslide excluded by category filter (SIAC 156 Assunto/Subdivisao is a distinct structured category, not free text)",siac156_curitiba_v1,"Ponto positivo administrativo geocodificado (mesmo criterio do v12 Recife). Nao e ground truth cartografico individual -- confianca strong = correspondencia de rua (geometria, nao numero exato); medium = fallback bairro-centroide.","Nao usar como escore, threshold ou variavel derivada do rotulo. Nao promover a 'validado'/'confirmado' sem revisao do REV-P."
Curitiba,1,CUR_SIAC156_b414db0b1ab46c78,-25.530914,-49.2342574,03/02/2026,2026,Proteção ao cidadão - GM,"Enchentes, inundações ou alagamentos",Rua Itaúna do Sul,ALTO BOQUEIRAO,strong,"Rua Itaúna do Sul, Alto Boqueirão, Curitiba, Paraná, Região Sul, 81770-440, Brasil",126814876,2,"flood (alagamento/enchente) - landslide excluded by category filter (SIAC 156 Assunto/Subdivisao is a distinct structured category, not free text)",siac156_curitiba_v1,"Ponto positivo administrativo geocodificado (mesmo criterio do v12 Recife). Nao e ground truth cartografico individual -- confianca strong = correspondencia de rua (geometria, nao numero exato); medium = fallback bairro-centroide.","Nao usar como escore, threshold ou variavel derivada do rotulo. Nao promover a 'validado'/'confirmado' sem revisao do REV-P."
Curitiba,1,CUR_SIAC156_f16fae43ec9e6927,-25.4297656,-49.2255342,15/01/2026,2026,Drenagem,Alagamentos,Desembargador Aristóxenes Bittencourt,TARUMA,strong,"Rua Desembargador Aristóxenes Bittencourt, Tarumã, Curitiba, Paraná, Região Sul, 82800-030, Brasil",36059564,1,"flood (alagamento/enchente) - landslide excluded by category filter (SIAC 156 Assunto/Subdivisao is a distinct structured category, not free text)",siac156_curitiba_v1,"Ponto positivo administrativo geocodificado (mesmo criterio do v12 Recife). Nao e ground truth cartografico individual -- confianca strong = correspondencia de rua (geometria, nao numero exato); medium = fallback bairro-centroide.","Nao usar como escore, threshold ou variavel derivada do rotulo. Nao promover a 'validado'/'confirmado' sem revisao do REV-P."
Curitiba,1,CUR_SIAC156_a51bcc1350faa1da,-25.4741294,-49.2234054,03/02/2026,2026,Drenagem,Alagamentos,Júlio Wischral,UBERABA,strong,"Rua Júlio Wischral, Uberaba, Curitiba, Paraná, Região Sul, 81540-590, Brasil",125389841,1,"flood (alagamento/enchente) - landslide excluded by category filter (SIAC 156 Assunto/Subdivisao is a distinct structured category, not free text)",siac156_curitiba_v1,"Ponto positivo administrativo geocodificado (mesmo criterio do v12 Recife). Nao e ground truth cartografico individual -- confianca strong = correspondencia de rua (geometria, nao numero exato); medium = fallback bairro-centroide.","Nao usar como escore, threshold ou variavel derivada do rotulo. Nao promover a 'validado'/'confirmado' sem revisao do REV-P."
Curitiba,1,CUR_SIAC156_a62a9b1a7afe79ab,-25.4718975,-49.1943514,03/02/2026,2026,Drenagem,Alagamentos,RUA PADRE ESTANISLAU CEBULA,CAJURU,strong,"Rua Padre Estanislau Cebula, Cajuru, Curitiba, Paraná, Região Sul, 82980-130, Brasil",163153920,1,"flood (alagamento/enchente) - landslide excluded by category filter (SIAC 156 Assunto/Subdivisao is a distinct structured category, not free text)",siac156_curitiba_v1,"Ponto positivo administrativo geocodificado (mesmo criterio do v12 Recife). Nao e ground truth cartografico individual -- confianca strong = correspondencia de rua (geometria, nao numero exato); medium = fallback bairro-centroide.","Nao usar como escore, threshold ou variavel derivada do rotulo. Nao promover a 'validado'/'confirmado' sem revisao do REV-P."
Curitiba,1,CUR_SIAC156_200ace32f6458ad6,-25.438382,-49.2087847,03/02/2026,2026,Drenagem,Alagamentos,Rua Osmário de Lima,CAPAO DA IMBUIA,strong,"Rua Osmário de Lima, Capão da Imbuia, Curitiba, Paraná, Região Sul, 82810-460, Brasil",1318008491,1,"flood (alagamento/enchente) - landslide excluded by category filter (SIAC 156 Assunto/Subdivisao is a distinct structured category, not free text)",siac156_curitiba_v1,"Ponto positivo administrativo geocodificado (mesmo criterio do v12 Recife). Nao e ground truth cartografico individual -- confianca strong = correspondencia de rua (geometria, nao numero exato); medium = fallback bairro-centroide.","Nao usar como escore, threshold ou variavel derivada do rotulo. Nao promover a 'validado'/'confirmado' sem revisao do REV-P."
Curitiba,1,CUR_SIAC156_6296277f01637202,-25.4868299,-49.3045088,29/06/2026,2026,Drenagem,Alagamentos,RUA MIGUEL KOLTUN,NOVO MUNDO,strong,"Rua Miguel Koltun, Novo Mundo, Curitiba, Paraná, Região Sul, 81050-424, Brasil",129142022,1,"flood (alagamento/enchente) - landslide excluded by category filter (SIAC 156 Assunto/Subdivisao is a distinct structured category, not free text)",siac156_curitiba_v1,"Ponto positivo administrativo geocodificado (mesmo criterio do v12 Recife). Nao e ground truth cartografico individual -- confianca strong = correspondencia de rua (geometria, nao numero exato); medium = fallback bairro-centroide.","Nao usar como escore, threshold ou variavel derivada do rotulo. Nao promover a 'validado'/'confirmado' sem revisao do REV-P."
Curitiba,1,CUR_SIAC156_b8946a59c1eeee33,-25.5126786,-49.2333756,04/06/2026,2026,Drenagem,Alagamentos,Zonardy Ribas,BOQUEIRAO,strong,"Rua Zonardy Ribas, Boqueirão, Curitiba, Paraná, Região Sul, 81750-420, Brasil",73109896,1,"flood (alagamento/enchente) - landslide excluded by category filter (SIAC 156 Assunto/Subdivisao is a distinct structured category, not free text)",siac156_curitiba_v1,"Ponto positivo administrativo geocodificado (mesmo criterio do v12 Recife). Nao e ground truth cartografico individual -- confianca strong = correspondencia de rua (geometria, nao numero exato); medium = fallback bairro-centroide.","Nao usar como escore, threshold ou variavel derivada do rotulo. Nao promover a 'validado'/'confirmado' sem revisao do REV-P."
Curitiba,1,CUR_SIAC156_5d7c37211432abd8,-25.492991,-49.24997,20/06/2026,2026,Drenagem,Alagamentos,RUA OLIVEIRA VIANA,BOQUEIRAO,strong,"Rua Oliveira Viana, Boqueirão, Curitiba, Paraná, Região Sul, 81670-080, Brasil",1157825359,1,"flood (alagamento/enchente) - landslide excluded by category filter (SIAC 156 Assunto/Subdivisao is a distinct structured category, not free text)",siac156_curitiba_v1,"Ponto positivo administrativo geocodificado (mesmo criterio do v12 Recife). Nao e ground truth cartografico individual -- confianca strong = correspondencia de rua (geometria, nao numero exato); medium = fallback bairro-centroide.","Nao usar como escore, threshold ou variavel derivada do rotulo. Nao promover a 'validado'/'confirmado' sem revisao do REV-P."
Curitiba,1,CUR_SIAC156_862a9d62cc0a777f,-25.4981935,-49.2356566,10/07/2026,2026,Drenagem,Alagamentos,Rua Antônio Schiebel,BOQUEIRAO,strong,"Rua Antônio Schiebel, Boqueirão, Curitiba, Paraná, Região Sul, 81650-040, Brasil",361401825,1,"flood (alagamento/enchente) - landslide excluded by category filter (SIAC 156 Assunto/Subdivisao is a distinct structured category, not free text)",siac156_curitiba_v1,"Ponto positivo administrativo geocodificado (mesmo criterio do v12 Recife). Nao e ground truth cartografico individual -- confianca strong = correspondencia de rua (geometria, nao numero exato); medium = fallback bairro-centroide.","Nao usar como escore, threshold ou variavel derivada do rotulo. Nao promover a 'validado'/'confirmado' sem revisao do REV-P."
Curitiba,1,CUR_SIAC156_15e7edc3e3814009,-25.4786086,-49.2534651,14/01/2026,2026,Drenagem,Alagamentos,Tenente Francisco Ferreira de Souza,HAUER,medium,"Hauer, Curitiba, Paraná, Região Sul, Brasil",4141957,1,"flood (alagamento/enchente) - landslide excluded by category filter (SIAC 156 Assunto/Subdivisao is a distinct structured category, not free text)",siac156_curitiba_v1,"Ponto positivo administrativo geocodificado (mesmo criterio do v12 Recife). Nao e ground truth cartografico individual -- confianca strong = correspondencia de rua (geometria, nao numero exato); medium = fallback bairro-centroide.","Nao usar como escore, threshold ou variavel derivada do rotulo. Nao promover a 'validado'/'confirmado' sem revisao do REV-P."
Curitiba,1,CUR_SIAC156_74af4bae3b8223b2,-25.5148399,-49.257534,04/02/2026,2026,Drenagem,Alagamentos,Francisco Derosso,XAXIM,strong,"Rua Francisco Derosso, Xaxim, Curitiba, Paraná, Região Sul, 81830-285, Brasil",663339803,1,"flood (alagamento/enchente) - landslide excluded by category filter (SIAC 156 Assunto/Subdivisao is a distinct structured category, not free text)",siac156_curitiba_v1,"Ponto positivo administrativo geocodificado (mesmo criterio do v12 Recife). Nao e ground truth cartografico individual -- confianca strong = correspondencia de rua (geometria, nao numero exato); medium = fallback bairro-centroide.","Nao usar como escore, threshold ou variavel derivada do rotulo. Nao promover a 'validado'/'confirmado' sem revisao do REV-P."
Curitiba,1,CUR_SIAC156_b022365438d6cb6b,-25.4999871,-49.2591315,05/02/2026,2026,Drenagem,Alagamentos,RUA JACOB ROMANICHEN,XAXIM,strong,"Rua Jacob Romanichen, Xaxim, Curitiba, Paraná, Região Sul, 81710-410, Brasil",84883109,1,"flood (alagamento/enchente) - landslide excluded by category filter (SIAC 156 Assunto/Subdivisao is a distinct structured category, not free text)",siac156_curitiba_v1,"Ponto positivo administrativo geocodificado (mesmo criterio do v12 Recife). Nao e ground truth cartografico individual -- confianca strong = correspondencia de rua (geometria, nao numero exato); medium = fallback bairro-centroide.","Nao usar como escore, threshold ou variavel derivada do rotulo. Nao promover a 'validado'/'confirmado' sem revisao do REV-P."
Curitiba,1,CUR_SIAC156_d848940e8ef5b283,-25.4809627,-49.3342819,01/01/2026,2026,Drenagem,Alagamentos,RUA ARTHUR MARTINS FRANCO,FAZENDINHA,strong,"Rua Arthur Martins Franco, Fazendinha, Curitiba, Paraná, Região Sul, 81330-300, Brasil",390306687,1,"flood (alagamento/enchente) - landslide excluded by category filter (SIAC 156 Assunto/Subdivisao is a distinct structured category, not free text)",siac156_curitiba_v1,"Ponto positivo administrativo geocodificado (mesmo criterio do v12 Recife). Nao e ground truth cartografico individual -- confianca strong = correspondencia de rua (geometria, nao numero exato); medium = fallback bairro-centroide.","Nao usar como escore, threshold ou variavel derivada do rotulo. Nao promover a 'validado'/'confirmado' sem revisao do REV-P."
Curitiba,1,CUR_SIAC156_0d4f9229f709e069,-25.4799129,-49.3164199,12/01/2026,2026,Drenagem,Alagamentos,Rua Aristides Borsato,FAZENDINHA,strong,"Rua Aristides Borsato, Fazendinha, Curitiba, Paraná, Região Sul, 81070-001, Brasil",1019293825,1,"flood (alagamento/enchente) - landslide excluded by category filter (SIAC 156 Assunto/Subdivisao is a distinct structured category, not free text)",siac156_curitiba_v1,"Ponto positivo administrativo geocodificado (mesmo criterio do v12 Recife). Nao e ground truth cartografico individual -- confianca strong = correspondencia de rua (geometria, nao numero exato); medium = fallback bairro-centroide.","Nao usar como escore, threshold ou variavel derivada do rotulo. Nao promover a 'validado'/'confirmado' sem revisao do REV-P."
Curitiba,1,CUR_SIAC156_1c7453c21cb1f504,-25.4581123,-49.3299862,03/02/2026,2026,Drenagem,Alagamentos,Rosamélia de Oliveira,CAMPO COMPRIDO,strong,"Rua Rosamélia de Oliveira, Campo Comprido, Curitiba, Paraná, Região Sul, 81230-162, Brasil",158243350,1,"flood (alagamento/enchente) - landslide excluded by category filter (SIAC 156 Assunto/Subdivisao is a distinct structured category, not free text)",siac156_curitiba_v1,"Ponto positivo administrativo geocodificado (mesmo criterio do v12 Recife). Nao e ground truth cartografico individual -- confianca strong = correspondencia de rua (geometria, nao numero exato); medium = fallback bairro-centroide.","Nao usar como escore, threshold ou variavel derivada do rotulo. Nao promover a 'validado'/'confirmado' sem revisao do REV-P."
Curitiba,1,CUR_SIAC156_246a77f31875378f,-25.4544394,-49.2755038,03/02/2026,2026,Drenagem,Alagamentos,RUA SILVEIRA NETO,AGUA VERDE,strong,"Rua Silveira Neto, Água Verde, Curitiba, Paraná, Região Sul, 80620-400, Brasil",39483155,1,"flood (alagamento/enchente) - landslide excluded by category filter (SIAC 156 Assunto/Subdivisao is a distinct structured category, not free text)",siac156_curitiba_v1,"Ponto positivo administrativo geocodificado (mesmo criterio do v12 Recife). Nao e ground truth cartografico individual -- confianca strong = correspondencia de rua (geometria, nao numero exato); medium = fallback bairro-centroide.","Nao usar como escore, threshold ou variavel derivada do rotulo. Nao promover a 'validado'/'confirmado' sem revisao do REV-P."
Curitiba,1,CUR_SIAC156_dd40865251dd09c4,-25.4656603,-49.3128695,06/02/2026,2026,Drenagem,Alagamentos,RUA REZALA SIMÃO,SANTA QUITERIA,strong,"Rua Rezala Simão, Santa Quitéria, Curitiba, Paraná, Região Sul, 80310-310, Brasil",162096199,1,"flood (alagamento/enchente) - landslide excluded by category filter (SIAC 156 Assunto/Subdivisao is a distinct structured category, not free text)",siac156_curitiba_v1,"Ponto positivo administrativo geocodificado (mesmo criterio do v12 Recife). Nao e ground truth cartografico individual -- confianca strong = correspondencia de rua (geometria, nao numero exato); medium = fallback bairro-centroide.","Nao usar como escore, threshold ou variavel derivada do rotulo. Nao promover a 'validado'/'confirmado' sem revisao do REV-P."
Curitiba,1,CUR_SIAC156_ec0db3ee8e929a79,-25.4642589,-49.2803828,06/02/2026,2026,Drenagem,Alagamentos,Eugênio José de Souza,AGUA VERDE,strong,"Rua Eugênio José de Souza, Água Verde, Curitiba, Paraná, Região Sul, 80610-020, Brasil",231807299,2,"flood (alagamento/enchente) - landslide excluded by category filter (SIAC 156 Assunto/Subdivisao is a distinct structured category, not free text)",siac156_curitiba_v1,"Ponto positivo administrativo geocodificado (mesmo criterio do v12 Recife). Nao e ground truth cartografico individual -- confianca strong = correspondencia de rua (geometria, nao numero exato); medium = fallback bairro-centroide.","Nao usar como escore, threshold ou variavel derivada do rotulo. Nao promover a 'validado'/'confirmado' sem revisao do REV-P."
Curitiba,1,CUR_SIAC156_b50c7256eb278fda,-25.4580449,-49.2867562,17/06/2026,2026,Drenagem,Alagamentos,Rua Guilherme Pugsley,AGUA VERDE,strong,"Rua Guilherme Pugsley, Água Verde, Curitiba, Paraná, Região Sul, 80620-120, Brasil",249539950,1,"flood (alagamento/enchente) - landslide excluded by category filter (SIAC 156 Assunto/Subdivisao is a distinct structured category, not free text)",siac156_curitiba_v1,"Ponto positivo administrativo geocodificado (mesmo criterio do v12 Recife). Nao e ground truth cartografico individual -- confianca strong = correspondencia de rua (geometria, nao numero exato); medium = fallback bairro-centroide.","Nao usar como escore, threshold ou variavel derivada do rotulo. Nao promover a 'validado'/'confirmado' sem revisao do REV-P."
Curitiba,1,CUR_SIAC156_370c07973861b2e2,-25.4718732,-49.2688453,20/06/2026,2026,Drenagem,Alagamentos,Rua Gamaliel Bueno Galvão,GUAIRA,strong,"Rua Gamaliel Bueno Galvão, Guaíra, Curitiba, Paraná, Região Sul, 80630-280, Brasil",53815392,1,"flood (alagamento/enchente) - landslide excluded by category filter (SIAC 156 Assunto/Subdivisao is a distinct structured category, not free text)",siac156_curitiba_v1,"Ponto positivo administrativo geocodificado (mesmo criterio do v12 Recife). Nao e ground truth cartografico individual -- confianca strong = correspondencia de rua (geometria, nao numero exato); medium = fallback bairro-centroide.","Nao usar como escore, threshold ou variavel derivada do rotulo. Nao promover a 'validado'/'confirmado' sem revisao do REV-P."
Curitiba,1,CUR_SIAC156_8f29bd2c2eedc173,-25.4701084,-49.2761145,01/07/2026,2026,Drenagem,Alagamentos,RUA SÃO PAULO,GUAIRA,strong,"Rua São Paulo, Guaíra, Curitiba, Paraná, Região Sul, 80630-150, Brasil",52710257,1,"flood (alagamento/enchente) - landslide excluded by category filter (SIAC 156 Assunto/Subdivisao is a distinct structured category, not free text)",siac156_curitiba_v1,"Ponto positivo administrativo geocodificado (mesmo criterio do v12 Recife). Nao e ground truth cartografico individual -- confianca strong = correspondencia de rua (geometria, nao numero exato); medium = fallback bairro-centroide.","Nao usar como escore, threshold ou variavel derivada do rotulo. Nao promover a 'validado'/'confirmado' sem revisao do REV-P."
Curitiba,1,CUR_SIAC156_f57b9ea24d3d503b,-25.3934612,-49.2497051,03/02/2026,2026,Drenagem,Alagamentos,Rua Dos Dominicanos,BOA VISTA,strong,"Rua dos Dominicanos, Boa Vista, Curitiba, Paraná, Região Sul, 82540-115, Brasil",35971436,1,"flood (alagamento/enchente) - landslide excluded by category filter (SIAC 156 Assunto/Subdivisao is a distinct structured category, not free text)",siac156_curitiba_v1,"Ponto positivo administrativo geocodificado (mesmo criterio do v12 Recife). Nao e ground truth cartografico individual -- confianca strong = correspondencia de rua (geometria, nao numero exato); medium = fallback bairro-centroide.","Nao usar como escore, threshold ou variavel derivada do rotulo. Nao promover a 'validado'/'confirmado' sem revisao do REV-P."
Curitiba,1,CUR_SIAC156_9d4c0f60f4a1a4cf,-25.3949235,-49.2432334,26/05/2026,2026,Drenagem,Alagamentos,RUA JOVINO DO ROSÁRIO,BOA VISTA,strong,"Rua Jovino do Rosário, Boa Vista, Curitiba, Paraná, Região Sul, 82510-000, Brasil",232898660,1,"flood (alagamento/enchente) - landslide excluded by category filter (SIAC 156 Assunto/Subdivisao is a distinct structured category, not free text)",siac156_curitiba_v1,"Ponto positivo administrativo geocodificado (mesmo criterio do v12 Recife). Nao e ground truth cartografico individual -- confianca strong = correspondencia de rua (geometria, nao numero exato); medium = fallback bairro-centroide.","Nao usar como escore, threshold ou variavel derivada do rotulo. Nao promover a 'validado'/'confirmado' sem revisao do REV-P."
Curitiba,1,CUR_SIAC156_faeb33e2ac1f8f63,-25.3709681,-49.2633732,10/07/2026,2026,Drenagem,Alagamentos,RUA MUSTAPHA FRANCISCO LEMES,BARREIRINHA,strong,"Rua Mustaphá Francisco Lemes, Barreirinha, Curitiba, Paraná, Região Sul, 82700-110, Brasil",161237408,1,"flood (alagamento/enchente) - landslide excluded by category filter (SIAC 156 Assunto/Subdivisao is a distinct structured category, not free text)",siac156_curitiba_v1,"Ponto positivo administrativo geocodificado (mesmo criterio do v12 Recife). Nao e ground truth cartografico individual -- confianca strong = correspondencia de rua (geometria, nao numero exato); medium = fallback bairro-centroide.","Nao usar como escore, threshold ou variavel derivada do rotulo. Nao promover a 'validado'/'confirmado' sem revisao do REV-P."
Curitiba,1,CUR_SIAC156_ab54840dc77e308c,-25.4925178,-49.2797759,08/05/2026,2026,Drenagem,Alagamentos,Rua Deputado Néo Martins,NOVO MUNDO,strong,"Rua Deputado Néo Martins, Novo Mundo, Curitiba, Paraná, Região Sul, 81030-470, Brasil",126284359,1,"flood (alagamento/enchente) - landslide excluded by category filter (SIAC 156 Assunto/Subdivisao is a distinct structured category, not free text)",siac156_curitiba_v1,"Ponto positivo administrativo geocodificado (mesmo criterio do v12 Recife). Nao e ground truth cartografico individual -- confianca strong = correspondencia de rua (geometria, nao numero exato); medium = fallback bairro-centroide.","Nao usar como escore, threshold ou variavel derivada do rotulo. Nao promover a 'validado'/'confirmado' sem revisao do REV-P."
Curitiba,1,CUR_SIAC156_2697f4e6adb23426,-25.3881036,-49.1960279,16/01/2026,2026,Drenagem,Alagamentos,Rua Waldemar Bona,ATUBA,strong,"Rua Waldemar Bona, Atuba, Curitiba, Paraná, Região Sul, 83326-220, Brasil",295278078,1,"flood (alagamento/enchente) - landslide excluded by category filter (SIAC 156 Assunto/Subdivisao is a distinct structured category, not free text)",siac156_curitiba_v1,"Ponto positivo administrativo geocodificado (mesmo criterio do v12 Recife). Nao e ground truth cartografico individual -- confianca strong = correspondencia de rua (geometria, nao numero exato); medium = fallback bairro-centroide.","Nao usar como escore, threshold ou variavel derivada do rotulo. Nao promover a 'validado'/'confirmado' sem revisao do REV-P."
Curitiba,1,CUR_SIAC156_40db72f5cff3f946,-25.3791299,-49.331552,13/02/2026,2026,Drenagem,Alagamentos,Rua São Carlos,SANTA FELICIDADE,strong,"Rua São Carlos, Santa Felicidade, Curitiba, Paraná, Região Sul, 82410-220, Brasil",161364281,1,"flood (alagamento/enchente) - landslide excluded by category filter (SIAC 156 Assunto/Subdivisao is a distinct structured category, not free text)",siac156_curitiba_v1,"Ponto positivo administrativo geocodificado (mesmo criterio do v12 Recife). Nao e ground truth cartografico individual -- confianca strong = correspondencia de rua (geometria, nao numero exato); medium = fallback bairro-centroide.","Nao usar como escore, threshold ou variavel derivada do rotulo. Nao promover a 'validado'/'confirmado' sem revisao do REV-P."
Curitiba,1,CUR_SIAC156_89097250d723cd30,-25.3990622,-49.3671298,10/04/2026,2026,Drenagem,Alagamentos,RUA ANGELO PIANARO,BUTIATUVINHA,strong,"Rua Ângelo Pianaro, Butiatuvinha, Curitiba, Paraná, Região Sul, 82310-110, Brasil",383054232,1,"flood (alagamento/enchente) - landslide excluded by category filter (SIAC 156 Assunto/Subdivisao is a distinct structured category, not free text)",siac156_curitiba_v1,"Ponto positivo administrativo geocodificado (mesmo criterio do v12 Recife). Nao e ground truth cartografico individual -- confianca strong = correspondencia de rua (geometria, nao numero exato); medium = fallback bairro-centroide.","Nao usar como escore, threshold ou variavel derivada do rotulo. Nao promover a 'validado'/'confirmado' sem revisao do REV-P."
Curitiba,1,CUR_SIAC156_c600c62efc2a3105,-25.5368567,-49.2815855,03/02/2026,2026,Drenagem,Alagamentos,RUA IZAAC FERREIRA DA CRUZ,SITIO CERCADO,strong,"Rua Izaac Ferreira da Cruz, Sítio Cercado, Curitiba, Paraná, Região Sul, 81880-320, Brasil",727608199,2,"flood (alagamento/enchente) - landslide excluded by category filter (SIAC 156 Assunto/Subdivisao is a distinct structured category, not free text)",siac156_curitiba_v1,"Ponto positivo administrativo geocodificado (mesmo criterio do v12 Recife). Nao e ground truth cartografico individual -- confianca strong = correspondencia de rua (geometria, nao numero exato); medium = fallback bairro-centroide.","Nao usar como escore, threshold ou variavel derivada do rotulo. Nao promover a 'validado'/'confirmado' sem revisao do REV-P."
Curitiba,1,CUR_SIAC156_a752e4ebf6245040,-25.5368567,-49.2815855,03/02/2026,2026,Drenagem,Alagamentos,Rua Izaac Ferreira da Cruz,SITIO CERCADO,strong,"Rua Izaac Ferreira da Cruz, Sítio Cercado, Curitiba, Paraná, Região Sul, 81880-320, Brasil",727608199,2,"flood (alagamento/enchente) - landslide excluded by category filter (SIAC 156 Assunto/Subdivisao is a distinct structured category, not free text)",siac156_curitiba_v1,"Ponto positivo administrativo geocodificado (mesmo criterio do v12 Recife). Nao e ground truth cartografico individual -- confianca strong = correspondencia de rua (geometria, nao numero exato); medium = fallback bairro-centroide.","Nao usar como escore, threshold ou variavel derivada do rotulo. Nao promover a 'validado'/'confirmado' sem revisao do REV-P."
Curitiba,1,CUR_SIAC156_0986c0ace1bc4587,-25.5397481,-49.2849082,16/02/2026,2026,Drenagem,Alagamentos,RUA LONDRINA,SITIO CERCADO,strong,"Rua Londrina, Sítio Cercado, Curitiba, Paraná, Região Sul, 81880-320, Brasil",377365648,1,"flood (alagamento/enchente) - landslide excluded by category filter (SIAC 156 Assunto/Subdivisao is a distinct structured category, not free text)",siac156_curitiba_v1,"Ponto positivo administrativo geocodificado (mesmo criterio do v12 Recife). Nao e ground truth cartografico individual -- confianca strong = correspondencia de rua (geometria, nao numero exato); medium = fallback bairro-centroide.","Nao usar como escore, threshold ou variavel derivada do rotulo. Nao promover a 'validado'/'confirmado' sem revisao do REV-P."
Curitiba,1,CUR_SIAC156_8b711cf97ee6c46f,-25.5426473,-49.2861397,30/03/2026,2026,Drenagem,Alagamentos,RUA CAMBÉ,SITIO CERCADO,strong,"Rua Cambé, Sítio Cercado, Curitiba, Paraná, Região Sul, 81900-460, Brasil",377365640,1,"flood (alagamento/enchente) - landslide excluded by category filter (SIAC 156 Assunto/Subdivisao is a distinct structured category, not free text)",siac156_curitiba_v1,"Ponto positivo administrativo geocodificado (mesmo criterio do v12 Recife). Nao e ground truth cartografico individual -- confianca strong = correspondencia de rua (geometria, nao numero exato); medium = fallback bairro-centroide.","Nao usar como escore, threshold ou variavel derivada do rotulo. Nao promover a 'validado'/'confirmado' sem revisao do REV-P."
Curitiba,1,CUR_SIAC156_6ccdce51bdb2dfe0,-25.5427012,-49.2691056,22/04/2026,2026,Drenagem,Alagamentos,ESTRADA DO GANCHINHO- LD,SITIO CERCADO,medium,"Sítio Cercado, Curitiba, Paraná, Região Sul, Brasil",5622123,1,"flood (alagamento/enchente) - landslide excluded by category filter (SIAC 156 Assunto/Subdivisao is a distinct structured category, not free text)",siac156_curitiba_v1,"Ponto positivo administrativo geocodificado (mesmo criterio do v12 Recife). Nao e ground truth cartografico individual -- confianca strong = correspondencia de rua (geometria, nao numero exato); medium = fallback bairro-centroide.","Nao usar como escore, threshold ou variavel derivada do rotulo. Nao promover a 'validado'/'confirmado' sem revisao do REV-P."
Curitiba,1,CUR_SIAC156_77dcce3062e03c95,-25.5601455,-49.2732024,06/07/2026,2026,Drenagem,Alagamentos,RUA REYNALDO CONTIN,UMBARA,strong,"Rua Reynaldo Contin, Moradias Fratelli, Umbará, Curitiba, Paraná, Região Sul, 81930-350, Brasil",300943178,1,"flood (alagamento/enchente) - landslide excluded by category filter (SIAC 156 Assunto/Subdivisao is a distinct structured category, not free text)",siac156_curitiba_v1,"Ponto positivo administrativo geocodificado (mesmo criterio do v12 Recife). Nao e ground truth cartografico individual -- confianca strong = correspondencia de rua (geometria, nao numero exato); medium = fallback bairro-centroide.","Nao usar como escore, threshold ou variavel derivada do rotulo. Nao promover a 'validado'/'confirmado' sem revisao do REV-P."
Curitiba,1,CUR_SIAC156_81cd5d4d39708632,-25.4375508,-49.2877229,05/02/2026,2026,Drenagem,Alagamentos,AVENIDA VICENTE MACHADO,BATEL,strong,"Avenida Vicente Machado, Batel, Curitiba, Paraná, Região Sul, 80240-240, Brasil",429543355,1,"flood (alagamento/enchente) - landslide excluded by category filter (SIAC 156 Assunto/Subdivisao is a distinct structured category, not free text)",siac156_curitiba_v1,"Ponto positivo administrativo geocodificado (mesmo criterio do v12 Recife). Nao e ground truth cartografico individual -- confianca strong = correspondencia de rua (geometria, nao numero exato); medium = fallback bairro-centroide.","Nao usar como escore, threshold ou variavel derivada do rotulo. Nao promover a 'validado'/'confirmado' sem revisao do REV-P."
Curitiba,1,CUR_SIAC156_a7b9d34a8ff07a09,-25.5048685,-49.3535316,01/01/2026,2026,Drenagem,Alagamentos,RUA PROFESSORA MARIA DO BELÉM FRANÇA,SAO MIGUEL,strong,"Rua Professora Maria do Belém França, São Miguel, Curitiba, Paraná, Região Sul, 81452-070, Brasil",405461137,1,"flood (alagamento/enchente) - landslide excluded by category filter (SIAC 156 Assunto/Subdivisao is a distinct structured category, not free text)",siac156_curitiba_v1,"Ponto positivo administrativo geocodificado (mesmo criterio do v12 Recife). Nao e ground truth cartografico individual -- confianca strong = correspondencia de rua (geometria, nao numero exato); medium = fallback bairro-centroide.","Nao usar como escore, threshold ou variavel derivada do rotulo. Nao promover a 'validado'/'confirmado' sem revisao do REV-P."
Curitiba,1,CUR_SIAC156_8b1e12967560023a,-25.497993,-49.334522,07/02/2026,2026,Drenagem,Alagamentos,Professor Osvaldo Ormiamin,CIDADE INDUSTRIAL,medium,"Cidade Industrial de Curitiba, Curitiba, Paraná, Região Sul, 81350-260, Brasil",3012156952,1,"flood (alagamento/enchente) - landslide excluded by category filter (SIAC 156 Assunto/Subdivisao is a distinct structured category, not free text)",siac156_curitiba_v1,"Ponto positivo administrativo geocodificado (mesmo criterio do v12 Recife). Nao e ground truth cartografico individual -- confianca strong = correspondencia de rua (geometria, nao numero exato); medium = fallback bairro-centroide.","Nao usar como escore, threshold ou variavel derivada do rotulo. Nao promover a 'validado'/'confirmado' sem revisao do REV-P."
Curitiba,1,CUR_SIAC156_9e24aef6073bed92,-25.497993,-49.334522,25/02/2026,2026,Drenagem,Alagamentos,Inácio Wolski,CIDADE INDUSTRIAL,medium,"Cidade Industrial de Curitiba, Curitiba, Paraná, Região Sul, 81350-260, Brasil",3012156952,1,"flood (alagamento/enchente) - landslide excluded by category filter (SIAC 156 Assunto/Subdivisao is a distinct structured category, not free text)",siac156_curitiba_v1,"Ponto positivo administrativo geocodificado (mesmo criterio do v12 Recife). Nao e ground truth cartografico individual -- confianca strong = correspondencia de rua (geometria, nao numero exato); medium = fallback bairro-centroide.","Nao usar como escore, threshold ou variavel derivada do rotulo. Nao promover a 'validado'/'confirmado' sem revisao do REV-P."
Curitiba,1,CUR_SIAC156_b9dd60977e473956,-25.497993,-49.334522,26/02/2026,2026,Drenagem,Alagamentos,Inácio Wolski,CIDADE INDUSTRIAL,medium,"Cidade Industrial de Curitiba, Curitiba, Paraná, Região Sul, 81350-260, Brasil",3012156952,1,"flood (alagamento/enchente) - landslide excluded by category filter (SIAC 156 Assunto/Subdivisao is a distinct structured category, not free text)",siac156_curitiba_v1,"Ponto positivo administrativo geocodificado (mesmo criterio do v12 Recife). Nao e ground truth cartografico individual -- confianca strong = correspondencia de rua (geometria, nao numero exato); medium = fallback bairro-centroide.","Nao usar como escore, threshold ou variavel derivada do rotulo. Nao promover a 'validado'/'confirmado' sem revisao do REV-P."
Curitiba,1,CUR_SIAC156_47fb14b0b901141e,-25.497993,-49.334522,03/03/2026,2026,Drenagem,Alagamentos,RUA PROFESSOR FERNANDO CARNEIRO,CIDADE INDUSTRIAL,medium,"Cidade Industrial de Curitiba, Curitiba, Paraná, Região Sul, 81350-260, Brasil",3012156952,1,"flood (alagamento/enchente) - landslide excluded by category filter (SIAC 156 Assunto/Subdivisao is a distinct structured category, not free text)",siac156_curitiba_v1,"Ponto positivo administrativo geocodificado (mesmo criterio do v12 Recife). Nao e ground truth cartografico individual -- confianca strong = correspondencia de rua (geometria, nao numero exato); medium = fallback bairro-centroide.","Nao usar como escore, threshold ou variavel derivada do rotulo. Nao promover a 'validado'/'confirmado' sem revisao do REV-P."
Curitiba,1,CUR_SIAC156_372b0f60962c778c,-25.497993,-49.334522,16/04/2026,2026,Drenagem,Alagamentos,Maria Aparecida Negrão Oliva,CIDADE INDUSTRIAL,medium,"Cidade Industrial de Curitiba, Curitiba, Paraná, Região Sul, 81350-260, Brasil",3012156952,1,"flood (alagamento/enchente) - landslide excluded by category filter (SIAC 156 Assunto/Subdivisao is a distinct structured category, not free text)",siac156_curitiba_v1,"Ponto positivo administrativo geocodificado (mesmo criterio do v12 Recife). Nao e ground truth cartografico individual -- confianca strong = correspondencia de rua (geometria, nao numero exato); medium = fallback bairro-centroide.","Nao usar como escore, threshold ou variavel derivada do rotulo. Nao promover a 'validado'/'confirmado' sem revisao do REV-P."
Curitiba,1,CUR_SIAC156_0fcfb66c4c62c197,-25.5859003,-49.3280231,19/03/2026,2026,Drenagem,Alagamentos,RUA AUGUSTO OLESKOWICZ,CAMPO DE SANTANA,strong,"Rua Augusto Oleskowicz, Campo de Santana, Aldeia Kakane Porã, Curitiba, Paraná, Região Sul, 81490-270, Brasil",1191925965,1,"flood (alagamento/enchente) - landslide excluded by category filter (SIAC 156 Assunto/Subdivisao is a distinct structured category, not free text)",siac156_curitiba_v1,"Ponto positivo administrativo geocodificado (mesmo criterio do v12 Recife). Nao e ground truth cartografico individual -- confianca strong = correspondencia de rua (geometria, nao numero exato); medium = fallback bairro-centroide.","Nao usar como escore, threshold ou variavel derivada do rotulo. Nao promover a 'validado'/'confirmado' sem revisao do REV-P."
Curitiba,1,CUR_SIAC156_b949298a9278b71e,-25.559663,-49.3139568,09/05/2026,2026,Drenagem,Alagamentos,Rua Jaime José Vojciechovski,TATUQUARA,strong,"Rua Jaime José Vojciechovski, Vila Pompéia, Tatuquara, Curitiba, Paraná, Região Sul, 81480-160, Brasil",125207599,1,"flood (alagamento/enchente) - landslide excluded by category filter (SIAC 156 Assunto/Subdivisao is a distinct structured category, not free text)",siac156_curitiba_v1,"Ponto positivo administrativo geocodificado (mesmo criterio do v12 Recife). Nao e ground truth cartografico individual -- confianca strong = correspondencia de rua (geometria, nao numero exato); medium = fallback bairro-centroide.","Nao usar como escore, threshold ou variavel derivada do rotulo. Nao promover a 'validado'/'confirmado' sem revisao do REV-P."
Curitiba,1,CUR_SIAC156_1368efba145253ba,-25.559663,-49.3139568,10/06/2026,2026,Drenagem,Alagamentos,RUA JAIME JOSÉ VOJCIECHOVSKI,TATUQUARA,strong,"Rua Jaime José Vojciechovski, Vila Pompéia, Tatuquara, Curitiba, Paraná, Região Sul, 81480-160, Brasil",125207599,1,"flood (alagamento/enchente) - landslide excluded by category filter (SIAC 156 Assunto/Subdivisao is a distinct structured category, not free text)",siac156_curitiba_v1,"Ponto positivo administrativo geocodificado (mesmo criterio do v12 Recife). Nao e ground truth cartografico individual -- confianca strong = correspondencia de rua (geometria, nao numero exato); medium = fallback bairro-centroide.","Nao usar como escore, threshold ou variavel derivada do rotulo. Nao promover a 'validado'/'confirmado' sem revisao do REV-P."
Curitiba,1,CUR_SIAC156_39f2901d9ef3af23,-25.6171177,-49.3521364,29/06/2026,2026,Drenagem,Alagamentos,RUA FRANCISCA BERALDE PAOLINI,CAXIMBA,strong,"Rua Francisca Beralde Paolini, Caximba, Aldeia Kakane Porã, Curitiba, Paraná, Região Sul, 81495-010, Brasil",160218410,1,"flood (alagamento/enchente) - landslide excluded by category filter (SIAC 156 Assunto/Subdivisao is a distinct structured category, not free text)",siac156_curitiba_v1,"Ponto positivo administrativo geocodificado (mesmo criterio do v12 Recife). Nao e ground truth cartografico individual -- confianca strong = correspondencia de rua (geometria, nao numero exato); medium = fallback bairro-centroide.","Nao usar como escore, threshold ou variavel derivada do rotulo. Nao promover a 'validado'/'confirmado' sem revisao do REV-P."
Curitiba,1,CUR_SIAC156_1bc981ab1fae354f,-25.4334964,-49.2676786,02/03/2026,2026,Drenagem,Alagamentos,RUA BARÃO DO RIO BRANCO,CENTRO,strong,"Rua Barão do Rio Branco, Centro, Curitiba, Paraná, Região Sul, 80010-180, Brasil",380939609,1,"flood (alagamento/enchente) - landslide excluded by category filter (SIAC 156 Assunto/Subdivisao is a distinct structured category, not free text)",siac156_curitiba_v1,"Ponto positivo administrativo geocodificado (mesmo criterio do v12 Recife). Nao e ground truth cartografico individual -- confianca strong = correspondencia de rua (geometria, nao numero exato); medium = fallback bairro-centroide.","Nao usar como escore, threshold ou variavel derivada do rotulo. Nao promover a 'validado'/'confirmado' sem revisao do REV-P."
Curitiba,1,CUR_SIAC156_b1efa5d623241313,-25.5103737,-49.3268427,20/06/2026,2026,Drenagem,Alagamentos,RUA SÉRGIO CARLOS MARTINS LEAL,CIDADE INDUSTRIAL,strong,"Rua Sérgio Carlos Martins Leal, Cidade Industrial de Curitiba, Curitiba, Paraná, Região Sul, 81305-185, Brasil",129113038,2,"flood (alagamento/enchente) - landslide excluded by category filter (SIAC 156 Assunto/Subdivisao is a distinct structured category, not free text)",siac156_curitiba_v1,"Ponto positivo administrativo geocodificado (mesmo criterio do v12 Recife). Nao e ground truth cartografico individual -- confianca strong = correspondencia de rua (geometria, nao numero exato); medium = fallback bairro-centroide.","Nao usar como escore, threshold ou variavel derivada do rotulo. Nao promover a 'validado'/'confirmado' sem revisao do REV-P."
Curitiba,1,CUR_SIAC156_bcfdaa8aba6f0418,-25.497993,-49.334522,16/07/2026,2026,Drenagem,Alagamentos,Antônio Reinaldo Zanon,CIDADE INDUSTRIAL,medium,"Cidade Industrial de Curitiba, Curitiba, Paraná, Região Sul, 81350-260, Brasil",3012156952,1,"flood (alagamento/enchente) - landslide excluded by category filter (SIAC 156 Assunto/Subdivisao is a distinct structured category, not free text)",siac156_curitiba_v1,"Ponto positivo administrativo geocodificado (mesmo criterio do v12 Recife). Nao e ground truth cartografico individual -- confianca strong = correspondencia de rua (geometria, nao numero exato); medium = fallback bairro-centroide.","Nao usar como escore, threshold ou variavel derivada do rotulo. Nao promover a 'validado'/'confirmado' sem revisao do REV-P."
Curitiba,1,CUR_SIAC156_edd757801851bf82,-25.3929078,-49.2695016,22/07/2026,2026,Drenagem,Alagamentos,RUA MATEUS LEME,SAO LOURENCO,strong,"Rua Mateus Leme, São Lourenço, Curitiba, Paraná, Região Sul, 82200-000, Brasil",289829639,1,"flood (alagamento/enchente) - landslide excluded by category filter (SIAC 156 Assunto/Subdivisao is a distinct structured category, not free text)",siac156_curitiba_v1,"Ponto positivo administrativo geocodificado (mesmo criterio do v12 Recife). Nao e ground truth cartografico individual -- confianca strong = correspondencia de rua (geometria, nao numero exato); medium = fallback bairro-centroide.","Nao usar como escore, threshold ou variavel derivada do rotulo. Nao promover a 'validado'/'confirmado' sem revisao do REV-P."
Curitiba,1,CUR_SIAC156_92b9eeb4c0de9f31,-25.4579236,-49.2296277,20/06/2026,2026,Drenagem,Alagamentos,Coronel Alfredo Ferreira da Costa,JARDIM DAS AMERICAS,medium,"Jardim das Américas, Curitiba, Paraná, Região Sul, Brasil",4146392,1,"flood (alagamento/enchente) - landslide excluded by category filter (SIAC 156 Assunto/Subdivisao is a distinct structured category, not free text)",siac156_curitiba_v1,"Ponto positivo administrativo geocodificado (mesmo criterio do v12 Recife). Nao e ground truth cartografico individual -- confianca strong = correspondencia de rua (geometria, nao numero exato); medium = fallback bairro-centroide.","Nao usar como escore, threshold ou variavel derivada do rotulo. Nao promover a 'validado'/'confirmado' sem revisao do REV-P."
Curitiba,1,CUR_SIAC156_c68a68512df87696,-25.3911882,-49.2437742,01/05/2026,2026,Drenagem,Alagamentos,Roque Lazarotto,BOA VISTA,strong,"Rua Roque Lazarotto, Boa Vista, Curitiba, Paraná, Região Sul, 82560-040, Brasil",38230515,1,"flood (alagamento/enchente) - landslide excluded by category filter (SIAC 156 Assunto/Subdivisao is a distinct structured category, not free text)",siac156_curitiba_v1,"Ponto positivo administrativo geocodificado (mesmo criterio do v12 Recife). Nao e ground truth cartografico individual -- confianca strong = correspondencia de rua (geometria, nao numero exato); medium = fallback bairro-centroide.","Nao usar como escore, threshold ou variavel derivada do rotulo. Nao promover a 'validado'/'confirmado' sem revisao do REV-P."
Curitiba,1,CUR_SIAC156_05a49e3415b6f0b0,-25.4073624,-49.200963,12/05/2026,2026,Drenagem,Alagamentos,Rua Joaquim da Costa Ribeiro,BAIRRO ALTO,strong,"Rua Joaquim da Costa Ribeiro, Bairro Alto, Curitiba, Paraná, Região Sul, 82840-200, Brasil",1207324243,1,"flood (alagamento/enchente) - landslide excluded by category filter (SIAC 156 Assunto/Subdivisao is a distinct structured category, not free text)",siac156_curitiba_v1,"Ponto positivo administrativo geocodificado (mesmo criterio do v12 Recife). Nao e ground truth cartografico individual -- confianca strong = correspondencia de rua (geometria, nao numero exato); medium = fallback bairro-centroide.","Nao usar como escore, threshold ou variavel derivada do rotulo. Nao promover a 'validado'/'confirmado' sem revisao do REV-P."
Curitiba,1,CUR_SIAC156_af31702f9ceb7507,-25.4760978,-49.2555642,29/04/2026,2026,Drenagem,Alagamentos,RUA MAJOR FABRICIANO DO REGO BARROS,HAUER,strong,"Rua Major Fabriciano do Rêgo Barros, Hauer, Curitiba, Paraná, Região Sul, 81630-050, Brasil",333068570,1,"flood (alagamento/enchente) - landslide excluded by category filter (SIAC 156 Assunto/Subdivisao is a distinct structured category, not free text)",siac156_curitiba_v1,"Ponto positivo administrativo geocodificado (mesmo criterio do v12 Recife). Nao e ground truth cartografico individual -- confianca strong = correspondencia de rua (geometria, nao numero exato); medium = fallback bairro-centroide.","Nao usar como escore, threshold ou variavel derivada do rotulo. Nao promover a 'validado'/'confirmado' sem revisao do REV-P."
Curitiba,1,CUR_SIAC156_45b3e31aa2998f64,-25.4754532,-49.2667944,14/01/2026,2026,Drenagem,Alagamentos,Henry Ford,LINDOIA,medium,"Córrego Henry Ford, Lindóia, Curitiba, Paraná, Região Sul, 80630-280, Brasil",916254391,1,"flood (alagamento/enchente) - landslide excluded by category filter (SIAC 156 Assunto/Subdivisao is a distinct structured category, not free text)",siac156_curitiba_v1,"Ponto positivo administrativo geocodificado (mesmo criterio do v12 Recife). Nao e ground truth cartografico individual -- confianca strong = correspondencia de rua (geometria, nao numero exato); medium = fallback bairro-centroide.","Nao usar como escore, threshold ou variavel derivada do rotulo. Nao promover a 'validado'/'confirmado' sem revisao do REV-P."
Curitiba,1,CUR_SIAC156_948a5de181ba445e,-25.4388513,-49.2104492,22/04/2026,2026,Drenagem,Alagamentos,Frederico Stadler Júnior,CAPAO DA IMBUIA,strong,"Rua Frederico Stadler Júnior, Capão da Imbuia, Curitiba, Paraná, Região Sul, 82810-460, Brasil",152131289,1,"flood (alagamento/enchente) - landslide excluded by category filter (SIAC 156 Assunto/Subdivisao is a distinct structured category, not free text)",siac156_curitiba_v1,"Ponto positivo administrativo geocodificado (mesmo criterio do v12 Recife). Nao e ground truth cartografico individual -- confianca strong = correspondencia de rua (geometria, nao numero exato); medium = fallback bairro-centroide.","Nao usar como escore, threshold ou variavel derivada do rotulo. Nao promover a 'validado'/'confirmado' sem revisao do REV-P."
Curitiba,1,CUR_SIAC156_a006f2b9732ccc53,-25.4849252,-49.2153133,20/02/2026,2026,Drenagem,Alagamentos,Sargento Carlos Argemiro de Camargo,UBERABA,medium,"Uberaba, Curitiba, Paraná, Região Sul, Brasil",4146395,1,"flood (alagamento/enchente) - landslide excluded by category filter (SIAC 156 Assunto/Subdivisao is a distinct structured category, not free text)",siac156_curitiba_v1,"Ponto positivo administrativo geocodificado (mesmo criterio do v12 Recife). Nao e ground truth cartografico individual -- confianca strong = correspondencia de rua (geometria, nao numero exato); medium = fallback bairro-centroide.","Nao usar como escore, threshold ou variavel derivada do rotulo. Nao promover a 'validado'/'confirmado' sem revisao do REV-P."
Curitiba,1,CUR_SIAC156_31535ba0fa999043,-25.4388513,-49.2104492,24/02/2026,2026,Drenagem,Alagamentos,Frederico Stadler Júnior,CAPAO DA IMBUIA,strong,"Rua Frederico Stadler Júnior, Capão da Imbuia, Curitiba, Paraná, Região Sul, 82810-460, Brasil",152131289,1,"flood (alagamento/enchente) - landslide excluded by category filter (SIAC 156 Assunto/Subdivisao is a distinct structured category, not free text)",siac156_curitiba_v1,"Ponto positivo administrativo geocodificado (mesmo criterio do v12 Recife). Nao e ground truth cartografico individual -- confianca strong = correspondencia de rua (geometria, nao numero exato); medium = fallback bairro-centroide.","Nao usar como escore, threshold ou variavel derivada do rotulo. Nao promover a 'validado'/'confirmado' sem revisao do REV-P."
Curitiba,1,CUR_SIAC156_f04997e9941ccb81,-25.497987,-49.212359,26/02/2026,2026,Drenagem,Alagamentos,RUA SANTO ANÍBAL MARIA DI FRANCIA,UBERABA,strong,"Rua Santo Aníbal Maria Di Francia, Uberaba, Curitiba, Paraná, Região Sul, 81560-615, Brasil",125391986,1,"flood (alagamento/enchente) - landslide excluded by category filter (SIAC 156 Assunto/Subdivisao is a distinct structured category, not free text)",siac156_curitiba_v1,"Ponto positivo administrativo geocodificado (mesmo criterio do v12 Recife). Nao e ground truth cartografico individual -- confianca strong = correspondencia de rua (geometria, nao numero exato); medium = fallback bairro-centroide.","Nao usar como escore, threshold ou variavel derivada do rotulo. Nao promover a 'validado'/'confirmado' sem revisao do REV-P."
Curitiba,1,CUR_SIAC156_5a52262047b4269d,-25.3988388,-49.2934052,26/03/2026,2026,Drenagem,Alagamentos,RUA JOÃO PEREIRA DA SILVA,PILARZINHO,strong,"Rua João Pereira da Silva, Pilarzinho, Curitiba, Paraná, Região Sul, 82100-380, Brasil",32944287,1,"flood (alagamento/enchente) - landslide excluded by category filter (SIAC 156 Assunto/Subdivisao is a distinct structured category, not free text)",siac156_curitiba_v1,"Ponto positivo administrativo geocodificado (mesmo criterio do v12 Recife). Nao e ground truth cartografico individual -- confianca strong = correspondencia de rua (geometria, nao numero exato); medium = fallback bairro-centroide.","Nao usar como escore, threshold ou variavel derivada do rotulo. Nao promover a 'validado'/'confirmado' sem revisao do REV-P."
Curitiba,1,CUR_SIAC156_05956214c012d02b,-25.4540011,-49.2986516,20/07/2026,2026,Drenagem,Alagamentos,Bernardo Leinig,VILA IZABEL,strong,"Rua Bernardo Leinig, Vila Izabel, Curitiba, Paraná, Região Sul, 80240-074, Brasil",91868259,1,"flood (alagamento/enchente) - landslide excluded by category filter (SIAC 156 Assunto/Subdivisao is a distinct structured category, not free text)",siac156_curitiba_v1,"Ponto positivo administrativo geocodificado (mesmo criterio do v12 Recife). Nao e ground truth cartografico individual -- confianca strong = correspondencia de rua (geometria, nao numero exato); medium = fallback bairro-centroide.","Nao usar como escore, threshold ou variavel derivada do rotulo. Nao promover a 'validado'/'confirmado' sem revisao do REV-P."
Curitiba,1,CUR_SIAC156_2283818aef20a9d3,-25.4500016,-49.3137048,24/07/2026,2026,Drenagem,Alagamentos,Nossa Senhora Aparecida,SEMINARIO,strong,"Avenida Nossa Senhora Aparecida, Seminário, Curitiba, Paraná, Região Sul, 80310-430, Brasil",121817684,1,"flood (alagamento/enchente) - landslide excluded by category filter (SIAC 156 Assunto/Subdivisao is a distinct structured category, not free text)",siac156_curitiba_v1,"Ponto positivo administrativo geocodificado (mesmo criterio do v12 Recife). Nao e ground truth cartografico individual -- confianca strong = correspondencia de rua (geometria, nao numero exato); medium = fallback bairro-centroide.","Nao usar como escore, threshold ou variavel derivada do rotulo. Nao promover a 'validado'/'confirmado' sem revisao do REV-P."
Curitiba,1,CUR_SIAC156_25963a373c85f627,-25.4396953,-49.3126611,04/02/2026,2026,Drenagem,Alagamentos,Hugo Kinzelmann,CAMPINA DO SIQUEIRA,strong,"Rua Hugo Kinzelmann, Campina do Siqueira, Curitiba, Paraná, Região Sul, 80740-050, Brasil",125763636,1,"flood (alagamento/enchente) - landslide excluded by category filter (SIAC 156 Assunto/Subdivisao is a distinct structured category, not free text)",siac156_curitiba_v1,"Ponto positivo administrativo geocodificado (mesmo criterio do v12 Recife). Nao e ground truth cartografico individual -- confianca strong = correspondencia de rua (geometria, nao numero exato); medium = fallback bairro-centroide.","Nao usar como escore, threshold ou variavel derivada do rotulo. Nao promover a 'validado'/'confirmado' sem revisao do REV-P."
Curitiba,1,CUR_SIAC156_70f84d080f00341a,-25.382091,-49.3285957,25/05/2026,2026,Drenagem,Alagamentos,RUA ARTHUR BELACHE,SANTA FELICIDADE,strong,"Rua Arthur Belache, Vila Jardim Pinheiros, Santa Felicidade, Curitiba, Paraná, Região Sul, 82410-220, Brasil",357823433,1,"flood (alagamento/enchente) - landslide excluded by category filter (SIAC 156 Assunto/Subdivisao is a distinct structured category, not free text)",siac156_curitiba_v1,"Ponto positivo administrativo geocodificado (mesmo criterio do v12 Recife). Nao e ground truth cartografico individual -- confianca strong = correspondencia de rua (geometria, nao numero exato); medium = fallback bairro-centroide.","Nao usar como escore, threshold ou variavel derivada do rotulo. Nao promover a 'validado'/'confirmado' sem revisao do REV-P."
Curitiba,1,CUR_SIAC156_a7b9d34a8ff07a09,-25.5048685,-49.3535316,01/01/2026,2026,Proteção ao cidadão - GM,"Enchentes, inundações ou alagamentos",RUA PROFESSORA MARIA DO BELÉM FRANÇA,SAO MIGUEL,strong,"Rua Professora Maria do Belém França, São Miguel, Curitiba, Paraná, Região Sul, 81452-070, Brasil",405461137,1,"flood (alagamento/enchente) - landslide excluded by category filter (SIAC 156 Assunto/Subdivisao is a distinct structured category, not free text)",siac156_curitiba_v1,"Ponto positivo administrativo geocodificado (mesmo criterio do v12 Recife). Nao e ground truth cartografico individual -- confianca strong = correspondencia de rua (geometria, nao numero exato); medium = fallback bairro-centroide.","Nao usar como escore, threshold ou variavel derivada do rotulo. Nao promover a 'validado'/'confirmado' sem revisao do REV-P."
Curitiba,1,CUR_SIAC156_3e98b85b16245c62,-25.4604099,-49.2995982,14/01/2026,2026,Proteção ao cidadão - GM,"Enchentes, inundações ou alagamentos",Rua Professor Ulisses Vieira,PORTAO,strong,"Rua Professor Ulisses Vieira, Portão, Curitiba, Paraná, Região Sul, 80320-120, Brasil",698981471,1,"flood (alagamento/enchente) - landslide excluded by category filter (SIAC 156 Assunto/Subdivisao is a distinct structured category, not free text)",siac156_curitiba_v1,"Ponto positivo administrativo geocodificado (mesmo criterio do v12 Recife). Nao e ground truth cartografico individual -- confianca strong = correspondencia de rua (geometria, nao numero exato); medium = fallback bairro-centroide.","Nao usar como escore, threshold ou variavel derivada do rotulo. Nao promover a 'validado'/'confirmado' sem revisao do REV-P."
Curitiba,1,CUR_SIAC156_42086b98b874b88b,-25.465653,-49.2602814,14/01/2026,2026,Proteção ao cidadão - GM,"Enchentes, inundações ou alagamentos",RUA VINTE E QUATRO DE MAIO,PAROLIN,strong,"Rua 24 de Maio, Parolin, Curitiba, Paraná, Região Sul, 80220-390, Brasil",46208598,1,"flood (alagamento/enchente) - landslide excluded by category filter (SIAC 156 Assunto/Subdivisao is a distinct structured category, not free text)",siac156_curitiba_v1,"Ponto positivo administrativo geocodificado (mesmo criterio do v12 Recife). Nao e ground truth cartografico individual -- confianca strong = correspondencia de rua (geometria, nao numero exato); medium = fallback bairro-centroide.","Nao usar como escore, threshold ou variavel derivada do rotulo. Nao promover a 'validado'/'confirmado' sem revisao do REV-P."
Curitiba,1,CUR_SIAC156_33d6c0a527847d0d,-25.4895782,-49.3459345,14/01/2026,2026,Proteção ao cidadão - GM,"Enchentes, inundações ou alagamentos",AVENIDA JUSCELINO KUBITSCHEK DE OLIVEIRA,CIDADE INDUSTRIAL,strong,"Avenida Juscelino Kubitschek de Oliveira (Marginal Oeste), Cidade Industrial de Curitiba, Curitiba, Paraná, Região Sul, 81250-460, Brasil",1259147529,1,"flood (alagamento/enchente) - landslide excluded by category filter (SIAC 156 Assunto/Subdivisao is a distinct structured category, not free text)",siac156_curitiba_v1,"Ponto positivo administrativo geocodificado (mesmo criterio do v12 Recife). Nao e ground truth cartografico individual -- confianca strong = correspondencia de rua (geometria, nao numero exato); medium = fallback bairro-centroide.","Nao usar como escore, threshold ou variavel derivada do rotulo. Nao promover a 'validado'/'confirmado' sem revisao do REV-P."
Curitiba,1,CUR_SIAC156_a755860dd0717583,-25.4049077,-49.2838145,03/02/2026,2026,Proteção ao cidadão - GM,"Enchentes, inundações ou alagamentos",RUA RICHARD WAGNER,VISTA ALEGRE,strong,"Rua Richard Wagner, Vista Alegre, Curitiba, Paraná, Região Sul, 80820-240, Brasil",995308944,1,"flood (alagamento/enchente) - landslide excluded by category filter (SIAC 156 Assunto/Subdivisao is a distinct structured category, not free text)",siac156_curitiba_v1,"Ponto positivo administrativo geocodificado (mesmo criterio do v12 Recife). Nao e ground truth cartografico individual -- confianca strong = correspondencia de rua (geometria, nao numero exato); medium = fallback bairro-centroide.","Nao usar como escore, threshold ou variavel derivada do rotulo. Nao promover a 'validado'/'confirmado' sem revisao do REV-P."
Curitiba,1,CUR_SIAC156_18049b81e248932d,-25.530914,-49.2342574,03/02/2026,2026,Proteção ao cidadão - GM,"Enchentes, inundações ou alagamentos",RUA ITAÚNA DO SUL,ALTO BOQUEIRAO,strong,"Rua Itaúna do Sul, Alto Boqueirão, Curitiba, Paraná, Região Sul, 81770-440, Brasil",126814876,2,"flood (alagamento/enchente) - landslide excluded by category filter (SIAC 156 Assunto/Subdivisao is a distinct structured category, not free text)",siac156_curitiba_v1,"Ponto positivo administrativo geocodificado (mesmo criterio do v12 Recife). Nao e ground truth cartografico individual -- confianca strong = correspondencia de rua (geometria, nao numero exato); medium = fallback bairro-centroide.","Nao usar como escore, threshold ou variavel derivada do rotulo. Nao promover a 'validado'/'confirmado' sem revisao do REV-P."
Curitiba,1,CUR_SIAC156_adb2a31ee323a9bd,-25.508604,-49.231456,03/02/2026,2026,Proteção ao cidadão - GM,"Enchentes, inundações ou alagamentos",RUA BOM JESUS DE IGUAPE,BOQUEIRAO,strong,"Rua Bom Jesus de Iguape, Boqueirão, Curitiba, Paraná, Região Sul, 81730-360, Brasil",55204874,1,"flood (alagamento/enchente) - landslide excluded by category filter (SIAC 156 Assunto/Subdivisao is a distinct structured category, not free text)",siac156_curitiba_v1,"Ponto positivo administrativo geocodificado (mesmo criterio do v12 Recife). Nao e ground truth cartografico individual -- confianca strong = correspondencia de rua (geometria, nao numero exato); medium = fallback bairro-centroide.","Nao usar como escore, threshold ou variavel derivada do rotulo. Nao promover a 'validado'/'confirmado' sem revisao do REV-P."
Curitiba,1,CUR_SIAC156_7a8c4e1bdfde86a4,-25.3716482,-49.2781897,03/02/2026,2026,Proteção ao cidadão - GM,"Enchentes, inundações ou alagamentos",Rua Engenheiro Oswaldo Siqueira,TABOAO,strong,"Rua Engenheiro Oswaldo Siqueira, Taboão, Curitiba, Paraná, Região Sul, 82220-320, Brasil",162043349,1,"flood (alagamento/enchente) - landslide excluded by category filter (SIAC 156 Assunto/Subdivisao is a distinct structured category, not free text)",siac156_curitiba_v1,"Ponto positivo administrativo geocodificado (mesmo criterio do v12 Recife). Nao e ground truth cartografico individual -- confianca strong = correspondencia de rua (geometria, nao numero exato); medium = fallback bairro-centroide.","Nao usar como escore, threshold ou variavel derivada do rotulo. Nao promover a 'validado'/'confirmado' sem revisao do REV-P."
Curitiba,1,CUR_SIAC156_c61f287a13cb541c,-25.4872945,-49.3038891,03/02/2026,2026,Proteção ao cidadão - GM,"Enchentes, inundações ou alagamentos",Rua Coronel Herculano de Araújo,NOVO MUNDO,strong,"Rua Coronel Herculano de Araújo, Novo Mundo, Curitiba, Paraná, Região Sul, 81050-380, Brasil",42803010,1,"flood (alagamento/enchente) - landslide excluded by category filter (SIAC 156 Assunto/Subdivisao is a distinct structured category, not free text)",siac156_curitiba_v1,"Ponto positivo administrativo geocodificado (mesmo criterio do v12 Recife). Nao e ground truth cartografico individual -- confianca strong = correspondencia de rua (geometria, nao numero exato); medium = fallback bairro-centroide.","Nao usar como escore, threshold ou variavel derivada do rotulo. Nao promover a 'validado'/'confirmado' sem revisao do REV-P."
Curitiba,1,CUR_SIAC156_a19a677d679c6b8d,-25.532668,-49.2390629,03/02/2026,2026,Proteção ao cidadão - GM,"Enchentes, inundações ou alagamentos",Zires Pereira Ribas,ALTO BOQUEIRAO,medium,"Alto Boqueirão, Curitiba, Paraná, Região Sul, Brasil",5622007,1,"flood (alagamento/enchente) - landslide excluded by category filter (SIAC 156 Assunto/Subdivisao is a distinct structured category, not free text)",siac156_curitiba_v1,"Ponto positivo administrativo geocodificado (mesmo criterio do v12 Recife). Nao e ground truth cartografico individual -- confianca strong = correspondencia de rua (geometria, nao numero exato); medium = fallback bairro-centroide.","Nao usar como escore, threshold ou variavel derivada do rotulo. Nao promover a 'validado'/'confirmado' sem revisao do REV-P."
Curitiba,1,CUR_SIAC156_06437bdf624b5f9f,-25.5307466,-49.2329187,03/02/2026,2026,Proteção ao cidadão - GM,"Enchentes, inundações ou alagamentos",RUA LEÓPOLIS,ALTO BOQUEIRAO,strong,"Rua Leópolis, Alto Boqueirão, Curitiba, Paraná, Região Sul, 81770-440, Brasil",701216330,1,"flood (alagamento/enchente) - landslide excluded by category filter (SIAC 156 Assunto/Subdivisao is a distinct structured category, not free text)",siac156_curitiba_v1,"Ponto positivo administrativo geocodificado (mesmo criterio do v12 Recife). Nao e ground truth cartografico individual -- confianca strong = correspondencia de rua (geometria, nao numero exato); medium = fallback bairro-centroide.","Nao usar como escore, threshold ou variavel derivada do rotulo. Nao promover a 'validado'/'confirmado' sem revisao do REV-P."
Curitiba,1,CUR_SIAC156_06c3aa22fcd5889b,-25.49658,-49.2036207,03/02/2026,2026,Proteção ao cidadão - GM,"Enchentes, inundações ou alagamentos",Rua Laércio Nakashima,UBERABA,strong,"Rua Laércio Nakashima, Vila Jardim Icaray, Uberaba, Curitiba, Paraná, Região Sul, 81560-615, Brasil",125624693,1,"flood (alagamento/enchente) - landslide excluded by category filter (SIAC 156 Assunto/Subdivisao is a distinct structured category, not free text)",siac156_curitiba_v1,"Ponto positivo administrativo geocodificado (mesmo criterio do v12 Recife). Nao e ground truth cartografico individual -- confianca strong = correspondencia de rua (geometria, nao numero exato); medium = fallback bairro-centroide.","Nao usar como escore, threshold ou variavel derivada do rotulo. Nao promover a 'validado'/'confirmado' sem revisao do REV-P."
Curitiba,1,CUR_SIAC156_a62a9b1a7afe79ab,-25.4718975,-49.1943514,03/02/2026,2026,Proteção ao cidadão - GM,"Enchentes, inundações ou alagamentos",RUA PADRE ESTANISLAU CEBULA,CAJURU,strong,"Rua Padre Estanislau Cebula, Cajuru, Curitiba, Paraná, Região Sul, 82980-130, Brasil",163153920,1,"flood (alagamento/enchente) - landslide excluded by category filter (SIAC 156 Assunto/Subdivisao is a distinct structured category, not free text)",siac156_curitiba_v1,"Ponto positivo administrativo geocodificado (mesmo criterio do v12 Recife). Nao e ground truth cartografico individual -- confianca strong = correspondencia de rua (geometria, nao numero exato); medium = fallback bairro-centroide.","Nao usar como escore, threshold ou variavel derivada do rotulo. Nao promover a 'validado'/'confirmado' sem revisao do REV-P."
Curitiba,1,CUR_SIAC156_4a420a1e4ac7b30d,-25.5287333,-49.2515773,03/02/2026,2026,Proteção ao cidadão - GM,"Enchentes, inundações ou alagamentos",Rua Reskala Snege,ALTO BOQUEIRAO,strong,"Rua Reskala Snege, teste, Alto Boqueirão, Curitiba, Paraná, Região Sul, 81850-724, Brasil",126822532,1,"flood (alagamento/enchente) - landslide excluded by category filter (SIAC 156 Assunto/Subdivisao is a distinct structured category, not free text)",siac156_curitiba_v1,"Ponto positivo administrativo geocodificado (mesmo criterio do v12 Recife). Nao e ground truth cartografico individual -- confianca strong = correspondencia de rua (geometria, nao numero exato); medium = fallback bairro-centroide.","Nao usar como escore, threshold ou variavel derivada do rotulo. Nao promover a 'validado'/'confirmado' sem revisao do REV-P."
Curitiba,1,CUR_SIAC156_200ace32f6458ad6,-25.438382,-49.2087847,03/02/2026,2026,Proteção ao cidadão - GM,"Enchentes, inundações ou alagamentos",Rua Osmário de Lima,CAPAO DA IMBUIA,strong,"Rua Osmário de Lima, Capão da Imbuia, Curitiba, Paraná, Região Sul, 82810-460, Brasil",1318008491,1,"flood (alagamento/enchente) - landslide excluded by category filter (SIAC 156 Assunto/Subdivisao is a distinct structured category, not free text)",siac156_curitiba_v1,"Ponto positivo administrativo geocodificado (mesmo criterio do v12 Recife). Nao e ground truth cartografico individual -- confianca strong = correspondencia de rua (geometria, nao numero exato); medium = fallback bairro-centroide.","Nao usar como escore, threshold ou variavel derivada do rotulo. Nao promover a 'validado'/'confirmado' sem revisao do REV-P."
Curitiba,1,CUR_SIAC156_a752e4ebf6245040,-25.5368567,-49.2815855,03/02/2026,2026,Proteção ao cidadão - GM,"Enchentes, inundações ou alagamentos",Rua Izaac Ferreira da Cruz,SITIO CERCADO,strong,"Rua Izaac Ferreira da Cruz, Sítio Cercado, Curitiba, Paraná, Região Sul, 81880-320, Brasil",727608199,1,"flood (alagamento/enchente) - landslide excluded by category filter (SIAC 156 Assunto/Subdivisao is a distinct structured category, not free text)",siac156_curitiba_v1,"Ponto positivo administrativo geocodificado (mesmo criterio do v12 Recife). Nao e ground truth cartografico individual -- confianca strong = correspondencia de rua (geometria, nao numero exato); medium = fallback bairro-centroide.","Nao usar como escore, threshold ou variavel derivada do rotulo. Nao promover a 'validado'/'confirmado' sem revisao do REV-P."
Curitiba,1,CUR_SIAC156_931417e768392f49,-25.4966225,-49.265087,03/02/2026,2026,Proteção ao cidadão - GM,"Enchentes, inundações ou alagamentos",Rua Menino Jesus,XAXIM,strong,"Rua Menino Jesus, Xaxim, Curitiba, Paraná, Região Sul, 81710-210, Brasil",84881075,1,"flood (alagamento/enchente) - landslide excluded by category filter (SIAC 156 Assunto/Subdivisao is a distinct structured category, not free text)",siac156_curitiba_v1,"Ponto positivo administrativo geocodificado (mesmo criterio do v12 Recife). Nao e ground truth cartografico individual -- confianca strong = correspondencia de rua (geometria, nao numero exato); medium = fallback bairro-centroide.","Nao usar como escore, threshold ou variavel derivada do rotulo. Nao promover a 'validado'/'confirmado' sem revisao do REV-P."
Curitiba,1,CUR_SIAC156_40db72f5cff3f946,-25.3791299,-49.331552,13/02/2026,2026,Proteção ao cidadão - GM,"Enchentes, inundações ou alagamentos",Rua São Carlos,SANTA FELICIDADE,strong,"Rua São Carlos, Santa Felicidade, Curitiba, Paraná, Região Sul, 82410-220, Brasil",161364281,1,"flood (alagamento/enchente) - landslide excluded by category filter (SIAC 156 Assunto/Subdivisao is a distinct structured category, not free text)",siac156_curitiba_v1,"Ponto positivo administrativo geocodificado (mesmo criterio do v12 Recife). Nao e ground truth cartografico individual -- confianca strong = correspondencia de rua (geometria, nao numero exato); medium = fallback bairro-centroide.","Nao usar como escore, threshold ou variavel derivada do rotulo. Nao promover a 'validado'/'confirmado' sem revisao do REV-P."
Curitiba,1,CUR_SIAC156_5e64dd8b5e471cea,-25.4788131,-49.320056,13/02/2026,2026,Proteção ao cidadão - GM,"Enchentes, inundações ou alagamentos",Rua Jandira Ferreira Dos Santos,FAZENDINHA,strong,"Rua Jandira Ferreira dos Santos, Fazendinha, Curitiba, Paraná, Região Sul, 81330-600, Brasil",924760848,1,"flood (alagamento/enchente) - landslide excluded by category filter (SIAC 156 Assunto/Subdivisao is a distinct structured category, not free text)",siac156_curitiba_v1,"Ponto positivo administrativo geocodificado (mesmo criterio do v12 Recife). Nao e ground truth cartografico individual -- confianca strong = correspondencia de rua (geometria, nao numero exato); medium = fallback bairro-centroide.","Nao usar como escore, threshold ou variavel derivada do rotulo. Nao promover a 'validado'/'confirmado' sem revisao do REV-P."
Curitiba,1,CUR_SIAC156_3280d955c0d654bb,-25.4954228,-49.2793815,20/06/2026,2026,Proteção ao cidadão - GM,"Enchentes, inundações ou alagamentos",RUA HELLEN KELLER,CAPAO RASO,strong,"Rua Hellen Keller, Capão Raso, Curitiba, Paraná, Região Sul, 81020-590, Brasil",24781514,3,"flood (alagamento/enchente) - landslide excluded by category filter (SIAC 156 Assunto/Subdivisao is a distinct structured category, not free text)",siac156_curitiba_v1,"Ponto positivo administrativo geocodificado (mesmo criterio do v12 Recife). Nao e ground truth cartografico individual -- confianca strong = correspondencia de rua (geometria, nao numero exato); medium = fallback bairro-centroide.","Nao usar como escore, threshold ou variavel derivada do rotulo. Nao promover a 'validado'/'confirmado' sem revisao do REV-P."
Curitiba,1,CUR_SIAC156_f9d53e8bff7264e0,-25.5057873,-49.3269801,20/06/2026,2026,Proteção ao cidadão - GM,"Enchentes, inundações ou alagamentos",Rua Orestes Thá,CIDADE INDUSTRIAL,strong,"Rua Orestes Thá, Núcleo Habitacional Nossa Senhora da Luz dos Pinhais, Cidade Industrial de Curitiba, Curitiba, Paraná, Região Sul, 81305-185, Brasil",48288652,1,"flood (alagamento/enchente) - landslide excluded by category filter (SIAC 156 Assunto/Subdivisao is a distinct structured category, not free text)",siac156_curitiba_v1,"Ponto positivo administrativo geocodificado (mesmo criterio do v12 Recife). Nao e ground truth cartografico individual -- confianca strong = correspondencia de rua (geometria, nao numero exato); medium = fallback bairro-centroide.","Nao usar como escore, threshold ou variavel derivada do rotulo. Nao promover a 'validado'/'confirmado' sem revisao do REV-P."
Curitiba,1,CUR_SIAC156_3280d955c0d654bb,-25.4954228,-49.2793815,20/06/2026,2026,Proteção ao cidadão - GM,"Enchentes, inundações ou alagamentos",RUA HELLEN KELLER,CAPAO RASO,strong,"Rua Hellen Keller, Capão Raso, Curitiba, Paraná, Região Sul, 81020-590, Brasil",24781514,3,"flood (alagamento/enchente) - landslide excluded by category filter (SIAC 156 Assunto/Subdivisao is a distinct structured category, not free text)",siac156_curitiba_v1,"Ponto positivo administrativo geocodificado (mesmo criterio do v12 Recife). Nao e ground truth cartografico individual -- confianca strong = correspondencia de rua (geometria, nao numero exato); medium = fallback bairro-centroide.","Nao usar como escore, threshold ou variavel derivada do rotulo. Nao promover a 'validado'/'confirmado' sem revisao do REV-P."
Curitiba,1,CUR_SIAC156_822b5e031d09cc86,-25.4954228,-49.2793815,20/06/2026,2026,Proteção ao cidadão - GM,"Enchentes, inundações ou alagamentos",Rua Hellen Keller,CAPAO RASO,strong,"Rua Hellen Keller, Capão Raso, Curitiba, Paraná, Região Sul, 81020-590, Brasil",24781514,3,"flood (alagamento/enchente) - landslide excluded by category filter (SIAC 156 Assunto/Subdivisao is a distinct structured category, not free text)",siac156_curitiba_v1,"Ponto positivo administrativo geocodificado (mesmo criterio do v12 Recife). Nao e ground truth cartografico individual -- confianca strong = correspondencia de rua (geometria, nao numero exato); medium = fallback bairro-centroide.","Nao usar como escore, threshold ou variavel derivada do rotulo. Nao promover a 'validado'/'confirmado' sem revisao do REV-P."
Curitiba,1,CUR_SIAC156_2951a35284decb4c,-25.4427793,-49.3382724,20/06/2026,2026,Proteção ao cidadão - GM,"Enchentes, inundações ou alagamentos",RUA JEREMIAS MACIEL PERRETTO,CAMPO COMPRIDO,strong,"Rua Jeremias Maciel Perretto, Campo Comprido, Curitiba, Paraná, Região Sul, 81200-528, Brasil",158627891,1,"flood (alagamento/enchente) - landslide excluded by category filter (SIAC 156 Assunto/Subdivisao is a distinct structured category, not free text)",siac156_curitiba_v1,"Ponto positivo administrativo geocodificado (mesmo criterio do v12 Recife). Nao e ground truth cartografico individual -- confianca strong = correspondencia de rua (geometria, nao numero exato); medium = fallback bairro-centroide.","Nao usar como escore, threshold ou variavel derivada do rotulo. Nao promover a 'validado'/'confirmado' sem revisao do REV-P."
Curitiba,1,CUR_SIAC156_14228f2b4ea866bb,-25.3648938,-49.2235846,20/06/2026,2026,Proteção ao cidadão - GM,"Enchentes, inundações ou alagamentos",Rua Clementina Kulik,SANTA CANDIDA,strong,"Rua Clementina Kulik, Santa Cândida, Curitiba, Paraná, Região Sul, 82620-360, Brasil",166726775,1,"flood (alagamento/enchente) - landslide excluded by category filter (SIAC 156 Assunto/Subdivisao is a distinct structured category, not free text)",siac156_curitiba_v1,"Ponto positivo administrativo geocodificado (mesmo criterio do v12 Recife). Nao e ground truth cartografico individual -- confianca strong = correspondencia de rua (geometria, nao numero exato); medium = fallback bairro-centroide.","Nao usar como escore, threshold ou variavel derivada do rotulo. Nao promover a 'validado'/'confirmado' sem revisao do REV-P."
Curitiba,1,CUR_SIAC156_370c07973861b2e2,-25.4718732,-49.2688453,20/06/2026,2026,Proteção ao cidadão - GM,"Enchentes, inundações ou alagamentos",Rua Gamaliel Bueno Galvão,GUAIRA,strong,"Rua Gamaliel Bueno Galvão, Guaíra, Curitiba, Paraná, Região Sul, 80630-280, Brasil",53815392,1,"flood (alagamento/enchente) - landslide excluded by category filter (SIAC 156 Assunto/Subdivisao is a distinct structured category, not free text)",siac156_curitiba_v1,"Ponto positivo administrativo geocodificado (mesmo criterio do v12 Recife). Nao e ground truth cartografico individual -- confianca strong = correspondencia de rua (geometria, nao numero exato); medium = fallback bairro-centroide.","Nao usar como escore, threshold ou variavel derivada do rotulo. Nao promover a 'validado'/'confirmado' sem revisao do REV-P."
Curitiba,1,CUR_SIAC156_92b9eeb4c0de9f31,-25.4579236,-49.2296277,20/06/2026,2026,Proteção ao cidadão - GM,"Enchentes, inundações ou alagamentos",Coronel Alfredo Ferreira da Costa,JARDIM DAS AMERICAS,medium,"Jardim das Américas, Curitiba, Paraná, Região Sul, Brasil",4146392,1,"flood (alagamento/enchente) - landslide excluded by category filter (SIAC 156 Assunto/Subdivisao is a distinct structured category, not free text)",siac156_curitiba_v1,"Ponto positivo administrativo geocodificado (mesmo criterio do v12 Recife). Nao e ground truth cartografico individual -- confianca strong = correspondencia de rua (geometria, nao numero exato); medium = fallback bairro-centroide.","Nao usar como escore, threshold ou variavel derivada do rotulo. Nao promover a 'validado'/'confirmado' sem revisao do REV-P."
Curitiba,1,CUR_SIAC156_46fffd598ebb2bb8,-25.5103737,-49.3268427,20/06/2026,2026,Proteção ao cidadão - GM,"Enchentes, inundações ou alagamentos",Rua Sérgio Carlos Martins Leal,CIDADE INDUSTRIAL,strong,"Rua Sérgio Carlos Martins Leal, Cidade Industrial de Curitiba, Curitiba, Paraná, Região Sul, 81305-185, Brasil",129113038,1,"flood (alagamento/enchente) - landslide excluded by category filter (SIAC 156 Assunto/Subdivisao is a distinct structured category, not free text)",siac156_curitiba_v1,"Ponto positivo administrativo geocodificado (mesmo criterio do v12 Recife). Nao e ground truth cartografico individual -- confianca strong = correspondencia de rua (geometria, nao numero exato); medium = fallback bairro-centroide.","Nao usar como escore, threshold ou variavel derivada do rotulo. Nao promover a 'validado'/'confirmado' sem revisao do REV-P."
Curitiba,1,CUR_SIAC156_6ffa1e976bad34f2,-25.3811003,-49.2962864,29/06/2026,2026,Proteção ao cidadão - GM,"Enchentes, inundações ou alagamentos",RUA JOSÉ RIBEIRO DE CRISTO,PILARZINHO,strong,"Rua José Ribeiro de Cristo, Vila Bracatinga, Pilarzinho, Curitiba, Paraná, Região Sul, 82110-350, Brasil",150298869,1,"flood (alagamento/enchente) - landslide excluded by category filter (SIAC 156 Assunto/Subdivisao is a distinct structured category, not free text)",siac156_curitiba_v1,"Ponto positivo administrativo geocodificado (mesmo criterio do v12 Recife). Nao e ground truth cartografico individual -- confianca strong = correspondencia de rua (geometria, nao numero exato); medium = fallback bairro-centroide.","Nao usar como escore, threshold ou variavel derivada do rotulo. Nao promover a 'validado'/'confirmado' sem revisao do REV-P."
Curitiba,1,CUR_SIAC156_39f2901d9ef3af23,-25.6171177,-49.3521364,29/06/2026,2026,Proteção ao cidadão - GM,"Enchentes, inundações ou alagamentos",RUA FRANCISCA BERALDE PAOLINI,CAXIMBA,strong,"Rua Francisca Beralde Paolini, Caximba, Aldeia Kakane Porã, Curitiba, Paraná, Região Sul, 81495-010, Brasil",160218410,1,"flood (alagamento/enchente) - landslide excluded by category filter (SIAC 156 Assunto/Subdivisao is a distinct structured category, not free text)",siac156_curitiba_v1,"Ponto positivo administrativo geocodificado (mesmo criterio do v12 Recife). Nao e ground truth cartografico individual -- confianca strong = correspondencia de rua (geometria, nao numero exato); medium = fallback bairro-centroide.","Nao usar como escore, threshold ou variavel derivada do rotulo. Nao promover a 'validado'/'confirmado' sem revisao do REV-P."
