registro_qa_id,ano_fonte,data_criacao,assunto,subdivisao,situacao,logradouro,bairro,regional,origem,bairro_reconhecido,rua_generica_ou_vazia,n_grupo_duplicata,decisao_qa,problemas_qa,uso_permitido,uso_proibido,consulta_geocodificacao,nivel_confianca,lat,lon,nominatim_nome_exibicao,osm_class,osm_type,osm_id,motivo_geocodificacao
96cbab4cee639b97,2023,24/01/2023,Drenagem,Alagamentos,Concluído,RUA SCHILLER,ALTO DA RUA XV,Unidade Regional Matriz,Telefone,True,False,1,pronto_para_geocodificar,none,"Candidato a geocodificacao; nao e coordenada, rotulo ou evidencia de treino.","Nao usar como ground truth, escore ou variavel derivada do rotulo.","RUA SCHILLER, ALTO DA RUA XV, Curitiba, PR, Brasil",strong,-25.4283039,-49.2503145,"Rua Schiller, Alto da Rua XV, Curitiba, Paraná, Região Sul, 80045-245, Brasil",,residential,43948636,
495cde8a5dd11cac,2023,07/07/2023,Drenagem,Alagamentos,Concluído,RUA PEDRO GUSSO,CIDADE INDUSTRIAL,Unidade Regional CIC,Telefone,True,False,1,pronto_para_geocodificar,none,"Candidato a geocodificacao; nao e coordenada, rotulo ou evidencia de treino.","Nao usar como ground truth, escore ou variavel derivada do rotulo.","RUA PEDRO GUSSO, CIDADE INDUSTRIAL, Curitiba, PR, Brasil",strong,-25.5050446,-49.3195865,"Rua Pedro Gusso, Núcleo Habitacional Nossa Senhora da Luz dos Pinhais, Cidade Industrial de Curitiba, Curitiba, Paraná, Região Sul, 81310-900, Brasil",,secondary,48361766,
618fb6087e256278,2023,18/04/2023,Drenagem,Alagamentos,Concluído,Rua Monte Hermom,PINHEIRINHO,Unidade Regional Pinheirinho,Telefone,True,False,2,pronto_para_geocodificar,none,"Candidato a geocodificacao; nao e coordenada, rotulo ou evidencia de treino.","Nao usar como ground truth, escore ou variavel derivada do rotulo.","Rua Monte Hermom, PINHEIRINHO, Curitiba, PR, Brasil",strong,-25.5265376,-49.2759328,"Rua Padre Rafael José Kalinowski, Moradias São Lucas, Pinheirinho, Curitiba, Paraná, Região Sul, 81825-300, Brasil",,residential,128988877,
9cc601905c28b06f,2023,17/02/2023,Drenagem,Alagamentos,Concluído,RUA OSWALDO FERREIRA DOS SANTOS,CIDADE INDUSTRIAL,Unidade Regional CIC,Telefone,True,False,1,pronto_para_geocodificar,none,"Candidato a geocodificacao; nao e coordenada, rotulo ou evidencia de treino.","Nao usar como ground truth, escore ou variavel derivada do rotulo.","RUA OSWALDO FERREIRA DOS SANTOS, CIDADE INDUSTRIAL, Curitiba, PR, Brasil",strong,-25.5095439,-49.3396684,"Rua Oswaldo Ferreira dos Santos, Cidade Industrial de Curitiba, Curitiba, Paraná, Região Sul, 81350-260, Brasil",,unclassified,570512336,
7737a80e069afb0f,2023,09/05/2023,Drenagem,Alagamentos,Concluído,RUA ITAGUAJÉ,SITIO CERCADO,Unidade Regional Bairro Novo,Telefone,True,False,1,pronto_para_geocodificar,none,"Candidato a geocodificacao; nao e coordenada, rotulo ou evidencia de treino.","Nao usar como ground truth, escore ou variavel derivada do rotulo.","RUA ITAGUAJÉ, SITIO CERCADO, Curitiba, PR, Brasil",strong,-25.5537218,-49.2528012,"Rua Itaguajé, Vila Osternack, Sítio Cercado, Curitiba, Paraná, Região Sul, 81935-060, Brasil",,residential,164975535,
0283b5c9e0ad40e5,2023,18/05/2023,Drenagem,Alagamentos,Concluído,RUA ANTONIO MOREIRA LOPES,CAJURU,Unidade Regional Cajuru,Telefone,True,False,1,pronto_para_geocodificar,none,"Candidato a geocodificacao; nao e coordenada, rotulo ou evidencia de treino.","Nao usar como ground truth, escore ou variavel derivada do rotulo.","RUA ANTONIO MOREIRA LOPES, CAJURU, Curitiba, PR, Brasil",strong,-25.4767366,-49.1923361,"Rua Antônio Moreira Lopes, Cajuru, Curitiba, Paraná, Região Sul, 82980-130, Brasil",,residential,1070406606,
f8bbb79b3d6341eb,2023,17/03/2023,Drenagem,Alagamentos,Concluído,RUA FERNANDO DE NORONHA,BARREIRINHA,Unidade Regional Boa Vista,Telefone,True,False,1,pronto_para_geocodificar,none,"Candidato a geocodificacao; nao e coordenada, rotulo ou evidencia de treino.","Nao usar como ground truth, escore ou variavel derivada do rotulo.","RUA FERNANDO DE NORONHA, BARREIRINHA, Curitiba, PR, Brasil",strong,-25.37057,-49.2477366,"Rua Fernando de Noronha, Barreirinha, Curitiba, Paraná, Região Sul, 82650-430, Brasil",,secondary,976483006,
2b9e8aafe6c8e04b,2023,02/10/2023,Drenagem,Alagamentos,Concluído,ESTRADA GUILHERME WEIGERT,SANTA CANDIDA,Unidade Regional Boa Vista,Telefone,True,False,1,pronto_para_geocodificar,none,"Candidato a geocodificacao; nao e coordenada, rotulo ou evidencia de treino.","Nao usar como ground truth, escore ou variavel derivada do rotulo.","ESTRADA GUILHERME WEIGERT, SANTA CANDIDA, Curitiba, PR, Brasil",strong,-25.3675077,-49.2269901,"Estrada Guilherme Weigert, Santa Cândida, Curitiba, Paraná, Região Sul, 82620-360, Brasil",,tertiary,166726772,
bf9fed88ffa39a8d,2023,07/10/2023,Drenagem,Alagamentos,Concluído,RUA EXPEDICIONARIO ANELIO DA LUZ,ALTO BOQUEIRAO,Unidade Regional Boqueirao,Telefone,True,False,1,pronto_para_geocodificar,none,"Candidato a geocodificacao; nao e coordenada, rotulo ou evidencia de treino.","Nao usar como ground truth, escore ou variavel derivada do rotulo.","RUA EXPEDICIONARIO ANELIO DA LUZ, ALTO BOQUEIRAO, Curitiba, PR, Brasil",strong,-25.5378725,-49.2433394,"Rua Expedicionário Anélio da Luz, Alto Boqueirão, Curitiba, Paraná, Região Sul, 81850-360, Brasil",,residential,126822230,
d877fb2d8893b61c,2023,07/10/2023,Drenagem,Alagamentos,Concluído,RUA CORONEL CARLOS VIEIRA DE CAMARGO,SANTA FELICIDADE,Unidade Regional Santa Felicidade,Telefone,True,False,1,pronto_para_geocodificar,none,"Candidato a geocodificacao; nao e coordenada, rotulo ou evidencia de treino.","Nao usar como ground truth, escore ou variavel derivada do rotulo.","RUA CORONEL CARLOS VIEIRA DE CAMARGO, SANTA FELICIDADE, Curitiba, PR, Brasil",strong,-25.4006629,-49.3255125,"Rua Coronel Carlos Vieira de Camargo, Santa Felicidade, Curitiba, Paraná, Região Sul, 82020-470, Brasil",,residential,158126122,
ffad3210795a5245,2023,18/10/2023,Drenagem,Alagamentos,Concluído,RUA ALCIDES MUNHOZ,MERCES,Unidade Regional Matriz,Telefone,True,False,1,pronto_para_geocodificar,none,"Candidato a geocodificacao; nao e coordenada, rotulo ou evidencia de treino.","Nao usar como ground truth, escore ou variavel derivada do rotulo.","RUA ALCIDES MUNHOZ, MERCES, Curitiba, PR, Brasil",strong,-25.4192599,-49.2977595,"Rua Alcides Munhoz, Mercês, Curitiba, Paraná, Região Sul, 80810-345, Brasil",,residential,163148937,
d007de9c07df75c9,2023,30/10/2023,Drenagem,Alagamentos,Concluído,RUA NATÁLIO SCUSSIATO,FAZENDINHA,Unidade Regional Portao,Telefone,True,False,1,pronto_para_geocodificar,none,"Candidato a geocodificacao; nao e coordenada, rotulo ou evidencia de treino.","Nao usar como ground truth, escore ou variavel derivada do rotulo.","RUA NATÁLIO SCUSSIATO, FAZENDINHA, Curitiba, PR, Brasil",medium,-25.481273,-49.3253888,"Fazendinha, Curitiba, Paraná, Região Sul, 81330-170, Brasil",,suburb,961802189,fallback_bairro_apos_rua_sem_resultado_em_bbox
74dcc2c01ca0cefb,2023,27/10/2023,Drenagem,Alagamentos,Concluído,Rua Mário Zanlorenzi,CAMPO COMPRIDO,Unidade Regional Portao,Telefone,True,False,2,pronto_para_geocodificar,none,"Candidato a geocodificacao; nao e coordenada, rotulo ou evidencia de treino.","Nao usar como ground truth, escore ou variavel derivada do rotulo.","Rua Mário Zanlorenzi, CAMPO COMPRIDO, Curitiba, PR, Brasil",strong,-25.4584517,-49.3222723,"Rua Mário Zanlorenzi, Campo Comprido, Curitiba, Paraná, Região Sul, 81220-060, Brasil",,residential,161501472,
f59ffef27a7a8e14,2023,10/06/2023,Drenagem,Alagamentos,Concluído,RUA CARLOS DIETZSCH,PORTAO,Unidade Regional Portao,Telefone,True,False,1,pronto_para_geocodificar,none,"Candidato a geocodificacao; nao e coordenada, rotulo ou evidencia de treino.","Nao usar como ground truth, escore ou variavel derivada do rotulo.","RUA CARLOS DIETZSCH, PORTAO, Curitiba, PR, Brasil",strong,-25.4696329,-49.3037407,"Rua Carlos Dietzsch, Portão, Curitiba, Paraná, Região Sul, 80330-050, Brasil",,tertiary,282745184,
345f6504c6f5662d,2023,29/10/2023,Drenagem,Alagamentos,Concluído,RUA CATHARINA PRODLIK,ABRANCHES,Unidade Regional Boa Vista,Telefone,True,False,1,pronto_para_geocodificar,none,"Candidato a geocodificacao; nao e coordenada, rotulo ou evidencia de treino.","Nao usar como ground truth, escore ou variavel derivada do rotulo.","RUA CATHARINA PRODLIK, ABRANCHES, Curitiba, PR, Brasil",strong,-25.3784693,-49.2775896,"Rua Catharina Prodlik, Abranches, Curitiba, Paraná, Região Sul, 82130-290, Brasil",,residential,150348438,
1adb9d5cd3a6db7a,2023,27/10/2023,Drenagem,Alagamentos,Concluído,Avenida Juscelino Kubitschek de Oliveira,CIDADE INDUSTRIAL,Unidade Regional CIC,Portal,True,False,1,pronto_para_geocodificar,none,"Candidato a geocodificacao; nao e coordenada, rotulo ou evidencia de treino.","Nao usar como ground truth, escore ou variavel derivada do rotulo.","Avenida Juscelino Kubitschek de Oliveira, CIDADE INDUSTRIAL, Curitiba, PR, Brasil",strong,-25.4895782,-49.3459345,"Avenida Juscelino Kubitschek de Oliveira (Marginal Oeste), Cidade Industrial de Curitiba, Curitiba, Paraná, Região Sul, 81250-460, Brasil",,secondary,1259147529,
e1245e89ad06527c,2023,29/10/2023,Drenagem,Alagamentos,Concluído,Rua Rômulo César Alves,SANTA FELICIDADE,Unidade Regional Santa Felicidade,Telefone,True,False,1,pronto_para_geocodificar,none,"Candidato a geocodificacao; nao e coordenada, rotulo ou evidencia de treino.","Nao usar como ground truth, escore ou variavel derivada do rotulo.","Rua Rômulo César Alves, SANTA FELICIDADE, Curitiba, PR, Brasil",strong,-25.380009,-49.3315413,"Rua Rômulo César Alves, Santa Felicidade, Curitiba, Paraná, Região Sul, 82410-220, Brasil",,residential,161364283,
9d9424d49008743e,2023,23/10/2023,Drenagem,Alagamentos,Concluído,Rua Nossa Senhora de Monte Claro,CIDADE INDUSTRIAL,Unidade Regional CIC,Telefone,True,False,1,pronto_para_geocodificar,none,"Candidato a geocodificacao; nao e coordenada, rotulo ou evidencia de treino.","Nao usar como ground truth, escore ou variavel derivada do rotulo.","Rua Nossa Senhora de Monte Claro, CIDADE INDUSTRIAL, Curitiba, PR, Brasil",medium,-25.497993,-49.334522,"Cidade Industrial de Curitiba, Curitiba, Paraná, Região Sul, 81350-260, Brasil",,suburb,3012156952,fallback_bairro_apos_rua_sem_resultado_em_bbox
d48218ec8553a21b,2023,29/10/2023,Drenagem,Alagamentos,Concluído,RUA SERGIPE,GUAIRA,Unidade Regional Portao,Telefone,True,False,2,pronto_para_geocodificar,none,"Candidato a geocodificacao; nao e coordenada, rotulo ou evidencia de treino.","Nao usar como ground truth, escore ou variavel derivada do rotulo.","RUA SERGIPE, GUAIRA, Curitiba, PR, Brasil",strong,-25.4709825,-49.2722635,"Rua Sergipe, Guaíra, Curitiba, Paraná, Região Sul, 80630-220, Brasil",,residential,48359719,
e70d9cc1b5d217c2,2023,29/10/2023,Drenagem,Alagamentos,Concluído,Rua Victorio Celli,CAJURU,Unidade Regional Cajuru,Telefone,True,False,1,pronto_para_geocodificar,none,"Candidato a geocodificacao; nao e coordenada, rotulo ou evidencia de treino.","Nao usar como ground truth, escore ou variavel derivada do rotulo.","Rua Victorio Celli, CAJURU, Curitiba, PR, Brasil",strong,-25.4691194,-49.1942105,"Rua Victório Celli, Cajuru, Curitiba, Paraná, Região Sul, 82980-100, Brasil",,residential,163153929,
270669d816937afb,2023,03/11/2023,Drenagem,Alagamentos,Concluído,Felisbino Passos,TINGUI,Unidade Regional Boa Vista,Telefone,True,False,1,pronto_para_geocodificar,none,"Candidato a geocodificacao; nao e coordenada, rotulo ou evidencia de treino.","Nao usar como ground truth, escore ou variavel derivada do rotulo.","Felisbino Passos, TINGUI, Curitiba, PR, Brasil",strong,-25.3846208,-49.2177896,"Rua Felisbino Passos, Tingui, Curitiba, Paraná, Região Sul, 82600-010, Brasil",,residential,190730001,
bcd241e07845b28e,2023,29/10/2023,Drenagem,Alagamentos,Concluído,Leonor Cardoso,CAMPO COMPRIDO,Unidade Regional Portao,Telefone,True,False,1,pronto_para_geocodificar,none,"Candidato a geocodificacao; nao e coordenada, rotulo ou evidencia de treino.","Nao usar como ground truth, escore ou variavel derivada do rotulo.","Leonor Cardoso, CAMPO COMPRIDO, Curitiba, PR, Brasil",strong,-25.475228,-49.3326118,"Rua Leonor Cardoso, Campo Comprido, Curitiba, Paraná, Região Sul, 81240-000, Brasil",,residential,165357255,
8c571afb1e3461ad,2023,26/10/2023,Drenagem,Alagamentos,Concluído,RUA FRANCISCO FRISCHMANN,PORTAO,Unidade Regional Portao,Telefone,True,False,1,pronto_para_geocodificar,none,"Candidato a geocodificacao; nao e coordenada, rotulo ou evidencia de treino.","Nao usar como ground truth, escore ou variavel derivada do rotulo.","RUA FRANCISCO FRISCHMANN, PORTAO, Curitiba, PR, Brasil",strong,-25.4660832,-49.2935325,"Rua Francisco Frischmann, Portão, Curitiba, Paraná, Região Sul, 80620-060, Brasil",,primary,39453105,
bb385e1ce52d6837,2023,03/11/2023,Drenagem,Alagamentos,Concluído,RUA DAS CARMELITAS,BOQUEIRAO,Unidade Regional Boqueirao,Telefone,True,False,1,pronto_para_geocodificar,none,"Candidato a geocodificacao; nao e coordenada, rotulo ou evidencia de treino.","Nao usar como ground truth, escore ou variavel derivada do rotulo.","RUA DAS CARMELITAS, BOQUEIRAO, Curitiba, PR, Brasil",strong,-25.4869771,-49.2377774,"Rua das Carmelitas, Boqueirão, Curitiba, Paraná, Região Sul, 81650-110, Brasil",,tertiary,85573756,
5003b40257cb7fe1,2023,29/10/2023,Drenagem,Alagamentos,Concluído,Rua Afonso Gonçalves Arantes,PILARZINHO,Unidade Regional Boa Vista,Telefone,True,False,1,pronto_para_geocodificar,none,"Candidato a geocodificacao; nao e coordenada, rotulo ou evidencia de treino.","Nao usar como ground truth, escore ou variavel derivada do rotulo.","Rua Afonso Gonçalves Arantes, PILARZINHO, Curitiba, PR, Brasil",strong,-25.3794297,-49.2974549,"Rua Afonso Gonçalves Arantes, Pilarzinho, Curitiba, Paraná, Região Sul, 83508-250, Brasil",,residential,162042902,
eaee9e3b0c937d41,2023,31/10/2023,Drenagem,Alagamentos,Concluído,Miguel Piekarski,BOA VISTA,Unidade Regional Boa Vista,Telefone,True,False,1,pronto_para_geocodificar,none,"Candidato a geocodificacao; nao e coordenada, rotulo ou evidencia de treino.","Nao usar como ground truth, escore ou variavel derivada do rotulo.","Miguel Piekarski, BOA VISTA, Curitiba, PR, Brasil",strong,-25.3899829,-49.2511351,"Rua Miguel Piekarski, Boa Vista, Curitiba, Paraná, Região Sul, 82540-050, Brasil",,residential,35971381,
834a767fc0541f06,2023,29/10/2023,Drenagem,Alagamentos,Concluído,RUA PARAÍBA,GUAIRA,Unidade Regional Portao,Telefone,True,False,1,pronto_para_geocodificar,none,"Candidato a geocodificacao; nao e coordenada, rotulo ou evidencia de treino.","Nao usar como ground truth, escore ou variavel derivada do rotulo.","RUA PARAÍBA, GUAIRA, Curitiba, PR, Brasil",strong,-25.4673864,-49.2745384,"Rua Paraíba, Guaíra, Curitiba, Paraná, Região Sul, 80630-000, Brasil",,residential,48359723,
49ec9d150fbf1a60,2023,29/10/2023,Drenagem,Alagamentos,Concluído,RUA FREI NICODEMUS GRUNHOFF,TINGUI,Unidade Regional Boa Vista,Telefone,True,False,1,pronto_para_geocodificar,none,"Candidato a geocodificacao; nao e coordenada, rotulo ou evidencia de treino.","Nao usar como ground truth, escore ou variavel derivada do rotulo.","RUA FREI NICODEMUS GRUNHOFF, TINGUI, Curitiba, PR, Brasil",strong,-25.3889495,-49.2156524,"Rua Frei Nicodemus Grunhoff, Tingui, Curitiba, Paraná, Região Sul, 82600-180, Brasil",,residential,160681462,
d26d2caafd015a21,2023,27/10/2023,Drenagem,Alagamentos,Concluído,RUA MARIO ZANLORENZI,CAMPO COMPRIDO,Unidade Regional Portao,Telefone,True,False,2,pronto_para_geocodificar,none,"Candidato a geocodificacao; nao e coordenada, rotulo ou evidencia de treino.","Nao usar como ground truth, escore ou variavel derivada do rotulo.","RUA MARIO ZANLORENZI, CAMPO COMPRIDO, Curitiba, PR, Brasil",strong,-25.4584517,-49.3222723,"Rua Mário Zanlorenzi, Campo Comprido, Curitiba, Paraná, Região Sul, 81220-060, Brasil",,residential,161501472,
9090591c420bab04,2023,16/01/2023,Drenagem,Alagamentos,Concluído,RUA PADRE JACINTO MIENSOPUST,CIDADE INDUSTRIAL,Unidade Regional CIC,Telefone,True,False,1,pronto_para_geocodificar,none,"Candidato a geocodificacao; nao e coordenada, rotulo ou evidencia de treino.","Nao usar como ground truth, escore ou variavel derivada do rotulo.","RUA PADRE JACINTO MIENSOPUST, CIDADE INDUSTRIAL, Curitiba, PR, Brasil",medium,-25.497993,-49.334522,"Cidade Industrial de Curitiba, Curitiba, Paraná, Região Sul, 81350-260, Brasil",,suburb,3012156952,fallback_bairro_apos_rua_sem_resultado_em_bbox
23325938c50090dd,2023,01/12/2023,Drenagem,Alagamentos,Concluído,Avenida Manoel Ribas,BUTIATUVINHA,Unidade Regional Santa Felicidade,Portal,True,False,1,pronto_para_geocodificar,none,"Candidato a geocodificacao; nao e coordenada, rotulo ou evidencia de treino.","Nao usar como ground truth, escore ou variavel derivada do rotulo.","Avenida Manoel Ribas, BUTIATUVINHA, Curitiba, PR, Brasil",strong,-25.392013,-49.351697,"Avenida Manoel Ribas, Butiatuvinha, Curitiba, Paraná, Região Sul, 82320-750, Brasil",,primary,945716784,
0629f95a47c3b9b6,2023,19/11/2023,Drenagem,Alagamentos,Concluído,rio negro,BAIRRO ALTO,Unidade Regional Boa Vista,Telefone,True,False,1,pronto_para_geocodificar,none,"Candidato a geocodificacao; nao e coordenada, rotulo ou evidencia de treino.","Nao usar como ground truth, escore ou variavel derivada do rotulo.","rio negro, BAIRRO ALTO, Curitiba, PR, Brasil",strong,-25.4254959,-49.2031377,"Rua Rio Negro, Bairro Alto, Curitiba, Paraná, Região Sul, 82820-130, Brasil",,residential,157843251,
c3db1596fb9f4df8,2023,05/12/2023,Drenagem,Alagamentos,Concluído,RUA LUIZ STIVAL,SANTA FELICIDADE,Unidade Regional Santa Felicidade,Telefone,True,False,1,pronto_para_geocodificar,none,"Candidato a geocodificacao; nao e coordenada, rotulo ou evidencia de treino.","Nao usar como ground truth, escore ou variavel derivada do rotulo.","RUA LUIZ STIVAL, SANTA FELICIDADE, Curitiba, PR, Brasil",strong,-25.4030146,-49.3201613,"Rua Luíz Stival, Santa Felicidade, Curitiba, Paraná, Região Sul, 82020-000, Brasil",,residential,1221969458,
45d33c828b580387,2023,05/12/2023,Drenagem,Alagamentos,Concluído,RUA SATURNINO MIRANDA,SANTA FELICIDADE,Unidade Regional Santa Felicidade,Telefone,True,False,1,pronto_para_geocodificar,none,"Candidato a geocodificacao; nao e coordenada, rotulo ou evidencia de treino.","Nao usar como ground truth, escore ou variavel derivada do rotulo.","RUA SATURNINO MIRANDA, SANTA FELICIDADE, Curitiba, PR, Brasil",strong,-25.3952111,-49.3353581,"Rua Saturnino Miranda, Santa Felicidade, Curitiba, Paraná, Região Sul, 82400-070, Brasil",,secondary,375466262,
22575d41c8b6b087,2023,23/11/2023,Drenagem,Alagamentos,Concluído,Rua Sebastião Marcos Luiz,CAJURU,Unidade Regional Cajuru,Chat,True,False,1,pronto_para_geocodificar,none,"Candidato a geocodificacao; nao e coordenada, rotulo ou evidencia de treino.","Nao usar como ground truth, escore ou variavel derivada do rotulo.","Rua Sebastião Marcos Luiz, CAJURU, Curitiba, PR, Brasil",strong,-25.4600165,-49.1991131,"Rua Sebastião Marcos Luiz, Vila São Domingos Agrícola, Cajuru, Curitiba, Paraná, Região Sul, 82930-230, Brasil",,secondary,759287709,
04c560594ab0c975,2023,23/12/2023,Drenagem,Alagamentos,Concluído,Rua São Maximiliano Maria Kolbe,TATUQUARA,Unidade Regional Tatuquara,Telefone,True,False,2,pronto_para_geocodificar,none,"Candidato a geocodificacao; nao e coordenada, rotulo ou evidencia de treino.","Nao usar como ground truth, escore ou variavel derivada do rotulo.","Rua São Maximiliano Maria Kolbe, TATUQUARA, Curitiba, PR, Brasil",strong,-25.5741809,-49.3403488,"Rua São Maximiliano Maria Kolbe, Moradias Monteiro Lobato II e III, Tatuquara, Curitiba, Paraná, Região Sul, 81470-400, Brasil",,residential,568312577,
6ba6761bf22565fb,2023,05/12/2023,Drenagem,Alagamentos,Concluído,RUA ANGELO PIANARO,BUTIATUVINHA,Unidade Regional Santa Felicidade,Telefone,True,False,1,pronto_para_geocodificar,none,"Candidato a geocodificacao; nao e coordenada, rotulo ou evidencia de treino.","Nao usar como ground truth, escore ou variavel derivada do rotulo.","RUA ANGELO PIANARO, BUTIATUVINHA, Curitiba, PR, Brasil",strong,-25.3990622,-49.3671298,"Rua Ângelo Pianaro, Butiatuvinha, Curitiba, Paraná, Região Sul, 82310-110, Brasil",,unclassified,383054232,
920fc86f5de1a8cd,2023,29/10/2023,Drenagem,Alagamentos,Concluído,Rua Deputado Vidal Vanhoni,TATUQUARA,Unidade Regional Tatuquara,Telefone,True,False,1,pronto_para_geocodificar,none,"Candidato a geocodificacao; nao e coordenada, rotulo ou evidencia de treino.","Nao usar como ground truth, escore ou variavel derivada do rotulo.","Rua Deputado Vidal Vanhoni, TATUQUARA, Curitiba, PR, Brasil",strong,-25.5623509,-49.334931,"Rua Deputado Vidal Vanhoni, Moradias Santa Rita, Tatuquara, Curitiba, Paraná, Região Sul, 81470-170, Brasil",,residential,165610633,
5fd86d74265bd51a,2023,25/12/2023,Proteção ao cidadão - GM,"Enchentes, inundações ou alagamentos",Concluído,Rua Tenente Antônio Emílio Vaz Lobo,TATUQUARA,Unidade Regional Tatuquara,Telefone,True,False,1,pronto_para_geocodificar,none,"Candidato a geocodificacao; nao e coordenada, rotulo ou evidencia de treino.","Nao usar como ground truth, escore ou variavel derivada do rotulo.","Rua Tenente Antônio Emílio Vaz Lobo, TATUQUARA, Curitiba, PR, Brasil",strong,-25.5577995,-49.3301799,"Rua Tenente Antônio Emílio Vaz Lobo, Vila Moradias Beira-rio, Tatuquara, Curitiba, Paraná, Região Sul, 81480-186, Brasil",,residential,165623210,
88ceda9f218aaae4,2023,22/11/2023,Drenagem,Alagamentos,Concluído,Rua Alcides Munhoz,MERCES,Unidade Regional Matriz,Portal,True,False,1,pronto_para_geocodificar,none,"Candidato a geocodificacao; nao e coordenada, rotulo ou evidencia de treino.","Nao usar como ground truth, escore ou variavel derivada do rotulo.","Rua Alcides Munhoz, MERCES, Curitiba, PR, Brasil",strong,-25.4192599,-49.2977595,"Rua Alcides Munhoz, Mercês, Curitiba, Paraná, Região Sul, 80810-345, Brasil",,residential,163148937,
23134e2c77c8e773,2023,29/10/2023,Drenagem,Alagamentos,Concluído,Rua Maria Gusso Sforza,PILARZINHO,Unidade Regional Boa Vista,Telefone,True,False,4,pronto_para_geocodificar,none,"Candidato a geocodificacao; nao e coordenada, rotulo ou evidencia de treino.","Nao usar como ground truth, escore ou variavel derivada do rotulo.","Rua Maria Gusso Sforza, PILARZINHO, Curitiba, PR, Brasil",strong,-25.3814708,-49.3002811,"Rua Maria Gusso Sforza, Vila Bracatinga, Pilarzinho, Curitiba, Paraná, Região Sul, 83508-250, Brasil",,residential,162042915,
c1ba923774f9410d,2023,26/10/2023,Drenagem,Alagamentos,Concluído,Rua Waldemiro Ry,NOVO MUNDO,Unidade Regional Pinheirinho,Portal,True,False,1,pronto_para_geocodificar,none,"Candidato a geocodificacao; nao e coordenada, rotulo ou evidencia de treino.","Nao usar como ground truth, escore ou variavel derivada do rotulo.","Rua Waldemiro Ry, NOVO MUNDO, Curitiba, PR, Brasil",strong,-25.4884385,-49.2891189,"Rua Waldemiro Ry, Novo Mundo, Curitiba, Paraná, Região Sul, 81020-220, Brasil",,residential,87347297,
aeceea8e6eb92c03,2023,11/10/2023,Drenagem,Alagamentos,Concluído,RUA RAIMUNDO NINA RODRIGUES,CAJURU,Unidade Regional Cajuru,Telefone,True,False,1,pronto_para_geocodificar,none,"Candidato a geocodificacao; nao e coordenada, rotulo ou evidencia de treino.","Nao usar como ground truth, escore ou variavel derivada do rotulo.","RUA RAIMUNDO NINA RODRIGUES, CAJURU, Curitiba, PR, Brasil",medium,-25.4533496,-49.2130027,"Cajuru, Curitiba, Paraná, Região Sul, Brasil",,administrative,3882263,fallback_bairro_apos_rua_sem_resultado_em_bbox
89375d3f1c3214d0,2023,23/11/2023,Drenagem,Alagamentos,Concluído,Rua Lívio Petterle,ATUBA,Unidade Regional Boa Vista,Portal,True,False,1,pronto_para_geocodificar,none,"Candidato a geocodificacao; nao e coordenada, rotulo ou evidencia de treino.","Nao usar como ground truth, escore ou variavel derivada do rotulo.","Rua Lívio Petterle, ATUBA, Curitiba, PR, Brasil",strong,-25.3859926,-49.2157918,"Rua Lívio Petterle, Atuba, Curitiba, Paraná, Região Sul, 82620-300, Brasil",,residential,160681574,
fa41d02d55844a80,2023,10/11/2023,Drenagem,Alagamentos,Concluído,Rua Professor Pedro Viriato Parigot de Souza,CIDADE INDUSTRIAL,Unidade Regional CIC,Portal,True,False,1,pronto_para_geocodificar,none,"Candidato a geocodificacao; nao e coordenada, rotulo ou evidencia de treino.","Nao usar como ground truth, escore ou variavel derivada do rotulo.","Rua Professor Pedro Viriato Parigot de Souza, CIDADE INDUSTRIAL, Curitiba, PR, Brasil",medium,-25.497993,-49.334522,"Cidade Industrial de Curitiba, Curitiba, Paraná, Região Sul, 81350-260, Brasil",,suburb,3012156952,fallback_bairro_apos_rua_sem_resultado_em_bbox
bcc878936eb51537,2023,23/11/2023,Drenagem,Alagamentos,Concluído,RUA JERÔNIMO DE SOUZA SOBRINHO,CIDADE INDUSTRIAL,Unidade Regional CIC,Telefone,True,False,1,pronto_para_geocodificar,none,"Candidato a geocodificacao; nao e coordenada, rotulo ou evidencia de treino.","Nao usar como ground truth, escore ou variavel derivada do rotulo.","RUA JERÔNIMO DE SOUZA SOBRINHO, CIDADE INDUSTRIAL, Curitiba, PR, Brasil",strong,-25.5123485,-49.336761,"Rua Jerônimo de Souza Sobrinho, Cidade Industrial de Curitiba, Curitiba, Paraná, Região Sul, 81305-185, Brasil",,residential,138705697,
eccae95cdc9e6990,2023,23/11/2023,Drenagem,Alagamentos,Concluído,Imaculada Conceição,PRADO VELHO,Unidade Regional Matriz,Telefone,True,False,1,pronto_para_geocodificar,none,"Candidato a geocodificacao; nao e coordenada, rotulo ou evidencia de treino.","Nao usar como ground truth, escore ou variavel derivada do rotulo.","Imaculada Conceição, PRADO VELHO, Curitiba, PR, Brasil",strong,-25.4480231,-49.2531885,"Rua Imaculada Conceição, Prado Velho, Curitiba, Paraná, Região Sul, 80215-180, Brasil",,secondary,263504527,
10c3e2bf14f4e315,2023,10/08/2023,Drenagem,Alagamentos,Concluído,RUA OSVALDO PFUTZENREUTER- VADICO,PILARZINHO,Unidade Regional Boa Vista,Telefone,True,False,1,pronto_para_geocodificar,none,"Candidato a geocodificacao; nao e coordenada, rotulo ou evidencia de treino.","Nao usar como ground truth, escore ou variavel derivada do rotulo.","RUA OSVALDO PFUTZENREUTER- VADICO, PILARZINHO, Curitiba, PR, Brasil",strong,-25.3824437,-49.2932492,"Rua Osvaldo Pfutzenreuter, Pilarzinho, Curitiba, Paraná, Região Sul, 82110-350, Brasil",,residential,162001718,
0970a242043ee694,2023,29/11/2023,Drenagem,Alagamentos,Concluído,Rua Moacir Vieira Gomes,CAMPO COMPRIDO,Unidade Regional Portao,Portal,True,False,1,pronto_para_geocodificar,none,"Candidato a geocodificacao; nao e coordenada, rotulo ou evidencia de treino.","Nao usar como ground truth, escore ou variavel derivada do rotulo.","Rua Moacir Vieira Gomes, CAMPO COMPRIDO, Curitiba, PR, Brasil",strong,-25.4479639,-49.3490765,"Rua Moacir Vieira Gomes, Campo Comprido, Curitiba, Paraná, Região Sul, 81270-010, Brasil",,residential,158260310,
2a29d91f5bd1c646,2023,23/11/2023,Drenagem,Alagamentos,Concluído,Rua Rutildo Pulido,CAJURU,Unidade Regional Cajuru,Chat,True,False,1,pronto_para_geocodificar,none,"Candidato a geocodificacao; nao e coordenada, rotulo ou evidencia de treino.","Nao usar como ground truth, escore ou variavel derivada do rotulo.","Rua Rutildo Pulido, CAJURU, Curitiba, PR, Brasil",strong,-25.4666484,-49.1959418,"Rua Rutildo Pulido, Cajuru, Curitiba, Paraná, Região Sul, 82980-100, Brasil",,tertiary,159680507,
12b23ca30a00e803,2023,05/12/2023,Drenagem,Alagamentos,Concluído,RUA ODILON NEGRÃO,SANTA FELICIDADE,Unidade Regional Santa Felicidade,Telefone,True,False,1,pronto_para_geocodificar,none,"Candidato a geocodificacao; nao e coordenada, rotulo ou evidencia de treino.","Nao usar como ground truth, escore ou variavel derivada do rotulo.","RUA ODILON NEGRÃO, SANTA FELICIDADE, Curitiba, PR, Brasil",strong,-25.3976619,-49.324626,"Rua Odilon Negrão, Santa Felicidade, Curitiba, Paraná, Região Sul, 82020-470, Brasil",,residential,158126118,
1bf43605e07cc35b,2023,20/11/2023,Drenagem,Alagamentos,Concluído,Rua Ana Berta Roskamp,JARDIM DAS AMERICAS,Unidade Regional Cajuru,Portal,True,False,1,pronto_para_geocodificar,none,"Candidato a geocodificacao; nao e coordenada, rotulo ou evidencia de treino.","Nao usar como ground truth, escore ou variavel derivada do rotulo.","Rua Ana Berta Roskamp, JARDIM DAS AMERICAS, Curitiba, PR, Brasil",strong,-25.4605782,-49.2312899,"Rua Ana Berta Roskamp, Jardim das Américas, Curitiba, Paraná, Região Sul, 81530-230, Brasil",,residential,952164901,
5377f933647d3d24,2023,23/11/2023,Drenagem,Alagamentos,Concluído,Rua Flávio Dallegrave,ALTO DA RUA XV,Unidade Regional Matriz,Portal,True,False,1,pronto_para_geocodificar,none,"Candidato a geocodificacao; nao e coordenada, rotulo ou evidencia de treino.","Nao usar como ground truth, escore ou variavel derivada do rotulo.","Rua Flávio Dallegrave, ALTO DA RUA XV, Curitiba, PR, Brasil",strong,-25.4265788,-49.2484718,"Rua Flávio Dallegrave, Alto da Rua XV, Curitiba, Paraná, Região Sul, 80050-981, Brasil",,residential,360750372,
f71c9b84288558fd,2023,30/11/2023,Drenagem,Alagamentos,Concluído,Avenida Manoel Ribas,BUTIATUVINHA,Unidade Regional Santa Felicidade,Portal,True,False,1,pronto_para_geocodificar,none,"Candidato a geocodificacao; nao e coordenada, rotulo ou evidencia de treino.","Nao usar como ground truth, escore ou variavel derivada do rotulo.","Avenida Manoel Ribas, BUTIATUVINHA, Curitiba, PR, Brasil",strong,-25.392013,-49.351697,"Avenida Manoel Ribas, Butiatuvinha, Curitiba, Paraná, Região Sul, 82320-750, Brasil",,primary,945716784,
a1835d3aa878c43c,2023,29/11/2023,Drenagem,Alagamentos,Concluído,RUA AUGUSTO DOS ANJOS,BARREIRINHA,Unidade Regional Boa Vista,Telefone,True,False,1,pronto_para_geocodificar,none,"Candidato a geocodificacao; nao e coordenada, rotulo ou evidencia de treino.","Nao usar como ground truth, escore ou variavel derivada do rotulo.","RUA AUGUSTO DOS ANJOS, BARREIRINHA, Curitiba, PR, Brasil",strong,-25.3666473,-49.2683447,"Rua Augusto dos Anjos, Abranches, Curitiba, Paraná, Região Sul, 82220-330, Brasil",,residential,161237405,
3d487f2d59345c95,2023,23/11/2023,Drenagem,Alagamentos,Concluído,RUA NUNES MACHADO,REBOUCAS,Unidade Regional Matriz,Telefone,True,False,1,pronto_para_geocodificar,none,"Candidato a geocodificacao; nao e coordenada, rotulo ou evidencia de treino.","Nao usar como ground truth, escore ou variavel derivada do rotulo.","RUA NUNES MACHADO, REBOUCAS, Curitiba, PR, Brasil",strong,-25.4526098,-49.268275,"Rua Nunes Machado, Rebouças, Curitiba, Paraná, Região Sul, 80220-181, Brasil",,residential,359642545,
23134e2c77c8e773,2023,29/10/2023,Drenagem,Alagamentos,Concluído,Rua Maria Gusso Sforza,PILARZINHO,Unidade Regional Boa Vista,Telefone,True,False,4,pronto_para_geocodificar,none,"Candidato a geocodificacao; nao e coordenada, rotulo ou evidencia de treino.","Nao usar como ground truth, escore ou variavel derivada do rotulo.","Rua Maria Gusso Sforza, PILARZINHO, Curitiba, PR, Brasil",strong,-25.3814708,-49.3002811,"Rua Maria Gusso Sforza, Vila Bracatinga, Pilarzinho, Curitiba, Paraná, Região Sul, 83508-250, Brasil",,residential,162042915,
aa77824200be066e,2023,12/10/2023,Drenagem,Alagamentos,Concluído,Rua Dante Honório,XAXIM,Unidade Regional Boqueirao,Telefone,True,False,1,pronto_para_geocodificar,none,"Candidato a geocodificacao; nao e coordenada, rotulo ou evidencia de treino.","Nao usar como ground truth, escore ou variavel derivada do rotulo.","Rua Dante Honório, XAXIM, Curitiba, PR, Brasil",strong,-25.5101598,-49.2708732,"Rua Dante Honório, Xaxim, Curitiba, Paraná, Região Sul, 81810-150, Brasil",,residential,85019720,
135665d8f89057d8,2023,23/11/2023,Drenagem,Alagamentos,Concluído,RUA RODRIGO FAIÇAL ZENI,CIDADE INDUSTRIAL,Unidade Regional CIC,Telefone,True,False,1,pronto_para_geocodificar,none,"Candidato a geocodificacao; nao e coordenada, rotulo ou evidencia de treino.","Nao usar como ground truth, escore ou variavel derivada do rotulo.","RUA RODRIGO FAIÇAL ZENI, CIDADE INDUSTRIAL, Curitiba, PR, Brasil",strong,-25.5065061,-49.3368871,"Rua Rodrigo Faiçal Zeni, Cidade Industrial de Curitiba, Curitiba, Paraná, Região Sul, 81350-260, Brasil",,residential,138705658,
20f9c0a4cc2753c5,2023,04/12/2023,Drenagem,Alagamentos,Concluído,RUA FLÁVIO DALLEGRAVE,BARREIRINHA,Unidade Regional Boa Vista,Telefone,True,False,1,pronto_para_geocodificar,none,"Candidato a geocodificacao; nao e coordenada, rotulo ou evidencia de treino.","Nao usar como ground truth, escore ou variavel derivada do rotulo.","RUA FLÁVIO DALLEGRAVE, BARREIRINHA, Curitiba, PR, Brasil",strong,-25.3748433,-49.2637875,"Rua Flávio Dallegrave, Barreirinha, Curitiba, Paraná, Região Sul, 82700-110, Brasil",,residential,162249727,
55eb216f72c5759d,2023,12/08/2023,Drenagem,Alagamentos,Concluído,RUA DOUTOR BRASÍLIO FERREIRA DA LUZ,JARDIM DAS AMERICAS,Unidade Regional Cajuru,Telefone,True,False,1,pronto_para_geocodificar,none,"Candidato a geocodificacao; nao e coordenada, rotulo ou evidencia de treino.","Nao usar como ground truth, escore ou variavel derivada do rotulo.","RUA DOUTOR BRASÍLIO FERREIRA DA LUZ, JARDIM DAS AMERICAS, Curitiba, PR, Brasil",strong,-25.4612572,-49.2260106,"Rua Doutor Brasílio Ferreira da Luz, Jardim das Américas, Curitiba, Paraná, Região Sul, 81540-250, Brasil",,residential,32901072,
4d56646273952fc5,2023,29/10/2023,Drenagem,Alagamentos,Concluído,RUA DAS CARMELITAS,BOQUEIRAO,Unidade Regional Boqueirao,Telefone,True,False,1,pronto_para_geocodificar,none,"Candidato a geocodificacao; nao e coordenada, rotulo ou evidencia de treino.","Nao usar como ground truth, escore ou variavel derivada do rotulo.","RUA DAS CARMELITAS, BOQUEIRAO, Curitiba, PR, Brasil",strong,-25.4869771,-49.2377774,"Rua das Carmelitas, Boqueirão, Curitiba, Paraná, Região Sul, 81650-110, Brasil",,tertiary,85573756,
5fd86d74265bd51a,2023,25/12/2023,Drenagem,Alagamentos,Concluído,Rua Tenente Antônio Emílio Vaz Lobo,TATUQUARA,Unidade Regional Tatuquara,Telefone,True,False,1,pronto_para_geocodificar,none,"Candidato a geocodificacao; nao e coordenada, rotulo ou evidencia de treino.","Nao usar como ground truth, escore ou variavel derivada do rotulo.","Rua Tenente Antônio Emílio Vaz Lobo, TATUQUARA, Curitiba, PR, Brasil",strong,-25.5577995,-49.3301799,"Rua Tenente Antônio Emílio Vaz Lobo, Vila Moradias Beira-rio, Tatuquara, Curitiba, Paraná, Região Sul, 81480-186, Brasil",,residential,165623210,
3112e1bfa726dc84,2023,30/10/2023,Drenagem,Alagamentos,Concluído,RUA MARIA GABARDO DORIGO,GANCHINHO,Unidade Regional Bairro Novo,Telefone,True,False,1,pronto_para_geocodificar,none,"Candidato a geocodificacao; nao e coordenada, rotulo ou evidencia de treino.","Nao usar como ground truth, escore ou variavel derivada do rotulo.","RUA MARIA GABARDO DORIGO, GANCHINHO, Curitiba, PR, Brasil",strong,-25.5845339,-49.258965,"Rua Maria Gabardo Dorigo, Ganchinho, Curitiba, Paraná, Região Sul, 81935-420, Brasil",,residential,975960768,
eca893aab68f648c,2023,29/10/2023,Drenagem,Alagamentos,Concluído,RUA JOAQUIM DE FREITAS,BOQUEIRAO,Unidade Regional Boqueirao,Telefone,True,False,2,pronto_para_geocodificar,none,"Candidato a geocodificacao; nao e coordenada, rotulo ou evidencia de treino.","Nao usar como ground truth, escore ou variavel derivada do rotulo.","RUA JOAQUIM DE FREITAS, BOQUEIRAO, Curitiba, PR, Brasil",strong,-25.5179793,-49.2247012,"Rua Joaquim de Freitas, Boqueirão, Curitiba, Paraná, Região Sul, 81730-320, Brasil",,residential,85573807,
a0457ed14cbad748,2023,28/10/2023,Drenagem,Alagamentos,Concluído,Rua Amilton Dalledone,SAO LOURENCO,Unidade Regional Boa Vista,Telefone,True,False,1,pronto_para_geocodificar,none,"Candidato a geocodificacao; nao e coordenada, rotulo ou evidencia de treino.","Nao usar como ground truth, escore ou variavel derivada do rotulo.","Rua Amilton Dalledone, SAO LOURENCO, Curitiba, PR, Brasil",strong,-25.3946072,-49.2691945,"Rua Amilton Dalledone, São Lourenço, Curitiba, Paraná, Região Sul, 82200-000, Brasil",,residential,122738025,
833cd54069a1619f,2023,17/01/2023,Drenagem,Alagamentos,Concluído,RUA PROFESSOR FÁBIO DE SOUZA,PORTAO,Unidade Regional Portao,Telefone,True,False,1,pronto_para_geocodificar,none,"Candidato a geocodificacao; nao e coordenada, rotulo ou evidencia de treino.","Nao usar como ground truth, escore ou variavel derivada do rotulo.","RUA PROFESSOR FÁBIO DE SOUZA, PORTAO, Curitiba, PR, Brasil",strong,-25.4651897,-49.3070035,"Rua Professor Fábio de Souza, Santa Quitéria, Curitiba, Paraná, Região Sul, 80310-130, Brasil",,residential,161320945,
865c968ab7f099d0,2023,23/01/2023,Drenagem,Alagamentos,Concluído,RUA ANTONIO BOZA,SITIO CERCADO,Unidade Regional Bairro Novo,Telefone,True,False,1,pronto_para_geocodificar,none,"Candidato a geocodificacao; nao e coordenada, rotulo ou evidencia de treino.","Nao usar como ground truth, escore ou variavel derivada do rotulo.","RUA ANTONIO BOZA, SITIO CERCADO, Curitiba, PR, Brasil",strong,-25.547461,-49.2594093,"Rua Antônio Boza, Sítio Cercado, Curitiba, Paraná, Região Sul, 81925-410, Brasil",,residential,127255760,
ef467a322a42f782,2023,06/12/2023,Drenagem,Alagamentos,Concluído,RUA BARTOLOMEU LOURENÇO DE GUSMÃO,BOQUEIRAO,Unidade Regional Boqueirao,Telefone,True,False,1,pronto_para_geocodificar,none,"Candidato a geocodificacao; nao e coordenada, rotulo ou evidencia de treino.","Nao usar como ground truth, escore ou variavel derivada do rotulo.","RUA BARTOLOMEU LOURENÇO DE GUSMÃO, BOQUEIRAO, Curitiba, PR, Brasil",strong,-25.5068695,-49.2294642,"Rua Bartolomeu Lourenço de Gusmão, Boqueirão, Curitiba, Paraná, Região Sul, 81730-360, Brasil",,residential,55204873,
052d7d90667cc2d3,2023,27/04/2023,Drenagem,Alagamentos,Concluído,RUA JURANT CVINTAL,BUTIATUVINHA,Unidade Regional Santa Felicidade,Telefone,True,False,1,pronto_para_geocodificar,none,"Candidato a geocodificacao; nao e coordenada, rotulo ou evidencia de treino.","Nao usar como ground truth, escore ou variavel derivada do rotulo.","RUA JURANT CVINTAL, BUTIATUVINHA, Curitiba, PR, Brasil",strong,-25.384328,-49.3591175,"Rua Jurant Cvintal, Butiatuvinha, Curitiba, Paraná, Região Sul, 82400-384, Brasil",,tertiary,165974987,
ebc6a6f2ca8d7146,2023,03/05/2023,Drenagem,Alagamentos,Concluído,RUA MONSENHOR ISIDORO MIKOSZ,CACHOEIRA,Unidade Regional Boa Vista,Telefone,True,False,1,pronto_para_geocodificar,none,"Candidato a geocodificacao; nao e coordenada, rotulo ou evidencia de treino.","Nao usar como ground truth, escore ou variavel derivada do rotulo.","RUA MONSENHOR ISIDORO MIKOSZ, CACHOEIRA, Curitiba, PR, Brasil",strong,-25.3598731,-49.2660775,"Rua Monsenhor Isidoro Mikosz, Cachoeira, Curitiba, Paraná, Região Sul, 82220-010, Brasil",,residential,162220962,
1d873dbb4bdafd3d,2023,27/03/2023,Drenagem,Alagamentos,Concluído,RUA WALDEMIRO DAVID GERONASSO,BOA VISTA,Unidade Regional Boa Vista,Telefone,True,False,1,pronto_para_geocodificar,none,"Candidato a geocodificacao; nao e coordenada, rotulo ou evidencia de treino.","Nao usar como ground truth, escore ou variavel derivada do rotulo.","RUA WALDEMIRO DAVID GERONASSO, BOA VISTA, Curitiba, PR, Brasil",strong,-25.3852998,-49.2374094,"Rua Waldemiro David Geronasso, Boa Vista, Curitiba, Paraná, Região Sul, 82640-390, Brasil",,residential,38229979,
5416958fa06e706b,2023,24/11/2023,Drenagem,Alagamentos,Concluído,RUA MARIA GUSSO SFORZA,PILARZINHO,Unidade Regional Boa Vista,Telefone,True,False,2,pronto_para_geocodificar,none,"Candidato a geocodificacao; nao e coordenada, rotulo ou evidencia de treino.","Nao usar como ground truth, escore ou variavel derivada do rotulo.","RUA MARIA GUSSO SFORZA, PILARZINHO, Curitiba, PR, Brasil",strong,-25.3814708,-49.3002811,"Rua Maria Gusso Sforza, Vila Bracatinga, Pilarzinho, Curitiba, Paraná, Região Sul, 83508-250, Brasil",,residential,162042915,
9236d6f4346f4241,2023,22/11/2023,Drenagem,Alagamentos,Concluído,RUA AGOSTINHO ANGELO TREVISAN,UBERABA,Unidade Regional Cajuru,Telefone,True,False,1,pronto_para_geocodificar,none,"Candidato a geocodificacao; nao e coordenada, rotulo ou evidencia de treino.","Nao usar como ground truth, escore ou variavel derivada do rotulo.","RUA AGOSTINHO ANGELO TREVISAN, UBERABA, Curitiba, PR, Brasil",strong,-25.4894906,-49.2201498,"Rua Agostinho Ângelo Trevisan, Uberaba, Curitiba, Paraná, Região Sul, 81560-000, Brasil",,residential,158947075,
a2cc82566cc12a57,2023,16/01/2023,Drenagem,Alagamentos,Concluído,Waldemar Orso,CAMPO DE SANTANA,Unidade Regional Tatuquara,Telefone,True,False,1,pronto_para_geocodificar,none,"Candidato a geocodificacao; nao e coordenada, rotulo ou evidencia de treino.","Nao usar como ground truth, escore ou variavel derivada do rotulo.","Waldemar Orso, CAMPO DE SANTANA, Curitiba, PR, Brasil",strong,-25.5808564,-49.3220757,"Rua Waldemar Orso, Vila Olinda II, Campo de Santana, Curitiba, Paraná, Região Sul, 81490-040, Brasil",,residential,169645467,
46cc8c0d58e24f5c,2023,29/10/2023,Drenagem,Alagamentos,Concluído,RUA MARIA GUSSO SFORZA,PILARZINHO,Unidade Regional Boa Vista,Telefone,True,False,4,pronto_para_geocodificar,none,"Candidato a geocodificacao; nao e coordenada, rotulo ou evidencia de treino.","Nao usar como ground truth, escore ou variavel derivada do rotulo.","RUA MARIA GUSSO SFORZA, PILARZINHO, Curitiba, PR, Brasil",strong,-25.3814708,-49.3002811,"Rua Maria Gusso Sforza, Vila Bracatinga, Pilarzinho, Curitiba, Paraná, Região Sul, 83508-250, Brasil",,residential,162042915,
01bb9f999367e601,2023,23/11/2023,Drenagem,Alagamentos,Concluído,RUA DR FRANCISCO ALEXANDRE GUEDES CHAGAS,CAMPINA DO SIQUEIRA,Unidade Regional Santa Felicidade,Telefone,True,False,1,pronto_para_geocodificar,none,"Candidato a geocodificacao; nao e coordenada, rotulo ou evidencia de treino.","Nao usar como ground truth, escore ou variavel derivada do rotulo.","RUA DR FRANCISCO ALEXANDRE GUEDES CHAGAS, CAMPINA DO SIQUEIRA, Curitiba, PR, Brasil",strong,-25.4425082,-49.3160636,"Rua Doutor Francisco Alexandre Guedes Chagas, Campina do Siqueira, Curitiba, Paraná, Região Sul, 80740-050, Brasil",,residential,29465219,
b83432c073834cdf,2023,24/12/2023,Proteção ao cidadão - GM,"Enchentes, inundações ou alagamentos",Concluído,Rua Vereadora Laís Peretti,TATUQUARA,Unidade Regional Tatuquara,Telefone,True,False,1,pronto_para_geocodificar,none,"Candidato a geocodificacao; nao e coordenada, rotulo ou evidencia de treino.","Nao usar como ground truth, escore ou variavel derivada do rotulo.","Rua Vereadora Laís Peretti, TATUQUARA, Curitiba, PR, Brasil",strong,-25.5578555,-49.3390588,"Rua Vera Laís Peretti, Moradias Santa Rita, Tatuquara, Curitiba, Paraná, Região Sul, 81470-075, Brasil",,residential,166137513,
2d554e800d77ec77,2023,16/01/2023,Drenagem,Alagamentos,Concluído,RUA SOLDADO HUDSON JAIR MENDES DE MORAES,CIDADE INDUSTRIAL,Unidade Regional CIC,Telefone,True,False,1,pronto_para_geocodificar,none,"Candidato a geocodificacao; nao e coordenada, rotulo ou evidencia de treino.","Nao usar como ground truth, escore ou variavel derivada do rotulo.","RUA SOLDADO HUDSON JAIR MENDES DE MORAES, CIDADE INDUSTRIAL, Curitiba, PR, Brasil",strong,-25.5153015,-49.3350953,"Rua Soldado Hudson Jair Mendes de Moraes, Cidade Industrial de Curitiba, Curitiba, Paraná, Região Sul, 81305-185, Brasil",,residential,138706806,
c54f149f339d7971,2023,23/11/2023,Drenagem,Alagamentos,Concluído,Rua Paulo Turkiewicz,TARUMA,Unidade Regional Cajuru,Portal,True,False,1,pronto_para_geocodificar,none,"Candidato a geocodificacao; nao e coordenada, rotulo ou evidencia de treino.","Nao usar como ground truth, escore ou variavel derivada do rotulo.","Rua Paulo Turkiewicz, TARUMA, Curitiba, PR, Brasil",strong,-25.4228532,-49.2133894,"Rua Paulo Turkiewicz, Tarumã, Curitiba, Paraná, Região Sul, 82821-020, Brasil",,residential,162132212,
de504f0c1cce02dd,2023,26/10/2023,Drenagem,Alagamentos,Concluído,RUA ALFERES POLI,CENTRO,Unidade Regional Matriz,Telefone,True,False,1,pronto_para_geocodificar,none,"Candidato a geocodificacao; nao e coordenada, rotulo ou evidencia de treino.","Nao usar como ground truth, escore ou variavel derivada do rotulo.","RUA ALFERES POLI, CENTRO, Curitiba, PR, Brasil",strong,-25.4374932,-49.2730284,"Rua Alferes Poli, Centro, Curitiba, Paraná, Região Sul, 80230-090, Brasil",,tertiary,289598957,
04c560594ab0c975,2023,23/12/2023,Drenagem,Alagamentos,Concluído,Rua São Maximiliano Maria Kolbe,TATUQUARA,Unidade Regional Tatuquara,Telefone,True,False,2,pronto_para_geocodificar,none,"Candidato a geocodificacao; nao e coordenada, rotulo ou evidencia de treino.","Nao usar como ground truth, escore ou variavel derivada do rotulo.","Rua São Maximiliano Maria Kolbe, TATUQUARA, Curitiba, PR, Brasil",strong,-25.5741809,-49.3403488,"Rua São Maximiliano Maria Kolbe, Moradias Monteiro Lobato II e III, Tatuquara, Curitiba, Paraná, Região Sul, 81470-400, Brasil",,residential,568312577,
e8444cab3484c03a,2023,16/10/2023,Drenagem,Alagamentos,Concluído,RUA FRANCISCO JOSÉ LOBO,SITIO CERCADO,Unidade Regional Bairro Novo,Telefone,True,False,1,pronto_para_geocodificar,none,"Candidato a geocodificacao; nao e coordenada, rotulo ou evidencia de treino.","Nao usar como ground truth, escore ou variavel derivada do rotulo.","RUA FRANCISCO JOSÉ LOBO, SITIO CERCADO, Curitiba, PR, Brasil",strong,-25.5320557,-49.2774482,"Rua Francisco José Lobo, Sítio Cercado, Curitiba, Paraná, Região Sul, 81900-050, Brasil",,residential,127264766,
d48218ec8553a21b,2023,29/10/2023,Drenagem,Alagamentos,Concluído,RUA SERGIPE,GUAIRA,Unidade Regional Portao,Telefone,True,False,2,pronto_para_geocodificar,none,"Candidato a geocodificacao; nao e coordenada, rotulo ou evidencia de treino.","Nao usar como ground truth, escore ou variavel derivada do rotulo.","RUA SERGIPE, GUAIRA, Curitiba, PR, Brasil",strong,-25.4709825,-49.2722635,"Rua Sergipe, Guaíra, Curitiba, Paraná, Região Sul, 80630-220, Brasil",,residential,48359719,
488ce3f3966b20b7,2023,12/05/2023,Drenagem,Alagamentos,Concluído,RUA PEDRO CRUZETTA,AUGUSTA,Unidade Regional CIC,Telefone,True,False,1,pronto_para_geocodificar,none,"Candidato a geocodificacao; nao e coordenada, rotulo ou evidencia de treino.","Nao usar como ground truth, escore ou variavel derivada do rotulo.","RUA PEDRO CRUZETTA, AUGUSTA, Curitiba, PR, Brasil",strong,-25.4608306,-49.3733467,"Rua Pedro Cruzetta, Augusta, Curitiba, Paraná, Região Sul, 81290-260, Brasil",,residential,95670708,
06af0776dfefc530,2023,22/11/2023,Drenagem,Alagamentos,Concluído,Alberico Flores Bueno,BAIRRO ALTO,Unidade Regional Boa Vista,Telefone,True,False,1,pronto_para_geocodificar,none,"Candidato a geocodificacao; nao e coordenada, rotulo ou evidencia de treino.","Nao usar como ground truth, escore ou variavel derivada do rotulo.","Alberico Flores Bueno, BAIRRO ALTO, Curitiba, PR, Brasil",strong,-25.4152987,-49.199769,"Rua Alberico Flores Bueno, Bairro Alto, Curitiba, Paraná, Região Sul, 82820-110, Brasil",,tertiary,730970609,
347a1741985d2f42,2023,23/11/2023,Drenagem,Alagamentos,Concluído,Rua Professor Lycio Grein de Castro Vellozo,MERCES,Unidade Regional Matriz,Telefone,True,False,1,pronto_para_geocodificar,none,"Candidato a geocodificacao; nao e coordenada, rotulo ou evidencia de treino.","Nao usar como ground truth, escore ou variavel derivada do rotulo.","Rua Professor Lycio Grein de Castro Vellozo, MERCES, Curitiba, PR, Brasil",strong,-25.4206206,-49.2953759,"Rua Professor Lýcio Grein de Castro Vellozo, Mercês, Curitiba, Paraná, Região Sul, 80810-345, Brasil",,residential,163603461,
f44ab489327730fd,2023,13/11/2023,Drenagem,Alagamentos,Concluído,Rua do Herval,CRISTO REI,Unidade Regional Matriz,Portal,True,False,1,pronto_para_geocodificar,none,"Candidato a geocodificacao; nao e coordenada, rotulo ou evidencia de treino.","Nao usar como ground truth, escore ou variavel derivada do rotulo.","Rua do Herval, CRISTO REI, Curitiba, PR, Brasil",strong,-25.4328205,-49.2471688,"Rua do Herval, Cristo Rei, Curitiba, Paraná, Região Sul, 80050-152, Brasil",,residential,24879772,
25c128b18a666633,2023,03/11/2023,Drenagem,Alagamentos,Concluído,RUA JOAQUIM DE FREITAS,BOQUEIRAO,Unidade Regional Boqueirao,Telefone,True,False,1,pronto_para_geocodificar,none,"Candidato a geocodificacao; nao e coordenada, rotulo ou evidencia de treino.","Nao usar como ground truth, escore ou variavel derivada do rotulo.","RUA JOAQUIM DE FREITAS, BOQUEIRAO, Curitiba, PR, Brasil",strong,-25.5179793,-49.2247012,"Rua Joaquim de Freitas, Boqueirão, Curitiba, Paraná, Região Sul, 81730-320, Brasil",,residential,85573807,
b70ce9df34f7ec66,2023,31/10/2023,Drenagem,Alagamentos,Concluído,Rua Antenor Pereira,PILARZINHO,Unidade Regional Boa Vista,Telefone,True,False,1,pronto_para_geocodificar,none,"Candidato a geocodificacao; nao e coordenada, rotulo ou evidencia de treino.","Nao usar como ground truth, escore ou variavel derivada do rotulo.","Rua Antenor Pereira, PILARZINHO, Curitiba, PR, Brasil",strong,-25.3896485,-49.3010832,"Rua Antenor Pereira, Pilarzinho, Curitiba, Paraná, Região Sul, 82100-510, Brasil",,residential,149724935,
25833aa870efb30f,2023,22/02/2023,Drenagem,Alagamentos,Concluído,RUA JÚLIO EDUARDO GINESTE,SANTA QUITERIA,Unidade Regional Portao,Telefone,True,False,1,pronto_para_geocodificar,none,"Candidato a geocodificacao; nao e coordenada, rotulo ou evidencia de treino.","Nao usar como ground truth, escore ou variavel derivada do rotulo.","RUA JÚLIO EDUARDO GINESTE, SANTA QUITERIA, Curitiba, PR, Brasil",strong,-25.4580778,-49.3101777,"Rua Júlio Eduardo Gineste, Santa Quitéria, Curitiba, Paraná, Região Sul, 80310-420, Brasil",,residential,129141976,
24cdb157db43ca7a,2023,23/11/2023,Drenagem,Alagamentos,Concluído,RUA AUGUSTO DOS ANJOS,BARREIRINHA,Unidade Regional Boa Vista,Portal,True,False,1,pronto_para_geocodificar,none,"Candidato a geocodificacao; nao e coordenada, rotulo ou evidencia de treino.","Nao usar como ground truth, escore ou variavel derivada do rotulo.","RUA AUGUSTO DOS ANJOS, BARREIRINHA, Curitiba, PR, Brasil",strong,-25.3666473,-49.2683447,"Rua Augusto dos Anjos, Abranches, Curitiba, Paraná, Região Sul, 82220-330, Brasil",,residential,161237405,
8aff39d519e72cda,2023,22/11/2023,Drenagem,Alagamentos,Concluído,RUA NICOLAU VOROBI,CIDADE INDUSTRIAL,Unidade Regional CIC,Telefone,True,False,1,pronto_para_geocodificar,none,"Candidato a geocodificacao; nao e coordenada, rotulo ou evidencia de treino.","Nao usar como ground truth, escore ou variavel derivada do rotulo.","RUA NICOLAU VOROBI, CIDADE INDUSTRIAL, Curitiba, PR, Brasil",strong,-25.4761113,-49.347329,"Rua Nicolau Vorobi, Cidade Industrial de Curitiba, Curitiba, Paraná, Região Sul, 81270-050, Brasil",,residential,161866123,
f77766ea08aaa720,2023,11/02/2023,Drenagem,Alagamentos,Concluído,RUA TREZE DE MAIO,CENTRO,Unidade Regional Matriz,Telefone,True,False,1,pronto_para_geocodificar,none,"Candidato a geocodificacao; nao e coordenada, rotulo ou evidencia de treino.","Nao usar como ground truth, escore ou variavel derivada do rotulo.","RUA TREZE DE MAIO, CENTRO, Curitiba, PR, Brasil",strong,-25.4276401,-49.2672078,"Rua Treze de Maio, Centro, Curitiba, Paraná, Região Sul, 80020-270, Brasil",,secondary,654377004,
5416958fa06e706b,2023,24/11/2023,Drenagem,Alagamentos,Concluído,RUA MARIA GUSSO SFORZA,PILARZINHO,Unidade Regional Boa Vista,Telefone,True,False,2,pronto_para_geocodificar,none,"Candidato a geocodificacao; nao e coordenada, rotulo ou evidencia de treino.","Nao usar como ground truth, escore ou variavel derivada do rotulo.","RUA MARIA GUSSO SFORZA, PILARZINHO, Curitiba, PR, Brasil",strong,-25.3814708,-49.3002811,"Rua Maria Gusso Sforza, Vila Bracatinga, Pilarzinho, Curitiba, Paraná, Região Sul, 83508-250, Brasil",,residential,162042915,
6553199090a298eb,2023,06/11/2023,Drenagem,Alagamentos,Concluído,Rua Augusto Dias Paredes,BOQUEIRAO,Unidade Regional Boqueirao,Portal,True,False,1,pronto_para_geocodificar,none,"Candidato a geocodificacao; nao e coordenada, rotulo ou evidencia de treino.","Nao usar como ground truth, escore ou variavel derivada do rotulo.","Rua Augusto Dias Paredes, BOQUEIRAO, Curitiba, PR, Brasil",strong,-25.5037673,-49.2221821,"Rua Augusto Dias Paredes, Boqueirão, Curitiba, Paraná, Região Sul, 81730-100, Brasil",,residential,60150142,
4ed8b23d9728d463,2023,16/10/2023,Drenagem,Alagamentos,Concluído,RUA ALBERTO POTIER,BOA VISTA,Unidade Regional Boa Vista,Telefone,True,False,1,pronto_para_geocodificar,none,"Candidato a geocodificacao; nao e coordenada, rotulo ou evidencia de treino.","Nao usar como ground truth, escore ou variavel derivada do rotulo.","RUA ALBERTO POTIER, BOA VISTA, Curitiba, PR, Brasil",strong,-25.3875747,-49.2382763,"Rua Alberto Potier, Boa Vista, Curitiba, Paraná, Região Sul, 82510-290, Brasil",,residential,38229959,
e2e7f19a3bceba08,2023,29/10/2023,Drenagem,Alagamentos,Concluído,Rua Basílio Fuck,XAXIM,Unidade Regional Boqueirao,Chat,True,False,1,pronto_para_geocodificar,none,"Candidato a geocodificacao; nao e coordenada, rotulo ou evidencia de treino.","Nao usar como ground truth, escore ou variavel derivada do rotulo.","Rua Basílio Fuck, XAXIM, Curitiba, PR, Brasil",strong,-25.5129008,-49.2655696,"Rua Basílio Fuck, Xaxim, Curitiba, Paraná, Região Sul, 81830-020, Brasil",,residential,85019618,
c8ad5b58ab0608a6,2023,16/01/2023,Drenagem,Alagamentos,Concluído,Rua José Ribeiro Baptista,CAMPO DE SANTANA,Unidade Regional Tatuquara,Telefone,True,False,1,pronto_para_geocodificar,none,"Candidato a geocodificacao; nao e coordenada, rotulo ou evidencia de treino.","Nao usar como ground truth, escore ou variavel derivada do rotulo.","Rua José Ribeiro Baptista, CAMPO DE SANTANA, Curitiba, PR, Brasil",strong,-25.5887801,-49.3238251,"Rua José Ribeiro Baptista, Vila Dom Bosco, Campo de Santana, Aldeia Kakane Porã, Curitiba, Paraná, Região Sul, 81490-040, Brasil",,residential,405504164,
9b595ce6f06fc91b,2023,16/01/2023,Drenagem,Alagamentos,Concluído,Cyro Correia Pereira,CIDADE INDUSTRIAL,Unidade Regional CIC,Telefone,True,False,1,pronto_para_geocodificar,none,"Candidato a geocodificacao; nao e coordenada, rotulo ou evidencia de treino.","Nao usar como ground truth, escore ou variavel derivada do rotulo.","Cyro Correia Pereira, CIDADE INDUSTRIAL, Curitiba, PR, Brasil",medium,-25.497993,-49.334522,"Cidade Industrial de Curitiba, Curitiba, Paraná, Região Sul, 81350-260, Brasil",,suburb,3012156952,fallback_bairro_apos_rua_sem_resultado_em_bbox
0dcbaefa06cb024e,2023,21/06/2023,Drenagem,Alagamentos,Concluído,RUA HENRIQUE CORREIA,BAIRRO ALTO,Unidade Regional Boa Vista,Telefone,True,False,1,pronto_para_geocodificar,none,"Candidato a geocodificacao; nao e coordenada, rotulo ou evidencia de treino.","Nao usar como ground truth, escore ou variavel derivada do rotulo.","RUA HENRIQUE CORREIA, BAIRRO ALTO, Curitiba, PR, Brasil",strong,-25.4079538,-49.2065031,"Rua Henrique Correia, Bairro Alto, Curitiba, Paraná, Região Sul, 82240-290, Brasil",,residential,122737520,
618fb6087e256278,2023,18/04/2023,Drenagem,Alagamentos,Concluído,Rua Monte Hermom,PINHEIRINHO,Unidade Regional Pinheirinho,Telefone,True,False,2,pronto_para_geocodificar,none,"Candidato a geocodificacao; nao e coordenada, rotulo ou evidencia de treino.","Nao usar como ground truth, escore ou variavel derivada do rotulo.","Rua Monte Hermom, PINHEIRINHO, Curitiba, PR, Brasil",strong,-25.5265376,-49.2759328,"Rua Padre Rafael José Kalinowski, Moradias São Lucas, Pinheirinho, Curitiba, Paraná, Região Sul, 81825-300, Brasil",,residential,128988877,
ada6b498b4345e06,2023,23/11/2023,Drenagem,Alagamentos,Concluído,RUA 24 DE MAIO,REBOUCAS,Unidade Regional Matriz,Telefone,True,False,1,pronto_para_geocodificar,none,"Candidato a geocodificacao; nao e coordenada, rotulo ou evidencia de treino.","Nao usar como ground truth, escore ou variavel derivada do rotulo.","RUA 24 DE MAIO, REBOUCAS, Curitiba, PR, Brasil",strong,-25.4472452,-49.2694764,"Rua 24 de Maio, Rebouças, Curitiba, Paraná, Região Sul, 80230-050, Brasil",,tertiary,371941802,
1c15257902cb629b,2023,29/10/2023,Drenagem,Alagamentos,Concluído,RUA JOSE ANICETO,CIDADE INDUSTRIAL,Unidade Regional CIC,Telefone,True,False,1,pronto_para_geocodificar,none,"Candidato a geocodificacao; nao e coordenada, rotulo ou evidencia de treino.","Nao usar como ground truth, escore ou variavel derivada do rotulo.","RUA JOSE ANICETO, CIDADE INDUSTRIAL, Curitiba, PR, Brasil",strong,-25.4936683,-49.340052,"Rua José Aniceto, Cidade Industrial de Curitiba, Curitiba, Paraná, Região Sul, 81350-260, Brasil",,residential,138705713,
8f464f6d10a9ac90,2023,23/11/2023,Drenagem,Alagamentos,Concluído,RUA MIGUEL OZÓRIO DE ALMEIDA,FAZENDINHA,Unidade Regional Portao,Telefone,True,False,1,pronto_para_geocodificar,none,"Candidato a geocodificacao; nao e coordenada, rotulo ou evidencia de treino.","Nao usar como ground truth, escore ou variavel derivada do rotulo.","RUA MIGUEL OZÓRIO DE ALMEIDA, FAZENDINHA, Curitiba, PR, Brasil",strong,-25.4845777,-49.3357258,"Rua Miguel Ozório de Almeida, Fazendinha, Curitiba, Paraná, Região Sul, 81330-300, Brasil",,residential,129130240,
f1022e713df0db99,2023,12/03/2023,Drenagem,Alagamentos,Concluído,AVENIDA JAIME REIS,SAO FRANCISCO,Unidade Regional Matriz,Telefone,True,False,1,pronto_para_geocodificar,none,"Candidato a geocodificacao; nao e coordenada, rotulo ou evidencia de treino.","Nao usar como ground truth, escore ou variavel derivada do rotulo.","AVENIDA JAIME REIS, SAO FRANCISCO, Curitiba, PR, Brasil",strong,-25.4253365,-49.278344,"Avenida Jaime Reis, São Francisco, Curitiba, Paraná, Região Sul, 80510-240, Brasil",,tertiary,27355902,
78c796c4b12dbf38,2023,29/10/2023,Drenagem,Alagamentos,Concluído,RUA DAVENIR MARQUES VIANA,CAMPO DE SANTANA,Unidade Regional Tatuquara,Telefone,True,False,1,pronto_para_geocodificar,none,"Candidato a geocodificacao; nao e coordenada, rotulo ou evidencia de treino.","Nao usar como ground truth, escore ou variavel derivada do rotulo.","RUA DAVENIR MARQUES VIANA, CAMPO DE SANTANA, Curitiba, PR, Brasil",strong,-25.5961344,-49.3430369,"Rua Davenir Marques Viana, Campo de Santana, Aldeia Kakane Porã, Curitiba, Paraná, Região Sul, 81490-510, Brasil",,residential,374272891,
d046259561766bec,2023,28/10/2023,Drenagem,Alagamentos,Concluído,RUA OLÍMPIO DE PAULA XAVIER,ALTO BOQUEIRAO,Unidade Regional Boqueirao,Telefone,True,False,1,pronto_para_geocodificar,none,"Candidato a geocodificacao; nao e coordenada, rotulo ou evidencia de treino.","Nao usar como ground truth, escore ou variavel derivada do rotulo.","RUA OLÍMPIO DE PAULA XAVIER, ALTO BOQUEIRAO, Curitiba, PR, Brasil",strong,-25.5290667,-49.2507155,"Rua Olímpio de Paula Xavier, Alto Boqueirão, Curitiba, Paraná, Região Sul, 81770-000, Brasil",,residential,126822530,
436ba8b63361a5d5,2023,09/10/2023,Drenagem,Alagamentos,Concluído,RUA JOSÉ PILOTO,PINHEIRINHO,Unidade Regional Pinheirinho,Telefone,True,False,1,pronto_para_geocodificar,none,"Candidato a geocodificacao; nao e coordenada, rotulo ou evidencia de treino.","Nao usar como ground truth, escore ou variavel derivada do rotulo.","RUA JOSÉ PILOTO, PINHEIRINHO, Curitiba, PR, Brasil",strong,-25.5339479,-49.2842385,"Rua José Piloto, Jardim Pinheirinho, Pinheirinho, Curitiba, Paraná, Região Sul, 81880-320, Brasil",,residential,129015263,
ff5c11231110b64e,2023,03/11/2023,Drenagem,Alagamentos,Concluído,Delegado Bruno de Almeida,CAMPO DE SANTANA,Unidade Regional Tatuquara,Telefone,True,False,1,pronto_para_geocodificar,none,"Candidato a geocodificacao; nao e coordenada, rotulo ou evidencia de treino.","Nao usar como ground truth, escore ou variavel derivada do rotulo.","Delegado Bruno de Almeida, CAMPO DE SANTANA, Curitiba, PR, Brasil",strong,-25.6072295,-49.3316393,"Estrada Delegado Bruno de Almeida, Vivendas Janaína, Campo de Santana, Aldeia Kakane Porã, Curitiba, Paraná, Região Sul, 81945-030, Brasil",,secondary,24609894,
946b936e4d2db595,2023,23/11/2023,Drenagem,Alagamentos,Concluído,Rua Rio Bom,SAO BRAZ,Unidade Regional Santa Felicidade,Portal,True,False,1,pronto_para_geocodificar,none,"Candidato a geocodificacao; nao e coordenada, rotulo ou evidencia de treino.","Nao usar como ground truth, escore ou variavel derivada do rotulo.","Rua Rio Bom, SAO BRAZ, Curitiba, PR, Brasil",strong,-25.4099571,-49.3601116,"Rua Rio Bom, São Braz, Curitiba, Paraná, Região Sul, 82315-420, Brasil",,residential,150298894,
6f6ae9392b349662,2023,16/01/2023,Drenagem,Alagamentos,Concluído,Rua Bernardo Meyer,CIDADE INDUSTRIAL,Unidade Regional CIC,Telefone,True,False,1,pronto_para_geocodificar,none,"Candidato a geocodificacao; nao e coordenada, rotulo ou evidencia de treino.","Nao usar como ground truth, escore ou variavel derivada do rotulo.","Rua Bernardo Meyer, CIDADE INDUSTRIAL, Curitiba, PR, Brasil",strong,-25.5066518,-49.3359358,"Rua Bernardo Meyer, Cidade Industrial de Curitiba, Curitiba, Paraná, Região Sul, 81350-260, Brasil",,residential,489027056,
d7f981b05dcf20cb,2023,07/10/2023,Drenagem,Alagamentos,Concluído,RUA MANOELA STIER REISS,UBERABA,Unidade Regional Cajuru,Telefone,True,False,1,pronto_para_geocodificar,none,"Candidato a geocodificacao; nao e coordenada, rotulo ou evidencia de treino.","Nao usar como ground truth, escore ou variavel derivada do rotulo.","RUA MANOELA STIER REISS, UBERABA, Curitiba, PR, Brasil",strong,-25.497263,-49.2034052,"Rua Manoela Stier Reiss, Vila Jardim Icaray, Uberaba, Curitiba, Paraná, Região Sul, 81560-615, Brasil",,residential,125624723,
e218bb234c3b8943,2023,29/10/2023,Drenagem,Alagamentos,Concluído,Rua Joaquim de Freitas,BOQUEIRAO,Unidade Regional Boqueirao,Telefone,True,False,2,pronto_para_geocodificar,none,"Candidato a geocodificacao; nao e coordenada, rotulo ou evidencia de treino.","Nao usar como ground truth, escore ou variavel derivada do rotulo.","Rua Joaquim de Freitas, BOQUEIRAO, Curitiba, PR, Brasil",strong,-25.5179793,-49.2247012,"Rua Joaquim de Freitas, Boqueirão, Curitiba, Paraná, Região Sul, 81730-320, Brasil",,residential,85573807,
9ba888cfadb32ff5,2023,09/08/2023,Drenagem,Alagamentos,Concluído,RUA CORONEL ALFREDO FERREIRA DA COSTA,JARDIM DAS AMERICAS,Unidade Regional Cajuru,Telefone,True,False,1,pronto_para_geocodificar,none,"Candidato a geocodificacao; nao e coordenada, rotulo ou evidencia de treino.","Nao usar como ground truth, escore ou variavel derivada do rotulo.","RUA CORONEL ALFREDO FERREIRA DA COSTA, JARDIM DAS AMERICAS, Curitiba, PR, Brasil",strong,-25.4636644,-49.2206912,"Rua Coronel Alfredo Ferreira da Costa, Jardim das Américas, Curitiba, Paraná, Região Sul, 81540-120, Brasil",,residential,187886485,
2b30b9317c36f73a,2023,09/10/2023,Drenagem,Alagamentos,Concluído,RUA BENJAMIN GELINSKI,UBERABA,Unidade Regional Cajuru,Telefone,True,False,1,pronto_para_geocodificar,none,"Candidato a geocodificacao; nao e coordenada, rotulo ou evidencia de treino.","Nao usar como ground truth, escore ou variavel derivada do rotulo.","RUA BENJAMIN GELINSKI, UBERABA, Curitiba, PR, Brasil",strong,-25.4856695,-49.1933687,"Rua Benjamin Gelinski, Uberaba, Curitiba, Paraná, Região Sul, 81590-614, Brasil",,residential,248267400,
23581346224f1431,2023,26/09/2023,Drenagem,Alagamentos,Concluído,RUA ARTHUR MANOEL IWERSEN,BOQUEIRAO,Unidade Regional Boqueirao,Telefone,True,False,1,pronto_para_geocodificar,none,"Candidato a geocodificacao; nao e coordenada, rotulo ou evidencia de treino.","Nao usar como ground truth, escore ou variavel derivada do rotulo.","RUA ARTHUR MANOEL IWERSEN, BOQUEIRAO, Curitiba, PR, Brasil",strong,-25.5202304,-49.236654,"Rua Arthur Manoel Iwersen, Boqueirão, Curitiba, Paraná, Região Sul, 81770-260, Brasil",,residential,85231828,
ae7d4aa5bdc64cbf,2023,16/01/2023,Drenagem,Alagamentos,Concluído,Rua Doutor José Guilherme Loyola,CIDADE INDUSTRIAL,Unidade Regional CIC,Telefone,True,False,1,pronto_para_geocodificar,none,"Candidato a geocodificacao; nao e coordenada, rotulo ou evidencia de treino.","Nao usar como ground truth, escore ou variavel derivada do rotulo.","Rua Doutor José Guilherme Loyola, CIDADE INDUSTRIAL, Curitiba, PR, Brasil",medium,-25.497993,-49.334522,"Cidade Industrial de Curitiba, Curitiba, Paraná, Região Sul, 81350-260, Brasil",,suburb,3012156952,fallback_bairro_apos_rua_sem_resultado_em_bbox
766a0186d9aea523,2023,16/01/2023,Drenagem,Alagamentos,Concluído,Rua Heron Wanderley,TATUQUARA,Unidade Regional Tatuquara,Telefone,True,False,1,pronto_para_geocodificar,none,"Candidato a geocodificacao; nao e coordenada, rotulo ou evidencia de treino.","Nao usar como ground truth, escore ou variavel derivada do rotulo.","Rua Heron Wanderley, TATUQUARA, Curitiba, PR, Brasil",strong,-25.560183,-49.3415985,"Rua Heron Wanderley, Moradias Santa Rita, Tatuquara, Curitiba, Paraná, Região Sul, 81470-075, Brasil",,residential,488220284,
1ffb5fd22ad63bc6,2023,29/11/2023,Drenagem,Alagamentos,Concluído,Rua Doutor Faruk Abrão Kalil,BUTIATUVINHA,Unidade Regional Santa Felicidade,Telefone,True,False,1,pronto_para_geocodificar,none,"Candidato a geocodificacao; nao e coordenada, rotulo ou evidencia de treino.","Nao usar como ground truth, escore ou variavel derivada do rotulo.","Rua Doutor Faruk Abrão Kalil, BUTIATUVINHA, Curitiba, PR, Brasil",medium,-25.4001938,-49.3562253,"Butiatuvinha, Curitiba, Paraná, Região Sul, 82310-110, Brasil",,suburb,3012346894,fallback_bairro_apos_rua_sem_resultado_em_bbox
4bb64629f2ab7370,2023,27/10/2023,Drenagem,Alagamentos,Concluído,Rua Dona Eleusina Plaisant,SANTA QUITERIA,Unidade Regional Portao,Portal,True,False,1,pronto_para_geocodificar,none,"Candidato a geocodificacao; nao e coordenada, rotulo ou evidencia de treino.","Nao usar como ground truth, escore ou variavel derivada do rotulo.","Rua Dona Eleusina Plaisant, SANTA QUITERIA, Curitiba, PR, Brasil",strong,-25.4622063,-49.313318,"Rua Dona Eleusina Plaisant, Santa Quitéria, Curitiba, Paraná, Região Sul, 80310-010, Brasil",,residential,424919313,
740ef334dd0e7577,2023,23/11/2023,Drenagem,Alagamentos,Concluído,RUA SYLSEU PEREIRA ALVES,PILARZINHO,Unidade Regional Boa Vista,Telefone,True,False,1,pronto_para_geocodificar,none,"Candidato a geocodificacao; nao e coordenada, rotulo ou evidencia de treino.","Nao usar como ground truth, escore ou variavel derivada do rotulo.","RUA SYLSEU PEREIRA ALVES, PILARZINHO, Curitiba, PR, Brasil",strong,-25.3942456,-49.2975982,"Rua Sylseu Pereira Alves, Pilarzinho, Curitiba, Paraná, Região Sul, 82100-510, Brasil",,residential,149724982,
d22bbeabaf646940,2023,23/11/2023,Drenagem,Alagamentos,Concluído,TRAV. 26,CIDADE INDUSTRIAL,Unidade Regional CIC,Telefone,True,False,1,pronto_para_geocodificar,none,"Candidato a geocodificacao; nao e coordenada, rotulo ou evidencia de treino.","Nao usar como ground truth, escore ou variavel derivada do rotulo.","TRAV. 26, CIDADE INDUSTRIAL, Curitiba, PR, Brasil",medium,-25.4891987,-49.3196754,"26, Travessa Daniel de Camargo, Cidade Industrial de Curitiba, Curitiba, Paraná, Região Sul, 81350-000, Brasil",,house,6358180959,
8929794ac6c37569,2023,07/12/2023,Proteção ao cidadão - GM,"Enchentes, inundações ou alagamentos",Concluído,ESTRADA DAS OLARIAS,ATUBA,Unidade Regional Boa Vista,Telefone,True,False,1,pronto_para_geocodificar,none,"Candidato a geocodificacao; nao e coordenada, rotulo ou evidencia de treino.","Nao usar como ground truth, escore ou variavel derivada do rotulo.","ESTRADA DAS OLARIAS, ATUBA, Curitiba, PR, Brasil",strong,-25.3775689,-49.2122743,"Estrada das Olarias, Atuba, Curitiba, Paraná, Região Sul, 82630-300, Brasil",,residential,32519936,
fed0ed59491f60a3,2023,23/11/2023,Drenagem,Alagamentos,Concluído,RUA JOSÉ DE ALENCAR,CRISTO REI,Unidade Regional Matriz,Telefone,True,False,1,pronto_para_geocodificar,none,"Candidato a geocodificacao; nao e coordenada, rotulo ou evidencia de treino.","Nao usar como ground truth, escore ou variavel derivada do rotulo.","RUA JOSÉ DE ALENCAR, CRISTO REI, Curitiba, PR, Brasil",strong,-25.4352375,-49.2543797,"Rua José de Alencar, Alto da Rua XV, Curitiba, Paraná, Região Sul, 80050-250, Brasil",,residential,161884105,
732c3941cc1932f5,2023,23/11/2023,Drenagem,Alagamentos,Concluído,RUA BARTOLOMEU LOURENÇO DE GUSMÃO,BOQUEIRAO,Unidade Regional Boqueirao,Telefone,True,False,1,pronto_para_geocodificar,none,"Candidato a geocodificacao; nao e coordenada, rotulo ou evidencia de treino.","Nao usar como ground truth, escore ou variavel derivada do rotulo.","RUA BARTOLOMEU LOURENÇO DE GUSMÃO, BOQUEIRAO, Curitiba, PR, Brasil",strong,-25.5068695,-49.2294642,"Rua Bartolomeu Lourenço de Gusmão, Boqueirão, Curitiba, Paraná, Região Sul, 81730-360, Brasil",,residential,55204873,
9fbcfc7b9821cd62,2023,31/10/2023,Drenagem,Alagamentos,Concluído,Rua Herbert Neal,SANTA QUITERIA,Unidade Regional Portao,Portal,True,False,1,pronto_para_geocodificar,none,"Candidato a geocodificacao; nao e coordenada, rotulo ou evidencia de treino.","Nao usar como ground truth, escore ou variavel derivada do rotulo.","Rua Herbert Neal, SANTA QUITERIA, Curitiba, PR, Brasil",strong,-25.462856,-49.3157419,"Rua Herbert Neal, Santa Quitéria, Curitiba, Paraná, Região Sul, 80310-010, Brasil",,residential,576915876,
020f2248b8fc6630,2023,13/11/2023,Drenagem,Alagamentos,Concluído,RUA PEDRO ANTONIO DA COSTA,BOA VISTA,Unidade Regional Boa Vista,Telefone,True,False,1,pronto_para_geocodificar,none,"Candidato a geocodificacao; nao e coordenada, rotulo ou evidencia de treino.","Nao usar como ground truth, escore ou variavel derivada do rotulo.","RUA PEDRO ANTONIO DA COSTA, BOA VISTA, Curitiba, PR, Brasil",strong,-25.3752293,-49.2463221,"Rua Pedro Antônio da Costa, Boa Vista, Curitiba, Paraná, Região Sul, 82650-090, Brasil",,residential,162219656,
937cac23066d3e31,2023,22/11/2023,Drenagem,Alagamentos,Concluído,RUA PADRE ESTANISLAU CEBULA,CAJURU,Unidade Regional Cajuru,Telefone,True,False,1,pronto_para_geocodificar,none,"Candidato a geocodificacao; nao e coordenada, rotulo ou evidencia de treino.","Nao usar como ground truth, escore ou variavel derivada do rotulo.","RUA PADRE ESTANISLAU CEBULA, CAJURU, Curitiba, PR, Brasil",strong,-25.4718975,-49.1943514,"Rua Padre Estanislau Cebula, Cajuru, Curitiba, Paraná, Região Sul, 82980-130, Brasil",,residential,163153920,
9e4033a9a2ddbeba,2023,27/09/2023,Drenagem,Alagamentos,Concluído,RUA ALBERTO BALHANA,SANTA FELICIDADE,Unidade Regional Santa Felicidade,Telefone,True,False,1,pronto_para_geocodificar,none,"Candidato a geocodificacao; nao e coordenada, rotulo ou evidencia de treino.","Nao usar como ground truth, escore ou variavel derivada do rotulo.","RUA ALBERTO BALHANA, SANTA FELICIDADE, Curitiba, PR, Brasil",strong,-25.394404,-49.3317387,"Rua Alberto Balhana, Santa Felicidade, Curitiba, Paraná, Região Sul, 82400-070, Brasil",,residential,158118585,
197680b9c17c493a,2023,04/05/2023,Drenagem,Alagamentos,Concluído,Rua Professor Brandão,ALTO DA RUA XV,Unidade Regional Matriz,Telefone,True,False,1,pronto_para_geocodificar,none,"Candidato a geocodificacao; nao e coordenada, rotulo ou evidencia de treino.","Nao usar como ground truth, escore ou variavel derivada do rotulo.","Rua Professor Brandão, ALTO DA RUA XV, Curitiba, PR, Brasil",strong,-25.4245897,-49.2456388,"Rua Professor Brandão, Alto da Rua XV, Curitiba, Paraná, Região Sul, 80045-390, Brasil",,secondary,292464182,
f035743f4a89dca4,2023,10/03/2023,Drenagem,Alagamentos,Concluído,RUA PADRE ISAÍAS DE ANDRADE,PAROLIN,Unidade Regional Portao,Telefone,True,False,1,pronto_para_geocodificar,none,"Candidato a geocodificacao; nao e coordenada, rotulo ou evidencia de treino.","Nao usar como ground truth, escore ou variavel derivada do rotulo.","RUA PADRE ISAÍAS DE ANDRADE, PAROLIN, Curitiba, PR, Brasil",strong,-25.4615287,-49.2677646,"Rua Padre Isaías de Andrade, Vila Valetão, Parolin, Curitiba, Paraná, Região Sul, 80220-081, Brasil",,residential,53813390,
438c05f080403807,2023,23/11/2023,Drenagem,Alagamentos,Concluído,AVENIDA JUSCELINO KUBITSCHEK DE OLIVEIRA,CIDADE INDUSTRIAL,Unidade Regional CIC,Telefone,True,False,1,pronto_para_geocodificar,none,"Candidato a geocodificacao; nao e coordenada, rotulo ou evidencia de treino.","Nao usar como ground truth, escore ou variavel derivada do rotulo.","AVENIDA JUSCELINO KUBITSCHEK DE OLIVEIRA, CIDADE INDUSTRIAL, Curitiba, PR, Brasil",strong,-25.4895782,-49.3459345,"Avenida Juscelino Kubitschek de Oliveira (Marginal Oeste), Cidade Industrial de Curitiba, Curitiba, Paraná, Região Sul, 81250-460, Brasil",,secondary,1259147529,
4c84bf4057f81ad9,2023,10/12/2023,Proteção ao cidadão - GM,"Enchentes, inundações ou alagamentos",Concluído,Rua João Crysóstomo da Rosa,CAJURU,Unidade Regional Cajuru,Telefone,True,False,1,pronto_para_geocodificar,none,"Candidato a geocodificacao; nao e coordenada, rotulo ou evidencia de treino.","Nao usar como ground truth, escore ou variavel derivada do rotulo.","Rua João Crysóstomo da Rosa, CAJURU, Curitiba, PR, Brasil",strong,-25.4486039,-49.2232265,"Rua João Crysóstomo da Rosa, Vila Oficinas, Cajuru, Curitiba, Paraná, Região Sul, 82900-240, Brasil",,residential,263641115,
fd543d98eb24bff1,2023,29/11/2023,Drenagem,Alagamentos,Concluído,RUA PEDRO CORRÊA DA CRUZ,SAO BRAZ,Unidade Regional Santa Felicidade,Telefone,True,False,1,pronto_para_geocodificar,none,"Candidato a geocodificacao; nao e coordenada, rotulo ou evidencia de treino.","Nao usar como ground truth, escore ou variavel derivada do rotulo.","RUA PEDRO CORRÊA DA CRUZ, SAO BRAZ, Curitiba, PR, Brasil",strong,-25.4194687,-49.363091,"Rua Pedro Corrêa da Cruz, São Braz, Curitiba, Paraná, Região Sul, 82315-420, Brasil",,tertiary,78071335,
97bf18bf05331b92,2023,23/11/2023,Drenagem,Alagamentos,Concluído,Rua João Negrão,CENTRO,Unidade Regional Matriz,Portal,True,False,1,pronto_para_geocodificar,none,"Candidato a geocodificacao; nao e coordenada, rotulo ou evidencia de treino.","Nao usar como ground truth, escore ou variavel derivada do rotulo.","Rua João Negrão, CENTRO, Curitiba, PR, Brasil",strong,-25.4341983,-49.2647194,"Rua João Negrão, Centro, Curitiba, Paraná, Região Sul, 80010-190, Brasil",,secondary,380939615,
23134e2c77c8e773,2023,29/10/2023,Drenagem,Alagamentos,Concluído,Rua Maria Gusso Sforza,PILARZINHO,Unidade Regional Boa Vista,Telefone,True,False,4,pronto_para_geocodificar,none,"Candidato a geocodificacao; nao e coordenada, rotulo ou evidencia de treino.","Nao usar como ground truth, escore ou variavel derivada do rotulo.","Rua Maria Gusso Sforza, PILARZINHO, Curitiba, PR, Brasil",strong,-25.3814708,-49.3002811,"Rua Maria Gusso Sforza, Vila Bracatinga, Pilarzinho, Curitiba, Paraná, Região Sul, 83508-250, Brasil",,residential,162042915,
5eea43eb63136b16,2023,16/10/2023,Drenagem,Alagamentos,Concluído,RUA JÚLIO PEREIRA SOBRINHO,CAMPO DE SANTANA,Unidade Regional Tatuquara,Telefone,True,False,2,pronto_para_geocodificar,none,"Candidato a geocodificacao; nao e coordenada, rotulo ou evidencia de treino.","Nao usar como ground truth, escore ou variavel derivada do rotulo.","RUA JÚLIO PEREIRA SOBRINHO, CAMPO DE SANTANA, Curitiba, PR, Brasil",strong,-25.5870301,-49.3227918,"Rua Júlio Pereira Sobrinho, Vila Dom Bosco, Campo de Santana, Aldeia Kakane Porã, Curitiba, Paraná, Região Sul, 81490-040, Brasil",,secondary,1247597707,
68a0dabf41d320c1,2023,29/10/2023,Drenagem,Alagamentos,Concluído,Rua João Kryzanowski,CACHOEIRA,Unidade Regional Boa Vista,Telefone,True,False,1,pronto_para_geocodificar,none,"Candidato a geocodificacao; nao e coordenada, rotulo ou evidencia de treino.","Nao usar como ground truth, escore ou variavel derivada do rotulo.","Rua João Kryzanowski, CACHOEIRA, Curitiba, PR, Brasil",strong,-25.3526982,-49.2565057,"Rua João Kryzanowski, Cachoeira, Curitiba, Paraná, Região Sul, 82710-430, Brasil",,residential,165258181,
7fbc158ae5f031c9,2023,19/12/2023,Drenagem,Alagamentos,Concluído,Rua Professor Manoel de Oliveira Franco Sobrinho,CAMPO DE SANTANA,Unidade Regional Tatuquara,Portal,True,False,1,pronto_para_geocodificar,none,"Candidato a geocodificacao; nao e coordenada, rotulo ou evidencia de treino.","Nao usar como ground truth, escore ou variavel derivada do rotulo.","Rua Professor Manoel de Oliveira Franco Sobrinho, CAMPO DE SANTANA, Curitiba, PR, Brasil",strong,-25.6007746,-49.3278968,"Rua Professor Manoel de Oliveira Franco Sobrinho, Vivendas Janaína, Campo de Santana, Aldeia Kakane Porã, Curitiba, Paraná, Região Sul, 81480-000, Brasil",,tertiary,289617030,
2d0ec7da519327ca,2023,16/01/2023,Drenagem,Alagamentos,Concluído,RUA ELOY CARLI,TATUQUARA,Unidade Regional Tatuquara,Telefone,True,False,1,pronto_para_geocodificar,none,"Candidato a geocodificacao; nao e coordenada, rotulo ou evidencia de treino.","Nao usar como ground truth, escore ou variavel derivada do rotulo.","RUA ELOY CARLI, TATUQUARA, Curitiba, PR, Brasil",strong,-25.5704096,-49.3395639,"Rua Eloy Carli, Moradias dos Evangélicos II, Tatuquara, Curitiba, Paraná, Região Sul, 81470-400, Brasil",,residential,165624015,
ffce2b0b9574a811,2023,27/01/2023,Drenagem,Alagamentos,Concluído,RUA SANTA CATARINA,GUAIRA,Unidade Regional Portao,Telefone,True,False,1,pronto_para_geocodificar,none,"Candidato a geocodificacao; nao e coordenada, rotulo ou evidencia de treino.","Nao usar como ground truth, escore ou variavel derivada do rotulo.","RUA SANTA CATARINA, GUAIRA, Curitiba, PR, Brasil",strong,-25.4697328,-49.2794512,"Rua Santa Catarina, Guaíra, Curitiba, Paraná, Região Sul, 80610-020, Brasil",,tertiary,48310676,
b044503607b04ad5,2023,16/01/2023,Drenagem,Alagamentos,Concluído,Rua da Graça,CIDADE INDUSTRIAL,Unidade Regional CIC,Telefone,True,False,1,pronto_para_geocodificar,none,"Candidato a geocodificacao; nao e coordenada, rotulo ou evidencia de treino.","Nao usar como ground truth, escore ou variavel derivada do rotulo.","Rua da Graça, CIDADE INDUSTRIAL, Curitiba, PR, Brasil",strong,-25.5015125,-49.3388628,"Rua da Graça, Cidade Industrial de Curitiba, Curitiba, Paraná, Região Sul, 81350-260, Brasil",,residential,138705798,
cbed4ec19a5c102f,2023,27/11/2023,Drenagem,Alagamentos,Concluído,Rua Isac de Oliveira,UBERABA,Unidade Regional Cajuru,Portal,True,False,1,pronto_para_geocodificar,none,"Candidato a geocodificacao; nao e coordenada, rotulo ou evidencia de treino.","Nao usar como ground truth, escore ou variavel derivada do rotulo.","Rua Isac de Oliveira, UBERABA, Curitiba, PR, Brasil",strong,-25.4779887,-49.2374856,"Rua Isac de Oliveira, Uberaba, Curitiba, Paraná, Região Sul, 81510-640, Brasil",,residential,161194065,
6fa1d087da7f1149,2023,22/11/2023,Drenagem,Alagamentos,Concluído,RUA JOSE ANICETO,CIDADE INDUSTRIAL,Unidade Regional CIC,Telefone,True,False,1,pronto_para_geocodificar,none,"Candidato a geocodificacao; nao e coordenada, rotulo ou evidencia de treino.","Nao usar como ground truth, escore ou variavel derivada do rotulo.","RUA JOSE ANICETO, CIDADE INDUSTRIAL, Curitiba, PR, Brasil",strong,-25.4936683,-49.340052,"Rua José Aniceto, Cidade Industrial de Curitiba, Curitiba, Paraná, Região Sul, 81350-260, Brasil",,residential,138705713,
55333c4b99feb9eb,2023,03/11/2023,Drenagem,Alagamentos,Concluído,Tenente-Coronel Vilagran Cabrita,ALTO BOQUEIRAO,Unidade Regional Boqueirao,Telefone,True,False,1,pronto_para_geocodificar,none,"Candidato a geocodificacao; nao e coordenada, rotulo ou evidencia de treino.","Nao usar como ground truth, escore ou variavel derivada do rotulo.","Tenente-Coronel Vilagran Cabrita, ALTO BOQUEIRAO, Curitiba, PR, Brasil",strong,-25.5277947,-49.231538,"Rua Tenente-Coronel Vilagrán Cabrita, Alto Boqueirão, Curitiba, Paraná, Região Sul, 81770-260, Brasil",,residential,85231820,
62669730253782f1,2023,29/05/2023,Drenagem,Alagamentos,Concluído,RUA NOVA CANTU,SITIO CERCADO,Unidade Regional Bairro Novo,Telefone,True,False,1,pronto_para_geocodificar,none,"Candidato a geocodificacao; nao e coordenada, rotulo ou evidencia de treino.","Nao usar como ground truth, escore ou variavel derivada do rotulo.","RUA NOVA CANTU, SITIO CERCADO, Curitiba, PR, Brasil",strong,-25.552029,-49.2735237,"Rua Nova Cantu, Sítio Cercado, Curitiba, Paraná, Região Sul, 81925-417, Brasil",,residential,439144123,
09191c02bb0832f9,2023,19/11/2023,Drenagem,Alagamentos,Concluído,Vicente Geronasso,BOA VISTA,Unidade Regional Boa Vista,Telefone,True,False,1,pronto_para_geocodificar,none,"Candidato a geocodificacao; nao e coordenada, rotulo ou evidencia de treino.","Nao usar como ground truth, escore ou variavel derivada do rotulo.","Vicente Geronasso, BOA VISTA, Curitiba, PR, Brasil",strong,-25.3832879,-49.2525696,"Rua Vicente Geronasso, Boa Vista, Curitiba, Paraná, Região Sul, 82540-050, Brasil",,residential,38230530,
6131c3b77a650e1e,2023,23/11/2023,Drenagem,Alagamentos,Concluído,RUA VISCONDE DO RIO BRANCO,MERCES,Unidade Regional Matriz,Telefone,True,False,1,pronto_para_geocodificar,none,"Candidato a geocodificacao; nao e coordenada, rotulo ou evidencia de treino.","Nao usar como ground truth, escore ou variavel derivada do rotulo.","RUA VISCONDE DO RIO BRANCO, MERCES, Curitiba, PR, Brasil",strong,-25.4279341,-49.2821753,"Rua Visconde do Rio Branco, Mercês, Curitiba, Paraná, Região Sul, 80410-060, Brasil",,tertiary,358926107,
a602b304325842b5,2023,16/01/2023,Drenagem,Alagamentos,Concluído,RUA JORNALISTA EMÍLIO ZOLA FLORENZANO,TATUQUARA,Unidade Regional Tatuquara,Telefone,True,False,1,pronto_para_geocodificar,none,"Candidato a geocodificacao; nao e coordenada, rotulo ou evidencia de treino.","Nao usar como ground truth, escore ou variavel derivada do rotulo.","RUA JORNALISTA EMÍLIO ZOLA FLORENZANO, TATUQUARA, Curitiba, PR, Brasil",strong,-25.5758037,-49.3363193,"Rua Jornalista Emílio Zola Florenzano, Moradias Monteiro Lobato II e III, Tatuquara, Curitiba, Paraná, Região Sul, 81470-270, Brasil",,tertiary,166479454,
c11516f1c7c7aa75,2023,28/02/2023,Drenagem,Alagamentos,Concluído,AVENIDA JUSCELINO KUBITSCHEK DE OLIVEIRA LE,CIDADE INDUSTRIAL,Unidade Regional CIC,Telefone,True,False,1,pronto_para_geocodificar,none,"Candidato a geocodificacao; nao e coordenada, rotulo ou evidencia de treino.","Nao usar como ground truth, escore ou variavel derivada do rotulo.","AVENIDA JUSCELINO KUBITSCHEK DE OLIVEIRA LE, CIDADE INDUSTRIAL, Curitiba, PR, Brasil",medium,-25.497993,-49.334522,"Cidade Industrial de Curitiba, Curitiba, Paraná, Região Sul, 81350-260, Brasil",,suburb,3012156952,fallback_bairro_apos_rua_sem_resultado_em_bbox
78bea1a2c721a60b,2023,23/11/2023,Drenagem,Alagamentos,Concluído,Emílio Nichele,CIDADE INDUSTRIAL,Unidade Regional CIC,Telefone,True,False,1,pronto_para_geocodificar,none,"Candidato a geocodificacao; nao e coordenada, rotulo ou evidencia de treino.","Nao usar como ground truth, escore ou variavel derivada do rotulo.","Emílio Nichele, CIDADE INDUSTRIAL, Curitiba, PR, Brasil",strong,-25.4994662,-49.3354563,"Rua Emílio Nichele, Cidade Industrial de Curitiba, Curitiba, Paraná, Região Sul, 81350-260, Brasil",,residential,138705757,
9f175e42afe048e0,2023,20/07/2023,Drenagem,Alagamentos,Concluído,RUA REZALA SIMÃO,PORTAO,Unidade Regional Portao,Telefone,True,False,1,pronto_para_geocodificar,none,"Candidato a geocodificacao; nao e coordenada, rotulo ou evidencia de treino.","Nao usar como ground truth, escore ou variavel derivada do rotulo.","RUA REZALA SIMÃO, PORTAO, Curitiba, PR, Brasil",strong,-25.4666351,-49.3161515,"Rua Rezala Simão, Portão, Curitiba, Paraná, Região Sul, 80310-010, Brasil",,secondary,162096210,
769219de9248f816,2023,30/08/2023,Drenagem,Alagamentos,Concluído,ESTRADA VELHA DO BARIGUI,CIDADE INDUSTRIAL,Unidade Regional CIC,Telefone,True,False,1,pronto_para_geocodificar,none,"Candidato a geocodificacao; nao e coordenada, rotulo ou evidencia de treino.","Nao usar como ground truth, escore ou variavel derivada do rotulo.","ESTRADA VELHA DO BARIGUI, CIDADE INDUSTRIAL, Curitiba, PR, Brasil",strong,-25.4850315,-49.3406051,"Estrada Velha do Barigui, Cidade Industrial de Curitiba, Curitiba, Paraná, Região Sul, 81250-460, Brasil",,tertiary,82005500,
d4fb0c1053823385,2023,12/08/2023,Drenagem,Alagamentos,Concluído,RUA CORONEL ALFREDO FERREIRA DA COSTA,JARDIM DAS AMERICAS,Unidade Regional Cajuru,Telefone,True,False,1,pronto_para_geocodificar,none,"Candidato a geocodificacao; nao e coordenada, rotulo ou evidencia de treino.","Nao usar como ground truth, escore ou variavel derivada do rotulo.","RUA CORONEL ALFREDO FERREIRA DA COSTA, JARDIM DAS AMERICAS, Curitiba, PR, Brasil",strong,-25.4636644,-49.2206912,"Rua Coronel Alfredo Ferreira da Costa, Jardim das Américas, Curitiba, Paraná, Região Sul, 81540-120, Brasil",,residential,187886485,
d5adfe1139bce3b8,2023,24/11/2023,Drenagem,Alagamentos,Concluído,Rua Capitão Tenente Maris de Barros,PORTAO,Unidade Regional Portao,Portal,True,False,1,pronto_para_geocodificar,none,"Candidato a geocodificacao; nao e coordenada, rotulo ou evidencia de treino.","Nao usar como ground truth, escore ou variavel derivada do rotulo.","Rua Capitão Tenente Maris de Barros, PORTAO, Curitiba, PR, Brasil",strong,-25.4716072,-49.3038264,"Rua Capitão Tenente Maris de Barros, Portão, Curitiba, Paraná, Região Sul, 80330-050, Brasil",,residential,161704192,
cd23bca6b798885c,2023,27/10/2023,Drenagem,Alagamentos,Concluído,RUA EDUARDO CARLOS PEREIRA,PORTAO,Unidade Regional Portao,Telefone,True,False,1,pronto_para_geocodificar,none,"Candidato a geocodificacao; nao e coordenada, rotulo ou evidencia de treino.","Nao usar como ground truth, escore ou variavel derivada do rotulo.","RUA EDUARDO CARLOS PEREIRA, PORTAO, Curitiba, PR, Brasil",strong,-25.4787264,-49.2899727,"Rua Eduardo Carlos Pereira, Portão, Curitiba, Paraná, Região Sul, 80610-010, Brasil",,primary,1520987157,
c6abba9d027f535e,2023,06/10/2023,Drenagem,Alagamentos,Concluído,RUA DOUTOR DANILO GOMES,BOQUEIRAO,Unidade Regional Boqueirao,Telefone,True,False,1,pronto_para_geocodificar,none,"Candidato a geocodificacao; nao e coordenada, rotulo ou evidencia de treino.","Nao usar como ground truth, escore ou variavel derivada do rotulo.","RUA DOUTOR DANILO GOMES, BOQUEIRAO, Curitiba, PR, Brasil",strong,-25.5154478,-49.2481425,"Rua Doutor Danilo Gomes, Boqueirão, Curitiba, Paraná, Região Sul, 81750-450, Brasil",,residential,85034837,
6781a7b147c8adde,2023,05/12/2023,Drenagem,Alagamentos,Respondido pelo responsável,RUA ORLANDO DESTEFANI,SAO BRAZ,Unidade Regional Santa Felicidade,Telefone,True,False,1,pronto_para_geocodificar,none,"Candidato a geocodificacao; nao e coordenada, rotulo ou evidencia de treino.","Nao usar como ground truth, escore ou variavel derivada do rotulo.","RUA ORLANDO DESTEFANI, SAO BRAZ, Curitiba, PR, Brasil",strong,-25.4221067,-49.3435247,"Rua Orlando Destefani, São Braz, Curitiba, Paraná, Região Sul, 82300-340, Brasil",,residential,137976595,
acfa6d544deba712,2023,15/03/2023,Drenagem,Alagamentos,Concluído,RUA DAVID TOWS,SITIO CERCADO,Unidade Regional Bairro Novo,Telefone,True,False,1,pronto_para_geocodificar,none,"Candidato a geocodificacao; nao e coordenada, rotulo ou evidencia de treino.","Nao usar como ground truth, escore ou variavel derivada do rotulo.","RUA DAVID TOWS, SITIO CERCADO, Curitiba, PR, Brasil",strong,-25.5415204,-49.251725,"Rua David Tows, Sítio Cercado, Curitiba, Paraná, Região Sul, 81920-070, Brasil",,tertiary,1409734308,
71ce4ed06d8bf34e,2023,23/12/2023,Drenagem,Alagamentos,Concluído,RUA PROFESSOR ERBO STENZEL,SITIO CERCADO,Unidade Regional Bairro Novo,Telefone,True,False,1,pronto_para_geocodificar,none,"Candidato a geocodificacao; nao e coordenada, rotulo ou evidencia de treino.","Nao usar como ground truth, escore ou variavel derivada do rotulo.","RUA PROFESSOR ERBO STENZEL, SITIO CERCADO, Curitiba, PR, Brasil",strong,-25.5421502,-49.2749752,"Rua Professor Erbo Stenzel, Vila Nova Aurora, Sítio Cercado, Curitiba, Paraná, Região Sul, 81900-180, Brasil",,residential,127268351,
21d671b7352e6c80,2023,29/11/2023,Drenagem,Alagamentos,Concluído,RUA FLAVIO DALLEGRAVE,BARREIRINHA,Unidade Regional Boa Vista,Telefone,True,False,1,pronto_para_geocodificar,none,"Candidato a geocodificacao; nao e coordenada, rotulo ou evidencia de treino.","Nao usar como ground truth, escore ou variavel derivada do rotulo.","RUA FLAVIO DALLEGRAVE, BARREIRINHA, Curitiba, PR, Brasil",strong,-25.3748433,-49.2637875,"Rua Flávio Dallegrave, Barreirinha, Curitiba, Paraná, Região Sul, 82700-110, Brasil",,residential,162249727,
1aa0ee98b80b530c,2023,23/11/2023,Drenagem,Alagamentos,Concluído,RUA JOSÉ ALVES PINTO,PILARZINHO,Unidade Regional Boa Vista,Telefone,True,False,1,pronto_para_geocodificar,none,"Candidato a geocodificacao; nao e coordenada, rotulo ou evidencia de treino.","Nao usar como ground truth, escore ou variavel derivada do rotulo.","RUA JOSÉ ALVES PINTO, PILARZINHO, Curitiba, PR, Brasil",strong,-25.3807532,-49.2936287,"Rua José Alves Pinto, Pilarzinho, Curitiba, Paraná, Região Sul, 82110-350, Brasil",,residential,424768836,
bfce74380df98131,2023,23/11/2023,Drenagem,Alagamentos,Concluído,RUA CLODOMIRO AVELLEDA,CAMPINA DO SIQUEIRA,Unidade Regional Santa Felicidade,Telefone,True,False,1,pronto_para_geocodificar,none,"Candidato a geocodificacao; nao e coordenada, rotulo ou evidencia de treino.","Nao usar como ground truth, escore ou variavel derivada do rotulo.","RUA CLODOMIRO AVELLEDA, CAMPINA DO SIQUEIRA, Curitiba, PR, Brasil",strong,-25.4424445,-49.3155481,"Rua Clodomiro Avelleda, Campina do Siqueira, Curitiba, Paraná, Região Sul, 80740-050, Brasil",,residential,926640594,
fec68dfa80ec9c9d,2023,16/01/2023,Drenagem,Alagamentos,Concluído,Rua Desembargador Ernâni Almeida de Abreu,TATUQUARA,Unidade Regional Tatuquara,Telefone,True,False,1,pronto_para_geocodificar,none,"Candidato a geocodificacao; nao e coordenada, rotulo ou evidencia de treino.","Nao usar como ground truth, escore ou variavel derivada do rotulo.","Rua Desembargador Ernâni Almeida de Abreu, TATUQUARA, Curitiba, PR, Brasil",strong,-25.5617098,-49.3337257,"Rua Desembargador Ernani Almeida de Abreu, Moradias Santa Rita, Tatuquara, Curitiba, Paraná, Região Sul, 81480-230, Brasil",,residential,488220298,
83fbad1dc78302c9,2023,22/11/2023,Drenagem,Alagamentos,Concluído,Rua Dovico Dalprá,ABRANCHES,Unidade Regional Boa Vista,Telefone,True,False,1,pronto_para_geocodificar,none,"Candidato a geocodificacao; nao e coordenada, rotulo ou evidencia de treino.","Nao usar como ground truth, escore ou variavel derivada do rotulo.","Rua Dovico Dalprá, ABRANCHES, Curitiba, PR, Brasil",strong,-25.3732778,-49.2704642,"Rua Dovico Dalprá, Abranches, Curitiba, Paraná, Região Sul, 82220-330, Brasil",,residential,162249717,
ae2faf8d485e4e7a,2023,23/11/2023,Drenagem,Alagamentos,Concluído,RUA HERMES FONTES,BATEL,Unidade Regional Matriz,Telefone,True,False,1,pronto_para_geocodificar,none,"Candidato a geocodificacao; nao e coordenada, rotulo ou evidencia de treino.","Nao usar como ground truth, escore ou variavel derivada do rotulo.","RUA HERMES FONTES, BATEL, Curitiba, PR, Brasil",strong,-25.4439047,-49.2949024,"Rua Hermes Fontes, Batel, Curitiba, Paraná, Região Sul, 80240-340, Brasil",,residential,978293254,
5eea43eb63136b16,2023,16/10/2023,Drenagem,Alagamentos,Concluído,RUA JÚLIO PEREIRA SOBRINHO,CAMPO DE SANTANA,Unidade Regional Tatuquara,Telefone,True,False,2,pronto_para_geocodificar,none,"Candidato a geocodificacao; nao e coordenada, rotulo ou evidencia de treino.","Nao usar como ground truth, escore ou variavel derivada do rotulo.","RUA JÚLIO PEREIRA SOBRINHO, CAMPO DE SANTANA, Curitiba, PR, Brasil",strong,-25.5870301,-49.3227918,"Rua Júlio Pereira Sobrinho, Vila Dom Bosco, Campo de Santana, Aldeia Kakane Porã, Curitiba, Paraná, Região Sul, 81490-040, Brasil",,secondary,1247597707,
de6025f185b1aa54,2023,27/01/2023,Drenagem,Alagamentos,Concluído,RUA LUDOVICO BAUML,CIDADE INDUSTRIAL,Unidade Regional CIC,Telefone,True,False,1,pronto_para_geocodificar,none,"Candidato a geocodificacao; nao e coordenada, rotulo ou evidencia de treino.","Nao usar como ground truth, escore ou variavel derivada do rotulo.","RUA LUDOVICO BAUML, CIDADE INDUSTRIAL, Curitiba, PR, Brasil",strong,-25.4902208,-49.3344659,"Rua Ludovico Bauml, Cidade Industrial de Curitiba, Curitiba, Paraná, Região Sul, 81330-430, Brasil",,residential,129130232,
a51f5aaf3c33a851,2023,28/10/2023,Drenagem,Alagamentos,Concluído,RUA BORRAZÓPOLIS,ALTO BOQUEIRAO,Unidade Regional Boqueirao,Telefone,True,False,1,pronto_para_geocodificar,none,"Candidato a geocodificacao; nao e coordenada, rotulo ou evidencia de treino.","Nao usar como ground truth, escore ou variavel derivada do rotulo.","RUA BORRAZÓPOLIS, ALTO BOQUEIRAO, Curitiba, PR, Brasil",strong,-25.5255453,-49.2560104,"Rua Borrazópolis, Alto Boqueirão, Curitiba, Paraná, Região Sul, 81830-320, Brasil",,residential,85031461,
c86faa2c0b5f9915,2023,29/11/2023,Drenagem,Alagamentos,Concluído,Rua Manoel Borba Gato,BARREIRINHA,Unidade Regional Boa Vista,Telefone,True,False,1,pronto_para_geocodificar,none,"Candidato a geocodificacao; nao e coordenada, rotulo ou evidencia de treino.","Nao usar como ground truth, escore ou variavel derivada do rotulo.","Rua Manoel Borba Gato, BARREIRINHA, Curitiba, PR, Brasil",strong,-25.3706107,-49.2646783,"Rua Manoel Borba Gato, Barreirinha, Curitiba, Paraná, Região Sul, 82220-330, Brasil",,residential,162249723,
d2ec28fa3e305305,2023,16/01/2023,Drenagem,Alagamentos,Concluído,Rua Edgard Moutinho Zandoná,CIDADE INDUSTRIAL,Unidade Regional CIC,Telefone,True,False,1,pronto_para_geocodificar,none,"Candidato a geocodificacao; nao e coordenada, rotulo ou evidencia de treino.","Nao usar como ground truth, escore ou variavel derivada do rotulo.","Rua Edgard Moutinho Zandoná, CIDADE INDUSTRIAL, Curitiba, PR, Brasil",strong,-25.4856281,-49.3434836,"Rua Edgard Moutinho Zandoná, Cidade Industrial de Curitiba, Curitiba, Paraná, Região Sul, 81250-460, Brasil",,residential,83705704,
c5e5a68b001432f6,2023,24/11/2023,Drenagem,Alagamentos,Concluído,Rua Antenor Mallin,PILARZINHO,Unidade Regional Boa Vista,Telefone,True,False,1,pronto_para_geocodificar,none,"Candidato a geocodificacao; nao e coordenada, rotulo ou evidencia de treino.","Nao usar como ground truth, escore ou variavel derivada do rotulo.","Rua Antenor Mallin, PILARZINHO, Curitiba, PR, Brasil",strong,-25.3908472,-49.3039956,"Rua Antenor Mallin, Pilarzinho, Curitiba, Paraná, Região Sul, 82100-510, Brasil",,residential,390661105,
4e59a2d42e7db680,2024,13/07/2024,Proteção ao cidadão - GM,"Enchentes, inundações ou alagamentos",Concluído,RUA MARECHAL TROMPOWSKI,BACACHERI,Unidade Regional Boa Vista,Telefone,True,False,1,pronto_para_geocodificar,none,"Candidato a geocodificacao; nao e coordenada, rotulo ou evidencia de treino.","Nao usar como ground truth, escore ou variavel derivada do rotulo.","RUA MARECHAL TROMPOWSKI, BACACHERI, Curitiba, PR, Brasil",strong,-25.3933401,-49.2326859,"Rua Marechal Trompowski, Bacacheri, Curitiba, Paraná, Região Sul, 82515-330, Brasil",,residential,127195992,
2426a1f477a443dd,2024,20/03/2024,Drenagem,Alagamentos,Concluído,RUA SERAFIM LUCCA,SAO BRAZ,Unidade Regional Santa Felicidade,Portal,True,False,1,pronto_para_geocodificar,none,"Candidato a geocodificacao; nao e coordenada, rotulo ou evidencia de treino.","Nao usar como ground truth, escore ou variavel derivada do rotulo.","RUA SERAFIM LUCCA, SAO BRAZ, Curitiba, PR, Brasil",strong,-25.4064413,-49.3474166,"Rua Serafim Lucca, São Braz, Curitiba, Paraná, Região Sul, 82320-390, Brasil",,residential,335739495,
2d71dc36bde0218b,2024,19/03/2024,Drenagem,Alagamentos,Concluído,RUA CAPITÃO AMIN MOSSE,ALTO BOQUEIRAO,Unidade Regional Boqueirao,Telefone,True,False,2,pronto_para_geocodificar,none,"Candidato a geocodificacao; nao e coordenada, rotulo ou evidencia de treino.","Nao usar como ground truth, escore ou variavel derivada do rotulo.","RUA CAPITÃO AMIN MOSSE, ALTO BOQUEIRAO, Curitiba, PR, Brasil",strong,-25.5315981,-49.2504524,"Rua Capitão Amin Mosse, Alto Boqueirão, Curitiba, Paraná, Região Sul, 81850-240, Brasil",,residential,33103980,
e4839a8d5ec4aa4d,2024,19/03/2024,Drenagem,Alagamentos,Concluído,RUA CORONEL HUGO DE MATTOS MOURA,ALTO BOQUEIRAO,Unidade Regional Boqueirao,Telefone,True,False,1,pronto_para_geocodificar,none,"Candidato a geocodificacao; nao e coordenada, rotulo ou evidencia de treino.","Nao usar como ground truth, escore ou variavel derivada do rotulo.","RUA CORONEL HUGO DE MATTOS MOURA, ALTO BOQUEIRAO, Curitiba, PR, Brasil",strong,-25.5311678,-49.2483335,"Rua Coronel Hugo de Mattos Moura, Alto Boqueirão, Curitiba, Paraná, Região Sul, 81770-000, Brasil",,residential,126822234,
2d71dc36bde0218b,2024,19/03/2024,Drenagem,Alagamentos,Concluído,RUA CAPITÃO AMIN MOSSE,ALTO BOQUEIRAO,Unidade Regional Boqueirao,Telefone,True,False,2,pronto_para_geocodificar,none,"Candidato a geocodificacao; nao e coordenada, rotulo ou evidencia de treino.","Nao usar como ground truth, escore ou variavel derivada do rotulo.","RUA CAPITÃO AMIN MOSSE, ALTO BOQUEIRAO, Curitiba, PR, Brasil",strong,-25.5315981,-49.2504524,"Rua Capitão Amin Mosse, Alto Boqueirão, Curitiba, Paraná, Região Sul, 81850-240, Brasil",,residential,33103980,
3de88e7acea6319d,2024,19/03/2024,Drenagem,Alagamentos,Concluído,RUA DINARTE CAPRILHONE,SAO JOAO,Unidade Regional Santa Felicidade,Telefone,True,False,1,pronto_para_geocodificar,none,"Candidato a geocodificacao; nao e coordenada, rotulo ou evidencia de treino.","Nao usar como ground truth, escore ou variavel derivada do rotulo.","RUA DINARTE CAPRILHONE, SAO JOAO, Curitiba, PR, Brasil",strong,-25.395579,-49.3155815,"Rua Dinarte Caprilhone, São João, Curitiba, Paraná, Região Sul, 82020-250, Brasil",,residential,158621813,
0094a00bd697f084,2024,11/10/2024,Drenagem,Alagamentos,Concluído,RUA VEREADOR ANTENOR PAMPHILO DOS SANTOS,VISTA ALEGRE,Unidade Regional Santa Felicidade,Telefone,True,False,2,pronto_para_geocodificar,none,"Candidato a geocodificacao; nao e coordenada, rotulo ou evidencia de treino.","Nao usar como ground truth, escore ou variavel derivada do rotulo.","RUA VEREADOR ANTENOR PAMPHILO DOS SANTOS, VISTA ALEGRE, Curitiba, PR, Brasil",strong,-25.4090328,-49.298976,"Rua Vereador Antenor Pamphilo dos Santos, Vista Alegre, Curitiba, Paraná, Região Sul, 80820-390, Brasil",,residential,30049716,
2d67298b98fd8b9c,2024,11/10/2024,Drenagem,Alagamentos,Concluído,RUA JOÃO BATISTA ZAGONEL PASSOS,XAXIM,Unidade Regional Boqueirao,Telefone,True,False,1,pronto_para_geocodificar,none,"Candidato a geocodificacao; nao e coordenada, rotulo ou evidencia de treino.","Nao usar como ground truth, escore ou variavel derivada do rotulo.","RUA JOÃO BATISTA ZAGONEL PASSOS, XAXIM, Curitiba, PR, Brasil",medium,-25.5008748,-49.2678646,"Xaxim, Curitiba, Paraná, Região Sul, 81710-210, Brasil",,suburb,3012156958,fallback_bairro_apos_rua_sem_resultado_em_bbox
0094a00bd697f084,2024,11/10/2024,Drenagem,Alagamentos,Concluído,RUA VEREADOR ANTENOR PAMPHILO DOS SANTOS,VISTA ALEGRE,Unidade Regional Santa Felicidade,Telefone,True,False,2,pronto_para_geocodificar,none,"Candidato a geocodificacao; nao e coordenada, rotulo ou evidencia de treino.","Nao usar como ground truth, escore ou variavel derivada do rotulo.","RUA VEREADOR ANTENOR PAMPHILO DOS SANTOS, VISTA ALEGRE, Curitiba, PR, Brasil",strong,-25.4090328,-49.298976,"Rua Vereador Antenor Pamphilo dos Santos, Vista Alegre, Curitiba, Paraná, Região Sul, 80820-390, Brasil",,residential,30049716,
624b7265cc34c01b,2024,19/03/2024,Drenagem,Alagamentos,Concluído,RUA OLÍMPIO DE PAULA XAVIER,ALTO BOQUEIRAO,Unidade Regional Boqueirao,Telefone,True,False,1,pronto_para_geocodificar,none,"Candidato a geocodificacao; nao e coordenada, rotulo ou evidencia de treino.","Nao usar como ground truth, escore ou variavel derivada do rotulo.","RUA OLÍMPIO DE PAULA XAVIER, ALTO BOQUEIRAO, Curitiba, PR, Brasil",strong,-25.5290667,-49.2507155,"Rua Olímpio de Paula Xavier, Alto Boqueirão, Curitiba, Paraná, Região Sul, 81770-000, Brasil",,residential,126822530,
d648a23e4d4394d2,2024,20/03/2024,Drenagem,Alagamentos,Concluído,Rua Henrique Itiberê da Cunha,BOM RETIRO,Unidade Regional Matriz,Portal,True,False,1,pronto_para_geocodificar,none,"Candidato a geocodificacao; nao e coordenada, rotulo ou evidencia de treino.","Nao usar como ground truth, escore ou variavel derivada do rotulo.","Rua Henrique Itiberê da Cunha, BOM RETIRO, Curitiba, PR, Brasil",strong,-25.4136595,-49.27655,"Rua Henrique Itiberê da Cunha, Bom Retiro, Curitiba, Paraná, Região Sul, 80520-176, Brasil",,residential,32943949,
372680bf9a8dd4a7,2024,21/03/2024,Drenagem,Alagamentos,Concluído,RUA TIJUCAS DO SUL,SITIO CERCADO,Unidade Regional Bairro Novo,Telefone,True,False,1,pronto_para_geocodificar,none,"Candidato a geocodificacao; nao e coordenada, rotulo ou evidencia de treino.","Nao usar como ground truth, escore ou variavel derivada do rotulo.","RUA TIJUCAS DO SUL, SITIO CERCADO, Curitiba, PR, Brasil",strong,-25.543694,-49.2675489,"Rua Tijucas do Sul, Sítio Cercado, Curitiba, Paraná, Região Sul, 81925-070, Brasil",,secondary,106211390,
623d403c54835885,2024,20/03/2024,Drenagem,Alagamentos,Concluído,RUA DAISY LUCI BERNO,GUAIRA,Unidade Regional Portao,Telefone,True,False,1,pronto_para_geocodificar,none,"Candidato a geocodificacao; nao e coordenada, rotulo ou evidencia de treino.","Nao usar como ground truth, escore ou variavel derivada do rotulo.","RUA DAISY LUCI BERNO, GUAIRA, Curitiba, PR, Brasil",strong,-25.4742093,-49.2781499,"Rua Daisy Luci Berno, Guaíra, Curitiba, Paraná, Região Sul, 81010-001, Brasil",,residential,48359735,
b8ce41c8cdbeb300,2024,18/03/2024,Drenagem,Alagamentos,Concluído,RUA ALFERES MARCILIO MACHADO,BACACHERI,Unidade Regional Boa Vista,Portal,True,False,1,pronto_para_geocodificar,none,"Candidato a geocodificacao; nao e coordenada, rotulo ou evidencia de treino.","Nao usar como ground truth, escore ou variavel derivada do rotulo.","RUA ALFERES MARCILIO MACHADO, BACACHERI, Curitiba, PR, Brasil",medium,-25.3968497,-49.2344563,"Bacacheri, Curitiba, Paraná, Região Sul, Brasil",,administrative,6231364,fallback_bairro_apos_rua_sem_resultado_em_bbox
4d254e8d38b938ba,2024,18/03/2024,Drenagem,Alagamentos,Concluído,Rua Ata,UBERABA,Unidade Regional Cajuru,Portal,True,False,1,pronto_para_geocodificar,none,"Candidato a geocodificacao; nao e coordenada, rotulo ou evidencia de treino.","Nao usar como ground truth, escore ou variavel derivada do rotulo.","Rua Ata, UBERABA, Curitiba, PR, Brasil",strong,-25.4841358,-49.2120337,"Rua Ata, Uberaba, Curitiba, Paraná, Região Sul, 81550-080, Brasil",,residential,125400550,
c6630c62d7cf8cf0,2024,19/03/2024,Drenagem,Alagamentos,Concluído,Rua Padre João Rzemelka,CIDADE INDUSTRIAL,Unidade Regional CIC,Telefone,True,False,1,pronto_para_geocodificar,none,"Candidato a geocodificacao; nao e coordenada, rotulo ou evidencia de treino.","Nao usar como ground truth, escore ou variavel derivada do rotulo.","Rua Padre João Rzemelka, CIDADE INDUSTRIAL, Curitiba, PR, Brasil",medium,-25.497993,-49.334522,"Cidade Industrial de Curitiba, Curitiba, Paraná, Região Sul, 81350-260, Brasil",,suburb,3012156952,fallback_bairro_apos_rua_sem_resultado_em_bbox
46a652776e4f4e22,2024,19/03/2024,Drenagem,Alagamentos,Concluído,Orlando Peruci,BUTIATUVINHA,Unidade Regional Santa Felicidade,Telefone,True,False,1,pronto_para_geocodificar,none,"Candidato a geocodificacao; nao e coordenada, rotulo ou evidencia de treino.","Nao usar como ground truth, escore ou variavel derivada do rotulo.","Orlando Peruci, BUTIATUVINHA, Curitiba, PR, Brasil",strong,-25.3839936,-49.3530116,"Rua Orlando Peruci, Butiatuvinha, Curitiba, Paraná, Região Sul, 82320-750, Brasil",,residential,165974985,
a9ca704689a82c2a,2024,19/03/2024,Drenagem,Alagamentos,Concluído,Rua Professor Lycio Grein de Castro Vellozo,MERCES,Unidade Regional Matriz,Portal,True,False,1,pronto_para_geocodificar,none,"Candidato a geocodificacao; nao e coordenada, rotulo ou evidencia de treino.","Nao usar como ground truth, escore ou variavel derivada do rotulo.","Rua Professor Lycio Grein de Castro Vellozo, MERCES, Curitiba, PR, Brasil",strong,-25.4206206,-49.2953759,"Rua Professor Lýcio Grein de Castro Vellozo, Mercês, Curitiba, Paraná, Região Sul, 80810-345, Brasil",,residential,163603461,
00cca72abda980cb,2024,19/03/2024,Proteção ao cidadão - GM,"Enchentes, inundações ou alagamentos",Aberto,RUA PEDRO FERRARI,BUTIATUVINHA,Unidade Regional Santa Felicidade,Telefone,True,False,1,pronto_para_geocodificar,none,"Candidato a geocodificacao; nao e coordenada, rotulo ou evidencia de treino.","Nao usar como ground truth, escore ou variavel derivada do rotulo.","RUA PEDRO FERRARI, BUTIATUVINHA, Curitiba, PR, Brasil",strong,-25.391533,-49.3391002,"Rua Pedro Ferrari, Butiatuvinha, Curitiba, Paraná, Região Sul, 82400-070, Brasil",,residential,161496675,
895db2f94c435333,2024,19/03/2024,Drenagem,Alagamentos,Concluído,RUA BERNARDO STAVISKI,CAMPINA DO SIQUEIRA,Unidade Regional Santa Felicidade,Telefone,True,False,1,pronto_para_geocodificar,none,"Candidato a geocodificacao; nao e coordenada, rotulo ou evidencia de treino.","Nao usar como ground truth, escore ou variavel derivada do rotulo.","RUA BERNARDO STAVISKI, CAMPINA DO SIQUEIRA, Curitiba, PR, Brasil",strong,-25.440517,-49.3052312,"Rua Bernardo Staviski, Campina do Siqueira, Curitiba, Paraná, Região Sul, 80740-000, Brasil",,residential,29464541,
3de88e7acea6319d,2024,19/03/2024,Proteção ao cidadão - GM,"Enchentes, inundações ou alagamentos",Aberto,RUA DINARTE CAPRILHONE,SAO JOAO,Unidade Regional Santa Felicidade,Telefone,True,False,1,pronto_para_geocodificar,none,"Candidato a geocodificacao; nao e coordenada, rotulo ou evidencia de treino.","Nao usar como ground truth, escore ou variavel derivada do rotulo.","RUA DINARTE CAPRILHONE, SAO JOAO, Curitiba, PR, Brasil",strong,-25.395579,-49.3155815,"Rua Dinarte Caprilhone, São João, Curitiba, Paraná, Região Sul, 82020-250, Brasil",,residential,158621813,
45cdfce19a8d3b6d,2024,18/03/2024,Drenagem,Alagamentos,Concluído,Rua Hermínio Cardoso,TINGUI,Unidade Regional Boa Vista,Portal,True,False,1,pronto_para_geocodificar,none,"Candidato a geocodificacao; nao e coordenada, rotulo ou evidencia de treino.","Nao usar como ground truth, escore ou variavel derivada do rotulo.","Rua Hermínio Cardoso, TINGUI, Curitiba, PR, Brasil",strong,-25.392432,-49.2169689,"Rua Hermínio Cardoso, Tingui, Curitiba, Paraná, Região Sul, 82600-180, Brasil",,residential,160681546,
6191637ca3dcbffd,2024,04/06/2024,Proteção ao cidadão - GM,"Enchentes, inundações ou alagamentos",Concluído,RUA MARECHAL OCTÁVIO SALDANHA MAZZA,CAPAO RASO,Unidade Regional Pinheirinho,Telefone,True,False,1,pronto_para_geocodificar,none,"Candidato a geocodificacao; nao e coordenada, rotulo ou evidencia de treino.","Nao usar como ground truth, escore ou variavel derivada do rotulo.","RUA MARECHAL OCTÁVIO SALDANHA MAZZA, CAPAO RASO, Curitiba, PR, Brasil",strong,-25.5052018,-49.2974446,"Rua Marechal Octávio Saldanha Mazza, Capão Raso, Curitiba, Paraná, Região Sul, 81130-110, Brasil",,primary,52712156,
d8478a09dfa53967,2024,16/07/2024,Drenagem,Alagamentos,Concluído,Rua Jornalista Rubens Ávila,CIDADE INDUSTRIAL,Unidade Regional CIC,Portal,True,False,1,pronto_para_geocodificar,none,"Candidato a geocodificacao; nao e coordenada, rotulo ou evidencia de treino.","Nao usar como ground truth, escore ou variavel derivada do rotulo.","Rua Jornalista Rubens Ávila, CIDADE INDUSTRIAL, Curitiba, PR, Brasil",medium,-25.497993,-49.334522,"Cidade Industrial de Curitiba, Curitiba, Paraná, Região Sul, 81350-260, Brasil",,suburb,3012156952,fallback_bairro_apos_rua_sem_resultado_em_bbox
7ef50827420183ee,2024,07/06/2024,Drenagem,Alagamentos,Concluído,Rua Maria Rosa de Castro Hecke,CACHOEIRA,Unidade Regional Boa Vista,Portal,True,False,1,pronto_para_geocodificar,none,"Candidato a geocodificacao; nao e coordenada, rotulo ou evidencia de treino.","Nao usar como ground truth, escore ou variavel derivada do rotulo.","Rua Maria Rosa de Castro Hecke, CACHOEIRA, Curitiba, PR, Brasil",strong,-25.3582285,-49.2566721,"Rua Maria Rosa de Castro Hecke, Cachoeira, Curitiba, Paraná, Região Sul, 82710-430, Brasil",,residential,1149981084,
1cbd0d3b5613db37,2024,27/03/2024,Drenagem,Alagamentos,Concluído,Rua Desembargador Segismundo Gradowski,CIDADE INDUSTRIAL,Unidade Regional CIC,Portal,True,False,1,pronto_para_geocodificar,none,"Candidato a geocodificacao; nao e coordenada, rotulo ou evidencia de treino.","Nao usar como ground truth, escore ou variavel derivada do rotulo.","Rua Desembargador Segismundo Gradowski, CIDADE INDUSTRIAL, Curitiba, PR, Brasil",strong,-25.4985515,-49.3401636,"Rua Desembargador Segismundo Gradowski, Cidade Industrial de Curitiba, Curitiba, Paraná, Região Sul, 81350-260, Brasil",,residential,138705756,
90abff0cdf121445,2024,25/03/2024,Drenagem,Alagamentos,Concluído,Rua Atílio Bório,CRISTO REI,Unidade Regional Matriz,Portal,True,False,1,pronto_para_geocodificar,none,"Candidato a geocodificacao; nao e coordenada, rotulo ou evidencia de treino.","Nao usar como ground truth, escore ou variavel derivada do rotulo.","Rua Atílio Bório, CRISTO REI, Curitiba, PR, Brasil",strong,-25.4345675,-49.2534435,"Rua Atílio Bório, Alto da Rua XV, Curitiba, Paraná, Região Sul, 80050-250, Brasil",,residential,24600463,
e66502e6432bb6db,2024,29/11/2024,Drenagem,Alagamentos,Concluído,Rua Professor Fernando Carneiro,CIDADE INDUSTRIAL,Unidade Regional CIC,Telefone,True,False,1,pronto_para_geocodificar,none,"Candidato a geocodificacao; nao e coordenada, rotulo ou evidencia de treino.","Nao usar como ground truth, escore ou variavel derivada do rotulo.","Rua Professor Fernando Carneiro, CIDADE INDUSTRIAL, Curitiba, PR, Brasil",medium,-25.497993,-49.334522,"Cidade Industrial de Curitiba, Curitiba, Paraná, Região Sul, 81350-260, Brasil",,suburb,3012156952,fallback_bairro_apos_rua_sem_resultado_em_bbox
c5da3692885f3472,2024,29/11/2024,Drenagem,Alagamentos,Concluído,Rua Antenor Gomes Camargo,XAXIM,Unidade Regional Boqueirao,Telefone,True,False,2,pronto_para_geocodificar,none,"Candidato a geocodificacao; nao e coordenada, rotulo ou evidencia de treino.","Nao usar como ground truth, escore ou variavel derivada do rotulo.","Rua Antenor Gomes Camargo, XAXIM, Curitiba, PR, Brasil",medium,-25.5008748,-49.2678646,"Xaxim, Curitiba, Paraná, Região Sul, 81710-210, Brasil",,suburb,3012156958,fallback_bairro_apos_rua_sem_resultado_em_bbox
d20ecddeccf25d9e,2024,29/11/2024,Drenagem,Alagamentos,Aberto,Rua Jacob de Rosso,XAXIM,Unidade Regional Boqueirao,Telefone,True,False,1,pronto_para_geocodificar,none,"Candidato a geocodificacao; nao e coordenada, rotulo ou evidencia de treino.","Nao usar como ground truth, escore ou variavel derivada do rotulo.","Rua Jacob de Rosso, XAXIM, Curitiba, PR, Brasil",strong,-25.5024382,-49.2706131,"Rua Jacob de Rosso, Xaxim, Curitiba, Paraná, Região Sul, 81810-520, Brasil",,residential,84895462,
c5da3692885f3472,2024,29/11/2024,Drenagem,Alagamentos,Concluído,Rua Antenor Gomes Camargo,XAXIM,Unidade Regional Boqueirao,Telefone,True,False,2,pronto_para_geocodificar,none,"Candidato a geocodificacao; nao e coordenada, rotulo ou evidencia de treino.","Nao usar como ground truth, escore ou variavel derivada do rotulo.","Rua Antenor Gomes Camargo, XAXIM, Curitiba, PR, Brasil",medium,-25.5008748,-49.2678646,"Xaxim, Curitiba, Paraná, Região Sul, 81710-210, Brasil",,suburb,3012156958,fallback_bairro_apos_rua_sem_resultado_em_bbox
026cf1e5e77ba81a,2024,29/11/2024,Drenagem,Alagamentos,Aberto,Rua Voltaire,BARREIRINHA,Unidade Regional Boa Vista,Telefone,True,False,1,pronto_para_geocodificar,none,"Candidato a geocodificacao; nao e coordenada, rotulo ou evidencia de treino.","Nao usar como ground truth, escore ou variavel derivada do rotulo.","Rua Voltaire, BARREIRINHA, Curitiba, PR, Brasil",strong,-25.3776412,-49.2565112,"Rua Voltaire, Barreirinha, Curitiba, Paraná, Região Sul, 82700-190, Brasil",,residential,304443686,
a56b8eb145473d87,2024,29/11/2024,Drenagem,Alagamentos,Concluído,RUA BILLY GARMATTER,SITIO CERCADO,Unidade Regional Bairro Novo,Telefone,True,False,1,pronto_para_geocodificar,none,"Candidato a geocodificacao; nao e coordenada, rotulo ou evidencia de treino.","Nao usar como ground truth, escore ou variavel derivada do rotulo.","RUA BILLY GARMATTER, SITIO CERCADO, Curitiba, PR, Brasil",strong,-25.5321329,-49.2794137,"Rua Billy Garmatter, Sítio Cercado, Curitiba, Paraná, Região Sul, 81900-050, Brasil",,residential,127264732,
1525ad72f4e025bf,2024,29/11/2024,Drenagem,Alagamentos,Aberto,Rua Padre Camargo,ALTO DA GLORIA,Unidade Regional Matriz,Telefone,True,False,1,pronto_para_geocodificar,none,"Candidato a geocodificacao; nao e coordenada, rotulo ou evidencia de treino.","Nao usar como ground truth, escore ou variavel derivada do rotulo.","Rua Padre Camargo, ALTO DA GLORIA, Curitiba, PR, Brasil",strong,-25.4231521,-49.2619465,"Rua Padre Camargo, Alto da Glória, Curitiba, Paraná, Região Sul, 80060-150, Brasil",,residential,735034888,
c823044af113e307,2024,29/11/2024,Drenagem,Alagamentos,Concluído,RUA JOÃO CARLOS DE SOUZA CASTRO,GUABIROTUBA,Unidade Regional Cajuru,Telefone,True,False,1,pronto_para_geocodificar,none,"Candidato a geocodificacao; nao e coordenada, rotulo ou evidencia de treino.","Nao usar como ground truth, escore ou variavel derivada do rotulo.","RUA JOÃO CARLOS DE SOUZA CASTRO, GUABIROTUBA, Curitiba, PR, Brasil",strong,-25.4625416,-49.2413238,"Rua João Carlos de Souza Castro, Guabirotuba, Curitiba, Paraná, Região Sul, 81520-280, Brasil",,residential,93125239,
fad6bce87eae8435,2024,30/11/2024,Drenagem,Alagamentos,Concluído,José de Alencar,CRISTO REI,Unidade Regional Matriz,Portal,True,False,1,pronto_para_geocodificar,none,"Candidato a geocodificacao; nao e coordenada, rotulo ou evidencia de treino.","Nao usar como ground truth, escore ou variavel derivada do rotulo.","José de Alencar, CRISTO REI, Curitiba, PR, Brasil",strong,-25.4352375,-49.2543797,"Rua José de Alencar, Alto da Rua XV, Curitiba, Paraná, Região Sul, 80050-250, Brasil",,residential,161884105,
498d97210a6d0756,2024,30/11/2024,Drenagem,Alagamentos,Concluído,Procópio Ferreira Martins,CAJURU,Unidade Regional Cajuru,Portal,True,False,1,pronto_para_geocodificar,none,"Candidato a geocodificacao; nao e coordenada, rotulo ou evidencia de treino.","Nao usar como ground truth, escore ou variavel derivada do rotulo.","Procópio Ferreira Martins, CAJURU, Curitiba, PR, Brasil",strong,-25.4553276,-49.223792,"Rua Procópio Ferreira Martins, Cajuru, Curitiba, Paraná, Região Sul, 82940-150, Brasil",,residential,155511664,
a6512466ed2ea70a,2024,11/06/2024,Drenagem,Alagamentos,Concluído,Rua Raul Leite,BAIRRO ALTO,Unidade Regional Boa Vista,Portal,True,False,1,pronto_para_geocodificar,none,"Candidato a geocodificacao; nao e coordenada, rotulo ou evidencia de treino.","Nao usar como ground truth, escore ou variavel derivada do rotulo.","Rua Raul Leite, BAIRRO ALTO, Curitiba, PR, Brasil",strong,-25.4137146,-49.2122159,"Rua Raul Leite, Bairro Alto, Curitiba, Paraná, Região Sul, 82820-390, Brasil",,residential,162132216,
eb2df6183ab279dd,2024,27/07/2024,Drenagem,Alagamentos,Concluído,Rua Professor Rubens Gomes de Souza,TARUMA,Unidade Regional Cajuru,Portal,True,False,1,pronto_para_geocodificar,none,"Candidato a geocodificacao; nao e coordenada, rotulo ou evidencia de treino.","Nao usar como ground truth, escore ou variavel derivada do rotulo.","Rua Professor Rubens Gomes de Souza, TARUMA, Curitiba, PR, Brasil",strong,-25.4318484,-49.2242764,"Rua Professor Rubens Gomes de Souza, Tarumã, Curitiba, Paraná, Região Sul, 82800-030, Brasil",,residential,36059787,
8ee14409c71f2282,2024,22/07/2024,Drenagem,Alagamentos,Concluído,Rua Pastor Carlos Frank,BOQUEIRAO,Unidade Regional Boqueirao,Portal,True,False,1,pronto_para_geocodificar,none,"Candidato a geocodificacao; nao e coordenada, rotulo ou evidencia de treino.","Nao usar como ground truth, escore ou variavel derivada do rotulo.","Rua Pastor Carlos Frank, BOQUEIRAO, Curitiba, PR, Brasil",strong,-25.5178755,-49.2353236,"Rua Pastor Carlos Frank, Boqueirão, Curitiba, Paraná, Região Sul, 81750-420, Brasil",,residential,73109885,
e7010eb79ef703d0,2024,23/10/2024,Drenagem,Alagamentos,Concluído,Rua Reinaldino Schaffenberg de Quadros,CRISTO REI,Unidade Regional Matriz,Chat,True,False,1,pronto_para_geocodificar,none,"Candidato a geocodificacao; nao e coordenada, rotulo ou evidencia de treino.","Nao usar como ground truth, escore ou variavel derivada do rotulo.","Rua Reinaldino Schaffenberg de Quadros, CRISTO REI, Curitiba, PR, Brasil",strong,-25.4306251,-49.2403343,"Rua Reinaldino Schaffenberg de Quadros, Cristo Rei, Curitiba, Paraná, Região Sul, 80045-070, Brasil",,tertiary,717354330,
057c36705569a04b,2024,24/10/2024,Drenagem,Alagamentos,Concluído,Rua Colômbia,BACACHERI,Unidade Regional Boa Vista,Telefone,True,False,1,pronto_para_geocodificar,none,"Candidato a geocodificacao; nao e coordenada, rotulo ou evidencia de treino.","Nao usar como ground truth, escore ou variavel derivada do rotulo.","Rua Colômbia, BACACHERI, Curitiba, PR, Brasil",strong,-25.4081686,-49.2395069,"Rua Colômbia, Bacacheri, Curitiba, Paraná, Região Sul, 82515-030, Brasil",,tertiary,1104868486,
cbaf959645a26a76,2024,05/04/2024,Drenagem,Alagamentos,Concluído,RUA SALVADOR FERRANTE,BOQUEIRAO,Unidade Regional Boqueirao,Telefone,True,False,1,pronto_para_geocodificar,none,"Candidato a geocodificacao; nao e coordenada, rotulo ou evidencia de treino.","Nao usar como ground truth, escore ou variavel derivada do rotulo.","RUA SALVADOR FERRANTE, BOQUEIRAO, Curitiba, PR, Brasil",strong,-25.4987103,-49.2423966,"Rua Salvador Ferrante, Boqueirão, Curitiba, Paraná, Região Sul, 81670-390, Brasil",,secondary,378139586,
06592f9c6c127246,2024,01/04/2024,Drenagem,Alagamentos,Concluído,Rua Agudos do Sul,SITIO CERCADO,Unidade Regional Bairro Novo,Portal,True,False,2,pronto_para_geocodificar,none,"Candidato a geocodificacao; nao e coordenada, rotulo ou evidencia de treino.","Nao usar como ground truth, escore ou variavel derivada do rotulo.","Rua Agudos do Sul, SITIO CERCADO, Curitiba, PR, Brasil",strong,-25.5369557,-49.2710548,"Rua Agudos do Sul, Sítio Cercado, Curitiba, Paraná, Região Sul, 81900-540, Brasil",,residential,106846798,
3d6adf0bee527947,2024,01/04/2024,Drenagem,Alagamentos,Concluído,Rua Professor João Duck Filho,XAXIM,Unidade Regional Boqueirao,Portal,True,False,1,pronto_para_geocodificar,none,"Candidato a geocodificacao; nao e coordenada, rotulo ou evidencia de treino.","Nao usar como ground truth, escore ou variavel derivada do rotulo.","Rua Professor João Duck Filho, XAXIM, Curitiba, PR, Brasil",strong,-25.5187966,-49.2651515,"Rua Professor João Duck Filho, Vila Mariana, Xaxim, Curitiba, Paraná, Região Sul, 81830-230, Brasil",,residential,85022425,
ce3136f7283122fa,2024,21/10/2024,Drenagem,Alagamentos,Concluído,Rua Celeste Santi,AHU,Unidade Regional Matriz,Telefone,True,False,1,pronto_para_geocodificar,none,"Candidato a geocodificacao; nao e coordenada, rotulo ou evidencia de treino.","Nao usar como ground truth, escore ou variavel derivada do rotulo.","Rua Celeste Santi, AHU, Curitiba, PR, Brasil",strong,-25.4058986,-49.2717585,"Rua Celeste Santi, Bom Retiro, Curitiba, Paraná, Região Sul, 80520-170, Brasil",,residential,192665488,
06592f9c6c127246,2024,01/04/2024,Drenagem,Alagamentos,Concluído,Rua Agudos do Sul,SITIO CERCADO,Unidade Regional Bairro Novo,Portal,True,False,2,pronto_para_geocodificar,none,"Candidato a geocodificacao; nao e coordenada, rotulo ou evidencia de treino.","Nao usar como ground truth, escore ou variavel derivada do rotulo.","Rua Agudos do Sul, SITIO CERCADO, Curitiba, PR, Brasil",strong,-25.5369557,-49.2710548,"Rua Agudos do Sul, Sítio Cercado, Curitiba, Paraná, Região Sul, 81900-540, Brasil",,residential,106846798,
0e3a0e520c3dff82,2024,23/10/2024,Drenagem,Alagamentos,Concluído,RUA COLOMBIA,BACACHERI,Unidade Regional Boa Vista,Telefone,True,False,1,pronto_para_geocodificar,none,"Candidato a geocodificacao; nao e coordenada, rotulo ou evidencia de treino.","Nao usar como ground truth, escore ou variavel derivada do rotulo.","RUA COLOMBIA, BACACHERI, Curitiba, PR, Brasil",strong,-25.4081686,-49.2395069,"Rua Colômbia, Bacacheri, Curitiba, Paraná, Região Sul, 82515-030, Brasil",,tertiary,1104868486,
432229ad5995de78,2024,23/10/2024,Drenagem,Alagamentos,Concluído,Rua Padre Estanislau Piasecki,CIDADE INDUSTRIAL,Unidade Regional CIC,Telefone,True,False,1,pronto_para_geocodificar,none,"Candidato a geocodificacao; nao e coordenada, rotulo ou evidencia de treino.","Nao usar como ground truth, escore ou variavel derivada do rotulo.","Rua Padre Estanislau Piasecki, CIDADE INDUSTRIAL, Curitiba, PR, Brasil",medium,-25.497993,-49.334522,"Cidade Industrial de Curitiba, Curitiba, Paraná, Região Sul, 81350-260, Brasil",,suburb,3012156952,fallback_bairro_apos_rua_sem_resultado_em_bbox
a4a4c8bd50873baf,2024,08/12/2024,Proteção ao cidadão - GM,"Enchentes, inundações ou alagamentos",Concluído,Rua Getúlio Pires de Arruda,CIDADE INDUSTRIAL,Unidade Regional CIC,Chat,True,False,1,pronto_para_geocodificar,none,"Candidato a geocodificacao; nao e coordenada, rotulo ou evidencia de treino.","Nao usar como ground truth, escore ou variavel derivada do rotulo.","Rua Getúlio Pires de Arruda, CIDADE INDUSTRIAL, Curitiba, PR, Brasil",strong,-25.5125308,-49.3342951,"Rua Getúlio Pires de Arruda, Cidade Industrial de Curitiba, Curitiba, Paraná, Região Sul, 81305-185, Brasil",,residential,138705763,
3837312670e7b436,2024,08/12/2024,Drenagem,Alagamentos,Concluído,Edelzina de Jesus Santiago,CIDADE INDUSTRIAL,Unidade Regional CIC,Telefone,True,False,1,pronto_para_geocodificar,none,"Candidato a geocodificacao; nao e coordenada, rotulo ou evidencia de treino.","Nao usar como ground truth, escore ou variavel derivada do rotulo.","Edelzina de Jesus Santiago, CIDADE INDUSTRIAL, Curitiba, PR, Brasil",strong,-25.5006942,-49.3389717,"Rua Edelzina de Jesus Santiago, Cidade Industrial de Curitiba, Curitiba, Paraná, Região Sul, 81350-260, Brasil",,residential,138705789,
4666a97ae0445dc1,2024,08/12/2024,Proteção ao cidadão - GM,"Enchentes, inundações ou alagamentos",Concluído,RUA BISPO DOM JOSÉ,BATEL,Unidade Regional Matriz,Telefone,True,False,1,pronto_para_geocodificar,none,"Candidato a geocodificacao; nao e coordenada, rotulo ou evidencia de treino.","Nao usar como ground truth, escore ou variavel derivada do rotulo.","RUA BISPO DOM JOSÉ, BATEL, Curitiba, PR, Brasil",strong,-25.4447189,-49.2932547,"Rua Bispo Dom José, Batel, Curitiba, Paraná, Região Sul, 80240-340, Brasil",,secondary,24774120,
844f605e5eadabc0,2024,02/12/2024,Drenagem,Alagamentos,Concluído,Coronel Baeta de Faria,JARDIM DAS AMERICAS,Unidade Regional Cajuru,Portal,True,False,1,pronto_para_geocodificar,none,"Candidato a geocodificacao; nao e coordenada, rotulo ou evidencia de treino.","Nao usar como ground truth, escore ou variavel derivada do rotulo.","Coronel Baeta de Faria, JARDIM DAS AMERICAS, Curitiba, PR, Brasil",strong,-25.461022,-49.2319918,"Rua Coronel Baeta de Faria, Jardim das Américas, Curitiba, Paraná, Região Sul, 81530-230, Brasil",,residential,187986151,
7514028a9f797d16,2024,02/12/2024,Drenagem,Alagamentos,Concluído,RUA ABELARDO MARTINS,SITIO CERCADO,Unidade Regional Bairro Novo,Telefone,True,False,1,pronto_para_geocodificar,none,"Candidato a geocodificacao; nao e coordenada, rotulo ou evidencia de treino.","Nao usar como ground truth, escore ou variavel derivada do rotulo.","RUA ABELARDO MARTINS, SITIO CERCADO, Curitiba, PR, Brasil",strong,-25.5357134,-49.2781362,"Rua Abelardo Martins, Sítio Cercado, Curitiba, Paraná, Região Sul, 81900-540, Brasil",,residential,127264751,
bf8e58e00717e0d4,2024,02/12/2024,Drenagem,Alagamentos,Concluído,Rua Professor Fernando Carneiro,CIDADE INDUSTRIAL,Unidade Regional CIC,Telefone,True,False,1,pronto_para_geocodificar,none,"Candidato a geocodificacao; nao e coordenada, rotulo ou evidencia de treino.","Nao usar como ground truth, escore ou variavel derivada do rotulo.","Rua Professor Fernando Carneiro, CIDADE INDUSTRIAL, Curitiba, PR, Brasil",medium,-25.497993,-49.334522,"Cidade Industrial de Curitiba, Curitiba, Paraná, Região Sul, 81350-260, Brasil",,suburb,3012156952,fallback_bairro_apos_rua_sem_resultado_em_bbox
3cedc64fbb537a33,2024,07/12/2024,Drenagem,Alagamentos,Concluído,RUA WALDOMIRO DALDIGAN,UBERABA,Unidade Regional Cajuru,Telefone,True,False,1,pronto_para_geocodificar,none,"Candidato a geocodificacao; nao e coordenada, rotulo ou evidencia de treino.","Nao usar como ground truth, escore ou variavel derivada do rotulo.","RUA WALDOMIRO DALDIGAN, UBERABA, Curitiba, PR, Brasil",strong,-25.4916946,-49.1997953,"Rua Waldomiro Daldigan, Uberaba, Curitiba, Paraná, Região Sul, 81590-555, Brasil",,residential,165583486,
6f16708182a82280,2024,07/12/2024,Proteção ao cidadão - GM,"Enchentes, inundações ou alagamentos",Concluído,Rua da Bandeira,CABRAL,Unidade Regional Matriz,Telefone,True,False,1,pronto_para_geocodificar,none,"Candidato a geocodificacao; nao e coordenada, rotulo ou evidencia de treino.","Nao usar como ground truth, escore ou variavel derivada do rotulo.","Rua da Bandeira, CABRAL, Curitiba, PR, Brasil",strong,-25.4013383,-49.2540394,"Rua da Bandeira, Cabral, Curitiba, Paraná, Região Sul, 82540-010, Brasil",,residential,162768849,
6813b810307ecad5,2024,07/12/2024,Drenagem,Alagamentos,Concluído,RUA PRESIDENTE WILSON,UBERABA,Unidade Regional Cajuru,Telefone,True,False,1,pronto_para_geocodificar,none,"Candidato a geocodificacao; nao e coordenada, rotulo ou evidencia de treino.","Nao usar como ground truth, escore ou variavel derivada do rotulo.","RUA PRESIDENTE WILSON, UBERABA, Curitiba, PR, Brasil",strong,-25.4854816,-49.2279706,"Rua Presidente Wilson, Uberaba, Curitiba, Paraná, Região Sul, 81570-330, Brasil",,residential,85417732,
0dcaf255f5a62d4a,2024,04/12/2024,Drenagem,Alagamentos,Aberto,Professor João Duck Filho,XAXIM,Unidade Regional Boqueirao,Portal,True,False,1,pronto_para_geocodificar,none,"Candidato a geocodificacao; nao e coordenada, rotulo ou evidencia de treino.","Nao usar como ground truth, escore ou variavel derivada do rotulo.","Professor João Duck Filho, XAXIM, Curitiba, PR, Brasil",strong,-25.5187966,-49.2651515,"Rua Professor João Duck Filho, Vila Mariana, Xaxim, Curitiba, Paraná, Região Sul, 81830-230, Brasil",,residential,85022425,
76cb02ecb5ee73b2,2024,04/12/2024,Drenagem,Alagamentos,Aberto,Theodorus Maria Gerardus Bon,CAMPO DE SANTANA,Unidade Regional Tatuquara,Portal,True,False,1,pronto_para_geocodificar,none,"Candidato a geocodificacao; nao e coordenada, rotulo ou evidencia de treino.","Nao usar como ground truth, escore ou variavel derivada do rotulo.","Theodorus Maria Gerardus Bon, CAMPO DE SANTANA, Curitiba, PR, Brasil",strong,-25.5797574,-49.3202157,"Rua Theodorus Maria Gerardus Bon, Vila Olinda II, Campo de Santana, Curitiba, Paraná, Região Sul, 81490-090, Brasil",,residential,169645453,
a81c01528de96081,2024,07/12/2024,Proteção ao cidadão - GM,"Enchentes, inundações ou alagamentos",Concluído,Rua Antenor Gomes Camargo,XAXIM,Unidade Regional Boqueirao,Telefone,True,False,1,pronto_para_geocodificar,none,"Candidato a geocodificacao; nao e coordenada, rotulo ou evidencia de treino.","Nao usar como ground truth, escore ou variavel derivada do rotulo.","Rua Antenor Gomes Camargo, XAXIM, Curitiba, PR, Brasil",medium,-25.5008748,-49.2678646,"Xaxim, Curitiba, Paraná, Região Sul, 81710-210, Brasil",,suburb,3012156958,fallback_bairro_apos_rua_sem_resultado_em_bbox
d65af883cb072bd2,2024,07/12/2024,Drenagem,Alagamentos,Aberto,AVENIDA SANTA BERNADETHE,FANNY,Unidade Regional Pinheirinho,Telefone,True,False,1,pronto_para_geocodificar,none,"Candidato a geocodificacao; nao e coordenada, rotulo ou evidencia de treino.","Nao usar como ground truth, escore ou variavel derivada do rotulo.","AVENIDA SANTA BERNADETHE, FANNY, Curitiba, PR, Brasil",strong,-25.4825237,-49.2721067,"Avenida Santa Bernadethe, Fanny, Curitiba, Paraná, Região Sul, 81690-200, Brasil",,secondary,1302094440,
8c412adab788cfca,2024,07/12/2024,Drenagem,Alagamentos,Concluído,RUA ODILON DE SANTA RITA BORBA,BACACHERI,Unidade Regional Boa Vista,Telefone,True,False,1,pronto_para_geocodificar,none,"Candidato a geocodificacao; nao e coordenada, rotulo ou evidencia de treino.","Nao usar como ground truth, escore ou variavel derivada do rotulo.","RUA ODILON DE SANTA RITA BORBA, BACACHERI, Curitiba, PR, Brasil",strong,-25.3969351,-49.2393209,"Rua Odilon de Santa Rita Borba, Bacacheri, Curitiba, Paraná, Região Sul, 82515-270, Brasil",,residential,390756722,
b9f8eec731f3fca9,2024,07/12/2024,Drenagem,Alagamentos,Aberto,Carlos Benato,SAO BRAZ,Unidade Regional Santa Felicidade,Portal,True,False,1,pronto_para_geocodificar,none,"Candidato a geocodificacao; nao e coordenada, rotulo ou evidencia de treino.","Nao usar como ground truth, escore ou variavel derivada do rotulo.","Carlos Benato, SAO BRAZ, Curitiba, PR, Brasil",strong,-25.4081831,-49.3501133,"Rua Carlos Benato, São Braz, Curitiba, Paraná, Região Sul, 82320-390, Brasil",,residential,150298876,
22540b54f0476565,2024,07/12/2024,Proteção ao cidadão - GM,"Enchentes, inundações ou alagamentos",Concluído,RUA STEFAN KIDA,CIDADE INDUSTRIAL,Unidade Regional CIC,Telefone,True,False,1,pronto_para_geocodificar,none,"Candidato a geocodificacao; nao e coordenada, rotulo ou evidencia de treino.","Nao usar como ground truth, escore ou variavel derivada do rotulo.","RUA STEFAN KIDA, CIDADE INDUSTRIAL, Curitiba, PR, Brasil",strong,-25.5051328,-49.3257617,"Rua Stefan Kida, Núcleo Habitacional Nossa Senhora da Luz dos Pinhais, Cidade Industrial de Curitiba, Curitiba, Paraná, Região Sul, 81315-660, Brasil",,residential,129113071,
e55e9544636a0ce1,2024,07/12/2024,Proteção ao cidadão - GM,"Enchentes, inundações ou alagamentos",Concluído,RUA ANTERO DE QUENTAL,LINDOIA,Unidade Regional Pinheirinho,Telefone,True,False,1,pronto_para_geocodificar,none,"Candidato a geocodificacao; nao e coordenada, rotulo ou evidencia de treino.","Nao usar como ground truth, escore ou variavel derivada do rotulo.","RUA ANTERO DE QUENTAL, LINDOIA, Curitiba, PR, Brasil",strong,-25.477654,-49.2744189,"Rua Antero de Quental, Lindóia, Curitiba, Paraná, Região Sul, 81010-001, Brasil",,residential,126277923,
14d82942f4778d22,2024,07/12/2024,Drenagem,Alagamentos,Concluído,Rua Mercedes Stresser,BAIRRO ALTO,Unidade Regional Boa Vista,Telefone,True,False,1,pronto_para_geocodificar,none,"Candidato a geocodificacao; nao e coordenada, rotulo ou evidencia de treino.","Nao usar como ground truth, escore ou variavel derivada do rotulo.","Rua Mercedes Stresser, BAIRRO ALTO, Curitiba, PR, Brasil",strong,-25.4217822,-49.2057061,"Rua Mercedes Stresser, Bairro Alto, Curitiba, Paraná, Região Sul, 82820-110, Brasil",,residential,157843280,
43c0ac14f95c3663,2024,07/12/2024,Proteção ao cidadão - GM,"Enchentes, inundações ou alagamentos",Concluído,RUA MARILEI CARVALHO,UBERABA,Unidade Regional Cajuru,Telefone,True,False,1,pronto_para_geocodificar,none,"Candidato a geocodificacao; nao e coordenada, rotulo ou evidencia de treino.","Nao usar como ground truth, escore ou variavel derivada do rotulo.","RUA MARILEI CARVALHO, UBERABA, Curitiba, PR, Brasil",strong,-25.4942701,-49.2003302,"Rua Marilei Carvalho, Uberaba, Curitiba, Paraná, Região Sul, 81590-555, Brasil",,residential,308794735,
36d517f82249753b,2024,07/12/2024,Drenagem,Alagamentos,Concluído,Rua Ana Raimunda de Souza,CIDADE INDUSTRIAL,Unidade Regional CIC,Telefone,True,False,1,pronto_para_geocodificar,none,"Candidato a geocodificacao; nao e coordenada, rotulo ou evidencia de treino.","Nao usar como ground truth, escore ou variavel derivada do rotulo.","Rua Ana Raimunda de Souza, CIDADE INDUSTRIAL, Curitiba, PR, Brasil",strong,-25.4943435,-49.3385724,"Rua Ana Raimunda de Souza, Cidade Industrial de Curitiba, Curitiba, Paraná, Região Sul, 81350-260, Brasil",,residential,138705679,
a81c01528de96081,2024,07/12/2024,Drenagem,Alagamentos,Concluído,Rua Antenor Gomes Camargo,XAXIM,Unidade Regional Boqueirao,Telefone,True,False,1,pronto_para_geocodificar,none,"Candidato a geocodificacao; nao e coordenada, rotulo ou evidencia de treino.","Nao usar como ground truth, escore ou variavel derivada do rotulo.","Rua Antenor Gomes Camargo, XAXIM, Curitiba, PR, Brasil",medium,-25.5008748,-49.2678646,"Xaxim, Curitiba, Paraná, Região Sul, 81710-210, Brasil",,suburb,3012156958,fallback_bairro_apos_rua_sem_resultado_em_bbox
e3cafdaa82998d82,2024,07/12/2024,Drenagem,Alagamentos,Concluído,Rua France Mara de Campos,CAJURU,Unidade Regional Cajuru,Telefone,True,False,1,pronto_para_geocodificar,none,"Candidato a geocodificacao; nao e coordenada, rotulo ou evidencia de treino.","Nao usar como ground truth, escore ou variavel derivada do rotulo.","Rua France Mara de Campos, CAJURU, Curitiba, PR, Brasil",strong,-25.4733784,-49.1880444,"Rua France Mara de Campos, Vila Acrópole Agrícola, Cajuru, Curitiba, Paraná, Região Sul, 82980-100, Brasil",,residential,308794756,
43c0ac14f95c3663,2024,07/12/2024,Drenagem,Alagamentos,Concluído,RUA MARILEI CARVALHO,UBERABA,Unidade Regional Cajuru,Telefone,True,False,1,pronto_para_geocodificar,none,"Candidato a geocodificacao; nao e coordenada, rotulo ou evidencia de treino.","Nao usar como ground truth, escore ou variavel derivada do rotulo.","RUA MARILEI CARVALHO, UBERABA, Curitiba, PR, Brasil",strong,-25.4942701,-49.2003302,"Rua Marilei Carvalho, Uberaba, Curitiba, Paraná, Região Sul, 81590-555, Brasil",,residential,308794735,
0ce05ed268b35b5d,2024,07/12/2024,Proteção ao cidadão - GM,"Enchentes, inundações ou alagamentos",Concluído,RUA GUILHERME MARTINI,SANTA QUITERIA,Unidade Regional Portao,Telefone,True,False,1,pronto_para_geocodificar,none,"Candidato a geocodificacao; nao e coordenada, rotulo ou evidencia de treino.","Nao usar como ground truth, escore ou variavel derivada do rotulo.","RUA GUILHERME MARTINI, SANTA QUITERIA, Curitiba, PR, Brasil",strong,-25.4636257,-49.3180904,"Rua Guilherme Martini, Santa Quitéria, Curitiba, Paraná, Região Sul, 80310-010, Brasil",,residential,424919309,
d940006ceeb3f90a,2024,07/12/2024,Drenagem,Alagamentos,Concluído,João Kania,SANTA CANDIDA,Unidade Regional Boa Vista,Portal,True,False,1,pronto_para_geocodificar,none,"Candidato a geocodificacao; nao e coordenada, rotulo ou evidencia de treino.","Nao usar como ground truth, escore ou variavel derivada do rotulo.","João Kania, SANTA CANDIDA, Curitiba, PR, Brasil",strong,-25.3687022,-49.2406923,"Rua João Kania, Moradas do Porto, Santa Cândida, Curitiba, Paraná, Região Sul, 82640-010, Brasil",,residential,389816634,
016719e9ecde0788,2024,07/12/2024,Proteção ao cidadão - GM,"Enchentes, inundações ou alagamentos",Concluído,Rua General Álvaro Braga,PILARZINHO,Unidade Regional Boa Vista,Telefone,True,False,1,pronto_para_geocodificar,none,"Candidato a geocodificacao; nao e coordenada, rotulo ou evidencia de treino.","Nao usar como ground truth, escore ou variavel derivada do rotulo.","Rua General Álvaro Braga, PILARZINHO, Curitiba, PR, Brasil",strong,-25.3988266,-49.2959325,"Rua General Álvaro Braga, Pilarzinho, Curitiba, Paraná, Região Sul, 82100-140, Brasil",,residential,32944297,
f342c427536aabee,2024,07/12/2024,Drenagem,Alagamentos,Concluído,Afrânio Peixoto,FAZENDINHA,Unidade Regional Portao,Portal,True,False,1,pronto_para_geocodificar,none,"Candidato a geocodificacao; nao e coordenada, rotulo ou evidencia de treino.","Nao usar como ground truth, escore ou variavel derivada do rotulo.","Afrânio Peixoto, FAZENDINHA, Curitiba, PR, Brasil",strong,-25.4917298,-49.3253353,"Rua Afrânio Peixoto, Fazendinha, Curitiba, Paraná, Região Sul, 81350-900, Brasil",,residential,1222612179,
896c4d5161e90a2e,2024,07/12/2024,Drenagem,Alagamentos,Concluído,RUA JESUS FRANCISCO DA ROCHA,TATUQUARA,Unidade Regional Tatuquara,Telefone,True,False,2,pronto_para_geocodificar,none,"Candidato a geocodificacao; nao e coordenada, rotulo ou evidencia de treino.","Nao usar como ground truth, escore ou variavel derivada do rotulo.","RUA JESUS FRANCISCO DA ROCHA, TATUQUARA, Curitiba, PR, Brasil",strong,-25.5625849,-49.3381613,"Rua Jesus Francisco da Rocha, Moradias Santa Rita, Tatuquara, Curitiba, Paraná, Região Sul, 81470-075, Brasil",,residential,165612848,
016719e9ecde0788,2024,07/12/2024,Drenagem,Alagamentos,Concluído,Rua General Álvaro Braga,PILARZINHO,Unidade Regional Boa Vista,Telefone,True,False,1,pronto_para_geocodificar,none,"Candidato a geocodificacao; nao e coordenada, rotulo ou evidencia de treino.","Nao usar como ground truth, escore ou variavel derivada do rotulo.","Rua General Álvaro Braga, PILARZINHO, Curitiba, PR, Brasil",strong,-25.3988266,-49.2959325,"Rua General Álvaro Braga, Pilarzinho, Curitiba, Paraná, Região Sul, 82100-140, Brasil",,residential,32944297,
b635303330002bd3,2024,07/12/2024,Proteção ao cidadão - GM,"Enchentes, inundações ou alagamentos",Concluído,AVENIDA HENRY FORD,LINDOIA,Unidade Regional Pinheirinho,Telefone,True,False,1,pronto_para_geocodificar,none,"Candidato a geocodificacao; nao e coordenada, rotulo ou evidencia de treino.","Nao usar como ground truth, escore ou variavel derivada do rotulo.","AVENIDA HENRY FORD, LINDOIA, Curitiba, PR, Brasil",strong,-25.4776883,-49.2699621,"Avenida Henry Ford, Lindóia, Curitiba, Paraná, Região Sul, 81010-001, Brasil",,residential,126274279,
14d82942f4778d22,2024,07/12/2024,Proteção ao cidadão - GM,"Enchentes, inundações ou alagamentos",Concluído,Rua Mercedes Stresser,BAIRRO ALTO,Unidade Regional Boa Vista,Telefone,True,False,1,pronto_para_geocodificar,none,"Candidato a geocodificacao; nao e coordenada, rotulo ou evidencia de treino.","Nao usar como ground truth, escore ou variavel derivada do rotulo.","Rua Mercedes Stresser, BAIRRO ALTO, Curitiba, PR, Brasil",strong,-25.4217822,-49.2057061,"Rua Mercedes Stresser, Bairro Alto, Curitiba, Paraná, Região Sul, 82820-110, Brasil",,residential,157843280,
a2739e42884c12ad,2024,07/12/2024,Proteção ao cidadão - GM,"Enchentes, inundações ou alagamentos",Concluído,RUA FREI VICENTE SALVADOR,JARDIM DAS AMERICAS,Unidade Regional Cajuru,Telefone,True,False,1,pronto_para_geocodificar,none,"Candidato a geocodificacao; nao e coordenada, rotulo ou evidencia de treino.","Nao usar como ground truth, escore ou variavel derivada do rotulo.","RUA FREI VICENTE SALVADOR, JARDIM DAS AMERICAS, Curitiba, PR, Brasil",strong,-25.4589183,-49.2259154,"Rua Frei Vicente Salvador, Jardim das Américas, Curitiba, Paraná, Região Sul, 81530-150, Brasil",,residential,397122683,
653850cef879439c,2024,07/12/2024,Proteção ao cidadão - GM,"Enchentes, inundações ou alagamentos",Concluído,RUA LA SALLE,PINHEIRINHO,Unidade Regional Pinheirinho,Telefone,True,False,1,pronto_para_geocodificar,none,"Candidato a geocodificacao; nao e coordenada, rotulo ou evidencia de treino.","Nao usar como ground truth, escore ou variavel derivada do rotulo.","RUA LA SALLE, PINHEIRINHO, Curitiba, PR, Brasil",strong,-25.5347094,-49.2902223,"Rua La Salle, Pinheirinho, Curitiba, Paraná, Região Sul, 81880-310, Brasil",,residential,129015185,
d65af883cb072bd2,2024,07/12/2024,Proteção ao cidadão - GM,"Enchentes, inundações ou alagamentos",Concluído,AVENIDA SANTA BERNADETHE,FANNY,Unidade Regional Pinheirinho,Telefone,True,False,1,pronto_para_geocodificar,none,"Candidato a geocodificacao; nao e coordenada, rotulo ou evidencia de treino.","Nao usar como ground truth, escore ou variavel derivada do rotulo.","AVENIDA SANTA BERNADETHE, FANNY, Curitiba, PR, Brasil",strong,-25.4825237,-49.2721067,"Avenida Santa Bernadethe, Fanny, Curitiba, Paraná, Região Sul, 81690-200, Brasil",,secondary,1302094440,
896c4d5161e90a2e,2024,07/12/2024,Proteção ao cidadão - GM,"Enchentes, inundações ou alagamentos",Concluído,RUA JESUS FRANCISCO DA ROCHA,TATUQUARA,Unidade Regional Tatuquara,Telefone,True,False,1,pronto_para_geocodificar,none,"Candidato a geocodificacao; nao e coordenada, rotulo ou evidencia de treino.","Nao usar como ground truth, escore ou variavel derivada do rotulo.","RUA JESUS FRANCISCO DA ROCHA, TATUQUARA, Curitiba, PR, Brasil",strong,-25.5625849,-49.3381613,"Rua Jesus Francisco da Rocha, Moradias Santa Rita, Tatuquara, Curitiba, Paraná, Região Sul, 81470-075, Brasil",,residential,165612848,
896c4d5161e90a2e,2024,07/12/2024,Drenagem,Alagamentos,Concluído,RUA JESUS FRANCISCO DA ROCHA,TATUQUARA,Unidade Regional Tatuquara,Telefone,True,False,2,pronto_para_geocodificar,none,"Candidato a geocodificacao; nao e coordenada, rotulo ou evidencia de treino.","Nao usar como ground truth, escore ou variavel derivada do rotulo.","RUA JESUS FRANCISCO DA ROCHA, TATUQUARA, Curitiba, PR, Brasil",strong,-25.5625849,-49.3381613,"Rua Jesus Francisco da Rocha, Moradias Santa Rita, Tatuquara, Curitiba, Paraná, Região Sul, 81470-075, Brasil",,residential,165612848,
a2739e42884c12ad,2024,07/12/2024,Drenagem,Alagamentos,Concluído,RUA FREI VICENTE SALVADOR,JARDIM DAS AMERICAS,Unidade Regional Cajuru,Telefone,True,False,1,pronto_para_geocodificar,none,"Candidato a geocodificacao; nao e coordenada, rotulo ou evidencia de treino.","Nao usar como ground truth, escore ou variavel derivada do rotulo.","RUA FREI VICENTE SALVADOR, JARDIM DAS AMERICAS, Curitiba, PR, Brasil",strong,-25.4589183,-49.2259154,"Rua Frei Vicente Salvador, Jardim das Américas, Curitiba, Paraná, Região Sul, 81530-150, Brasil",,residential,397122683,
273409f4d187551e,2024,08/04/2024,Drenagem,Alagamentos,Concluído,Avenida Vereador Toaldo Túlio,SAO BRAZ,Unidade Regional Santa Felicidade,Portal,True,False,1,pronto_para_geocodificar,none,"Candidato a geocodificacao; nao e coordenada, rotulo ou evidencia de treino.","Nao usar como ground truth, escore ou variavel derivada do rotulo.","Avenida Vereador Toaldo Túlio, SAO BRAZ, Curitiba, PR, Brasil",strong,-25.4154363,-49.3506642,"Avenida Vereador Toaldo Túlio, São Braz, Curitiba, Paraná, Região Sul, 82300-332, Brasil",,secondary,1339909937,
4bdd86b218f4a50e,2024,08/04/2024,Drenagem,Alagamentos,Concluído,Henry Ford,LINDOIA,Unidade Regional Pinheirinho,Portal,True,False,1,pronto_para_geocodificar,none,"Candidato a geocodificacao; nao e coordenada, rotulo ou evidencia de treino.","Nao usar como ground truth, escore ou variavel derivada do rotulo.","Henry Ford, LINDOIA, Curitiba, PR, Brasil",medium,-25.4754532,-49.2667944,"Córrego Henry Ford, Lindóia, Curitiba, Paraná, Região Sul, 80630-280, Brasil",,stream,916254391,
021fa265724e262d,2024,08/04/2024,Drenagem,Alagamentos,Concluído,Avenida República Argentina,AGUA VERDE,Unidade Regional Portao,Portal,True,False,1,pronto_para_geocodificar,none,"Candidato a geocodificacao; nao e coordenada, rotulo ou evidencia de treino.","Nao usar como ground truth, escore ou variavel derivada do rotulo.","Avenida República Argentina, AGUA VERDE, Curitiba, PR, Brasil",strong,-25.4579486,-49.2886787,"Avenida República Argentina, Água Verde, Curitiba, Paraná, Região Sul, 80320-210, Brasil",,tertiary,435228453,
238d295b2bca5a0d,2024,09/12/2024,Drenagem,Alagamentos,Concluído,Comendador Araújo,CENTRO,Unidade Regional Matriz,Portal,True,False,1,pronto_para_geocodificar,none,"Candidato a geocodificacao; nao e coordenada, rotulo ou evidencia de treino.","Nao usar como ground truth, escore ou variavel derivada do rotulo.","Comendador Araújo, CENTRO, Curitiba, PR, Brasil",medium,-25.4355974,-49.2788521,"Banco do Brasil, 314, Rua Comendador Araújo, Centro, Curitiba, Paraná, Região Sul, 80420-000, Brasil",,bank,259068530,
95339ce93b30ec9f,2024,09/12/2024,Drenagem,Alagamentos,Aberto,RUA MÉXICO,JARDIM SOCIAL,Unidade Regional Matriz,Telefone,True,False,1,pronto_para_geocodificar,none,"Candidato a geocodificacao; nao e coordenada, rotulo ou evidencia de treino.","Nao usar como ground truth, escore ou variavel derivada do rotulo.","RUA MÉXICO, JARDIM SOCIAL, Curitiba, PR, Brasil",strong,-25.4127114,-49.2342957,"Rua México, Jardim Social, Curitiba, Paraná, Região Sul, 82820-530, Brasil",,secondary,244506646,
5676c7cf701aaa1c,2024,25/06/2024,Drenagem,Alagamentos,Concluído,RUA EDUARDO COUTURE,JARDIM DAS AMERICAS,Unidade Regional Cajuru,Telefone,True,False,1,pronto_para_geocodificar,none,"Candidato a geocodificacao; nao e coordenada, rotulo ou evidencia de treino.","Nao usar como ground truth, escore ou variavel derivada do rotulo.","RUA EDUARDO COUTURE, JARDIM DAS AMERICAS, Curitiba, PR, Brasil",strong,-25.4634131,-49.2265627,"Rua Eduardo Couture, Jardim das Américas, Curitiba, Paraná, Região Sul, 81530-380, Brasil",,residential,56051046,
dcea73aa50852539,2024,09/12/2024,Drenagem,Alagamentos,Concluído,Maria Bauer Siegmund,PILARZINHO,Unidade Regional Boa Vista,Telefone,True,False,1,pronto_para_geocodificar,none,"Candidato a geocodificacao; nao e coordenada, rotulo ou evidencia de treino.","Nao usar como ground truth, escore ou variavel derivada do rotulo.","Maria Bauer Siegmund, PILARZINHO, Curitiba, PR, Brasil",strong,-25.3888865,-49.2794756,"Rua Maria Bauer Siegmund, Pilarzinho, Curitiba, Paraná, Região Sul, 82120-000, Brasil",,residential,150296498,
8ff539c73806c1d0,2024,09/12/2024,Drenagem,Alagamentos,Aberto,Rua Catarina Goossen,XAXIM,Unidade Regional Boqueirao,Telefone,True,False,1,pronto_para_geocodificar,none,"Candidato a geocodificacao; nao e coordenada, rotulo ou evidencia de treino.","Nao usar como ground truth, escore ou variavel derivada do rotulo.","Rua Catarina Goossen, XAXIM, Curitiba, PR, Brasil",strong,-25.5126083,-49.2701899,"Rua Catarina Goosen, Xaxim, Curitiba, Paraná, Região Sul, 81830-020, Brasil",,residential,85019677,
b8f5cc7db1aedab8,2024,09/12/2024,Proteção ao cidadão - GM,"Enchentes, inundações ou alagamentos",Concluído,AVENIDA MANOEL RIBAS,MERCES,Unidade Regional Matriz,Telefone,True,False,1,pronto_para_geocodificar,none,"Candidato a geocodificacao; nao e coordenada, rotulo ou evidencia de treino.","Nao usar como ground truth, escore ou variavel derivada do rotulo.","AVENIDA MANOEL RIBAS, MERCES, Curitiba, PR, Brasil",strong,-25.4212338,-49.2922248,"Avenida Manoel Ribas, Mercês, Curitiba, Paraná, Região Sul, 80810-040, Brasil",,primary,90619497,
b8f5cc7db1aedab8,2024,09/12/2024,Drenagem,Alagamentos,Concluído,AVENIDA MANOEL RIBAS,MERCES,Unidade Regional Matriz,Telefone,True,False,1,pronto_para_geocodificar,none,"Candidato a geocodificacao; nao e coordenada, rotulo ou evidencia de treino.","Nao usar como ground truth, escore ou variavel derivada do rotulo.","AVENIDA MANOEL RIBAS, MERCES, Curitiba, PR, Brasil",strong,-25.4212338,-49.2922248,"Avenida Manoel Ribas, Mercês, Curitiba, Paraná, Região Sul, 80810-040, Brasil",,primary,90619497,
a18d0b9d3444936e,2024,10/12/2024,Drenagem,Alagamentos,Aberto,Benedito França,CAPAO DA IMBUIA,Unidade Regional Cajuru,Portal,True,False,1,pronto_para_geocodificar,none,"Candidato a geocodificacao; nao e coordenada, rotulo ou evidencia de treino.","Nao usar como ground truth, escore ou variavel derivada do rotulo.","Benedito França, CAPAO DA IMBUIA, Curitiba, PR, Brasil",strong,-25.4382745,-49.2063568,"Rua Benedito França, Capão da Imbuia, Curitiba, Paraná, Região Sul, 82810-460, Brasil",,residential,105586587,
87e5b7c549907ba0,2024,10/12/2024,Drenagem,Alagamentos,Concluído,Manoela Stier Reiss,UBERABA,Unidade Regional Cajuru,Portal,True,False,2,pronto_para_geocodificar,none,"Candidato a geocodificacao; nao e coordenada, rotulo ou evidencia de treino.","Nao usar como ground truth, escore ou variavel derivada do rotulo.","Manoela Stier Reiss, UBERABA, Curitiba, PR, Brasil",strong,-25.497263,-49.2034052,"Rua Manoela Stier Reiss, Vila Jardim Icaray, Uberaba, Curitiba, Paraná, Região Sul, 81560-615, Brasil",,residential,125624723,
87e5b7c549907ba0,2024,10/12/2024,Drenagem,Alagamentos,Concluído,Manoela Stier Reiss,UBERABA,Unidade Regional Cajuru,Portal,True,False,2,pronto_para_geocodificar,none,"Candidato a geocodificacao; nao e coordenada, rotulo ou evidencia de treino.","Nao usar como ground truth, escore ou variavel derivada do rotulo.","Manoela Stier Reiss, UBERABA, Curitiba, PR, Brasil",strong,-25.497263,-49.2034052,"Rua Manoela Stier Reiss, Vila Jardim Icaray, Uberaba, Curitiba, Paraná, Região Sul, 81560-615, Brasil",,residential,125624723,
316e1531fb245c21,2024,11/12/2024,Drenagem,Alagamentos,Aberto,Rua Iporã,ALTO BOQUEIRAO,Unidade Regional Boqueirao,Telefone,True,False,1,pronto_para_geocodificar,none,"Candidato a geocodificacao; nao e coordenada, rotulo ou evidencia de treino.","Nao usar como ground truth, escore ou variavel derivada do rotulo.","Rua Iporã, ALTO BOQUEIRAO, Curitiba, PR, Brasil",strong,-25.5319247,-49.2351808,"Rua Iporã, Alto Boqueirão, Curitiba, Paraná, Região Sul, 81770-440, Brasil",,residential,260387234,
876952f4d4cfb019,2024,10/12/2024,Proteção ao cidadão - GM,"Enchentes, inundações ou alagamentos",Concluído,RUA DOUTOR WALDEMIRO PEREIRA,CAPAO RASO,Unidade Regional Pinheirinho,Telefone,True,False,1,pronto_para_geocodificar,none,"Candidato a geocodificacao; nao e coordenada, rotulo ou evidencia de treino.","Nao usar como ground truth, escore ou variavel derivada do rotulo.","RUA DOUTOR WALDEMIRO PEREIRA, CAPAO RASO, Curitiba, PR, Brasil",strong,-25.5145176,-49.3046354,"Rua Doutor Waldemiro Pereira, Capão Raso, Curitiba, Paraná, Região Sul, 81150-120, Brasil",,residential,33037356,
d6698a7484b34aca,2024,25/06/2024,Drenagem,Alagamentos,Concluído,RUA FRANCISCO ROCHA,BIGORRILHO,Unidade Regional Matriz,Telefone,True,False,1,pronto_para_geocodificar,none,"Candidato a geocodificacao; nao e coordenada, rotulo ou evidencia de treino.","Nao usar como ground truth, escore ou variavel derivada do rotulo.","RUA FRANCISCO ROCHA, BIGORRILHO, Curitiba, PR, Brasil",strong,-25.4372386,-49.2921825,"Rua Francisco Rocha, Bigorrilho, Curitiba, Paraná, Região Sul, 80730-420, Brasil",,secondary,223784049,
cbd3eefba7da8d6a,2024,28/06/2024,Drenagem,Alagamentos,Concluído,RUA ROSIANE JACOMEL,CIDADE INDUSTRIAL,Unidade Regional CIC,Telefone,True,False,1,pronto_para_geocodificar,none,"Candidato a geocodificacao; nao e coordenada, rotulo ou evidencia de treino.","Nao usar como ground truth, escore ou variavel derivada do rotulo.","RUA ROSIANE JACOMEL, CIDADE INDUSTRIAL, Curitiba, PR, Brasil",medium,-25.497993,-49.334522,"Cidade Industrial de Curitiba, Curitiba, Paraná, Região Sul, 81350-260, Brasil",,suburb,3012156952,fallback_bairro_apos_rua_sem_resultado_em_bbox
4a599fca0934161d,2024,13/12/2024,Drenagem,Alagamentos,Concluído,Dona Eleusina Plaisant,SANTA QUITERIA,Unidade Regional Portao,Portal,True,False,1,pronto_para_geocodificar,none,"Candidato a geocodificacao; nao e coordenada, rotulo ou evidencia de treino.","Nao usar como ground truth, escore ou variavel derivada do rotulo.","Dona Eleusina Plaisant, SANTA QUITERIA, Curitiba, PR, Brasil",strong,-25.4622063,-49.313318,"Rua Dona Eleusina Plaisant, Santa Quitéria, Curitiba, Paraná, Região Sul, 80310-010, Brasil",,residential,424919313,
0619e93a3c4321e1,2024,08/08/2024,Drenagem,Alagamentos,Concluído,Senador Nereu Ramos,GUABIROTUBA,Unidade Regional Cajuru,Portal,True,False,1,pronto_para_geocodificar,none,"Candidato a geocodificacao; nao e coordenada, rotulo ou evidencia de treino.","Nao usar como ground truth, escore ou variavel derivada do rotulo.","Senador Nereu Ramos, GUABIROTUBA, Curitiba, PR, Brasil",strong,-25.4582003,-49.2456742,"Rua Senador Nereu Ramos, Guabirotuba, Curitiba, Paraná, Região Sul, 81510-120, Brasil",,residential,120578699,
3837312670e7b436,2024,08/12/2024,Proteção ao cidadão - GM,"Enchentes, inundações ou alagamentos",Concluído,Edelzina de Jesus Santiago,CIDADE INDUSTRIAL,Unidade Regional CIC,Telefone,True,False,1,pronto_para_geocodificar,none,"Candidato a geocodificacao; nao e coordenada, rotulo ou evidencia de treino.","Nao usar como ground truth, escore ou variavel derivada do rotulo.","Edelzina de Jesus Santiago, CIDADE INDUSTRIAL, Curitiba, PR, Brasil",strong,-25.5006942,-49.3389717,"Rua Edelzina de Jesus Santiago, Cidade Industrial de Curitiba, Curitiba, Paraná, Região Sul, 81350-260, Brasil",,residential,138705789,
a96fd08fa3f29cbe,2024,09/12/2024,Drenagem,Alagamentos,Concluído,Esper Jorge Chueri,CAJURU,Unidade Regional Cajuru,Portal,True,False,1,pronto_para_geocodificar,none,"Candidato a geocodificacao; nao e coordenada, rotulo ou evidencia de treino.","Nao usar como ground truth, escore ou variavel derivada do rotulo.","Esper Jorge Chueri, CAJURU, Curitiba, PR, Brasil",strong,-25.4505311,-49.2091906,"Rua Esper Jorge Chueri, Cajuru, Curitiba, Paraná, Região Sul, 82930-210, Brasil",,residential,232900716,
8ff539c73806c1d0,2024,09/12/2024,Proteção ao cidadão - GM,"Enchentes, inundações ou alagamentos",Concluído,Rua Catarina Goossen,XAXIM,Unidade Regional Boqueirao,Telefone,True,False,1,pronto_para_geocodificar,none,"Candidato a geocodificacao; nao e coordenada, rotulo ou evidencia de treino.","Nao usar como ground truth, escore ou variavel derivada do rotulo.","Rua Catarina Goossen, XAXIM, Curitiba, PR, Brasil",strong,-25.5126083,-49.2701899,"Rua Catarina Goosen, Xaxim, Curitiba, Paraná, Região Sul, 81830-020, Brasil",,residential,85019677,
b8bb8ad84949aa6f,2024,24/06/2024,Drenagem,Alagamentos,Concluído,Rua Jorge Gazal,CIDADE INDUSTRIAL,Unidade Regional CIC,Portal,True,False,2,pronto_para_geocodificar,none,"Candidato a geocodificacao; nao e coordenada, rotulo ou evidencia de treino.","Nao usar como ground truth, escore ou variavel derivada do rotulo.","Rua Jorge Gazal, CIDADE INDUSTRIAL, Curitiba, PR, Brasil",medium,-25.497993,-49.334522,"Cidade Industrial de Curitiba, Curitiba, Paraná, Região Sul, 81350-260, Brasil",,suburb,3012156952,fallback_bairro_apos_rua_sem_resultado_em_bbox
b8bb8ad84949aa6f,2024,24/06/2024,Drenagem,Alagamentos,Concluído,Rua Jorge Gazal,CIDADE INDUSTRIAL,Unidade Regional CIC,Telefone,True,False,2,pronto_para_geocodificar,none,"Candidato a geocodificacao; nao e coordenada, rotulo ou evidencia de treino.","Nao usar como ground truth, escore ou variavel derivada do rotulo.","Rua Jorge Gazal, CIDADE INDUSTRIAL, Curitiba, PR, Brasil",medium,-25.497993,-49.334522,"Cidade Industrial de Curitiba, Curitiba, Paraná, Região Sul, 81350-260, Brasil",,suburb,3012156952,fallback_bairro_apos_rua_sem_resultado_em_bbox
2a41b23d75c047c0,2024,26/06/2024,Drenagem,Alagamentos,Concluído,RUA MARECHAL OCTÁVIO SALDANHA MAZZA,PINHEIRINHO,Unidade Regional Pinheirinho,Telefone,True,False,1,pronto_para_geocodificar,none,"Candidato a geocodificacao; nao e coordenada, rotulo ou evidencia de treino.","Nao usar como ground truth, escore ou variavel derivada do rotulo.","RUA MARECHAL OCTÁVIO SALDANHA MAZZA, PINHEIRINHO, Curitiba, PR, Brasil",strong,-25.5248171,-49.2940475,"Rua Marechal Octávio Saldanha Mazza, Pinheirinho, Curitiba, Paraná, Região Sul, 81690-400, Brasil",,primary,111476404,
b78944dba8c6e258,2024,07/11/2024,Drenagem,Alagamentos,Concluído,Antônio Pastre,CIDADE INDUSTRIAL,Unidade Regional CIC,Portal,True,False,1,pronto_para_geocodificar,none,"Candidato a geocodificacao; nao e coordenada, rotulo ou evidencia de treino.","Nao usar como ground truth, escore ou variavel derivada do rotulo.","Antônio Pastre, CIDADE INDUSTRIAL, Curitiba, PR, Brasil",strong,-25.4995233,-49.34518,"Rua Antônio Pastre, Cidade Industrial de Curitiba, Curitiba, Paraná, Região Sul, 81350-260, Brasil",,tertiary,127531650,
f909f8782e63bcb2,2024,07/11/2024,Drenagem,Alagamentos,Aberto,Presidente Faria,CENTRO,Unidade Regional Matriz,Portal,True,False,1,pronto_para_geocodificar,none,"Candidato a geocodificacao; nao e coordenada, rotulo ou evidencia de treino.","Nao usar como ground truth, escore ou variavel derivada do rotulo.","Presidente Faria, CENTRO, Curitiba, PR, Brasil",strong,-25.4291665,-49.2680403,"Rua Presidente Faria, Centro, Curitiba, Paraná, Região Sul, 80020-310, Brasil",,tertiary,24576467,
1bb880896aac2ffe,2024,03/11/2024,Drenagem,Alagamentos,Concluído,RUA COLOMBIA,BACACHERI,Unidade Regional Boa Vista,Telefone,True,False,1,pronto_para_geocodificar,none,"Candidato a geocodificacao; nao e coordenada, rotulo ou evidencia de treino.","Nao usar como ground truth, escore ou variavel derivada do rotulo.","RUA COLOMBIA, BACACHERI, Curitiba, PR, Brasil",strong,-25.4081686,-49.2395069,"Rua Colômbia, Bacacheri, Curitiba, Paraná, Região Sul, 82515-030, Brasil",,tertiary,1104868486,
9931e03cc0717040,2024,07/07/2024,Drenagem,Alagamentos,Concluído,RUA GUILHERME DE SOUZA VALENTE,ABRANCHES,Unidade Regional Boa Vista,Portal,True,False,1,pronto_para_geocodificar,none,"Candidato a geocodificacao; nao e coordenada, rotulo ou evidencia de treino.","Nao usar como ground truth, escore ou variavel derivada do rotulo.","RUA GUILHERME DE SOUZA VALENTE, ABRANCHES, Curitiba, PR, Brasil",strong,-25.3684311,-49.2710544,"Rua Guilherme de Souza Valente, Abranches, Curitiba, Paraná, Região Sul, 82220-330, Brasil",,residential,398722371,
5b890fa28700692c,2024,24/04/2024,Drenagem,Alagamentos,Concluído,Rua Francisco Derosso,XAXIM,Unidade Regional Boqueirao,Portal,True,False,1,pronto_para_geocodificar,none,"Candidato a geocodificacao; nao e coordenada, rotulo ou evidencia de treino.","Nao usar como ground truth, escore ou variavel derivada do rotulo.","Rua Francisco Derosso, XAXIM, Curitiba, PR, Brasil",strong,-25.4967415,-49.2693544,"Rua Francisco Derosso, Xaxim, Curitiba, Paraná, Região Sul, 81810-440, Brasil",,secondary,409615467,
0744e6916bfca676,2024,02/07/2024,Drenagem,Alagamentos,Concluído,Rua Diogo Mugiatti,BOQUEIRAO,Unidade Regional Boqueirao,Portal,True,False,1,pronto_para_geocodificar,none,"Candidato a geocodificacao; nao e coordenada, rotulo ou evidencia de treino.","Nao usar como ground truth, escore ou variavel derivada do rotulo.","Rua Diogo Mugiatti, BOQUEIRAO, Curitiba, PR, Brasil",strong,-25.5095857,-49.2257374,"Rua Diogo Mugiatti, Boqueirão, Curitiba, Paraná, Região Sul, 81730-360, Brasil",,residential,161181849,
bf6906d461f1c268,2024,24/04/2024,Drenagem,Alagamentos,Concluído,Avenida Presidente Getúlio Vargas,VILA IZABEL,Unidade Regional Portao,Portal,True,False,1,pronto_para_geocodificar,none,"Candidato a geocodificacao; nao e coordenada, rotulo ou evidencia de treino.","Nao usar como ground truth, escore ou variavel derivada do rotulo.","Avenida Presidente Getúlio Vargas, VILA IZABEL, Curitiba, PR, Brasil",strong,-25.4551341,-49.2983877,"Avenida Presidente Getúlio Vargas, Vila Izabel, Curitiba, Paraná, Região Sul, 80240-074, Brasil",,secondary,232888354,
1e95f25c2a9876fa,2024,26/04/2024,Drenagem,Alagamentos,Concluído,RUA DESEMBARGADOR JOSÉ CARLOS RIBEIRO RIBAS,ABRANCHES,Unidade Regional Boa Vista,Telefone,True,False,1,pronto_para_geocodificar,none,"Candidato a geocodificacao; nao e coordenada, rotulo ou evidencia de treino.","Nao usar como ground truth, escore ou variavel derivada do rotulo.","RUA DESEMBARGADOR JOSÉ CARLOS RIBEIRO RIBAS, ABRANCHES, Curitiba, PR, Brasil",strong,-25.3785604,-49.2786519,"Rua Desembargador José Carlos Ribeiro Ribas, Abranches, Curitiba, Paraná, Região Sul, 82130-290, Brasil",,secondary,178473221,
4ff80f533962c0dc,2024,02/07/2024,Drenagem,Alagamentos,Concluído,RUA MILTON MIRAMIR VISINONI,SITIO CERCADO,Unidade Regional Bairro Novo,Telefone,True,False,1,pronto_para_geocodificar,none,"Candidato a geocodificacao; nao e coordenada, rotulo ou evidencia de treino.","Nao usar como ground truth, escore ou variavel derivada do rotulo.","RUA MILTON MIRAMIR VISINONI, SITIO CERCADO, Curitiba, PR, Brasil",strong,-25.5439896,-49.249968,"Rua Milton Miramir Visinoni, Sítio Cercado, Curitiba, Paraná, Região Sul, 81920-080, Brasil",,residential,127251677,
8b11ff8d4eccbfa4,2024,16/12/2024,Drenagem,Alagamentos,Concluído,RUA ODILON DE SANTA RITA BORBA,BACACHERI,Unidade Regional Boa Vista,Telefone,True,False,1,pronto_para_geocodificar,none,"Candidato a geocodificacao; nao e coordenada, rotulo ou evidencia de treino.","Nao usar como ground truth, escore ou variavel derivada do rotulo.","RUA ODILON DE SANTA RITA BORBA, BACACHERI, Curitiba, PR, Brasil",strong,-25.3969351,-49.2393209,"Rua Odilon de Santa Rita Borba, Bacacheri, Curitiba, Paraná, Região Sul, 82515-270, Brasil",,residential,390756722,
d38eece76cba6608,2024,17/12/2024,Drenagem,Alagamentos,Aberto,Padre Júlio Saavedra,UBERABA,Unidade Regional Cajuru,Portal,True,False,1,pronto_para_geocodificar,none,"Candidato a geocodificacao; nao e coordenada, rotulo ou evidencia de treino.","Nao usar como ground truth, escore ou variavel derivada do rotulo.","Padre Júlio Saavedra, UBERABA, Curitiba, PR, Brasil",strong,-25.4776312,-49.230332,"Rua Padre Júlio Saavedra, Uberaba, Curitiba, Paraná, Região Sul, 81570-140, Brasil",,residential,701661134,
c0486f416b9d0ace,2024,13/11/2024,Drenagem,Alagamentos,Concluído,Doutor Petrônio Romero de Souza,CAJURU,Unidade Regional Cajuru,Portal,True,False,1,pronto_para_geocodificar,none,"Candidato a geocodificacao; nao e coordenada, rotulo ou evidencia de treino.","Nao usar como ground truth, escore ou variavel derivada do rotulo.","Doutor Petrônio Romero de Souza, CAJURU, Curitiba, PR, Brasil",medium,-25.4716034,-49.2108717,"Rua Doutor Petrônio Romero de Souza, 95, Rua Doutor Petrônio Romero de Souza, Cajuru, Curitiba, Paraná, Região Sul, 82960-180, Brasil",,shelter,9986476555,
334df3a2b4843877,2024,11/11/2024,Drenagem,Alagamentos,Concluído,RUA XV DE NOVEMBRO,CENTRO,Unidade Regional Matriz,Telefone,True,False,1,pronto_para_geocodificar,none,"Candidato a geocodificacao; nao e coordenada, rotulo ou evidencia de treino.","Nao usar como ground truth, escore ou variavel derivada do rotulo.","RUA XV DE NOVEMBRO, CENTRO, Curitiba, PR, Brasil",strong,-25.4271804,-49.2613828,"Rua XV de Novembro, Centro, Curitiba, Paraná, Região Sul, 80060-000, Brasil",,secondary,291467468,
172830ea36efb59c,2024,11/07/2024,Drenagem,Alagamentos,Concluído,Rua Coronel Irazê Paes Brasil,TARUMA,Unidade Regional Cajuru,Portal,True,False,1,pronto_para_geocodificar,none,"Candidato a geocodificacao; nao e coordenada, rotulo ou evidencia de treino.","Nao usar como ground truth, escore ou variavel derivada do rotulo.","Rua Coronel Irazê Paes Brasil, TARUMA, Curitiba, PR, Brasil",strong,-25.4316429,-49.2287065,"Rua Coronel Irazê Paes Brasil, Tarumã, Curitiba, Paraná, Região Sul, 82800-900, Brasil",,residential,126223244,
dab3853d511a27a8,2024,11/07/2024,Drenagem,Alagamentos,Concluído,Rua General Polli Coelho,TARUMA,Unidade Regional Cajuru,Portal,True,False,1,pronto_para_geocodificar,none,"Candidato a geocodificacao; nao e coordenada, rotulo ou evidencia de treino.","Nao usar como ground truth, escore ou variavel derivada do rotulo.","Rua General Polli Coelho, TARUMA, Curitiba, PR, Brasil",strong,-25.430765,-49.2276,"Rua General Polli Coelho, Tarumã, Curitiba, Paraná, Região Sul, 82800-030, Brasil",,tertiary,24877329,
1ebf326aa6ac26b6,2024,09/07/2024,Drenagem,Alagamentos,Concluído,Rua Bororós,VILA IZABEL,Unidade Regional Portao,Telefone,True,False,1,pronto_para_geocodificar,none,"Candidato a geocodificacao; nao e coordenada, rotulo ou evidencia de treino.","Nao usar como ground truth, escore ou variavel derivada do rotulo.","Rua Bororós, VILA IZABEL, Curitiba, PR, Brasil",strong,-25.4579269,-49.2933445,"Rua Bororós, Vila Izabel, Curitiba, Paraná, Região Sul, 80320-040, Brasil",,residential,99449524,
4f3c764c17d5dccf,2024,09/07/2024,Drenagem,Alagamentos,Concluído,RUA BOROROS,PORTAO,Unidade Regional Portao,Portal,True,False,1,pronto_para_geocodificar,none,"Candidato a geocodificacao; nao e coordenada, rotulo ou evidencia de treino.","Nao usar como ground truth, escore ou variavel derivada do rotulo.","RUA BOROROS, PORTAO, Curitiba, PR, Brasil",strong,-25.4579269,-49.2933445,"Rua Bororós, Vila Izabel, Curitiba, Paraná, Região Sul, 80320-040, Brasil",,residential,99449524,
e5f82818d002a3b2,2024,28/12/2024,Drenagem,Alagamentos,Aberto,Hussein Ibrahim Omairy,SITIO CERCADO,Unidade Regional Bairro Novo,Portal,True,False,1,pronto_para_geocodificar,none,"Candidato a geocodificacao; nao e coordenada, rotulo ou evidencia de treino.","Nao usar como ground truth, escore ou variavel derivada do rotulo.","Hussein Ibrahim Omairy, SITIO CERCADO, Curitiba, PR, Brasil",strong,-25.5536964,-49.2595826,"Rua Hussein Ibrahim Omairy, Sítio Cercado, Curitiba, Paraná, Região Sul, 81935-301, Brasil",,residential,397964521,
a8f5d353b4be64ff,2024,31/12/2024,Proteção ao cidadão - GM,"Enchentes, inundações ou alagamentos",Respondido,Rua Iporã,ALTO BOQUEIRAO,Unidade Regional Boqueirao,Telefone,True,False,1,pronto_para_geocodificar,none,"Candidato a geocodificacao; nao e coordenada, rotulo ou evidencia de treino.","Nao usar como ground truth, escore ou variavel derivada do rotulo.","Rua Iporã, ALTO BOQUEIRAO, Curitiba, PR, Brasil",strong,-25.5319247,-49.2351808,"Rua Iporã, Alto Boqueirão, Curitiba, Paraná, Região Sul, 81770-440, Brasil",,residential,260387234,
0f86fcadc9aaf2cf,2024,31/12/2024,Proteção ao cidadão - GM,"Enchentes, inundações ou alagamentos",Respondido,Rua Santa Amélia,XAXIM,Unidade Regional Boqueirao,Telefone,True,False,1,pronto_para_geocodificar,none,"Candidato a geocodificacao; nao e coordenada, rotulo ou evidencia de treino.","Nao usar como ground truth, escore ou variavel derivada do rotulo.","Rua Santa Amélia, XAXIM, Curitiba, PR, Brasil",strong,-25.4984303,-49.2737612,"Rua Santa Amélia, Xaxim, Curitiba, Paraná, Região Sul, 81810-440, Brasil",,tertiary,84886781,
0f86fcadc9aaf2cf,2024,31/12/2024,Drenagem,Alagamentos,Aberto,Rua Santa Amélia,XAXIM,Unidade Regional Boqueirao,Telefone,True,False,1,pronto_para_geocodificar,none,"Candidato a geocodificacao; nao e coordenada, rotulo ou evidencia de treino.","Nao usar como ground truth, escore ou variavel derivada do rotulo.","Rua Santa Amélia, XAXIM, Curitiba, PR, Brasil",strong,-25.4984303,-49.2737612,"Rua Santa Amélia, Xaxim, Curitiba, Paraná, Região Sul, 81810-440, Brasil",,tertiary,84886781,
c2e50321b06e5999,2024,10/05/2024,Drenagem,Alagamentos,Concluído,Rua José Zaleski,CAPAO RASO,Unidade Regional Pinheirinho,Portal,True,False,1,pronto_para_geocodificar,none,"Candidato a geocodificacao; nao e coordenada, rotulo ou evidencia de treino.","Nao usar como ground truth, escore ou variavel derivada do rotulo.","Rua José Zaleski, CAPAO RASO, Curitiba, PR, Brasil",strong,-25.5028491,-49.3102845,"Rua José Zaleski, Capão Raso, Curitiba, Paraná, Região Sul, 81310-300, Brasil",,tertiary,1217909540,
8819a0b912484903,2024,06/05/2024,Drenagem,Alagamentos,Concluído,Rua Isaías Régis de Miranda,BOQUEIRAO,Unidade Regional Boqueirao,Portal,True,False,1,pronto_para_geocodificar,none,"Candidato a geocodificacao; nao e coordenada, rotulo ou evidencia de treino.","Nao usar como ground truth, escore ou variavel derivada do rotulo.","Rua Isaías Régis de Miranda, BOQUEIRAO, Curitiba, PR, Brasil",strong,-25.4853224,-49.2508847,"Rua Isaías Régis de Miranda, Hauer, Curitiba, Paraná, Região Sul, 81630-020, Brasil",,residential,85042410,
6ae7fc4bd1db0472,2024,22/05/2024,Drenagem,Alagamentos,Concluído,RUA CONDE DOS ARCOS,NOVO MUNDO,Unidade Regional Pinheirinho,Portal,True,False,1,pronto_para_geocodificar,none,"Candidato a geocodificacao; nao e coordenada, rotulo ou evidencia de treino.","Nao usar como ground truth, escore ou variavel derivada do rotulo.","RUA CONDE DOS ARCOS, NOVO MUNDO, Curitiba, PR, Brasil",strong,-25.4813919,-49.2846422,"Rua Conde dos Arcos, Novo Mundo, Curitiba, Paraná, Região Sul, 81020-235, Brasil",,residential,48310152,
1af648b8947efcd0,2024,20/05/2024,Drenagem,Alagamentos,Concluído,RUA ALCIDES THERÉZIO DE CARVALHO,GUABIROTUBA,Unidade Regional Cajuru,Portal,True,False,1,pronto_para_geocodificar,none,"Candidato a geocodificacao; nao e coordenada, rotulo ou evidencia de treino.","Nao usar como ground truth, escore ou variavel derivada do rotulo.","RUA ALCIDES THERÉZIO DE CARVALHO, GUABIROTUBA, Curitiba, PR, Brasil",strong,-25.459076,-49.2419347,"Rua Alcides Therézio de Carvalho, Guabirotuba, Curitiba, Paraná, Região Sul, 81510-120, Brasil",,residential,161197916,
7fbdc9637dc77510,2024,20/05/2024,Drenagem,Alagamentos,Concluído,Rua José Zaleski,CAPAO RASO,Unidade Regional Pinheirinho,Portal,True,False,1,pronto_para_geocodificar,none,"Candidato a geocodificacao; nao e coordenada, rotulo ou evidencia de treino.","Nao usar como ground truth, escore ou variavel derivada do rotulo.","Rua José Zaleski, CAPAO RASO, Curitiba, PR, Brasil",strong,-25.5028491,-49.3102845,"Rua José Zaleski, Capão Raso, Curitiba, Paraná, Região Sul, 81310-300, Brasil",,tertiary,1217909540,
39bbba9529398650,2024,24/05/2024,Proteção ao cidadão - GM,"Enchentes, inundações ou alagamentos",Concluído,AVENIDA PRESIDENTE WENCESLAU BRAZ,PAROLIN,Unidade Regional Portao,Telefone,True,False,1,pronto_para_geocodificar,none,"Candidato a geocodificacao; nao e coordenada, rotulo ou evidencia de treino.","Nao usar como ground truth, escore ou variavel derivada do rotulo.","AVENIDA PRESIDENTE WENCESLAU BRAZ, PAROLIN, Curitiba, PR, Brasil",strong,-25.4705732,-49.2571604,"Avenida Presidente Wenceslau Braz, Parolin, Curitiba, Paraná, Região Sul, 81030-030, Brasil",,secondary,24783529,
3e613ef1ea671ad1,2024,24/05/2024,Drenagem,Alagamentos,Concluído,Rua Padre Estanislau Piasecki,CIDADE INDUSTRIAL,Unidade Regional CIC,Telefone,True,False,1,pronto_para_geocodificar,none,"Candidato a geocodificacao; nao e coordenada, rotulo ou evidencia de treino.","Nao usar como ground truth, escore ou variavel derivada do rotulo.","Rua Padre Estanislau Piasecki, CIDADE INDUSTRIAL, Curitiba, PR, Brasil",medium,-25.497993,-49.334522,"Cidade Industrial de Curitiba, Curitiba, Paraná, Região Sul, 81350-260, Brasil",,suburb,3012156952,fallback_bairro_apos_rua_sem_resultado_em_bbox
35a2caccf7a283f4,2024,16/09/2024,Drenagem,Alagamentos,Concluído,RUA PROFESSOR LYCIO GREIN DE CASTRO VELLOZO,MERCES,Unidade Regional Matriz,Telefone,True,False,1,pronto_para_geocodificar,none,"Candidato a geocodificacao; nao e coordenada, rotulo ou evidencia de treino.","Nao usar como ground truth, escore ou variavel derivada do rotulo.","RUA PROFESSOR LYCIO GREIN DE CASTRO VELLOZO, MERCES, Curitiba, PR, Brasil",strong,-25.4206206,-49.2953759,"Rua Professor Lýcio Grein de Castro Vellozo, Mercês, Curitiba, Paraná, Região Sul, 80810-345, Brasil",,residential,163603461,
c0cd2fe727fc70b9,2024,20/09/2024,Drenagem,Alagamentos,Concluído,Pérola do Oeste,SITIO CERCADO,Unidade Regional Bairro Novo,Portal,True,False,1,pronto_para_geocodificar,none,"Candidato a geocodificacao; nao e coordenada, rotulo ou evidencia de treino.","Nao usar como ground truth, escore ou variavel derivada do rotulo.","Pérola do Oeste, SITIO CERCADO, Curitiba, PR, Brasil",strong,-25.5524756,-49.2756569,"Rua Pérola do Oeste, Sítio Cercado, Curitiba, Paraná, Região Sul, 81925-417, Brasil",,residential,127268393,
3a7816ef7cd25411,2024,18/09/2024,Drenagem,Alagamentos,Concluído,Inácio Wolski,CIDADE INDUSTRIAL,Unidade Regional CIC,Portal,True,False,1,pronto_para_geocodificar,none,"Candidato a geocodificacao; nao e coordenada, rotulo ou evidencia de treino.","Nao usar como ground truth, escore ou variavel derivada do rotulo.","Inácio Wolski, CIDADE INDUSTRIAL, Curitiba, PR, Brasil",medium,-25.497993,-49.334522,"Cidade Industrial de Curitiba, Curitiba, Paraná, Região Sul, 81350-260, Brasil",,suburb,3012156952,fallback_bairro_apos_rua_sem_resultado_em_bbox
f431709d70cf435b,2024,24/09/2024,Drenagem,Alagamentos,Concluído,Anne Frank,BOQUEIRAO,Unidade Regional Boqueirao,Portal,True,False,1,pronto_para_geocodificar,none,"Candidato a geocodificacao; nao e coordenada, rotulo ou evidencia de treino.","Nao usar como ground truth, escore ou variavel derivada do rotulo.","Anne Frank, BOQUEIRAO, Curitiba, PR, Brasil",strong,-25.4897462,-49.2419587,"Rua Anne Frank, Boqueirão, Curitiba, Paraná, Região Sul, 81670-000, Brasil",,primary,83933978,
45607cc83bfe5fef,2024,06/10/2024,Drenagem,Alagamentos,Concluído,Albino Kaminski,BAIRRO ALTO,Unidade Regional Boa Vista,Portal,True,False,1,pronto_para_geocodificar,none,"Candidato a geocodificacao; nao e coordenada, rotulo ou evidencia de treino.","Nao usar como ground truth, escore ou variavel derivada do rotulo.","Albino Kaminski, BAIRRO ALTO, Curitiba, PR, Brasil",strong,-25.4101761,-49.2041464,"Rua Albino Kaminski, Bairro Alto, Curitiba, Paraná, Região Sul, 82820-310, Brasil",,tertiary,730970607,
331f65d806030955,2024,03/10/2024,Drenagem,Alagamentos,Concluído,Rua Vereador Antenor Pamphilo dos Santos,VISTA ALEGRE,Unidade Regional Santa Felicidade,Telefone,True,False,1,pronto_para_geocodificar,none,"Candidato a geocodificacao; nao e coordenada, rotulo ou evidencia de treino.","Nao usar como ground truth, escore ou variavel derivada do rotulo.","Rua Vereador Antenor Pamphilo dos Santos, VISTA ALEGRE, Curitiba, PR, Brasil",strong,-25.4090328,-49.298976,"Rua Vereador Antenor Pamphilo dos Santos, Vista Alegre, Curitiba, Paraná, Região Sul, 80820-390, Brasil",,residential,30049716,
1d76631b405423df,2024,02/10/2024,Proteção ao cidadão - GM,"Enchentes, inundações ou alagamentos",Aberto,Olímpio Dos Santos,PORTAO,Unidade Regional Portao,Telefone,True,False,1,pronto_para_geocodificar,none,"Candidato a geocodificacao; nao e coordenada, rotulo ou evidencia de treino.","Nao usar como ground truth, escore ou variavel derivada do rotulo.","Olímpio Dos Santos, PORTAO, Curitiba, PR, Brasil",strong,-25.4825686,-49.3004133,"Rua Olímpio dos Santos, Vila Uberlândia, Portão, Curitiba, Paraná, Região Sul, 81050-030, Brasil",,residential,689348604,
11acacfcd382e46a,2024,02/10/2024,Drenagem,Alagamentos,Concluído,Rua Izolina Moletta Maurer,CIDADE INDUSTRIAL,Unidade Regional CIC,Telefone,True,False,1,pronto_para_geocodificar,none,"Candidato a geocodificacao; nao e coordenada, rotulo ou evidencia de treino.","Nao usar como ground truth, escore ou variavel derivada do rotulo.","Rua Izolina Moletta Maurer, CIDADE INDUSTRIAL, Curitiba, PR, Brasil",medium,-25.497993,-49.334522,"Cidade Industrial de Curitiba, Curitiba, Paraná, Região Sul, 81350-260, Brasil",,suburb,3012156952,fallback_bairro_apos_rua_sem_resultado_em_bbox
8119bd55b4d3d233,2024,02/10/2024,Drenagem,Alagamentos,Concluído,Afrânio Peixoto,FAZENDINHA,Unidade Regional Portao,Portal,True,False,1,pronto_para_geocodificar,none,"Candidato a geocodificacao; nao e coordenada, rotulo ou evidencia de treino.","Nao usar como ground truth, escore ou variavel derivada do rotulo.","Afrânio Peixoto, FAZENDINHA, Curitiba, PR, Brasil",strong,-25.4917298,-49.3253353,"Rua Afrânio Peixoto, Fazendinha, Curitiba, Paraná, Região Sul, 81350-900, Brasil",,residential,1222612179,
4c0e01102f7888a6,2024,02/10/2024,Drenagem,Alagamentos,Concluído,Padre Antônio,CENTRO,Unidade Regional Matriz,Portal,True,False,1,pronto_para_geocodificar,none,"Candidato a geocodificacao; nao e coordenada, rotulo ou evidencia de treino.","Nao usar como ground truth, escore ou variavel derivada do rotulo.","Padre Antônio, CENTRO, Curitiba, PR, Brasil",strong,-25.4230811,-49.2654028,"Rua Padre Antônio, Centro, Curitiba, Paraná, Região Sul, 80030-080, Brasil",,residential,334680889,
e6870fe7a72759ff,2024,02/10/2024,Drenagem,Alagamentos,Concluído,RUA COLOMBIA,BACACHERI,Unidade Regional Boa Vista,Telefone,True,False,1,pronto_para_geocodificar,none,"Candidato a geocodificacao; nao e coordenada, rotulo ou evidencia de treino.","Nao usar como ground truth, escore ou variavel derivada do rotulo.","RUA COLOMBIA, BACACHERI, Curitiba, PR, Brasil",strong,-25.4081686,-49.2395069,"Rua Colômbia, Bacacheri, Curitiba, Paraná, Região Sul, 82515-030, Brasil",,tertiary,1104868486,
9afb2e0c8841fe7b,2024,02/10/2024,Drenagem,Alagamentos,Concluído,das Carmelitas,BOQUEIRAO,Unidade Regional Boqueirao,Portal,True,False,1,pronto_para_geocodificar,none,"Candidato a geocodificacao; nao e coordenada, rotulo ou evidencia de treino.","Nao usar como ground truth, escore ou variavel derivada do rotulo.","das Carmelitas, BOQUEIRAO, Curitiba, PR, Brasil",strong,-25.4869771,-49.2377774,"Rua das Carmelitas, Boqueirão, Curitiba, Paraná, Região Sul, 81650-110, Brasil",,tertiary,85573756,
d5ea2629ce12bb8c,2024,18/05/2024,Drenagem,Alagamentos,Concluído,Rua Lodovico Geronazzo,BOA VISTA,Unidade Regional Boa Vista,Portal,True,False,1,pronto_para_geocodificar,none,"Candidato a geocodificacao; nao e coordenada, rotulo ou evidencia de treino.","Nao usar como ground truth, escore ou variavel derivada do rotulo.","Rua Lodovico Geronazzo, BOA VISTA, Curitiba, PR, Brasil",strong,-25.3822969,-49.2516915,"Rua Lodovico Geronazzo, Boa Vista, Curitiba, Paraná, Região Sul, 82650-090, Brasil",,secondary,363168465,
22722284cf7758c6,2024,18/05/2024,Drenagem,Alagamentos,Concluído,Rua Paranaguá,PORTAO,Unidade Regional Portao,Portal,True,False,1,pronto_para_geocodificar,none,"Candidato a geocodificacao; nao e coordenada, rotulo ou evidencia de treino.","Nao usar como ground truth, escore ou variavel derivada do rotulo.","Rua Paranaguá, PORTAO, Curitiba, PR, Brasil",strong,-25.4702797,-49.287057,"Rua Paranaguá, Portão, Curitiba, Paraná, Região Sul, 80610-140, Brasil",,residential,48310685,
5fc00eb5090b0e9c,2024,18/05/2024,Drenagem,Alagamentos,Concluído,RUA RAYMUNDO NINA RODRIGUES,CAJURU,Unidade Regional Cajuru,Telefone,True,False,1,pronto_para_geocodificar,none,"Candidato a geocodificacao; nao e coordenada, rotulo ou evidencia de treino.","Nao usar como ground truth, escore ou variavel derivada do rotulo.","RUA RAYMUNDO NINA RODRIGUES, CAJURU, Curitiba, PR, Brasil",strong,-25.447224,-49.2191068,"Rua Raymundo Nina Rodrigues, Cajuru, Curitiba, Paraná, Região Sul, 82950-070, Brasil",,residential,686240787,
4a43688b14e7124b,2024,18/05/2024,Drenagem,Alagamentos,Concluído,Rua Waldemar Orso,CAMPO DE SANTANA,Unidade Regional Tatuquara,Telefone,True,False,1,pronto_para_geocodificar,none,"Candidato a geocodificacao; nao e coordenada, rotulo ou evidencia de treino.","Nao usar como ground truth, escore ou variavel derivada do rotulo.","Rua Waldemar Orso, CAMPO DE SANTANA, Curitiba, PR, Brasil",strong,-25.5808564,-49.3220757,"Rua Waldemar Orso, Vila Olinda II, Campo de Santana, Curitiba, Paraná, Região Sul, 81490-040, Brasil",,residential,169645467,
4a43688b14e7124b,2024,18/05/2024,Proteção ao cidadão - GM,"Enchentes, inundações ou alagamentos",Concluído,Rua Waldemar Orso,CAMPO DE SANTANA,Unidade Regional Tatuquara,Telefone,True,False,1,pronto_para_geocodificar,none,"Candidato a geocodificacao; nao e coordenada, rotulo ou evidencia de treino.","Nao usar como ground truth, escore ou variavel derivada do rotulo.","Rua Waldemar Orso, CAMPO DE SANTANA, Curitiba, PR, Brasil",strong,-25.5808564,-49.3220757,"Rua Waldemar Orso, Vila Olinda II, Campo de Santana, Curitiba, Paraná, Região Sul, 81490-040, Brasil",,residential,169645467,
eef2c26fac73f3a5,2024,18/05/2024,Drenagem,Alagamentos,Concluído,Rua Baldur Magnus Grubba,NOVO MUNDO,Unidade Regional Pinheirinho,Telefone,True,False,1,pronto_para_geocodificar,none,"Candidato a geocodificacao; nao e coordenada, rotulo ou evidencia de treino.","Nao usar como ground truth, escore ou variavel derivada do rotulo.","Rua Baldur Magnus Grubba, NOVO MUNDO, Curitiba, PR, Brasil",strong,-25.482083,-49.3032923,"Rua Baldur Magnus Grubba, Vila Uberlândia, Novo Mundo, Curitiba, Paraná, Região Sul, 81070-110, Brasil",,residential,42803381,
3edbd53095c7976d,2024,14/05/2024,Drenagem,Alagamentos,Concluído,Rua General Daltro Filho,SEMINARIO,Unidade Regional Portao,Portal,True,False,1,pronto_para_geocodificar,none,"Candidato a geocodificacao; nao e coordenada, rotulo ou evidencia de treino.","Nao usar como ground truth, escore ou variavel derivada do rotulo.","Rua General Daltro Filho, SEMINARIO, Curitiba, PR, Brasil",strong,-25.451393,-49.3105051,"Rua General Daltro Filho, Seminário, Curitiba, Paraná, Região Sul, 80310-430, Brasil",,residential,48360969,
942598fc72922da7,2024,10/01/2024,Drenagem,Alagamentos,Concluído,Rua Doutor Augusto Lobo de Moura,FAZENDINHA,Unidade Regional Portao,Portal,True,False,2,pronto_para_geocodificar,none,"Candidato a geocodificacao; nao e coordenada, rotulo ou evidencia de treino.","Nao usar como ground truth, escore ou variavel derivada do rotulo.","Rua Doutor Augusto Lobo de Moura, FAZENDINHA, Curitiba, PR, Brasil",strong,-25.4864516,-49.3306626,"Rua Doutor Augusto Lobo de Moura, Fazendinha, Curitiba, Paraná, Região Sul, 81330-430, Brasil",,residential,83705586,
4a3d3f24d0165ca0,2024,09/01/2024,Drenagem,Alagamentos,Concluído,Rua Município de Eneas Marques,CIDADE INDUSTRIAL,Unidade Regional CIC,Telefone,True,False,1,pronto_para_geocodificar,none,"Candidato a geocodificacao; nao e coordenada, rotulo ou evidencia de treino.","Nao usar como ground truth, escore ou variavel derivada do rotulo.","Rua Município de Eneas Marques, CIDADE INDUSTRIAL, Curitiba, PR, Brasil",medium,-25.497993,-49.334522,"Cidade Industrial de Curitiba, Curitiba, Paraná, Região Sul, 81350-260, Brasil",,suburb,3012156952,fallback_bairro_apos_rua_sem_resultado_em_bbox
51b6146036092cd0,2024,09/01/2024,Drenagem,Alagamentos,Concluído,Rua Izolina Moletta Maurer,CIDADE INDUSTRIAL,Unidade Regional CIC,Telefone,True,False,1,pronto_para_geocodificar,none,"Candidato a geocodificacao; nao e coordenada, rotulo ou evidencia de treino.","Nao usar como ground truth, escore ou variavel derivada do rotulo.","Rua Izolina Moletta Maurer, CIDADE INDUSTRIAL, Curitiba, PR, Brasil",medium,-25.497993,-49.334522,"Cidade Industrial de Curitiba, Curitiba, Paraná, Região Sul, 81350-260, Brasil",,suburb,3012156952,fallback_bairro_apos_rua_sem_resultado_em_bbox
b1047222502f7f0f,2024,09/01/2024,Drenagem,Alagamentos,Concluído,RUA NICOLAU VOROBI,CIDADE INDUSTRIAL,Unidade Regional CIC,Telefone,True,False,1,pronto_para_geocodificar,none,"Candidato a geocodificacao; nao e coordenada, rotulo ou evidencia de treino.","Nao usar como ground truth, escore ou variavel derivada do rotulo.","RUA NICOLAU VOROBI, CIDADE INDUSTRIAL, Curitiba, PR, Brasil",strong,-25.4761113,-49.347329,"Rua Nicolau Vorobi, Cidade Industrial de Curitiba, Curitiba, Paraná, Região Sul, 81270-050, Brasil",,residential,161866123,
b1047222502f7f0f,2024,09/01/2024,Proteção ao cidadão - GM,"Enchentes, inundações ou alagamentos",Concluído,RUA NICOLAU VOROBI,CIDADE INDUSTRIAL,Unidade Regional CIC,Telefone,True,False,1,pronto_para_geocodificar,none,"Candidato a geocodificacao; nao e coordenada, rotulo ou evidencia de treino.","Nao usar como ground truth, escore ou variavel derivada do rotulo.","RUA NICOLAU VOROBI, CIDADE INDUSTRIAL, Curitiba, PR, Brasil",strong,-25.4761113,-49.347329,"Rua Nicolau Vorobi, Cidade Industrial de Curitiba, Curitiba, Paraná, Região Sul, 81270-050, Brasil",,residential,161866123,
942598fc72922da7,2024,10/01/2024,Drenagem,Alagamentos,Concluído,Rua Doutor Augusto Lobo de Moura,FAZENDINHA,Unidade Regional Portao,Portal,True,False,2,pronto_para_geocodificar,none,"Candidato a geocodificacao; nao e coordenada, rotulo ou evidencia de treino.","Nao usar como ground truth, escore ou variavel derivada do rotulo.","Rua Doutor Augusto Lobo de Moura, FAZENDINHA, Curitiba, PR, Brasil",strong,-25.4864516,-49.3306626,"Rua Doutor Augusto Lobo de Moura, Fazendinha, Curitiba, Paraná, Região Sul, 81330-430, Brasil",,residential,83705586,
5fccbd64b3c604f1,2024,11/01/2024,Drenagem,Alagamentos,Concluído,Rua Maria Luiza Ribeiro Puchalski,CAJURU,Unidade Regional Cajuru,Portal,True,False,1,pronto_para_geocodificar,none,"Candidato a geocodificacao; nao e coordenada, rotulo ou evidencia de treino.","Nao usar como ground truth, escore ou variavel derivada do rotulo.","Rua Maria Luiza Ribeiro Puchalski, CAJURU, Curitiba, PR, Brasil",strong,-25.4695116,-49.2094711,"Rua Maria Luiza Ribeiro Puchalski, Cajuru, Curitiba, Paraná, Região Sul, 82960-180, Brasil",,residential,164255523,
03c27557cc6aaa9a,2024,11/01/2024,Drenagem,Alagamentos,Concluído,Rua Jaime Rodrigues da Rocha,CAPAO RASO,Unidade Regional Pinheirinho,Portal,True,False,1,pronto_para_geocodificar,none,"Candidato a geocodificacao; nao e coordenada, rotulo ou evidencia de treino.","Nao usar como ground truth, escore ou variavel derivada do rotulo.","Rua Jaime Rodrigues da Rocha, CAPAO RASO, Curitiba, PR, Brasil",strong,-25.5161867,-49.3043441,"Rua Jaime Rodrigues da Rocha, Capão Raso, Curitiba, Paraná, Região Sul, 81150-120, Brasil",,residential,33037379,
884239d2763f4939,2024,17/01/2024,Drenagem,Alagamentos,Concluído,Avenida Vereador Toaldo Túlio,SAO BRAZ,Unidade Regional Santa Felicidade,Portal,True,False,1,pronto_para_geocodificar,none,"Candidato a geocodificacao; nao e coordenada, rotulo ou evidencia de treino.","Nao usar como ground truth, escore ou variavel derivada do rotulo.","Avenida Vereador Toaldo Túlio, SAO BRAZ, Curitiba, PR, Brasil",strong,-25.4154363,-49.3506642,"Avenida Vereador Toaldo Túlio, São Braz, Curitiba, Paraná, Região Sul, 82300-332, Brasil",,secondary,1339909937,
82dd0d42dc7b122f,2024,17/01/2024,Drenagem,Alagamentos,Concluído,Rua José Rossetim,SANTO INACIO,Unidade Regional Santa Felicidade,Portal,True,False,1,pronto_para_geocodificar,none,"Candidato a geocodificacao; nao e coordenada, rotulo ou evidencia de treino.","Nao usar como ground truth, escore ou variavel derivada do rotulo.","Rua José Rossetim, SANTO INACIO, Curitiba, PR, Brasil",strong,-25.4268488,-49.341545,"Rua José Rossetim, Santo Inácio, Curitiba, Paraná, Região Sul, 81200-402, Brasil",,residential,161501511,
750bc937aeedd3fa,2024,17/01/2024,Drenagem,Alagamentos,Concluído,Rua Guilherme Pugsley,AGUA VERDE,Unidade Regional Portao,Telefone,True,False,1,pronto_para_geocodificar,none,"Candidato a geocodificacao; nao e coordenada, rotulo ou evidencia de treino.","Nao usar como ground truth, escore ou variavel derivada do rotulo.","Rua Guilherme Pugsley, AGUA VERDE, Curitiba, PR, Brasil",strong,-25.4580449,-49.2867562,"Rua Guilherme Pugsley, Água Verde, Curitiba, Paraná, Região Sul, 80620-120, Brasil",,primary,249539950,
201d59ddb266fefc,2024,17/01/2024,Drenagem,Alagamentos,Concluído,Rua Salustiano Cordeiro,AGUA VERDE,Unidade Regional Portao,Telefone,True,False,2,pronto_para_geocodificar,none,"Candidato a geocodificacao; nao e coordenada, rotulo ou evidencia de treino.","Nao usar como ground truth, escore ou variavel derivada do rotulo.","Rua Salustiano Cordeiro, AGUA VERDE, Curitiba, PR, Brasil",strong,-25.455053,-49.2848655,"Rua Salustiano Cordeiro, Água Verde, Curitiba, Paraná, Região Sul, 80620-200, Brasil",,residential,52708925,
201d59ddb266fefc,2024,17/01/2024,Drenagem,Alagamentos,Concluído,Rua Salustiano Cordeiro,AGUA VERDE,Unidade Regional Portao,Chat,True,False,2,pronto_para_geocodificar,none,"Candidato a geocodificacao; nao e coordenada, rotulo ou evidencia de treino.","Nao usar como ground truth, escore ou variavel derivada do rotulo.","Rua Salustiano Cordeiro, AGUA VERDE, Curitiba, PR, Brasil",strong,-25.455053,-49.2848655,"Rua Salustiano Cordeiro, Água Verde, Curitiba, Paraná, Região Sul, 80620-200, Brasil",,residential,52708925,
d5717f4accbdd21b,2024,18/01/2024,Drenagem,Alagamentos,Concluído,Rua José Risseto,SANTA FELICIDADE,Unidade Regional Santa Felicidade,Portal,True,False,1,pronto_para_geocodificar,none,"Candidato a geocodificacao; nao e coordenada, rotulo ou evidencia de treino.","Nao usar como ground truth, escore ou variavel derivada do rotulo.","Rua José Risseto, SANTA FELICIDADE, Curitiba, PR, Brasil",strong,-25.4102705,-49.3335695,"Rua José Risseto, Santa Felicidade, Curitiba, Paraná, Região Sul, 82320-040, Brasil",,secondary,38133256,
0ad6a661b34d8f05,2024,19/01/2024,Drenagem,Alagamentos,Concluído,Rua Flávio Dallegrave,BARREIRINHA,Unidade Regional Boa Vista,Portal,True,False,1,pronto_para_geocodificar,none,"Candidato a geocodificacao; nao e coordenada, rotulo ou evidencia de treino.","Nao usar como ground truth, escore ou variavel derivada do rotulo.","Rua Flávio Dallegrave, BARREIRINHA, Curitiba, PR, Brasil",strong,-25.3748433,-49.2637875,"Rua Flávio Dallegrave, Barreirinha, Curitiba, Paraná, Região Sul, 82700-110, Brasil",,residential,162249727,
8a58bef9a0ce0511,2024,18/01/2024,Proteção ao cidadão - GM,"Enchentes, inundações ou alagamentos",Concluído,Travessa José Aníbal Dutra Lamin,TATUQUARA,Unidade Regional Tatuquara,Telefone,True,False,1,pronto_para_geocodificar,none,"Candidato a geocodificacao; nao e coordenada, rotulo ou evidencia de treino.","Nao usar como ground truth, escore ou variavel derivada do rotulo.","Travessa José Aníbal Dutra Lamin, TATUQUARA, Curitiba, PR, Brasil",strong,-25.5659126,-49.3400119,"Rua José Anibal Dutra Lamim, Moradias Santa Rita, Tatuquara, Curitiba, Paraná, Região Sul, 81470-085, Brasil",,residential,165612876,
d1d700e8c21d629d,2024,19/01/2024,Drenagem,Alagamentos,Concluído,Rua Brigadeiro Franco,MERCES,Unidade Regional Matriz,Portal,True,False,1,pronto_para_geocodificar,none,"Candidato a geocodificacao; nao e coordenada, rotulo ou evidencia de treino.","Nao usar como ground truth, escore ou variavel derivada do rotulo.","Rua Brigadeiro Franco, MERCES, Curitiba, PR, Brasil",strong,-25.4246879,-49.2864524,"Rua Brigadeiro Franco, Mercês, Curitiba, Paraná, Região Sul, 80430-210, Brasil",,primary,358926104,
225b1770a8f83ea4,2024,19/01/2024,Drenagem,Alagamentos,Concluído,Rua Antônio Turíbio Teixeira Braga,BUTIATUVINHA,Unidade Regional Santa Felicidade,Telefone,True,False,1,pronto_para_geocodificar,none,"Candidato a geocodificacao; nao e coordenada, rotulo ou evidencia de treino.","Nao usar como ground truth, escore ou variavel derivada do rotulo.","Rua Antônio Turíbio Teixeira Braga, BUTIATUVINHA, Curitiba, PR, Brasil",medium,-25.4001938,-49.3562253,"Butiatuvinha, Curitiba, Paraná, Região Sul, 82310-110, Brasil",,suburb,3012346894,fallback_bairro_apos_rua_sem_resultado_em_bbox
88dcd657620d4be2,2024,19/01/2024,Drenagem,Alagamentos,Concluído,Rua José Risseto,SANTA FELICIDADE,Unidade Regional Santa Felicidade,Portal,True,False,1,pronto_para_geocodificar,none,"Candidato a geocodificacao; nao e coordenada, rotulo ou evidencia de treino.","Nao usar como ground truth, escore ou variavel derivada do rotulo.","Rua José Risseto, SANTA FELICIDADE, Curitiba, PR, Brasil",strong,-25.4102705,-49.3335695,"Rua José Risseto, Santa Felicidade, Curitiba, Paraná, Região Sul, 82320-040, Brasil",,secondary,38133256,
14d95e45727ff205,2024,24/01/2024,Drenagem,Alagamentos,Concluído,Rua Alvin Tiboni,CIDADE INDUSTRIAL,Unidade Regional CIC,Portal,True,False,1,pronto_para_geocodificar,none,"Candidato a geocodificacao; nao e coordenada, rotulo ou evidencia de treino.","Nao usar como ground truth, escore ou variavel derivada do rotulo.","Rua Alvin Tiboni, CIDADE INDUSTRIAL, Curitiba, PR, Brasil",medium,-25.497993,-49.334522,"Cidade Industrial de Curitiba, Curitiba, Paraná, Região Sul, 81350-260, Brasil",,suburb,3012156952,fallback_bairro_apos_rua_sem_resultado_em_bbox
87dd6d3bec457b64,2024,21/01/2024,Drenagem,Alagamentos,Concluído,AVENIDA CÂNDIDO DE ABREU,CENTRO CIVICO,Unidade Regional Matriz,Telefone,True,False,1,pronto_para_geocodificar,none,"Candidato a geocodificacao; nao e coordenada, rotulo ou evidencia de treino.","Nao usar como ground truth, escore ou variavel derivada do rotulo.","AVENIDA CÂNDIDO DE ABREU, CENTRO CIVICO, Curitiba, PR, Brasil",strong,-25.4235116,-49.2698555,"Avenida Cândido de Abreu, Centro Cívico, Curitiba, Paraná, Região Sul, 80530-060, Brasil",,secondary,355504811,
1d603a1974a09858,2024,22/01/2024,Drenagem,Alagamentos,Concluído,Rua Esper Jorge Chueri,CAJURU,Unidade Regional Cajuru,Portal,True,False,1,pronto_para_geocodificar,none,"Candidato a geocodificacao; nao e coordenada, rotulo ou evidencia de treino.","Nao usar como ground truth, escore ou variavel derivada do rotulo.","Rua Esper Jorge Chueri, CAJURU, Curitiba, PR, Brasil",strong,-25.4505311,-49.2091906,"Rua Esper Jorge Chueri, Cajuru, Curitiba, Paraná, Região Sul, 82930-210, Brasil",,residential,232900716,
916238da24e26433,2024,26/01/2024,Drenagem,Alagamentos,Concluído,Rua General Potiguara,NOVO MUNDO,Unidade Regional Pinheirinho,Portal,True,False,1,pronto_para_geocodificar,none,"Candidato a geocodificacao; nao e coordenada, rotulo ou evidencia de treino.","Nao usar como ground truth, escore ou variavel derivada do rotulo.","Rua General Potiguara, NOVO MUNDO, Curitiba, PR, Brasil",strong,-25.4908183,-49.3152346,"Rua General Potiguara, Novo Mundo, Curitiba, Paraná, Região Sul, 81050-450, Brasil",,secondary,595932949,
5836aa0aa227ad27,2024,17/01/2024,Drenagem,Alagamentos,Concluído,Rua Major Vicente de Castro,FANNY,Unidade Regional Pinheirinho,Portal,True,False,1,pronto_para_geocodificar,none,"Candidato a geocodificacao; nao e coordenada, rotulo ou evidencia de treino.","Nao usar como ground truth, escore ou variavel derivada do rotulo.","Rua Major Vicente de Castro, FANNY, Curitiba, PR, Brasil",strong,-25.4843831,-49.2698874,"Rua Major Vicente de Castro, Fanny, Curitiba, Paraná, Região Sul, 81690-200, Brasil",,tertiary,48310143,
21bbcda149c269f6,2024,03/02/2024,Drenagem,Alagamentos,Concluído,RUA REINALDO THÁ,CAJURU,Unidade Regional Cajuru,Telefone,True,False,1,pronto_para_geocodificar,none,"Candidato a geocodificacao; nao e coordenada, rotulo ou evidencia de treino.","Nao usar como ground truth, escore ou variavel derivada do rotulo.","RUA REINALDO THÁ, CAJURU, Curitiba, PR, Brasil",strong,-25.4439711,-49.2201727,"Rua Reinaldo Thá, Cajuru, Curitiba, Paraná, Região Sul, 82900-010, Brasil",,residential,36061590,
21bbcda149c269f6,2024,03/02/2024,Proteção ao cidadão - GM,"Enchentes, inundações ou alagamentos",Concluído,RUA REINALDO THÁ,CAJURU,Unidade Regional Cajuru,Telefone,True,False,1,pronto_para_geocodificar,none,"Candidato a geocodificacao; nao e coordenada, rotulo ou evidencia de treino.","Nao usar como ground truth, escore ou variavel derivada do rotulo.","RUA REINALDO THÁ, CAJURU, Curitiba, PR, Brasil",strong,-25.4439711,-49.2201727,"Rua Reinaldo Thá, Cajuru, Curitiba, Paraná, Região Sul, 82900-010, Brasil",,residential,36061590,
f6495c6d0a294dad,2024,03/02/2024,Drenagem,Alagamentos,Concluído,Rua Antônio Boza,SITIO CERCADO,Unidade Regional Bairro Novo,Portal,True,False,1,pronto_para_geocodificar,none,"Candidato a geocodificacao; nao e coordenada, rotulo ou evidencia de treino.","Nao usar como ground truth, escore ou variavel derivada do rotulo.","Rua Antônio Boza, SITIO CERCADO, Curitiba, PR, Brasil",strong,-25.547461,-49.2594093,"Rua Antônio Boza, Sítio Cercado, Curitiba, Paraná, Região Sul, 81925-410, Brasil",,residential,127255760,
92e1e8e54eefaf5d,2024,03/02/2024,Proteção ao cidadão - GM,"Enchentes, inundações ou alagamentos",Concluído,Rua Professora Olga Balster,CAJURU,Unidade Regional Cajuru,Telefone,True,False,1,pronto_para_geocodificar,none,"Candidato a geocodificacao; nao e coordenada, rotulo ou evidencia de treino.","Nao usar como ground truth, escore ou variavel derivada do rotulo.","Rua Professora Olga Balster, CAJURU, Curitiba, PR, Brasil",strong,-25.4436603,-49.2208467,"Rua Professora Olga Balster, Cajuru, Curitiba, Paraná, Região Sul, 82900-010, Brasil",,secondary,1271366675,
a8288ce83210d466,2024,03/02/2024,Drenagem,Alagamentos,Concluído,Rua Rosa Tortato,PINHEIRINHO,Unidade Regional Pinheirinho,Telefone,True,False,1,pronto_para_geocodificar,none,"Candidato a geocodificacao; nao e coordenada, rotulo ou evidencia de treino.","Nao usar como ground truth, escore ou variavel derivada do rotulo.","Rua Rosa Tortato, PINHEIRINHO, Curitiba, PR, Brasil",strong,-25.533192,-49.290167,"Rua Rosa Tortato, Jardim Nossa Senhora das Graças, Pinheirinho, Curitiba, Paraná, Região Sul, 81870-070, Brasil",,residential,129002825,
ce0e6a042d4fa21e,2024,01/02/2024,Drenagem,Alagamentos,Concluído,Rua Danilo Pedro Schreiner,ALTO BOQUEIRAO,Unidade Regional Boqueirao,Portal,True,False,1,pronto_para_geocodificar,none,"Candidato a geocodificacao; nao e coordenada, rotulo ou evidencia de treino.","Nao usar como ground truth, escore ou variavel derivada do rotulo.","Rua Danilo Pedro Schreiner, ALTO BOQUEIRAO, Curitiba, PR, Brasil",strong,-25.5346338,-49.2468896,"Rua Danilo Pedro Schreiner, Alto Boqueirão, Curitiba, Paraná, Região Sul, 81850-240, Brasil",,secondary,33104041,
cef3b7da9bd33d56,2024,03/02/2024,Drenagem,Alagamentos,Concluído,RUA RODOLPHO SENFF JUNIOR,CAPAO RASO,Unidade Regional Pinheirinho,Telefone,True,False,1,pronto_para_geocodificar,none,"Candidato a geocodificacao; nao e coordenada, rotulo ou evidencia de treino.","Nao usar como ground truth, escore ou variavel derivada do rotulo.","RUA RODOLPHO SENFF JUNIOR, CAPAO RASO, Curitiba, PR, Brasil",strong,-25.4984136,-49.2895871,"Rua Rodolpho Senff Júnior, Capão Raso, Curitiba, Paraná, Região Sul, 81110-110, Brasil",,residential,24576817,
cef3b7da9bd33d56,2024,03/02/2024,Proteção ao cidadão - GM,"Enchentes, inundações ou alagamentos",Concluído,RUA RODOLPHO SENFF JUNIOR,CAPAO RASO,Unidade Regional Pinheirinho,Telefone,True,False,1,pronto_para_geocodificar,none,"Candidato a geocodificacao; nao e coordenada, rotulo ou evidencia de treino.","Nao usar como ground truth, escore ou variavel derivada do rotulo.","RUA RODOLPHO SENFF JUNIOR, CAPAO RASO, Curitiba, PR, Brasil",strong,-25.4984136,-49.2895871,"Rua Rodolpho Senff Júnior, Capão Raso, Curitiba, Paraná, Região Sul, 81110-110, Brasil",,residential,24576817,
c437558cab6a9964,2024,03/02/2024,Proteção ao cidadão - GM,"Enchentes, inundações ou alagamentos",Concluído,Rua João Carlos de Souza Castro,GUABIROTUBA,Unidade Regional Cajuru,Telefone,True,False,2,pronto_para_geocodificar,none,"Candidato a geocodificacao; nao e coordenada, rotulo ou evidencia de treino.","Nao usar como ground truth, escore ou variavel derivada do rotulo.","Rua João Carlos de Souza Castro, GUABIROTUBA, Curitiba, PR, Brasil",strong,-25.4625416,-49.2413238,"Rua João Carlos de Souza Castro, Guabirotuba, Curitiba, Paraná, Região Sul, 81520-280, Brasil",,residential,93125239,
0648cc7f9bff9ea2,2024,03/02/2024,Drenagem,Alagamentos,Concluído,Rua Brasílio Ribas,NOVO MUNDO,Unidade Regional Pinheirinho,Telefone,True,False,1,pronto_para_geocodificar,none,"Candidato a geocodificacao; nao e coordenada, rotulo ou evidencia de treino.","Nao usar como ground truth, escore ou variavel derivada do rotulo.","Rua Brasílio Ribas, NOVO MUNDO, Curitiba, PR, Brasil",strong,-25.4901497,-49.2795105,"Rua Brasílio Ribas, Novo Mundo, Curitiba, Paraná, Região Sul, 81030-470, Brasil",,residential,126284373,
a4e20dec394ad9b7,2024,03/02/2024,Proteção ao cidadão - GM,"Enchentes, inundações ou alagamentos",Concluído,Rua Expedicionário Francisco Pereira dos Santos,ALTO BOQUEIRAO,Unidade Regional Boqueirao,Telefone,True,False,1,pronto_para_geocodificar,none,"Candidato a geocodificacao; nao e coordenada, rotulo ou evidencia de treino.","Nao usar como ground truth, escore ou variavel derivada do rotulo.","Rua Expedicionário Francisco Pereira dos Santos, ALTO BOQUEIRAO, Curitiba, PR, Brasil",strong,-25.5387051,-49.2483352,"Rua Expedicionário Francisco Pereira dos Santos, Alto Boqueirão, Curitiba, Paraná, Região Sul, 81920-070, Brasil",,residential,33103979,
278ce0870ddf86e1,2024,03/02/2024,Proteção ao cidadão - GM,"Enchentes, inundações ou alagamentos",Concluído,RUA JOÃO CARLOS DE SOUZA CASTRO,GUABIROTUBA,Unidade Regional Cajuru,Telefone,True,False,2,pronto_para_geocodificar,none,"Candidato a geocodificacao; nao e coordenada, rotulo ou evidencia de treino.","Nao usar como ground truth, escore ou variavel derivada do rotulo.","RUA JOÃO CARLOS DE SOUZA CASTRO, GUABIROTUBA, Curitiba, PR, Brasil",strong,-25.4625416,-49.2413238,"Rua João Carlos de Souza Castro, Guabirotuba, Curitiba, Paraná, Região Sul, 81520-280, Brasil",,residential,93125239,
391e35e87c903b7f,2024,03/02/2024,Proteção ao cidadão - GM,"Enchentes, inundações ou alagamentos",Concluído,Professora Olga Balster,CAJURU,Unidade Regional Cajuru,Telefone,True,False,1,pronto_para_geocodificar,none,"Candidato a geocodificacao; nao e coordenada, rotulo ou evidencia de treino.","Nao usar como ground truth, escore ou variavel derivada do rotulo.","Professora Olga Balster, CAJURU, Curitiba, PR, Brasil",strong,-25.4436603,-49.2208467,"Rua Professora Olga Balster, Cajuru, Curitiba, Paraná, Região Sul, 82900-010, Brasil",,secondary,1271366675,
4c646b3a7272604d,2024,03/02/2024,Proteção ao cidadão - GM,"Enchentes, inundações ou alagamentos",Concluído,Rua Professor Milton Vianna,SITIO CERCADO,Unidade Regional Bairro Novo,Telefone,True,False,1,pronto_para_geocodificar,none,"Candidato a geocodificacao; nao e coordenada, rotulo ou evidencia de treino.","Nao usar como ground truth, escore ou variavel derivada do rotulo.","Rua Professor Milton Vianna, SITIO CERCADO, Curitiba, PR, Brasil",strong,-25.5455425,-49.2547513,"Rua Professor Milton Vianna, Sítio Cercado, Curitiba, Paraná, Região Sul, 81920-500, Brasil",,residential,127255762,
df353df31c75b3e5,2024,03/02/2024,Drenagem,Alagamentos,Concluído,Rua Oyapock,CRISTO REI,Unidade Regional Matriz,Portal,True,False,2,pronto_para_geocodificar,none,"Candidato a geocodificacao; nao e coordenada, rotulo ou evidencia de treino.","Nao usar como ground truth, escore ou variavel derivada do rotulo.","Rua Oyapock, CRISTO REI, Curitiba, PR, Brasil",strong,-25.4355114,-49.2389133,"Rua Oyapock, Cristo Rei, Curitiba, Paraná, Região Sul, 80050-450, Brasil",,residential,1107163508,
d88ce7f8a62fdb3f,2024,03/02/2024,Drenagem,Alagamentos,Concluído,João Crysóstomo da Rosa,CAJURU,Unidade Regional Cajuru,Telefone,True,False,1,pronto_para_geocodificar,none,"Candidato a geocodificacao; nao e coordenada, rotulo ou evidencia de treino.","Nao usar como ground truth, escore ou variavel derivada do rotulo.","João Crysóstomo da Rosa, CAJURU, Curitiba, PR, Brasil",strong,-25.4486039,-49.2232265,"Rua João Crysóstomo da Rosa, Vila Oficinas, Cajuru, Curitiba, Paraná, Região Sul, 82900-240, Brasil",,residential,263641115,
4ed32fa76a47967a,2024,03/02/2024,Drenagem,Alagamentos,Concluído,RUA BILLY GARMATTER,SITIO CERCADO,Unidade Regional Bairro Novo,Telefone,True,False,1,pronto_para_geocodificar,none,"Candidato a geocodificacao; nao e coordenada, rotulo ou evidencia de treino.","Nao usar como ground truth, escore ou variavel derivada do rotulo.","RUA BILLY GARMATTER, SITIO CERCADO, Curitiba, PR, Brasil",strong,-25.5321329,-49.2794137,"Rua Billy Garmatter, Sítio Cercado, Curitiba, Paraná, Região Sul, 81900-050, Brasil",,residential,127264732,
bccd8460ec2496b2,2024,03/02/2024,Drenagem,Alagamentos,Concluído,RUA EDMUNDO ANGELY,JARDIM DAS AMERICAS,Unidade Regional Cajuru,Telefone,True,False,1,pronto_para_geocodificar,none,"Candidato a geocodificacao; nao e coordenada, rotulo ou evidencia de treino.","Nao usar como ground truth, escore ou variavel derivada do rotulo.","RUA EDMUNDO ANGELY, JARDIM DAS AMERICAS, Curitiba, PR, Brasil",strong,-25.4598482,-49.235753,"Rua Edmundo Angely, Jardim das Américas, Curitiba, Paraná, Região Sul, 81530-001, Brasil",,residential,125381914,
8ecbde8843fa8556,2024,03/02/2024,Drenagem,Alagamentos,Concluído,Rua Doutor Estevam Ribeiro de Souza Netto,CAJURU,Unidade Regional Cajuru,Telefone,True,False,1,pronto_para_geocodificar,none,"Candidato a geocodificacao; nao e coordenada, rotulo ou evidencia de treino.","Nao usar como ground truth, escore ou variavel derivada do rotulo.","Rua Doutor Estevam Ribeiro de Souza Netto, CAJURU, Curitiba, PR, Brasil",strong,-25.4445011,-49.2195209,"Rua Doutor Estevam Ribeiro de Souza Netto, Cajuru, Curitiba, Paraná, Região Sul, 82900-010, Brasil",,residential,36062015,
0301203813b0a34f,2024,03/02/2024,Drenagem,Alagamentos,Concluído,RUA MINAS GERAIS,GUAIRA,Unidade Regional Portao,Telefone,True,False,1,pronto_para_geocodificar,none,"Candidato a geocodificacao; nao e coordenada, rotulo ou evidencia de treino.","Nao usar como ground truth, escore ou variavel derivada do rotulo.","RUA MINAS GERAIS, GUAIRA, Curitiba, PR, Brasil",strong,-25.4659508,-49.2733329,"Rua Minas Gerais, Guaíra, Curitiba, Paraná, Região Sul, 80630-000, Brasil",,tertiary,421742147,
97bc7efec14cfdba,2024,03/02/2024,Drenagem,Alagamentos,Concluído,RUA JOSÉ AUGUSTO DA SILVA,SITIO CERCADO,Unidade Regional Bairro Novo,Telefone,True,False,1,pronto_para_geocodificar,none,"Candidato a geocodificacao; nao e coordenada, rotulo ou evidencia de treino.","Nao usar como ground truth, escore ou variavel derivada do rotulo.","RUA JOSÉ AUGUSTO DA SILVA, SITIO CERCADO, Curitiba, PR, Brasil",strong,-25.5351751,-49.2620216,"Rua Mário Ribeiro Chimelli, Sítio Cercado, Curitiba, Paraná, Região Sul, 81910-470, Brasil",,residential,654634896,
df353df31c75b3e5,2024,03/02/2024,Drenagem,Alagamentos,Concluído,Rua Oyapock,CRISTO REI,Unidade Regional Matriz,Portal,True,False,2,pronto_para_geocodificar,none,"Candidato a geocodificacao; nao e coordenada, rotulo ou evidencia de treino.","Nao usar como ground truth, escore ou variavel derivada do rotulo.","Rua Oyapock, CRISTO REI, Curitiba, PR, Brasil",strong,-25.4355114,-49.2389133,"Rua Oyapock, Cristo Rei, Curitiba, Paraná, Região Sul, 80050-450, Brasil",,residential,1107163508,
b026235d5b633b6b,2024,03/02/2024,Drenagem,Alagamentos,Concluído,RUA DOUTOR JOAQUIM IGNÁCIO SILVEIRA DA MOTTA,UBERABA,Unidade Regional Cajuru,Telefone,True,False,1,pronto_para_geocodificar,none,"Candidato a geocodificacao; nao e coordenada, rotulo ou evidencia de treino.","Nao usar como ground truth, escore ou variavel derivada do rotulo.","RUA DOUTOR JOAQUIM IGNÁCIO SILVEIRA DA MOTTA, UBERABA, Curitiba, PR, Brasil",strong,-25.47045,-49.2325063,"Rua Doutor Joaquim Ignácio Silveira da Motta, Uberaba, Curitiba, Paraná, Região Sul, 81530-470, Brasil",,residential,331227364,
2f180ce07f01340f,2024,03/02/2024,Drenagem,Alagamentos,Concluído,Rua Expedicionário Francisco Pereira Dos Santos,ALTO BOQUEIRAO,Unidade Regional Boqueirao,Telefone,True,False,1,pronto_para_geocodificar,none,"Candidato a geocodificacao; nao e coordenada, rotulo ou evidencia de treino.","Nao usar como ground truth, escore ou variavel derivada do rotulo.","Rua Expedicionário Francisco Pereira Dos Santos, ALTO BOQUEIRAO, Curitiba, PR, Brasil",strong,-25.5387051,-49.2483352,"Rua Expedicionário Francisco Pereira dos Santos, Alto Boqueirão, Curitiba, Paraná, Região Sul, 81920-070, Brasil",,residential,33103979,
278ce0870ddf86e1,2024,03/02/2024,Drenagem,Alagamentos,Concluído,RUA JOÃO CARLOS DE SOUZA CASTRO,GUABIROTUBA,Unidade Regional Cajuru,Telefone,True,False,1,pronto_para_geocodificar,none,"Candidato a geocodificacao; nao e coordenada, rotulo ou evidencia de treino.","Nao usar como ground truth, escore ou variavel derivada do rotulo.","RUA JOÃO CARLOS DE SOUZA CASTRO, GUABIROTUBA, Curitiba, PR, Brasil",strong,-25.4625416,-49.2413238,"Rua João Carlos de Souza Castro, Guabirotuba, Curitiba, Paraná, Região Sul, 81520-280, Brasil",,residential,93125239,
41f5b88bb97a632b,2024,31/01/2024,Drenagem,Alagamentos,Concluído,RUA ITAÚNA DO SUL,ALTO BOQUEIRAO,Unidade Regional Boqueirao,Telefone,True,False,1,pronto_para_geocodificar,none,"Candidato a geocodificacao; nao e coordenada, rotulo ou evidencia de treino.","Nao usar como ground truth, escore ou variavel derivada do rotulo.","RUA ITAÚNA DO SUL, ALTO BOQUEIRAO, Curitiba, PR, Brasil",strong,-25.530914,-49.2342574,"Rua Itaúna do Sul, Alto Boqueirão, Curitiba, Paraná, Região Sul, 81770-440, Brasil",,residential,126814876,
e636cfc6bc93173d,2024,31/01/2024,Drenagem,Alagamentos,Concluído,Rua Doutor Heleno da Silveira,BOQUEIRAO,Unidade Regional Boqueirao,Portal,True,False,1,pronto_para_geocodificar,none,"Candidato a geocodificacao; nao e coordenada, rotulo ou evidencia de treino.","Nao usar como ground truth, escore ou variavel derivada do rotulo.","Rua Doutor Heleno da Silveira, BOQUEIRAO, Curitiba, PR, Brasil",strong,-25.5161439,-49.2344051,"Rua Doutor Heleno da Silveira, Boqueirão, Curitiba, Paraná, Região Sul, 81750-420, Brasil",,residential,85231824,
aa19f2cecd872bf9,2024,31/01/2024,Proteção ao cidadão - GM,"Enchentes, inundações ou alagamentos",Concluído,RUA MATHIAS DE ANDRADE ROCHA,ALTO BOQUEIRAO,Unidade Regional Boqueirao,Telefone,True,False,1,pronto_para_geocodificar,none,"Candidato a geocodificacao; nao e coordenada, rotulo ou evidencia de treino.","Nao usar como ground truth, escore ou variavel derivada do rotulo.","RUA MATHIAS DE ANDRADE ROCHA, ALTO BOQUEIRAO, Curitiba, PR, Brasil",strong,-25.5312681,-49.2368171,"Rua Mathias de Andrade Rocha, Alto Boqueirão, Curitiba, Paraná, Região Sul, 81770-440, Brasil",,residential,161220097,
61e0155c7f1973b9,2024,31/01/2024,Drenagem,Alagamentos,Concluído,Rua José Peixoto de Lacerda Wernek,BOQUEIRAO,Unidade Regional Boqueirao,Portal,True,False,1,pronto_para_geocodificar,none,"Candidato a geocodificacao; nao e coordenada, rotulo ou evidencia de treino.","Nao usar como ground truth, escore ou variavel derivada do rotulo.","Rua José Peixoto de Lacerda Wernek, BOQUEIRAO, Curitiba, PR, Brasil",medium,-25.500728,-49.2411054,"Boqueirão, Curitiba, Paraná, Região Sul, Brasil",,administrative,3954206,fallback_bairro_apos_rua_sem_resultado_em_bbox
a9376638aa69275f,2024,01/02/2024,Drenagem,Alagamentos,Concluído,RUA ITAUNA DO SUL,ALTO BOQUEIRAO,Unidade Regional Boqueirao,Portal,True,False,1,pronto_para_geocodificar,none,"Candidato a geocodificacao; nao e coordenada, rotulo ou evidencia de treino.","Nao usar como ground truth, escore ou variavel derivada do rotulo.","RUA ITAUNA DO SUL, ALTO BOQUEIRAO, Curitiba, PR, Brasil",strong,-25.530914,-49.2342574,"Rua Itaúna do Sul, Alto Boqueirão, Curitiba, Paraná, Região Sul, 81770-440, Brasil",,residential,126814876,
de765a210f79596e,2024,05/02/2024,Drenagem,Alagamentos,Concluído,Rua Desembargador Aristóxenes Bittencourt,TARUMA,Unidade Regional Cajuru,Portal,True,False,1,pronto_para_geocodificar,none,"Candidato a geocodificacao; nao e coordenada, rotulo ou evidencia de treino.","Nao usar como ground truth, escore ou variavel derivada do rotulo.","Rua Desembargador Aristóxenes Bittencourt, TARUMA, Curitiba, PR, Brasil",strong,-25.4297656,-49.2255342,"Rua Desembargador Aristóxenes Bittencourt, Tarumã, Curitiba, Paraná, Região Sul, 82800-030, Brasil",,residential,36059564,
7f2e7a34cc7bbb23,2024,04/02/2024,Drenagem,Alagamentos,Concluído,Rua Doutor Hamilton Dybowicz,UBERABA,Unidade Regional Cajuru,Portal,True,False,1,pronto_para_geocodificar,none,"Candidato a geocodificacao; nao e coordenada, rotulo ou evidencia de treino.","Nao usar como ground truth, escore ou variavel derivada do rotulo.","Rua Doutor Hamilton Dybowicz, UBERABA, Curitiba, PR, Brasil",strong,-25.4769071,-49.237223,"Rua Doutor Hamilton Dybowicz, Uberaba, Curitiba, Paraná, Região Sul, 81510-640, Brasil",,residential,125389822,
d025c2da9dfbabe9,2024,04/02/2024,Proteção ao cidadão - GM,"Enchentes, inundações ou alagamentos",Concluído,RUA GOVERNADOR AGAMENON MAGALHÃES,TARUMA,Unidade Regional Cajuru,Telefone,True,False,1,pronto_para_geocodificar,none,"Candidato a geocodificacao; nao e coordenada, rotulo ou evidencia de treino.","Nao usar como ground truth, escore ou variavel derivada do rotulo.","RUA GOVERNADOR AGAMENON MAGALHÃES, TARUMA, Curitiba, PR, Brasil",strong,-25.4355408,-49.2297404,"Rua Governador Agamenon Magalhães, Tarumã, Curitiba, Paraná, Região Sul, 82800-240, Brasil",,tertiary,260211531,
4b8b79826f7b9081,2024,05/02/2024,Drenagem,Alagamentos,Concluído,RUA AMAURI MAUAD GUÉRIOS,UBERABA,Unidade Regional Cajuru,Telefone,True,False,1,pronto_para_geocodificar,none,"Candidato a geocodificacao; nao e coordenada, rotulo ou evidencia de treino.","Nao usar como ground truth, escore ou variavel derivada do rotulo.","RUA AMAURI MAUAD GUÉRIOS, UBERABA, Curitiba, PR, Brasil",strong,-25.4950579,-49.2104226,"Rua Amauri Mauad Guérios, Uberaba, Curitiba, Paraná, Região Sul, 81560-560, Brasil",,residential,125400578,
40835a25fa9deaca,2024,05/02/2024,Drenagem,Alagamentos,Concluído,RUA VELCY BOLÍVAR GRANDÓ,UBERABA,Unidade Regional Cajuru,Telefone,True,False,1,pronto_para_geocodificar,none,"Candidato a geocodificacao; nao e coordenada, rotulo ou evidencia de treino.","Nao usar como ground truth, escore ou variavel derivada do rotulo.","RUA VELCY BOLÍVAR GRANDÓ, UBERABA, Curitiba, PR, Brasil",strong,-25.4943229,-49.2083555,"Rua Velcy Bolivar Grandó, Uberaba, Curitiba, Paraná, Região Sul, 81560-540, Brasil",,secondary,1092508376,
919af46bac3c7f9c,2024,10/02/2024,Drenagem,Alagamentos,Concluído,RUA NICOLAU VOROBI,CIDADE INDUSTRIAL,Unidade Regional CIC,Telefone,True,False,1,pronto_para_geocodificar,none,"Candidato a geocodificacao; nao e coordenada, rotulo ou evidencia de treino.","Nao usar como ground truth, escore ou variavel derivada do rotulo.","RUA NICOLAU VOROBI, CIDADE INDUSTRIAL, Curitiba, PR, Brasil",strong,-25.4761113,-49.347329,"Rua Nicolau Vorobi, Cidade Industrial de Curitiba, Curitiba, Paraná, Região Sul, 81270-050, Brasil",,residential,161866123,
919af46bac3c7f9c,2024,10/02/2024,Proteção ao cidadão - GM,"Enchentes, inundações ou alagamentos",Concluído,RUA NICOLAU VOROBI,CIDADE INDUSTRIAL,Unidade Regional CIC,Telefone,True,False,1,pronto_para_geocodificar,none,"Candidato a geocodificacao; nao e coordenada, rotulo ou evidencia de treino.","Nao usar como ground truth, escore ou variavel derivada do rotulo.","RUA NICOLAU VOROBI, CIDADE INDUSTRIAL, Curitiba, PR, Brasil",strong,-25.4761113,-49.347329,"Rua Nicolau Vorobi, Cidade Industrial de Curitiba, Curitiba, Paraná, Região Sul, 81270-050, Brasil",,residential,161866123,
44be84a896383631,2024,07/02/2024,Drenagem,Alagamentos,Concluído,Rua Padre João Rzemelka,CIDADE INDUSTRIAL,Unidade Regional CIC,Telefone,True,False,1,pronto_para_geocodificar,none,"Candidato a geocodificacao; nao e coordenada, rotulo ou evidencia de treino.","Nao usar como ground truth, escore ou variavel derivada do rotulo.","Rua Padre João Rzemelka, CIDADE INDUSTRIAL, Curitiba, PR, Brasil",medium,-25.497993,-49.334522,"Cidade Industrial de Curitiba, Curitiba, Paraná, Região Sul, 81350-260, Brasil",,suburb,3012156952,fallback_bairro_apos_rua_sem_resultado_em_bbox
c403f99603f00cfc,2024,08/02/2024,Drenagem,Alagamentos,Concluído,Rua Professor Antônio Martins Franco,NOVO MUNDO,Unidade Regional Pinheirinho,Portal,True,False,1,pronto_para_geocodificar,none,"Candidato a geocodificacao; nao e coordenada, rotulo ou evidencia de treino.","Nao usar como ground truth, escore ou variavel derivada do rotulo.","Rua Professor Antônio Martins Franco, NOVO MUNDO, Curitiba, PR, Brasil",strong,-25.4889455,-49.2792811,"Rua Professor Antônio Martins Franco, Novo Mundo, Curitiba, Paraná, Região Sul, 81030-400, Brasil",,residential,126284345,
44be84a896383631,2024,07/02/2024,Proteção ao cidadão - GM,"Enchentes, inundações ou alagamentos",Aberto,Rua Padre João Rzemelka,CIDADE INDUSTRIAL,Unidade Regional CIC,Telefone,True,False,1,pronto_para_geocodificar,none,"Candidato a geocodificacao; nao e coordenada, rotulo ou evidencia de treino.","Nao usar como ground truth, escore ou variavel derivada do rotulo.","Rua Padre João Rzemelka, CIDADE INDUSTRIAL, Curitiba, PR, Brasil",medium,-25.497993,-49.334522,"Cidade Industrial de Curitiba, Curitiba, Paraná, Região Sul, 81350-260, Brasil",,suburb,3012156952,fallback_bairro_apos_rua_sem_resultado_em_bbox
4f1bdd226ff5997f,2024,07/02/2024,Drenagem,Alagamentos,Concluído,AVENIDA PRESIDENTE WENCESLAU BRAZ,PAROLIN,Unidade Regional Portao,Portal,True,False,1,pronto_para_geocodificar,none,"Candidato a geocodificacao; nao e coordenada, rotulo ou evidencia de treino.","Nao usar como ground truth, escore ou variavel derivada do rotulo.","AVENIDA PRESIDENTE WENCESLAU BRAZ, PAROLIN, Curitiba, PR, Brasil",strong,-25.4705732,-49.2571604,"Avenida Presidente Wenceslau Braz, Parolin, Curitiba, Paraná, Região Sul, 81030-030, Brasil",,secondary,24783529,
1d92f0f08f9cb087,2024,16/02/2024,Drenagem,Alagamentos,Concluído,AVENIDA SETE DE SETEMBRO,SEMINARIO,Unidade Regional Portao,Telefone,True,False,1,pronto_para_geocodificar,none,"Candidato a geocodificacao; nao e coordenada, rotulo ou evidencia de treino.","Nao usar como ground truth, escore ou variavel derivada do rotulo.","AVENIDA SETE DE SETEMBRO, SEMINARIO, Curitiba, PR, Brasil",strong,-25.451122,-49.3018576,"Avenida Sete de Setembro, Seminário, Curitiba, Paraná, Região Sul, 80240-001, Brasil",,primary,343540921,
b9cb3f5bb7d03d8b,2024,15/02/2024,Drenagem,Alagamentos,Concluído,RUA ADYR PAROLIM,PINHEIRINHO,Unidade Regional Pinheirinho,Telefone,True,False,1,pronto_para_geocodificar,none,"Candidato a geocodificacao; nao e coordenada, rotulo ou evidencia de treino.","Nao usar como ground truth, escore ou variavel derivada do rotulo.","RUA ADYR PAROLIM, PINHEIRINHO, Curitiba, PR, Brasil",strong,-25.5242972,-49.2739114,"Rua Adyr Parolim, Pinheirinho, Curitiba, Paraná, Região Sul, 81825-300, Brasil",,residential,128988846,
fcfb1332b219fd25,2024,15/02/2024,Drenagem,Alagamentos,Concluído,RUA AGUDOS DO SUL,SITIO CERCADO,Unidade Regional Bairro Novo,Telefone,True,False,1,pronto_para_geocodificar,none,"Candidato a geocodificacao; nao e coordenada, rotulo ou evidencia de treino.","Nao usar como ground truth, escore ou variavel derivada do rotulo.","RUA AGUDOS DO SUL, SITIO CERCADO, Curitiba, PR, Brasil",strong,-25.5369557,-49.2710548,"Rua Agudos do Sul, Sítio Cercado, Curitiba, Paraná, Região Sul, 81900-540, Brasil",,residential,106846798,
550f436246d080d5,2024,19/02/2024,Proteção ao cidadão - GM,"Enchentes, inundações ou alagamentos",Concluído,Rua Dante Honório,XAXIM,Unidade Regional Boqueirao,Telefone,True,False,1,pronto_para_geocodificar,none,"Candidato a geocodificacao; nao e coordenada, rotulo ou evidencia de treino.","Nao usar como ground truth, escore ou variavel derivada do rotulo.","Rua Dante Honório, XAXIM, Curitiba, PR, Brasil",strong,-25.5101598,-49.2708732,"Rua Dante Honório, Xaxim, Curitiba, Paraná, Região Sul, 81810-150, Brasil",,residential,85019720,
01a660901f9ac3d3,2024,19/02/2024,Drenagem,Alagamentos,Concluído,Rua Evaristo da Veiga,BOQUEIRAO,Unidade Regional Boqueirao,Telefone,True,False,1,pronto_para_geocodificar,none,"Candidato a geocodificacao; nao e coordenada, rotulo ou evidencia de treino.","Nao usar como ground truth, escore ou variavel derivada do rotulo.","Rua Evaristo da Veiga, BOQUEIRAO, Curitiba, PR, Brasil",strong,-25.4886185,-49.2501528,"Rua Evaristo da Veiga, Boqueirão, Curitiba, Paraná, Região Sul, 81670-090, Brasil",,residential,84881060,
808bd2ad2fe7fabb,2024,19/02/2024,Drenagem,Alagamentos,Concluído,Rua Nicolau Kresko,HAUER,Unidade Regional Boqueirao,Portal,True,False,1,pronto_para_geocodificar,none,"Candidato a geocodificacao; nao e coordenada, rotulo ou evidencia de treino.","Nao usar como ground truth, escore ou variavel derivada do rotulo.","Rua Nicolau Kresko, HAUER, Curitiba, PR, Brasil",strong,-25.4845615,-49.2464804,"Rua Nicolau Kresko, Hauer, Curitiba, Paraná, Região Sul, 81670-000, Brasil",,residential,84999474,
c87fb2df2be9f099,2024,19/02/2024,Drenagem,Alagamentos,Concluído,Rua Tenente Francisco Ferreira de Souza,HAUER,Unidade Regional Boqueirao,Portal,True,False,1,pronto_para_geocodificar,none,"Candidato a geocodificacao; nao e coordenada, rotulo ou evidencia de treino.","Nao usar como ground truth, escore ou variavel derivada do rotulo.","Rua Tenente Francisco Ferreira de Souza, HAUER, Curitiba, PR, Brasil",strong,-25.4707347,-49.2544266,"Rua Tenente Francisco Ferreira de Souza, Hauer, Curitiba, Paraná, Região Sul, 81030-030, Brasil",,primary,121846048,
59879d0789d82166,2024,19/02/2024,Proteção ao cidadão - GM,"Enchentes, inundações ou alagamentos",Concluído,RUA JOÃO CARLOS DE SOUZA CASTRO,GUABIROTUBA,Unidade Regional Cajuru,Telefone,True,False,1,pronto_para_geocodificar,none,"Candidato a geocodificacao; nao e coordenada, rotulo ou evidencia de treino.","Nao usar como ground truth, escore ou variavel derivada do rotulo.","RUA JOÃO CARLOS DE SOUZA CASTRO, GUABIROTUBA, Curitiba, PR, Brasil",strong,-25.4625416,-49.2413238,"Rua João Carlos de Souza Castro, Guabirotuba, Curitiba, Paraná, Região Sul, 81520-280, Brasil",,residential,93125239,
80e24fac2b7b344f,2024,18/02/2024,Drenagem,Alagamentos,Concluído,RUA PROFESSOR OMAR GONÇALVES DA MOTTA,BOA VISTA,Unidade Regional Boa Vista,Telefone,True,False,1,pronto_para_geocodificar,none,"Candidato a geocodificacao; nao e coordenada, rotulo ou evidencia de treino.","Nao usar como ground truth, escore ou variavel derivada do rotulo.","RUA PROFESSOR OMAR GONÇALVES DA MOTTA, BOA VISTA, Curitiba, PR, Brasil",strong,-25.383337,-49.2437498,"Rua Professor Omar Gonçalves da Motta, Boa Vista, Curitiba, Paraná, Região Sul, 82650-090, Brasil",,residential,1483107587,
5c9681a89eae4425,2024,18/02/2024,Drenagem,Alagamentos,Concluído,Travessa José Aníbal Dutra Lamin,TATUQUARA,Unidade Regional Tatuquara,Portal,True,False,2,pronto_para_geocodificar,none,"Candidato a geocodificacao; nao e coordenada, rotulo ou evidencia de treino.","Nao usar como ground truth, escore ou variavel derivada do rotulo.","Travessa José Aníbal Dutra Lamin, TATUQUARA, Curitiba, PR, Brasil",strong,-25.5659126,-49.3400119,"Rua José Anibal Dutra Lamim, Moradias Santa Rita, Tatuquara, Curitiba, Paraná, Região Sul, 81470-085, Brasil",,residential,165612876,
5c9681a89eae4425,2024,18/02/2024,Drenagem,Alagamentos,Concluído,Travessa José Aníbal Dutra Lamin,TATUQUARA,Unidade Regional Tatuquara,Portal,True,False,2,pronto_para_geocodificar,none,"Candidato a geocodificacao; nao e coordenada, rotulo ou evidencia de treino.","Nao usar como ground truth, escore ou variavel derivada do rotulo.","Travessa José Aníbal Dutra Lamin, TATUQUARA, Curitiba, PR, Brasil",strong,-25.5659126,-49.3400119,"Rua José Anibal Dutra Lamim, Moradias Santa Rita, Tatuquara, Curitiba, Paraná, Região Sul, 81470-085, Brasil",,residential,165612876,
caf9184f393c5f1d,2024,19/02/2024,Drenagem,Alagamentos,Concluído,RUA SARGENTO LUIZ GONZAGA MARTINS RIBAS,UBERABA,Unidade Regional Cajuru,Telefone,True,False,1,pronto_para_geocodificar,none,"Candidato a geocodificacao; nao e coordenada, rotulo ou evidencia de treino.","Nao usar como ground truth, escore ou variavel derivada do rotulo.","RUA SARGENTO LUIZ GONZAGA MARTINS RIBAS, UBERABA, Curitiba, PR, Brasil",strong,-25.4912121,-49.2046648,"Rua Sargento Luiz Gonzaga Martins Ribas, Uberaba, Curitiba, Paraná, Região Sul, 81590-500, Brasil",,residential,186771215,
cc29d27ce7944ef1,2024,18/02/2024,Drenagem,Alagamentos,Concluído,RUA CARLOS AUGUSTO ALDENUCCI,SITIO CERCADO,Unidade Regional Bairro Novo,Telefone,True,False,1,pronto_para_geocodificar,none,"Candidato a geocodificacao; nao e coordenada, rotulo ou evidencia de treino.","Nao usar como ground truth, escore ou variavel derivada do rotulo.","RUA CARLOS AUGUSTO ALDENUCCI, SITIO CERCADO, Curitiba, PR, Brasil",strong,-25.5331424,-49.2568506,"Rua Carlos Augusto Aldenucci, Sítio Cercado, Curitiba, Paraná, Região Sul, 81850-025, Brasil",,residential,127263613,
420d435621b5a63f,2024,18/02/2024,Drenagem,Alagamentos,Concluído,Rua Diogo Mugiatti,BOQUEIRAO,Unidade Regional Boqueirao,Telefone,True,False,2,pronto_para_geocodificar,none,"Candidato a geocodificacao; nao e coordenada, rotulo ou evidencia de treino.","Nao usar como ground truth, escore ou variavel derivada do rotulo.","Rua Diogo Mugiatti, BOQUEIRAO, Curitiba, PR, Brasil",strong,-25.5095857,-49.2257374,"Rua Diogo Mugiatti, Boqueirão, Curitiba, Paraná, Região Sul, 81730-360, Brasil",,residential,161181849,
e8afa0b66732b027,2024,18/02/2024,Drenagem,Alagamentos,Concluído,Rua Das Carmelitas,BOQUEIRAO,Unidade Regional Boqueirao,Telefone,True,False,1,pronto_para_geocodificar,none,"Candidato a geocodificacao; nao e coordenada, rotulo ou evidencia de treino.","Nao usar como ground truth, escore ou variavel derivada do rotulo.","Rua Das Carmelitas, BOQUEIRAO, Curitiba, PR, Brasil",strong,-25.4869771,-49.2377774,"Rua das Carmelitas, Boqueirão, Curitiba, Paraná, Região Sul, 81650-110, Brasil",,tertiary,85573756,
a0a6bc5ecb4281dd,2024,18/02/2024,Drenagem,Alagamentos,Concluído,Rua Daniel Cândido de Carvalho,UBERABA,Unidade Regional Cajuru,Telefone,True,False,1,pronto_para_geocodificar,none,"Candidato a geocodificacao; nao e coordenada, rotulo ou evidencia de treino.","Nao usar como ground truth, escore ou variavel derivada do rotulo.","Rua Daniel Cândido de Carvalho, UBERABA, Curitiba, PR, Brasil",strong,-25.4940747,-49.2011392,"Rua Daniel Candido de Carvalho, Uberaba, Curitiba, Paraná, Região Sul, 81590-555, Brasil",,residential,308794738,
1fcbd044e30bad15,2024,18/02/2024,Drenagem,Alagamentos,Concluído,Rua Enette Dubard,TATUQUARA,Unidade Regional Tatuquara,Telefone,True,False,1,pronto_para_geocodificar,none,"Candidato a geocodificacao; nao e coordenada, rotulo ou evidencia de treino.","Nao usar como ground truth, escore ou variavel derivada do rotulo.","Rua Enette Dubard, TATUQUARA, Curitiba, PR, Brasil",strong,-25.5708627,-49.3383333,"Rua Enette Dubard, Moradias Monteiro Lobato II e III, Tatuquara, Curitiba, Paraná, Região Sul, 81470-400, Brasil",,tertiary,125207637,
cc29d27ce7944ef1,2024,18/02/2024,Proteção ao cidadão - GM,"Enchentes, inundações ou alagamentos",Concluído,RUA CARLOS AUGUSTO ALDENUCCI,SITIO CERCADO,Unidade Regional Bairro Novo,Telefone,True,False,1,pronto_para_geocodificar,none,"Candidato a geocodificacao; nao e coordenada, rotulo ou evidencia de treino.","Nao usar como ground truth, escore ou variavel derivada do rotulo.","RUA CARLOS AUGUSTO ALDENUCCI, SITIO CERCADO, Curitiba, PR, Brasil",strong,-25.5331424,-49.2568506,"Rua Carlos Augusto Aldenucci, Sítio Cercado, Curitiba, Paraná, Região Sul, 81850-025, Brasil",,residential,127263613,
b665003359c14866,2024,18/02/2024,Proteção ao cidadão - GM,"Enchentes, inundações ou alagamentos",Concluído,AVENIDA SANTA RITA DE CASSIA DOS IMPOSSÍVEIS,TATUQUARA,Unidade Regional Tatuquara,Telefone,True,False,1,pronto_para_geocodificar,none,"Candidato a geocodificacao; nao e coordenada, rotulo ou evidencia de treino.","Nao usar como ground truth, escore ou variavel derivada do rotulo.","AVENIDA SANTA RITA DE CASSIA DOS IMPOSSÍVEIS, TATUQUARA, Curitiba, PR, Brasil",strong,-25.5670301,-49.3302707,"Avenida Santa Rita de Cássia dos Impossíveis, Moradias Santa Rita, Tatuquara, Curitiba, Paraná, Região Sul, 81470-202, Brasil",,tertiary,1308723570,
7db59ea930cfc997,2024,18/02/2024,Drenagem,Alagamentos,Concluído,Rua João Azolin,SANTA FELICIDADE,Unidade Regional Santa Felicidade,Portal,True,False,1,pronto_para_geocodificar,none,"Candidato a geocodificacao; nao e coordenada, rotulo ou evidencia de treino.","Nao usar como ground truth, escore ou variavel derivada do rotulo.","Rua João Azolin, SANTA FELICIDADE, Curitiba, PR, Brasil",strong,-25.4116093,-49.3271287,"Rua João Azolin, Santa Felicidade, Curitiba, Paraná, Região Sul, 82320-590, Brasil",,tertiary,38455864,
53aca7bbeecacd53,2024,18/02/2024,Drenagem,Alagamentos,Concluído,RUA JORNALISTA EMÍLIO ZOLA FLORENZANO,TATUQUARA,Unidade Regional Tatuquara,Telefone,True,False,1,pronto_para_geocodificar,none,"Candidato a geocodificacao; nao e coordenada, rotulo ou evidencia de treino.","Nao usar como ground truth, escore ou variavel derivada do rotulo.","RUA JORNALISTA EMÍLIO ZOLA FLORENZANO, TATUQUARA, Curitiba, PR, Brasil",strong,-25.5758037,-49.3363193,"Rua Jornalista Emílio Zola Florenzano, Moradias Monteiro Lobato II e III, Tatuquara, Curitiba, Paraná, Região Sul, 81470-270, Brasil",,tertiary,166479454,
9ed249d99a2ed475,2024,18/02/2024,Drenagem,Alagamentos,Concluído,Cid José dos Santos,UBERABA,Unidade Regional Cajuru,Telefone,True,False,1,pronto_para_geocodificar,none,"Candidato a geocodificacao; nao e coordenada, rotulo ou evidencia de treino.","Nao usar como ground truth, escore ou variavel derivada do rotulo.","Cid José dos Santos, UBERABA, Curitiba, PR, Brasil",strong,-25.4855763,-49.1950077,"Rua Cid José dos Santos, Uberaba, Curitiba, Paraná, Região Sul, 81590-614, Brasil",,residential,248267398,
157cff8d5fefcb57,2024,18/02/2024,Drenagem,Alagamentos,Concluído,RUA JOSÉ ANIBAL DUTRA LAMIM,TATUQUARA,Unidade Regional Tatuquara,Telefone,True,False,1,pronto_para_geocodificar,none,"Candidato a geocodificacao; nao e coordenada, rotulo ou evidencia de treino.","Nao usar como ground truth, escore ou variavel derivada do rotulo.","RUA JOSÉ ANIBAL DUTRA LAMIM, TATUQUARA, Curitiba, PR, Brasil",strong,-25.5659126,-49.3400119,"Rua José Anibal Dutra Lamim, Moradias Santa Rita, Tatuquara, Curitiba, Paraná, Região Sul, 81470-085, Brasil",,residential,165612876,
53aca7bbeecacd53,2024,18/02/2024,Proteção ao cidadão - GM,"Enchentes, inundações ou alagamentos",Concluído,RUA JORNALISTA EMÍLIO ZOLA FLORENZANO,TATUQUARA,Unidade Regional Tatuquara,Telefone,True,False,1,pronto_para_geocodificar,none,"Candidato a geocodificacao; nao e coordenada, rotulo ou evidencia de treino.","Nao usar como ground truth, escore ou variavel derivada do rotulo.","RUA JORNALISTA EMÍLIO ZOLA FLORENZANO, TATUQUARA, Curitiba, PR, Brasil",strong,-25.5758037,-49.3363193,"Rua Jornalista Emílio Zola Florenzano, Moradias Monteiro Lobato II e III, Tatuquara, Curitiba, Paraná, Região Sul, 81470-270, Brasil",,tertiary,166479454,
63d00b272ebff253,2024,18/02/2024,Proteção ao cidadão - GM,"Enchentes, inundações ou alagamentos",Concluído,Enette Dubard,TATUQUARA,Unidade Regional Tatuquara,Telefone,True,False,1,pronto_para_geocodificar,none,"Candidato a geocodificacao; nao e coordenada, rotulo ou evidencia de treino.","Nao usar como ground truth, escore ou variavel derivada do rotulo.","Enette Dubard, TATUQUARA, Curitiba, PR, Brasil",strong,-25.5708627,-49.3383333,"Rua Enette Dubard, Moradias Monteiro Lobato II e III, Tatuquara, Curitiba, Paraná, Região Sul, 81470-400, Brasil",,tertiary,125207637,
8731ef37edb2a62e,2024,18/02/2024,Drenagem,Alagamentos,Concluído,Rua João Malucelli Neto,CIDADE INDUSTRIAL,Unidade Regional CIC,Telefone,True,False,2,pronto_para_geocodificar,none,"Candidato a geocodificacao; nao e coordenada, rotulo ou evidencia de treino.","Nao usar como ground truth, escore ou variavel derivada do rotulo.","Rua João Malucelli Neto, CIDADE INDUSTRIAL, Curitiba, PR, Brasil",medium,-25.497993,-49.334522,"Cidade Industrial de Curitiba, Curitiba, Paraná, Região Sul, 81350-260, Brasil",,suburb,3012156952,fallback_bairro_apos_rua_sem_resultado_em_bbox
cc8171cfbdda4bab,2024,18/02/2024,Drenagem,Alagamentos,Concluído,Rua Engenheiro Eduardo Afonso Nadolny,CIDADE INDUSTRIAL,Unidade Regional CIC,Telefone,True,False,1,pronto_para_geocodificar,none,"Candidato a geocodificacao; nao e coordenada, rotulo ou evidencia de treino.","Nao usar como ground truth, escore ou variavel derivada do rotulo.","Rua Engenheiro Eduardo Afonso Nadolny, CIDADE INDUSTRIAL, Curitiba, PR, Brasil",medium,-25.497993,-49.334522,"Cidade Industrial de Curitiba, Curitiba, Paraná, Região Sul, 81350-260, Brasil",,suburb,3012156952,fallback_bairro_apos_rua_sem_resultado_em_bbox
8731ef37edb2a62e,2024,18/02/2024,Drenagem,Alagamentos,Concluído,Rua João Malucelli Neto,CIDADE INDUSTRIAL,Unidade Regional CIC,Telefone,True,False,2,pronto_para_geocodificar,none,"Candidato a geocodificacao; nao e coordenada, rotulo ou evidencia de treino.","Nao usar como ground truth, escore ou variavel derivada do rotulo.","Rua João Malucelli Neto, CIDADE INDUSTRIAL, Curitiba, PR, Brasil",medium,-25.497993,-49.334522,"Cidade Industrial de Curitiba, Curitiba, Paraná, Região Sul, 81350-260, Brasil",,suburb,3012156952,fallback_bairro_apos_rua_sem_resultado_em_bbox
dec9c2478b6dbb7f,2024,18/02/2024,Drenagem,Alagamentos,Concluído,Rua Delegado Ruy Rebello Vieira,SITIO CERCADO,Unidade Regional Bairro Novo,Telefone,True,False,1,pronto_para_geocodificar,none,"Candidato a geocodificacao; nao e coordenada, rotulo ou evidencia de treino.","Nao usar como ground truth, escore ou variavel derivada do rotulo.","Rua Delegado Ruy Rebello Vieira, SITIO CERCADO, Curitiba, PR, Brasil",strong,-25.544839,-49.2579626,"Rua Delegado Ruy Rebello Vieira, Sítio Cercado, Curitiba, Paraná, Região Sul, 81920-500, Brasil",,residential,127255766,
b6997cd920e5e8a6,2024,18/02/2024,Drenagem,Alagamentos,Concluído,RUA DIOGO MUGIATTI,BOQUEIRAO,Unidade Regional Boqueirao,Telefone,True,False,2,pronto_para_geocodificar,none,"Candidato a geocodificacao; nao e coordenada, rotulo ou evidencia de treino.","Nao usar como ground truth, escore ou variavel derivada do rotulo.","RUA DIOGO MUGIATTI, BOQUEIRAO, Curitiba, PR, Brasil",strong,-25.5095857,-49.2257374,"Rua Diogo Mugiatti, Boqueirão, Curitiba, Paraná, Região Sul, 81730-360, Brasil",,residential,161181849,
c12826c2502d4bd5,2024,18/02/2024,Proteção ao cidadão - GM,"Enchentes, inundações ou alagamentos",Concluído,Florindo José Moreschi,GUAIRA,Unidade Regional Portao,Telefone,True,False,1,pronto_para_geocodificar,none,"Candidato a geocodificacao; nao e coordenada, rotulo ou evidencia de treino.","Nao usar como ground truth, escore ou variavel derivada do rotulo.","Florindo José Moreschi, GUAIRA, Curitiba, PR, Brasil",strong,-25.4663214,-49.2707537,"Rua Florindo José Moreschi, Guaíra, Curitiba, Paraná, Região Sul, 80630-000, Brasil",,residential,398384924,
bf16bc50b3543f3e,2024,18/02/2024,Proteção ao cidadão - GM,"Enchentes, inundações ou alagamentos",Concluído,Rua Waldemiro Ziliotto,NOVO MUNDO,Unidade Regional Pinheirinho,Telefone,True,False,1,pronto_para_geocodificar,none,"Candidato a geocodificacao; nao e coordenada, rotulo ou evidencia de treino.","Nao usar como ground truth, escore ou variavel derivada do rotulo.","Rua Waldemiro Ziliotto, NOVO MUNDO, Curitiba, PR, Brasil",strong,-25.4831669,-49.3063377,"Rua Waldemiro Ziliotto, Área Administrativa AMA. Vila Maria e Uberlândia, Novo Mundo, Curitiba, Paraná, Região Sul, 81050-424, Brasil",,residential,129141969,
4cbbb100bfab89b9,2024,18/02/2024,Drenagem,Alagamentos,Concluído,Rua Carlos Essenfelder,BOQUEIRAO,Unidade Regional Boqueirao,Telefone,True,False,1,pronto_para_geocodificar,none,"Candidato a geocodificacao; nao e coordenada, rotulo ou evidencia de treino.","Nao usar como ground truth, escore ou variavel derivada do rotulo.","Rua Carlos Essenfelder, BOQUEIRAO, Curitiba, PR, Brasil",strong,-25.5006408,-49.2296913,"Rua Carlos Essenfelder, Boqueirão, Curitiba, Paraná, Região Sul, 81730-070, Brasil",,residential,60160977,
9f624182940a3cf3,2024,18/02/2024,Proteção ao cidadão - GM,"Enchentes, inundações ou alagamentos",Concluído,RUA MARANHÃO,AGUA VERDE,Unidade Regional Portao,Telefone,True,False,1,pronto_para_geocodificar,none,"Candidato a geocodificacao; nao e coordenada, rotulo ou evidencia de treino.","Nao usar como ground truth, escore ou variavel derivada do rotulo.","RUA MARANHÃO, AGUA VERDE, Curitiba, PR, Brasil",strong,-25.4702298,-49.2854648,"Rua Maranhão, Água Verde, Curitiba, Paraná, Região Sul, 80610-140, Brasil",,residential,48310677,
e8afa0b66732b027,2024,18/02/2024,Proteção ao cidadão - GM,"Enchentes, inundações ou alagamentos",Concluído,Rua Das Carmelitas,BOQUEIRAO,Unidade Regional Boqueirao,Telefone,True,False,1,pronto_para_geocodificar,none,"Candidato a geocodificacao; nao e coordenada, rotulo ou evidencia de treino.","Nao usar como ground truth, escore ou variavel derivada do rotulo.","Rua Das Carmelitas, BOQUEIRAO, Curitiba, PR, Brasil",strong,-25.4869771,-49.2377774,"Rua das Carmelitas, Boqueirão, Curitiba, Paraná, Região Sul, 81650-110, Brasil",,tertiary,85573756,
4aec54914e01669e,2024,18/02/2024,Drenagem,Alagamentos,Concluído,Rua Ivaiporã,ALTO BOQUEIRAO,Unidade Regional Boqueirao,Telefone,True,False,1,pronto_para_geocodificar,none,"Candidato a geocodificacao; nao e coordenada, rotulo ou evidencia de treino.","Nao usar como ground truth, escore ou variavel derivada do rotulo.","Rua Ivaiporã, ALTO BOQUEIRAO, Curitiba, PR, Brasil",strong,-25.5323941,-49.2342433,"Rua Ivaiporã, Alto Boqueirão, Curitiba, Paraná, Região Sul, 81770-440, Brasil",,residential,126814906,
4f1e5dead9ed0c87,2024,18/02/2024,Drenagem,Alagamentos,Concluído,RUA ARTHUR MANOEL IWERSEN,BOQUEIRAO,Unidade Regional Boqueirao,Telefone,True,False,1,pronto_para_geocodificar,none,"Candidato a geocodificacao; nao e coordenada, rotulo ou evidencia de treino.","Nao usar como ground truth, escore ou variavel derivada do rotulo.","RUA ARTHUR MANOEL IWERSEN, BOQUEIRAO, Curitiba, PR, Brasil",strong,-25.5202304,-49.236654,"Rua Arthur Manoel Iwersen, Boqueirão, Curitiba, Paraná, Região Sul, 81770-260, Brasil",,residential,85231828,
e94daceee3ce3ba7,2024,18/02/2024,Drenagem,Alagamentos,Concluído,Laranjeiras do Sul,ALTO BOQUEIRAO,Unidade Regional Boqueirao,Telefone,True,False,1,pronto_para_geocodificar,none,"Candidato a geocodificacao; nao e coordenada, rotulo ou evidencia de treino.","Nao usar como ground truth, escore ou variavel derivada do rotulo.","Laranjeiras do Sul, ALTO BOQUEIRAO, Curitiba, PR, Brasil",strong,-25.528078,-49.2336342,"Rua Laranjeiras do Sul, Alto Boqueirão, Curitiba, Paraná, Região Sul, 81770-440, Brasil",,residential,1493804433,
9aabf1a498ee7376,2024,19/02/2024,Drenagem,Alagamentos,Concluído,RUA LUCIANO PAVAROTTI,CACHOEIRA,Unidade Regional Boa Vista,Telefone,True,False,1,pronto_para_geocodificar,none,"Candidato a geocodificacao; nao e coordenada, rotulo ou evidencia de treino.","Nao usar como ground truth, escore ou variavel derivada do rotulo.","RUA LUCIANO PAVAROTTI, CACHOEIRA, Curitiba, PR, Brasil",strong,-25.3498456,-49.2669997,"Rua Luciano Pavarotti, Vila Jardim Recanto Feliz, Cachoeira, Curitiba, Paraná, Região Sul, 83506-010, Brasil",,residential,165260168,
364c80675912dd16,2024,24/02/2024,Drenagem,Alagamentos,Concluído,RUA ALFERES POLI,CENTRO,Unidade Regional Matriz,Telefone,True,False,1,pronto_para_geocodificar,none,"Candidato a geocodificacao; nao e coordenada, rotulo ou evidencia de treino.","Nao usar como ground truth, escore ou variavel derivada do rotulo.","RUA ALFERES POLI, CENTRO, Curitiba, PR, Brasil",strong,-25.4374932,-49.2730284,"Rua Alferes Poli, Centro, Curitiba, Paraná, Região Sul, 80230-090, Brasil",,tertiary,289598957,
cdc28e4a207db37a,2024,22/02/2024,Drenagem,Alagamentos,Concluído,Rua Antônio Rebelatto,BOQUEIRAO,Unidade Regional Boqueirao,Portal,True,False,1,pronto_para_geocodificar,none,"Candidato a geocodificacao; nao e coordenada, rotulo ou evidencia de treino.","Nao usar como ground truth, escore ou variavel derivada do rotulo.","Rua Antônio Rebelatto, BOQUEIRAO, Curitiba, PR, Brasil",strong,-25.4936094,-49.2584485,"Rua Antônio Rebelatto, Boqueirão, Curitiba, Paraná, Região Sul, 81670-230, Brasil",,residential,1160996169,
835ffd03df250f5a,2024,19/02/2024,Drenagem,Alagamentos,Concluído,Rua Rodolpho Senff Júnior,CAPAO RASO,Unidade Regional Pinheirinho,Telefone,True,False,1,pronto_para_geocodificar,none,"Candidato a geocodificacao; nao e coordenada, rotulo ou evidencia de treino.","Nao usar como ground truth, escore ou variavel derivada do rotulo.","Rua Rodolpho Senff Júnior, CAPAO RASO, Curitiba, PR, Brasil",strong,-25.4984136,-49.2895871,"Rua Rodolpho Senff Júnior, Capão Raso, Curitiba, Paraná, Região Sul, 81110-110, Brasil",,residential,24576817,
96516854f0c75286,2024,23/02/2024,Drenagem,Alagamentos,Concluído,Rua Simão Guebur,UBERABA,Unidade Regional Cajuru,Portal,True,False,1,pronto_para_geocodificar,none,"Candidato a geocodificacao; nao e coordenada, rotulo ou evidencia de treino.","Nao usar como ground truth, escore ou variavel derivada do rotulo.","Rua Simão Guebur, UBERABA, Curitiba, PR, Brasil",strong,-25.4915557,-49.2241957,"Rua Simão Guebur, Uberaba, Curitiba, Paraná, Região Sul, 81580-130, Brasil",,residential,158948455,
fe8fe424e30f31ad,2024,19/02/2024,Drenagem,Alagamentos,Concluído,RUA JOSÉ ANIBAL DUTRA LAMIM,TATUQUARA,Unidade Regional Tatuquara,Telefone,True,False,1,pronto_para_geocodificar,none,"Candidato a geocodificacao; nao e coordenada, rotulo ou evidencia de treino.","Nao usar como ground truth, escore ou variavel derivada do rotulo.","RUA JOSÉ ANIBAL DUTRA LAMIM, TATUQUARA, Curitiba, PR, Brasil",strong,-25.5659126,-49.3400119,"Rua José Anibal Dutra Lamim, Moradias Santa Rita, Tatuquara, Curitiba, Paraná, Região Sul, 81470-085, Brasil",,residential,165612876,
4c336716a3b8cb2e,2024,19/02/2024,Drenagem,Alagamentos,Concluído,RUA ANNE FRANK,BOQUEIRAO,Unidade Regional Boqueirao,Telefone,True,False,1,pronto_para_geocodificar,none,"Candidato a geocodificacao; nao e coordenada, rotulo ou evidencia de treino.","Nao usar como ground truth, escore ou variavel derivada do rotulo.","RUA ANNE FRANK, BOQUEIRAO, Curitiba, PR, Brasil",strong,-25.4897462,-49.2419587,"Rua Anne Frank, Boqueirão, Curitiba, Paraná, Região Sul, 81670-000, Brasil",,primary,83933978,
8e1a3856e1bc7c32,2024,19/02/2024,Drenagem,Alagamentos,Concluído,RUA JOSÉ AUGUSTO DA SILVA,SITIO CERCADO,Unidade Regional Bairro Novo,Telefone,True,False,1,pronto_para_geocodificar,none,"Candidato a geocodificacao; nao e coordenada, rotulo ou evidencia de treino.","Nao usar como ground truth, escore ou variavel derivada do rotulo.","RUA JOSÉ AUGUSTO DA SILVA, SITIO CERCADO, Curitiba, PR, Brasil",strong,-25.5351751,-49.2620216,"Rua Mário Ribeiro Chimelli, Sítio Cercado, Curitiba, Paraná, Região Sul, 81910-470, Brasil",,residential,654634896,
a79d0dfa35434568,2024,19/02/2024,Drenagem,Alagamentos,Concluído,RUA VALPARAIZO,BACACHERI,Unidade Regional Boa Vista,Telefone,True,False,1,pronto_para_geocodificar,none,"Candidato a geocodificacao; nao e coordenada, rotulo ou evidencia de treino.","Nao usar como ground truth, escore ou variavel derivada do rotulo.","RUA VALPARAIZO, BACACHERI, Curitiba, PR, Brasil",medium,-25.3968497,-49.2344563,"Bacacheri, Curitiba, Paraná, Região Sul, Brasil",,administrative,6231364,fallback_bairro_apos_rua_sem_resultado_em_bbox
b6d3a4abe4f8c7e7,2024,19/02/2024,Drenagem,Alagamentos,Concluído,Rua Jacob Brandalise,UBERABA,Unidade Regional Cajuru,Telefone,True,False,2,pronto_para_geocodificar,none,"Candidato a geocodificacao; nao e coordenada, rotulo ou evidencia de treino.","Nao usar como ground truth, escore ou variavel derivada do rotulo.","Rua Jacob Brandalise, UBERABA, Curitiba, PR, Brasil",strong,-25.4977112,-49.2133816,"Rua Jacob Brandalise, Uberaba, Curitiba, Paraná, Região Sul, 81580-420, Brasil",,residential,125391969,
b6d3a4abe4f8c7e7,2024,19/02/2024,Drenagem,Alagamentos,Concluído,Rua Jacob Brandalise,UBERABA,Unidade Regional Cajuru,Telefone,True,False,2,pronto_para_geocodificar,none,"Candidato a geocodificacao; nao e coordenada, rotulo ou evidencia de treino.","Nao usar como ground truth, escore ou variavel derivada do rotulo.","Rua Jacob Brandalise, UBERABA, Curitiba, PR, Brasil",strong,-25.4977112,-49.2133816,"Rua Jacob Brandalise, Uberaba, Curitiba, Paraná, Região Sul, 81580-420, Brasil",,residential,125391969,
53d1d69f18810b80,2024,20/02/2024,Drenagem,Alagamentos,Concluído,RUA BITURUNA,XAXIM,Unidade Regional Boqueirao,Telefone,True,False,1,pronto_para_geocodificar,none,"Candidato a geocodificacao; nao e coordenada, rotulo ou evidencia de treino.","Nao usar como ground truth, escore ou variavel derivada do rotulo.","RUA BITURUNA, XAXIM, Curitiba, PR, Brasil",medium,-25.5008748,-49.2678646,"Xaxim, Curitiba, Paraná, Região Sul, 81710-210, Brasil",,suburb,3012156958,fallback_bairro_apos_rua_sem_resultado_em_bbox
69ebdfdc3288b280,2024,22/02/2024,Drenagem,Alagamentos,Concluído,Rua Salvador Evangelista,ALTO BOQUEIRAO,Unidade Regional Boqueirao,Telefone,True,False,1,pronto_para_geocodificar,none,"Candidato a geocodificacao; nao e coordenada, rotulo ou evidencia de treino.","Nao usar como ground truth, escore ou variavel derivada do rotulo.","Rua Salvador Evangelista, ALTO BOQUEIRAO, Curitiba, PR, Brasil",strong,-25.5274945,-49.2444717,"Rua Salvador Evangelista, teste, Alto Boqueirão, Curitiba, Paraná, Região Sul, 81770-710, Brasil",,residential,126814908,
27f8ca8be26160a9,2024,22/02/2024,Drenagem,Alagamentos,Concluído,RUA LOURENÇO PINTO,CENTRO,Unidade Regional Matriz,Telefone,True,False,1,pronto_para_geocodificar,none,"Candidato a geocodificacao; nao e coordenada, rotulo ou evidencia de treino.","Nao usar como ground truth, escore ou variavel derivada do rotulo.","RUA LOURENÇO PINTO, CENTRO, Curitiba, PR, Brasil",strong,-25.4357781,-49.2683315,"Rua Lourenço Pinto, Centro, Curitiba, Paraná, Região Sul, 80010-130, Brasil",,residential,1037027923,
c9e626a0fbd14db6,2024,27/02/2024,Drenagem,Alagamentos,Concluído,Rua Professora Kloldi Jane Assis,SITIO CERCADO,Unidade Regional Bairro Novo,Portal,True,False,1,pronto_para_geocodificar,none,"Candidato a geocodificacao; nao e coordenada, rotulo ou evidencia de treino.","Nao usar como ground truth, escore ou variavel derivada do rotulo.","Rua Professora Kloldi Jane Assis, SITIO CERCADO, Curitiba, PR, Brasil",strong,-25.549938,-49.2632734,"Rua Professora Kloldi Jane Assis, Sítio Cercado, Curitiba, Paraná, Região Sul, 81925-410, Brasil",,residential,127268388,
735a3abd1daf4293,2024,29/02/2024,Drenagem,Alagamentos,Concluído,Rua General Polli Coelho,TARUMA,Unidade Regional Cajuru,Portal,True,False,1,pronto_para_geocodificar,none,"Candidato a geocodificacao; nao e coordenada, rotulo ou evidencia de treino.","Nao usar como ground truth, escore ou variavel derivada do rotulo.","Rua General Polli Coelho, TARUMA, Curitiba, PR, Brasil",strong,-25.430765,-49.2276,"Rua General Polli Coelho, Tarumã, Curitiba, Paraná, Região Sul, 82800-030, Brasil",,tertiary,24877329,
a41913f0c66f5d98,2024,29/02/2024,Drenagem,Alagamentos,Concluído,Rua Rio do Sul,CAMPO COMPRIDO,Unidade Regional Portao,Portal,True,False,1,pronto_para_geocodificar,none,"Candidato a geocodificacao; nao e coordenada, rotulo ou evidencia de treino.","Nao usar como ground truth, escore ou variavel derivada do rotulo.","Rua Rio do Sul, CAMPO COMPRIDO, Curitiba, PR, Brasil",strong,-25.4696919,-49.3244633,"Rua Rio do Sul, Campo Comprido, Curitiba, Paraná, Região Sul, 81320-390, Brasil",,residential,161501509,
279008231b8dc3f9,2024,29/02/2024,Drenagem,Alagamentos,Concluído,Rua Olegário Maciel,FAZENDINHA,Unidade Regional Portao,Portal,True,False,1,pronto_para_geocodificar,none,"Candidato a geocodificacao; nao e coordenada, rotulo ou evidencia de treino.","Nao usar como ground truth, escore ou variavel derivada do rotulo.","Rua Olegário Maciel, FAZENDINHA, Curitiba, PR, Brasil",strong,-25.4870889,-49.3338694,"Rua Olegário Maciel, Cidade Industrial de Curitiba, Curitiba, Paraná, Região Sul, 81330-430, Brasil",,residential,83705686,
61752862b5d9cd3e,2024,21/02/2024,Drenagem,Alagamentos,Concluído,RUA DESEMBARGADOR JOÃO ANTONIO DE BARROS JÚNIOR,XAXIM,Unidade Regional Boqueirao,Portal,True,False,1,pronto_para_geocodificar,none,"Candidato a geocodificacao; nao e coordenada, rotulo ou evidencia de treino.","Nao usar como ground truth, escore ou variavel derivada do rotulo.","RUA DESEMBARGADOR JOÃO ANTONIO DE BARROS JÚNIOR, XAXIM, Curitiba, PR, Brasil",strong,-25.508146,-49.2790873,"Rua Desembargador João Antônio de Barros Júnior, Vila São Pedro, Xaxim, Curitiba, Paraná, Região Sul, 81810-590, Brasil",,residential,84999454,
56af2d793b49660b,2024,02/03/2024,Drenagem,Alagamentos,Concluído,RUA EDMUNDO ANGELY,JARDIM DAS AMERICAS,Unidade Regional Cajuru,Portal,True,False,1,pronto_para_geocodificar,none,"Candidato a geocodificacao; nao e coordenada, rotulo ou evidencia de treino.","Nao usar como ground truth, escore ou variavel derivada do rotulo.","RUA EDMUNDO ANGELY, JARDIM DAS AMERICAS, Curitiba, PR, Brasil",strong,-25.4598482,-49.235753,"Rua Edmundo Angely, Jardim das Américas, Curitiba, Paraná, Região Sul, 81530-001, Brasil",,residential,125381914,
f389be8241afc2b5,2024,05/03/2024,Drenagem,Alagamentos,Concluído,Rua João Socha,SITIO CERCADO,Unidade Regional Bairro Novo,Portal,True,False,1,pronto_para_geocodificar,none,"Candidato a geocodificacao; nao e coordenada, rotulo ou evidencia de treino.","Nao usar como ground truth, escore ou variavel derivada do rotulo.","Rua João Socha, SITIO CERCADO, Curitiba, PR, Brasil",strong,-25.5333888,-49.2764132,"Rua João Socha, Sítio Cercado, Curitiba, Paraná, Região Sul, 81900-050, Brasil",,residential,127264759,
5ca5ca6d0c27923c,2024,05/03/2024,Drenagem,Alagamentos,Concluído,RUA CELESTE TORTATO GABARDO,SITIO CERCADO,Unidade Regional Bairro Novo,Telefone,True,False,1,pronto_para_geocodificar,none,"Candidato a geocodificacao; nao e coordenada, rotulo ou evidencia de treino.","Nao usar como ground truth, escore ou variavel derivada do rotulo.","RUA CELESTE TORTATO GABARDO, SITIO CERCADO, Curitiba, PR, Brasil",strong,-25.5443334,-49.282933,"Rua Celeste Tortato Gabardo, Vila Nova Aurora, Sítio Cercado, Curitiba, Paraná, Região Sul, 81900-440, Brasil",,residential,1226253026,
c92e0e7a286526b2,2024,05/03/2024,Drenagem,Alagamentos,Concluído,RUA PROFESSOR JOSÉ MAURÍCIO HIGGINS,BOQUEIRAO,Unidade Regional Boqueirao,Telefone,True,False,1,pronto_para_geocodificar,none,"Candidato a geocodificacao; nao e coordenada, rotulo ou evidencia de treino.","Nao usar como ground truth, escore ou variavel derivada do rotulo.","RUA PROFESSOR JOSÉ MAURÍCIO HIGGINS, BOQUEIRAO, Curitiba, PR, Brasil",strong,-25.497503,-49.2503042,"Rua Professor José Maurício Higgins, Boqueirão, Curitiba, Paraná, Região Sul, 81670-110, Brasil",,residential,84872570,
948e5647a0d4ed71,2024,05/03/2024,Drenagem,Alagamentos,Concluído,Rua Tenente José Mendes Magno,SITIO CERCADO,Unidade Regional Bairro Novo,Portal,True,False,1,pronto_para_geocodificar,none,"Candidato a geocodificacao; nao e coordenada, rotulo ou evidencia de treino.","Nao usar como ground truth, escore ou variavel derivada do rotulo.","Rua Tenente José Mendes Magno, SITIO CERCADO, Curitiba, PR, Brasil",strong,-25.534975,-49.2548598,"Rua Tenente José Mendes Magno, Sítio Cercado, Curitiba, Paraná, Região Sul, 81920-640, Brasil",,residential,127245297,
44d05c8e327170c1,2024,06/03/2024,Drenagem,Alagamentos,Concluído,RUA SWAMI VIVEKANANDA,UBERABA,Unidade Regional Cajuru,Portal,True,False,2,pronto_para_geocodificar,none,"Candidato a geocodificacao; nao e coordenada, rotulo ou evidencia de treino.","Nao usar como ground truth, escore ou variavel derivada do rotulo.","RUA SWAMI VIVEKANANDA, UBERABA, Curitiba, PR, Brasil",strong,-25.4966247,-49.2124582,"Rua Swami Vivekananda, Uberaba, Curitiba, Paraná, Região Sul, 81560-560, Brasil",,residential,125391980,
eb533cf9a48da23f,2024,06/03/2024,Drenagem,Alagamentos,Concluído,Rua Swami Vivekananda,UBERABA,Unidade Regional Cajuru,Portal,True,False,2,pronto_para_geocodificar,none,"Candidato a geocodificacao; nao e coordenada, rotulo ou evidencia de treino.","Nao usar como ground truth, escore ou variavel derivada do rotulo.","Rua Swami Vivekananda, UBERABA, Curitiba, PR, Brasil",strong,-25.4966247,-49.2124582,"Rua Swami Vivekananda, Uberaba, Curitiba, Paraná, Região Sul, 81560-560, Brasil",,residential,125391980,
75b4f84f53a51f7a,2024,23/02/2024,Drenagem,Alagamentos,Concluído,Avenida Cândido de Abreu,CENTRO CIVICO,Unidade Regional Matriz,Portal,True,False,1,pronto_para_geocodificar,none,"Candidato a geocodificacao; nao e coordenada, rotulo ou evidencia de treino.","Nao usar como ground truth, escore ou variavel derivada do rotulo.","Avenida Cândido de Abreu, CENTRO CIVICO, Curitiba, PR, Brasil",strong,-25.4215566,-49.2692821,"Avenida Cândido de Abreu, Centro Cívico, Curitiba, Paraná, Região Sul, 81450-360, Brasil",,residential,663377907,
0033b2b93c31619f,2024,05/03/2024,Drenagem,Alagamentos,Concluído,RUA NOVA CANTU,SITIO CERCADO,Unidade Regional Bairro Novo,Telefone,True,False,1,pronto_para_geocodificar,none,"Candidato a geocodificacao; nao e coordenada, rotulo ou evidencia de treino.","Nao usar como ground truth, escore ou variavel derivada do rotulo.","RUA NOVA CANTU, SITIO CERCADO, Curitiba, PR, Brasil",strong,-25.552029,-49.2735237,"Rua Nova Cantu, Sítio Cercado, Curitiba, Paraná, Região Sul, 81925-417, Brasil",,residential,439144123,
e9fb05143c0638e7,2024,04/03/2024,Drenagem,Alagamentos,Concluído,Rua Professor Assis Gonçalves,AGUA VERDE,Unidade Regional Portao,Portal,True,False,1,pronto_para_geocodificar,none,"Candidato a geocodificacao; nao e coordenada, rotulo ou evidencia de treino.","Nao usar como ground truth, escore ou variavel derivada do rotulo.","Rua Professor Assis Gonçalves, AGUA VERDE, Curitiba, PR, Brasil",strong,-25.4602304,-49.2837278,"Rua Professor Assis Gonçalves, Água Verde, Curitiba, Paraná, Região Sul, 80620-130, Brasil",,residential,52708917,
c8a041c6823dc407,2024,04/03/2024,Drenagem,Alagamentos,Concluído,Rua Nova Aurora,SITIO CERCADO,Unidade Regional Bairro Novo,Portal,True,False,1,pronto_para_geocodificar,none,"Candidato a geocodificacao; nao e coordenada, rotulo ou evidencia de treino.","Nao usar como ground truth, escore ou variavel derivada do rotulo.","Rua Nova Aurora, SITIO CERCADO, Curitiba, PR, Brasil",strong,-25.5485856,-49.269814,"Rua Nova Aurora, Sítio Cercado, Curitiba, Paraná, Região Sul, 81925-120, Brasil",,secondary,568800827,
9084ed09de7e98f4,2024,04/03/2024,Drenagem,Alagamentos,Concluído,Rua Guaçuí,SITIO CERCADO,Unidade Regional Bairro Novo,Telefone,True,False,1,pronto_para_geocodificar,none,"Candidato a geocodificacao; nao e coordenada, rotulo ou evidencia de treino.","Nao usar como ground truth, escore ou variavel derivada do rotulo.","Rua Guaçuí, SITIO CERCADO, Curitiba, PR, Brasil",strong,-25.5516938,-49.2528119,"Rua Guaçuí, Sítio Cercado, Curitiba, Paraná, Região Sul, 81935-060, Brasil",,residential,390169297,
5ebf539e461186e2,2025,20/10/2025,Drenagem,Alagamentos,Respondido,RUA BARTOLOMEU LOURENÇO DE GUSMÃO,BOQUEIRAO,Unidade Regional Boqueirao,Telefone,True,False,1,pronto_para_geocodificar,none,"Candidato a geocodificacao; nao e coordenada, rotulo ou evidencia de treino.","Nao usar como ground truth, escore ou variavel derivada do rotulo.","RUA BARTOLOMEU LOURENÇO DE GUSMÃO, BOQUEIRAO, Curitiba, PR, Brasil",strong,-25.5068695,-49.2294642,"Rua Bartolomeu Lourenço de Gusmão, Boqueirão, Curitiba, Paraná, Região Sul, 81730-360, Brasil",,residential,55204873,
8fd7025ac39320d0,2025,25/12/2025,Drenagem,Alagamentos,Aberto,Ponta Grossa,PORTAO,Unidade Regional Portao,Portal,True,False,1,pronto_para_geocodificar,none,"Candidato a geocodificacao; nao e coordenada, rotulo ou evidencia de treino.","Nao usar como ground truth, escore ou variavel derivada do rotulo.","Ponta Grossa, PORTAO, Curitiba, PR, Brasil",strong,-25.4722848,-49.2892382,"Rua Ponta Grossa, Portão, Curitiba, Paraná, Região Sul, 80610-240, Brasil",,residential,39483159,
76344eac6171253d,2025,31/12/2025,Drenagem,Alagamentos,Aberto,Doutor Carvalho Chaves,PAROLIN,Unidade Regional Portao,Portal,True,False,2,pronto_para_geocodificar,none,"Candidato a geocodificacao; nao e coordenada, rotulo ou evidencia de treino.","Nao usar como ground truth, escore ou variavel derivada do rotulo.","Doutor Carvalho Chaves, PAROLIN, Curitiba, PR, Brasil",strong,-25.4594422,-49.2591324,"Rua Doutor Carvalho Chaves, Parolin, Curitiba, Paraná, Região Sul, 80220-902, Brasil",,residential,46208601,
76344eac6171253d,2025,31/12/2025,Drenagem,Alagamentos,Aberto,Doutor Carvalho Chaves,PAROLIN,Unidade Regional Portao,Portal,True,False,2,pronto_para_geocodificar,none,"Candidato a geocodificacao; nao e coordenada, rotulo ou evidencia de treino.","Nao usar como ground truth, escore ou variavel derivada do rotulo.","Doutor Carvalho Chaves, PAROLIN, Curitiba, PR, Brasil",strong,-25.4594422,-49.2591324,"Rua Doutor Carvalho Chaves, Parolin, Curitiba, Paraná, Região Sul, 80220-902, Brasil",,residential,46208601,
c1a368a69212bf96,2025,31/12/2025,Drenagem,Alagamentos,Aberto,Francisco Parolin,PAROLIN,Unidade Regional Portao,Portal,True,False,1,pronto_para_geocodificar,none,"Candidato a geocodificacao; nao e coordenada, rotulo ou evidencia de treino.","Nao usar como ground truth, escore ou variavel derivada do rotulo.","Francisco Parolin, PAROLIN, Curitiba, PR, Brasil",strong,-25.4637167,-49.2601128,"Rua Francisco Parolin, Parolin, Curitiba, Paraná, Região Sul, 80220-390, Brasil",,residential,53814835,
4e2054c594278815,2025,09/09/2025,Drenagem,Alagamentos,Aberto,João Volpe,BUTIATUVINHA,Unidade Regional Santa Felicidade,Portal,True,False,1,pronto_para_geocodificar,none,"Candidato a geocodificacao; nao e coordenada, rotulo ou evidencia de treino.","Nao usar como ground truth, escore ou variavel derivada do rotulo.","João Volpe, BUTIATUVINHA, Curitiba, PR, Brasil",strong,-25.3985851,-49.3500697,"Rua João Volpe, Butiatuvinha, Curitiba, Paraná, Região Sul, 82320-390, Brasil",,residential,158111828,
d1e0cd4a7aa4e359,2025,30/10/2025,Drenagem,Alagamentos,Aberto,Jaçanã,SAO BRAZ,Unidade Regional Santa Felicidade,Portal,True,False,1,pronto_para_geocodificar,none,"Candidato a geocodificacao; nao e coordenada, rotulo ou evidencia de treino.","Nao usar como ground truth, escore ou variavel derivada do rotulo.","Jaçanã, SAO BRAZ, Curitiba, PR, Brasil",strong,-25.4145678,-49.3560263,"Rua Jaçanã, São Braz, Curitiba, Paraná, Região Sul, 82315-420, Brasil",,residential,126814570,
f7368bf197ab9f23,2025,04/12/2025,Drenagem,Alagamentos,Aberto,RUA SOLEDADE REGINA SANZOVO MOURÃO,BUTIATUVINHA,Unidade Regional Santa Felicidade,Telefone,True,False,1,pronto_para_geocodificar,none,"Candidato a geocodificacao; nao e coordenada, rotulo ou evidencia de treino.","Nao usar como ground truth, escore ou variavel derivada do rotulo.","RUA SOLEDADE REGINA SANZOVO MOURÃO, BUTIATUVINHA, Curitiba, PR, Brasil",medium,-25.4001938,-49.3562253,"Butiatuvinha, Curitiba, Paraná, Região Sul, 82310-110, Brasil",,suburb,3012346894,fallback_bairro_apos_rua_sem_resultado_em_bbox
454a54408e1a4039,2025,29/10/2025,Drenagem,Alagamentos,Concluído,PRACA PADRE AGOSTINHO LEGROS,BIGORRILHO,Unidade Regional Matriz,Telefone,True,False,1,pronto_para_geocodificar,none,"Candidato a geocodificacao; nao e coordenada, rotulo ou evidencia de treino.","Nao usar como ground truth, escore ou variavel derivada do rotulo.","PRACA PADRE AGOSTINHO LEGROS, BIGORRILHO, Curitiba, PR, Brasil",medium,-25.4339089,-49.2994023,"Bigorrilho, Curitiba, Paraná, Região Sul, Brasil",,administrative,6228349,fallback_bairro_apos_rua_sem_resultado_em_bbox
0ee37679a632e048,2025,19/11/2025,Drenagem,Alagamentos,Concluído,Comendador Franco,JARDIM BOTANICO,Unidade Regional Matriz,Portal,True,False,1,pronto_para_geocodificar,none,"Candidato a geocodificacao; nao e coordenada, rotulo ou evidencia de treino.","Nao usar como ground truth, escore ou variavel derivada do rotulo.","Comendador Franco, JARDIM BOTANICO, Curitiba, PR, Brasil",strong,-25.4423537,-49.251072,"Avenida Comendador Franco, Jardim Botânico, Curitiba, Paraná, Região Sul, 80210-000, Brasil",,secondary,382045028,
c51947c5de06db9f,2025,11/12/2025,Drenagem,Alagamentos,Concluído,Júlia Wanderley,MERCES,Unidade Regional Matriz,Portal,True,False,1,pronto_para_geocodificar,none,"Candidato a geocodificacao; nao e coordenada, rotulo ou evidencia de treino.","Nao usar como ground truth, escore ou variavel derivada do rotulo.","Júlia Wanderley, MERCES, Curitiba, PR, Brasil",strong,-25.4264247,-49.2952568,"Rua Júlia Wanderley, Mercês, Curitiba, Paraná, Região Sul, 80710-240, Brasil",,secondary,163603467,
f73f4e177c7afe46,2025,11/12/2025,Drenagem,Alagamentos,Concluído,RUA DESEMBARGADOR MOTTA,CENTRO,Unidade Regional Matriz,Portal,True,False,1,pronto_para_geocodificar,none,"Candidato a geocodificacao; nao e coordenada, rotulo ou evidencia de treino.","Nao usar como ground truth, escore ou variavel derivada do rotulo.","RUA DESEMBARGADOR MOTTA, CENTRO, Curitiba, PR, Brasil",strong,-25.440597,-49.2783098,"Rua Desembargador Motta, Centro, Curitiba, Paraná, Região Sul, 80250-220, Brasil",,primary,231095196,
e1a55191afe77cae,2025,23/11/2025,Drenagem,Alagamentos,Aberto,Presidente Pádua Fleury,HAUER,Unidade Regional Boqueirao,Portal,True,False,1,pronto_para_geocodificar,none,"Candidato a geocodificacao; nao e coordenada, rotulo ou evidencia de treino.","Nao usar como ground truth, escore ou variavel derivada do rotulo.","Presidente Pádua Fleury, HAUER, Curitiba, PR, Brasil",strong,-25.4783674,-49.254444,"Rua Presidente Pádua Fleury, Hauer, Curitiba, Paraná, Região Sul, 81630-050, Brasil",,tertiary,55204885,
f2a1d458c583e778,2025,30/11/2025,Drenagem,Alagamentos,Aberto,Eugênio José de Souza,AGUA VERDE,Unidade Regional Portao,Portal,True,False,2,pronto_para_geocodificar,none,"Candidato a geocodificacao; nao e coordenada, rotulo ou evidencia de treino.","Nao usar como ground truth, escore ou variavel derivada do rotulo.","Eugênio José de Souza, AGUA VERDE, Curitiba, PR, Brasil",strong,-25.4642589,-49.2803828,"Rua Eugênio José de Souza, Água Verde, Curitiba, Paraná, Região Sul, 80610-020, Brasil",,tertiary,231807299,
7476a277cffe0bc4,2025,10/12/2025,Drenagem,Alagamentos,Aberto,Ary Rolim Costa,FAZENDINHA,Unidade Regional Portao,Portal,True,False,1,pronto_para_geocodificar,none,"Candidato a geocodificacao; nao e coordenada, rotulo ou evidencia de treino.","Nao usar como ground truth, escore ou variavel derivada do rotulo.","Ary Rolim Costa, FAZENDINHA, Curitiba, PR, Brasil",strong,-25.4825469,-49.3295474,"Rua Ary Rolim Costa, Fazendinha, Curitiba, Paraná, Região Sul, 81330-300, Brasil",,residential,83705685,
2995f7ecfabbe020,2025,16/12/2025,Drenagem,Alagamentos,Aberto,Amazonas,AGUA VERDE,Unidade Regional Portao,Portal,True,False,1,pronto_para_geocodificar,none,"Candidato a geocodificacao; nao e coordenada, rotulo ou evidencia de treino.","Nao usar como ground truth, escore ou variavel derivada do rotulo.","Amazonas, AGUA VERDE, Curitiba, PR, Brasil",strong,-25.4668075,-49.2847174,"Rua Amazonas, Água Verde, Curitiba, Paraná, Região Sul, 80610-020, Brasil",,tertiary,818447514,
320f47e7cf004558,2025,16/12/2025,Drenagem,Alagamentos,Aberto,Eugênio José de Souza,AGUA VERDE,Unidade Regional Portao,Portal,True,False,2,pronto_para_geocodificar,none,"Candidato a geocodificacao; nao e coordenada, rotulo ou evidencia de treino.","Nao usar como ground truth, escore ou variavel derivada do rotulo.","Eugênio José de Souza, AGUA VERDE, Curitiba, PR, Brasil",strong,-25.4642589,-49.2803828,"Rua Eugênio José de Souza, Água Verde, Curitiba, Paraná, Região Sul, 80610-020, Brasil",,tertiary,231807299,
320f47e7cf004558,2025,16/12/2025,Drenagem,Alagamentos,Aberto,Eugênio José de Souza,AGUA VERDE,Unidade Regional Portao,Portal,True,False,2,pronto_para_geocodificar,none,"Candidato a geocodificacao; nao e coordenada, rotulo ou evidencia de treino.","Nao usar como ground truth, escore ou variavel derivada do rotulo.","Eugênio José de Souza, AGUA VERDE, Curitiba, PR, Brasil",strong,-25.4642589,-49.2803828,"Rua Eugênio José de Souza, Água Verde, Curitiba, Paraná, Região Sul, 80610-020, Brasil",,tertiary,231807299,
2a27af6b09be5e8a,2025,26/08/2025,Drenagem,Alagamentos,Aberto,José Ferreira Barros,FANNY,Unidade Regional Pinheirinho,Portal,True,False,1,pronto_para_geocodificar,none,"Candidato a geocodificacao; nao e coordenada, rotulo ou evidencia de treino.","Nao usar como ground truth, escore ou variavel derivada do rotulo.","José Ferreira Barros, FANNY, Curitiba, PR, Brasil",strong,-25.4865848,-49.2739445,"Rua José Ferreira de Barros, Fanny, Curitiba, Paraná, Região Sul, 81030-330, Brasil",,residential,126271628,
405d265b3decd220,2025,23/09/2025,Drenagem,Alagamentos,Aberto,RUA DORACI DOLORES KERETCH,PINHEIRINHO,Unidade Regional Pinheirinho,Telefone,True,False,1,pronto_para_geocodificar,none,"Candidato a geocodificacao; nao e coordenada, rotulo ou evidencia de treino.","Nao usar como ground truth, escore ou variavel derivada do rotulo.","RUA DORACI DOLORES KERETCH, PINHEIRINHO, Curitiba, PR, Brasil",strong,-25.5233468,-49.2816414,"Rua Doraci Dolores Keretch, Moradias Saquarema, Pinheirinho, Curitiba, Paraná, Região Sul, 81820-450, Brasil",,residential,129002847,
35c03e5c42b3f7af,2025,22/12/2025,Drenagem,Alagamentos,Aberto,Rua Luiz Nichele,UMBARA,Unidade Regional Bairro Novo,Telefone,True,False,1,pronto_para_geocodificar,none,"Candidato a geocodificacao; nao e coordenada, rotulo ou evidencia de treino.","Nao usar como ground truth, escore ou variavel derivada do rotulo.","Rua Luiz Nichele, UMBARA, Curitiba, PR, Brasil",strong,-25.56997,-49.2906267,"Rua Luiz Nichele, Umbará, Curitiba, Paraná, Região Sul, 81940-290, Brasil",,tertiary,630088270,
1aaf25c179dc70d1,2025,18/02/2025,Proteção ao cidadão - GM,"Enchentes, inundações ou alagamentos",Aberto,RUA JORGE KOZAKA,CAJURU,Unidade Regional Cajuru,Telefone,True,False,1,pronto_para_geocodificar,none,"Candidato a geocodificacao; nao e coordenada, rotulo ou evidencia de treino.","Nao usar como ground truth, escore ou variavel derivada do rotulo.","RUA JORGE KOZAKA, CAJURU, Curitiba, PR, Brasil",strong,-25.457243,-49.1981565,"Rua Jorge Kozaka, Vila São Domingos Agrícola, Cajuru, Curitiba, Paraná, Região Sul, 82930-548, Brasil",,residential,364407984,
cf7f1de9a1da01e5,2025,21/02/2025,Proteção ao cidadão - GM,"Enchentes, inundações ou alagamentos",Aberto,RUA ALMIRANTE GONÇALVES,REBOUCAS,Unidade Regional Matriz,Telefone,True,False,1,pronto_para_geocodificar,none,"Candidato a geocodificacao; nao e coordenada, rotulo ou evidencia de treino.","Nao usar como ground truth, escore ou variavel derivada do rotulo.","RUA ALMIRANTE GONÇALVES, REBOUCAS, Curitiba, PR, Brasil",strong,-25.4481529,-49.267654,"Rua Almirante Gonçalves, Rebouças, Curitiba, Paraná, Região Sul, 80230-050, Brasil",,tertiary,231107718,
9cd0449984d5fde9,2025,21/02/2025,Proteção ao cidadão - GM,"Enchentes, inundações ou alagamentos",Aberto,AVENIDA MARECHAL FLORIANO PEIXOTO,HAUER,Unidade Regional Boqueirao,Telefone,True,False,1,pronto_para_geocodificar,none,"Candidato a geocodificacao; nao e coordenada, rotulo ou evidencia de treino.","Nao usar como ground truth, escore ou variavel derivada do rotulo.","AVENIDA MARECHAL FLORIANO PEIXOTO, HAUER, Curitiba, PR, Brasil",strong,-25.4705606,-49.2526987,"Avenida Marechal Floriano Peixoto, Hauer, Curitiba, Paraná, Região Sul, 80020-000, Brasil",,tertiary,24554235,
504f6804d7891775,2025,21/02/2025,Proteção ao cidadão - GM,"Enchentes, inundações ou alagamentos",Aberto,RUA BRIGADEIRO FRANCO,CENTRO,Unidade Regional Matriz,Telefone,True,False,1,pronto_para_geocodificar,none,"Candidato a geocodificacao; nao e coordenada, rotulo ou evidencia de treino.","Nao usar como ground truth, escore ou variavel derivada do rotulo.","RUA BRIGADEIRO FRANCO, CENTRO, Curitiba, PR, Brasil",strong,-25.4345865,-49.2817894,"Rua Brigadeiro Franco, Centro, Curitiba, Paraná, Região Sul, 80420-190, Brasil",,primary,663076698,
a0c8be07f7352151,2025,24/02/2025,Proteção ao cidadão - GM,"Enchentes, inundações ou alagamentos",Aberto,RUA IRATI,SANTA QUITERIA,Unidade Regional Portao,Telefone,True,False,1,pronto_para_geocodificar,none,"Candidato a geocodificacao; nao e coordenada, rotulo ou evidencia de treino.","Nao usar como ground truth, escore ou variavel derivada do rotulo.","RUA IRATI, SANTA QUITERIA, Curitiba, PR, Brasil",strong,-25.464443,-49.3061807,"Rua Irati, Santa Quitéria, Curitiba, Paraná, Região Sul, 80310-130, Brasil",,residential,510323814,
7471614fc011b8f2,2025,25/12/2025,Drenagem,Alagamentos,Aberto,RUA LAMENHA LINS,PAROLIN,Unidade Regional Portao,Portal,True,False,1,pronto_para_geocodificar,none,"Candidato a geocodificacao; nao e coordenada, rotulo ou evidencia de treino.","Nao usar como ground truth, escore ou variavel derivada do rotulo.","RUA LAMENHA LINS, PAROLIN, Curitiba, PR, Brasil",strong,-25.4621733,-49.264847,"Rua Lamenha Lins, Parolin, Curitiba, Paraná, Região Sul, 80220-390, Brasil",,residential,758187579,
fcf56098b2e0bf5d,2025,05/12/2025,Drenagem,Alagamentos,Respondido,RUA DANTE MELARA,CAJURU,Unidade Regional Cajuru,Telefone,True,False,1,pronto_para_geocodificar,none,"Candidato a geocodificacao; nao e coordenada, rotulo ou evidencia de treino.","Nao usar como ground truth, escore ou variavel derivada do rotulo.","RUA DANTE MELARA, CAJURU, Curitiba, PR, Brasil",strong,-25.4495328,-49.2070878,"Rua Dante Melara, Cajuru, Curitiba, Paraná, Região Sul, 82930-000, Brasil",,residential,164115564,
d8f38b1062dd4436,2025,07/11/2025,Drenagem,Alagamentos,Respondido,RUA JOVINO DO ROSÁRIO,BOA VISTA,Unidade Regional Boa Vista,Telefone,True,False,1,pronto_para_geocodificar,none,"Candidato a geocodificacao; nao e coordenada, rotulo ou evidencia de treino.","Nao usar como ground truth, escore ou variavel derivada do rotulo.","RUA JOVINO DO ROSÁRIO, BOA VISTA, Curitiba, PR, Brasil",strong,-25.3949235,-49.2432334,"Rua Jovino do Rosário, Boa Vista, Curitiba, Paraná, Região Sul, 82510-000, Brasil",,primary,232898660,
d98bfa2ea8f5b7c3,2025,12/12/2025,Drenagem,Alagamentos,Respondido,RUA JOÃO KANIA,SANTA CANDIDA,Unidade Regional Boa Vista,Telefone,True,False,1,pronto_para_geocodificar,none,"Candidato a geocodificacao; nao e coordenada, rotulo ou evidencia de treino.","Nao usar como ground truth, escore ou variavel derivada do rotulo.","RUA JOÃO KANIA, SANTA CANDIDA, Curitiba, PR, Brasil",strong,-25.3687022,-49.2406923,"Rua João Kania, Moradas do Porto, Santa Cândida, Curitiba, Paraná, Região Sul, 82640-010, Brasil",,residential,389816634,
77a49d1fee938cde,2025,27/11/2025,Drenagem,Alagamentos,Respondido,AVENIDA JUSCELINO KUBITSCHEK DE OLIVEIRA LD,CIDADE INDUSTRIAL,Unidade Regional CIC,Telefone,True,False,1,pronto_para_geocodificar,none,"Candidato a geocodificacao; nao e coordenada, rotulo ou evidencia de treino.","Nao usar como ground truth, escore ou variavel derivada do rotulo.","AVENIDA JUSCELINO KUBITSCHEK DE OLIVEIRA LD, CIDADE INDUSTRIAL, Curitiba, PR, Brasil",medium,-25.497993,-49.334522,"Cidade Industrial de Curitiba, Curitiba, Paraná, Região Sul, 81350-260, Brasil",,suburb,3012156952,fallback_bairro_apos_rua_sem_resultado_em_bbox
08f0c745c783b114,2025,25/11/2025,Drenagem,Alagamentos,Em andamento,Anna Garcia de Moura,PILARZINHO,Unidade Regional Boa Vista,Portal,True,False,1,pronto_para_geocodificar,none,"Candidato a geocodificacao; nao e coordenada, rotulo ou evidencia de treino.","Nao usar como ground truth, escore ou variavel derivada do rotulo.","Anna Garcia de Moura, PILARZINHO, Curitiba, PR, Brasil",strong,-25.3829878,-49.2920234,"Rua Anna Garcia Moura, Pilarzinho, Curitiba, Paraná, Região Sul, 82110-350, Brasil",,residential,150348862,
67e43a0f3c10dc67,2025,09/06/2025,Drenagem,Alagamentos,Concluído,Rua Bento Viana,AGUA VERDE,Unidade Regional Portao,Telefone,True,False,1,pronto_para_geocodificar,none,"Candidato a geocodificacao; nao e coordenada, rotulo ou evidencia de treino.","Nao usar como ground truth, escore ou variavel derivada do rotulo.","Rua Bento Viana, AGUA VERDE, Curitiba, PR, Brasil",strong,-25.4495297,-49.2821824,"Rua Bento Viana, Água Verde, Curitiba, Paraná, Região Sul, 80240-050, Brasil",,secondary,38849145,
6a40836cb462140b,2025,24/06/2025,Drenagem,Alagamentos,Concluído,RUA JOSÉ AUGUSTO DOS SANTOS,VISTA ALEGRE,Unidade Regional Santa Felicidade,Telefone,True,False,1,pronto_para_geocodificar,none,"Candidato a geocodificacao; nao e coordenada, rotulo ou evidencia de treino.","Nao usar como ground truth, escore ou variavel derivada do rotulo.","RUA JOSÉ AUGUSTO DOS SANTOS, VISTA ALEGRE, Curitiba, PR, Brasil",strong,-25.3978449,-49.2995955,"Rua José Augusto dos Santos, Vista Alegre, Curitiba, Paraná, Região Sul, 82100-160, Brasil",,residential,149724962,
10d21eaf2e751807,2025,01/09/2025,Drenagem,Alagamentos,Concluído,Rua Santa Joana D'Arc,LINDOIA,Unidade Regional Pinheirinho,Telefone,True,False,1,pronto_para_geocodificar,none,"Candidato a geocodificacao; nao e coordenada, rotulo ou evidencia de treino.","Nao usar como ground truth, escore ou variavel derivada do rotulo.","Rua Santa Joana D'Arc, LINDOIA, Curitiba, PR, Brasil",strong,-25.4779965,-49.2790141,"Rua Santa Joana d'Arc, Lindóia, Curitiba, Paraná, Região Sul, 81010-001, Brasil",,residential,700028191,
888ba89240b584cb,2025,01/09/2025,Drenagem,Alagamentos,Concluído,AVENIDA PRESIDENTE WENCESLAU BRAZ,LINDOIA,Unidade Regional Pinheirinho,Telefone,True,False,1,pronto_para_geocodificar,none,"Candidato a geocodificacao; nao e coordenada, rotulo ou evidencia de treino.","Nao usar como ground truth, escore ou variavel derivada do rotulo.","AVENIDA PRESIDENTE WENCESLAU BRAZ, LINDOIA, Curitiba, PR, Brasil",strong,-25.4758102,-49.2770618,"Avenida Presidente Wenceslau Braz, Lindóia, Curitiba, Paraná, Região Sul, 81010-001, Brasil",,secondary,700028158,
2426bd03c002f5ee,2025,28/01/2025,Drenagem,Alagamentos,Concluído,Rua Francisco de Paula Gonzaga,UBERABA,Unidade Regional Cajuru,Telefone,True,False,1,pronto_para_geocodificar,none,"Candidato a geocodificacao; nao e coordenada, rotulo ou evidencia de treino.","Nao usar como ground truth, escore ou variavel derivada do rotulo.","Rua Francisco de Paula Gonzaga, UBERABA, Curitiba, PR, Brasil",strong,-25.4973374,-49.2068687,"Rua Francisco de Paula Gonzaga, Vila Alvorada, Uberaba, Curitiba, Paraná, Região Sul, 81560-615, Brasil",,residential,125624680,
869f4ccde7a06111,2025,18/02/2025,Proteção ao cidadão - GM,"Enchentes, inundações ou alagamentos",Concluído,RUA DESEMBARGADOR SEGISMUNDO GRADOWSKI,CIDADE INDUSTRIAL,Unidade Regional CIC,Telefone,True,False,1,pronto_para_geocodificar,none,"Candidato a geocodificacao; nao e coordenada, rotulo ou evidencia de treino.","Nao usar como ground truth, escore ou variavel derivada do rotulo.","RUA DESEMBARGADOR SEGISMUNDO GRADOWSKI, CIDADE INDUSTRIAL, Curitiba, PR, Brasil",strong,-25.4985515,-49.3401636,"Rua Desembargador Segismundo Gradowski, Cidade Industrial de Curitiba, Curitiba, Paraná, Região Sul, 81350-260, Brasil",,residential,138705756,
aaacf48baea492c7,2025,18/02/2025,Proteção ao cidadão - GM,"Enchentes, inundações ou alagamentos",Concluído,Rua Professor Pedro Viriato Parigot de Souza,CAMPO COMPRIDO,Unidade Regional Portao,Telefone,True,False,1,pronto_para_geocodificar,none,"Candidato a geocodificacao; nao e coordenada, rotulo ou evidencia de treino.","Nao usar como ground truth, escore ou variavel derivada do rotulo.","Rua Professor Pedro Viriato Parigot de Souza, CAMPO COMPRIDO, Curitiba, PR, Brasil",strong,-25.4385938,-49.3387947,"Rua Professor Pedro Viriato Parigot de Souza, Campo Comprido, Curitiba, Paraná, Região Sul, 81200-528, Brasil",,primary,1156289603,
d80b3c11e12a85b3,2025,18/02/2025,Proteção ao cidadão - GM,"Enchentes, inundações ou alagamentos",Concluído,RUA CANAL BELEM,HAUER,Unidade Regional Boqueirao,Telefone,True,False,1,pronto_para_geocodificar,none,"Candidato a geocodificacao; nao e coordenada, rotulo ou evidencia de treino.","Nao usar como ground truth, escore ou variavel derivada do rotulo.","RUA CANAL BELEM, HAUER, Curitiba, PR, Brasil",strong,-25.4823198,-49.2377907,"Avenida Canal Belém (Marginal Oeste), Boqueirão, Curitiba, Paraná, Região Sul, 81510-640, Brasil",,residential,274668472,
4fd0f378941b7505,2025,18/02/2025,Proteção ao cidadão - GM,"Enchentes, inundações ou alagamentos",Concluído,Rua Marquês de Beccaria,PINHEIRINHO,Unidade Regional Pinheirinho,Telefone,True,False,1,pronto_para_geocodificar,none,"Candidato a geocodificacao; nao e coordenada, rotulo ou evidencia de treino.","Nao usar como ground truth, escore ou variavel derivada do rotulo.","Rua Marquês de Beccaria, PINHEIRINHO, Curitiba, PR, Brasil",strong,-25.5384346,-49.3009539,"Rua Marquês de Beccaria, Pinheirinho, Curitiba, Paraná, Região Sul, 81880-060, Brasil",,residential,129015269,
ce87cbe5166e0394,2025,18/02/2025,Proteção ao cidadão - GM,"Enchentes, inundações ou alagamentos",Concluído,RUA BARTOLOMEU LOURENÇO DE GUSMÃO,BOQUEIRAO,Unidade Regional Boqueirao,Telefone,True,False,1,pronto_para_geocodificar,none,"Candidato a geocodificacao; nao e coordenada, rotulo ou evidencia de treino.","Nao usar como ground truth, escore ou variavel derivada do rotulo.","RUA BARTOLOMEU LOURENÇO DE GUSMÃO, BOQUEIRAO, Curitiba, PR, Brasil",strong,-25.5068695,-49.2294642,"Rua Bartolomeu Lourenço de Gusmão, Boqueirão, Curitiba, Paraná, Região Sul, 81730-360, Brasil",,residential,55204873,
fec87ce7eb0c98ce,2025,29/05/2025,Drenagem,Alagamentos,Concluído,RUA SOFIA DUBIELLA,ABRANCHES,Unidade Regional Boa Vista,Telefone,True,False,1,pronto_para_geocodificar,none,"Candidato a geocodificacao; nao e coordenada, rotulo ou evidencia de treino.","Nao usar como ground truth, escore ou variavel derivada do rotulo.","RUA SOFIA DUBIELLA, ABRANCHES, Curitiba, PR, Brasil",strong,-25.3747273,-49.2701539,"Rua Sofia Dubiella, Abranches, Curitiba, Paraná, Região Sul, 82220-330, Brasil",,residential,162043596,
15483f96d08fd7cd,2025,09/06/2025,Drenagem,Alagamentos,Concluído,Rua Pedro Antônio da Costa,BOA VISTA,Unidade Regional Boa Vista,Telefone,True,False,1,pronto_para_geocodificar,none,"Candidato a geocodificacao; nao e coordenada, rotulo ou evidencia de treino.","Nao usar como ground truth, escore ou variavel derivada do rotulo.","Rua Pedro Antônio da Costa, BOA VISTA, Curitiba, PR, Brasil",strong,-25.3752293,-49.2463221,"Rua Pedro Antônio da Costa, Boa Vista, Curitiba, Paraná, Região Sul, 82650-090, Brasil",,residential,162219656,
c4d858bd3ac885c4,2025,05/11/2025,Drenagem,Alagamentos,Concluído,RUA MATEUS LEME,SAO LOURENCO,Unidade Regional Boa Vista,Portal,True,False,1,pronto_para_geocodificar,none,"Candidato a geocodificacao; nao e coordenada, rotulo ou evidencia de treino.","Nao usar como ground truth, escore ou variavel derivada do rotulo.","RUA MATEUS LEME, SAO LOURENCO, Curitiba, PR, Brasil",strong,-25.3929078,-49.2695016,"Rua Mateus Leme, São Lourenço, Curitiba, Paraná, Região Sul, 82200-000, Brasil",,primary,289829639,
236dae8ce2cd40ce,2025,12/12/2025,Drenagem,Alagamentos,Concluído,RUA GAGO COUTINHO,BACACHERI,Unidade Regional Boa Vista,Telefone,True,False,1,pronto_para_geocodificar,none,"Candidato a geocodificacao; nao e coordenada, rotulo ou evidencia de treino.","Nao usar como ground truth, escore ou variavel derivada do rotulo.","RUA GAGO COUTINHO, BACACHERI, Curitiba, PR, Brasil",strong,-25.3990559,-49.2416862,"Rua Gago Coutinho, Bacacheri, Curitiba, Paraná, Região Sul, 82510-180, Brasil",,residential,150348447,
3628fc9729167da9,2025,16/12/2025,Drenagem,Alagamentos,Concluído,RUA GAGO COUTINHO,BACACHERI,Unidade Regional Boa Vista,Telefone,True,False,1,pronto_para_geocodificar,none,"Candidato a geocodificacao; nao e coordenada, rotulo ou evidencia de treino.","Nao usar como ground truth, escore ou variavel derivada do rotulo.","RUA GAGO COUTINHO, BACACHERI, Curitiba, PR, Brasil",strong,-25.3990559,-49.2416862,"Rua Gago Coutinho, Bacacheri, Curitiba, Paraná, Região Sul, 82510-180, Brasil",,residential,150348447,
7b4d0199949c33ec,2025,08/01/2025,Drenagem,Alagamentos,Concluído,Manoel Ordones,ALTO BOQUEIRAO,Unidade Regional Boqueirao,Portal,True,False,1,pronto_para_geocodificar,none,"Candidato a geocodificacao; nao e coordenada, rotulo ou evidencia de treino.","Nao usar como ground truth, escore ou variavel derivada do rotulo.","Manoel Ordones, ALTO BOQUEIRAO, Curitiba, PR, Brasil",strong,-25.5360555,-49.2302764,"Rua Manoel Ordones, Vila Pantanal, Alto Boqueirão, Curitiba, Paraná, Região Sul, 81770-790, Brasil",,residential,390166517,
43d64a5ac98cedb5,2025,21/01/2025,Drenagem,Alagamentos,Concluído,Oliveira Viana,HAUER,Unidade Regional Boqueirao,Portal,True,False,1,pronto_para_geocodificar,none,"Candidato a geocodificacao; nao e coordenada, rotulo ou evidencia de treino.","Nao usar como ground truth, escore ou variavel derivada do rotulo.","Oliveira Viana, HAUER, Curitiba, PR, Brasil",strong,-25.4798291,-49.2563993,"Rua Oliveira Viana, Hauer, Curitiba, Paraná, Região Sul, 81630-050, Brasil",,secondary,231253188,
a598c11eeaed0b04,2025,22/01/2025,Drenagem,Alagamentos,Concluído,Augusto Dias Paredes,ALTO BOQUEIRAO,Unidade Regional Boqueirao,Portal,True,False,1,pronto_para_geocodificar,none,"Candidato a geocodificacao; nao e coordenada, rotulo ou evidencia de treino.","Nao usar como ground truth, escore ou variavel derivada do rotulo.","Augusto Dias Paredes, ALTO BOQUEIRAO, Curitiba, PR, Brasil",medium,-25.532668,-49.2390629,"Alto Boqueirão, Curitiba, Paraná, Região Sul, Brasil",,administrative,5622007,fallback_bairro_apos_rua_sem_resultado_em_bbox
361261ee2e7d006a,2025,27/01/2025,Drenagem,Alagamentos,Concluído,RUA KLEVERSON LOPES DE PAULA,ALTO BOQUEIRAO,Unidade Regional Boqueirao,Telefone,True,False,1,pronto_para_geocodificar,none,"Candidato a geocodificacao; nao e coordenada, rotulo ou evidencia de treino.","Nao usar como ground truth, escore ou variavel derivada do rotulo.","RUA KLEVERSON LOPES DE PAULA, ALTO BOQUEIRAO, Curitiba, PR, Brasil",strong,-25.5355189,-49.2311625,"Rua Kleverson Lopes de Paula, Vila Pantanal, Alto Boqueirão, Curitiba, Paraná, Região Sul, 81770-790, Brasil",,residential,390166523,
df5c37cae292534b,2025,31/01/2025,Drenagem,Alagamentos,Concluído,Bartolomeu Lourenço de Gusmão,HAUER,Unidade Regional Boqueirao,Portal,True,False,1,pronto_para_geocodificar,none,"Candidato a geocodificacao; nao e coordenada, rotulo ou evidencia de treino.","Nao usar como ground truth, escore ou variavel derivada do rotulo.","Bartolomeu Lourenço de Gusmão, HAUER, Curitiba, PR, Brasil",strong,-25.4813376,-49.2419464,"Rua Bartolomeu Lourenço de Gusmão, Hauer, Curitiba, Paraná, Região Sul, 81510-640, Brasil",,residential,1473286882,
ed907aadfd419811,2025,03/02/2025,Drenagem,Alagamentos,Concluído,RUA PAULO SETUBAL,HAUER,Unidade Regional Boqueirao,Telefone,True,False,1,pronto_para_geocodificar,none,"Candidato a geocodificacao; nao e coordenada, rotulo ou evidencia de treino.","Nao usar como ground truth, escore ou variavel derivada do rotulo.","RUA PAULO SETUBAL, HAUER, Curitiba, PR, Brasil",strong,-25.481978,-49.2595971,"Rua Paulo Setúbal, Hauer, Curitiba, Paraná, Região Sul, 81630-180, Brasil",,secondary,55170101,
ff93c4fe43d533e1,2025,03/02/2025,Drenagem,Alagamentos,Concluído,RUA HELCIO DA CUNHA AJUZ,XAXIM,Unidade Regional Boqueirao,Telefone,True,False,1,pronto_para_geocodificar,none,"Candidato a geocodificacao; nao e coordenada, rotulo ou evidencia de treino.","Nao usar como ground truth, escore ou variavel derivada do rotulo.","RUA HELCIO DA CUNHA AJUZ, XAXIM, Curitiba, PR, Brasil",strong,-25.4996684,-49.2610393,"Rua Helcio da Cunha Ajuz, Xaxim, Curitiba, Paraná, Região Sul, 81710-380, Brasil",,residential,84883108,
918876684393f0fb,2025,03/02/2025,Drenagem,Alagamentos,Concluído,Rua Rodolfo Amoedo,XAXIM,Unidade Regional Boqueirao,Telefone,True,False,2,pronto_para_geocodificar,none,"Candidato a geocodificacao; nao e coordenada, rotulo ou evidencia de treino.","Nao usar como ground truth, escore ou variavel derivada do rotulo.","Rua Rodolfo Amoedo, XAXIM, Curitiba, PR, Brasil",strong,-25.5140456,-49.2768911,"Rua Rodolfo Amoedo, Jardim Urano, Xaxim, Curitiba, Paraná, Região Sul, 81810-000, Brasil",,residential,128988830,
50d6e8fc41762b4f,2025,03/02/2025,Drenagem,Alagamentos,Concluído,RUA DOLORES DURAN,XAXIM,Unidade Regional Boqueirao,Telefone,True,False,1,pronto_para_geocodificar,none,"Candidato a geocodificacao; nao e coordenada, rotulo ou evidencia de treino.","Nao usar como ground truth, escore ou variavel derivada do rotulo.","RUA DOLORES DURAN, XAXIM, Curitiba, PR, Brasil",strong,-25.5113869,-49.275774,"Rua Dolores Duran, Vila São Pedro, Xaxim, Curitiba, Paraná, Região Sul, 81810-150, Brasil",,residential,128988864,
760be264b12cec73,2025,03/02/2025,Drenagem,Alagamentos,Concluído,RUA CARLOS DE LAET,ALTO BOQUEIRAO,Unidade Regional Boqueirao,Telefone,True,False,2,pronto_para_geocodificar,none,"Candidato a geocodificacao; nao e coordenada, rotulo ou evidencia de treino.","Nao usar como ground truth, escore ou variavel derivada do rotulo.","RUA CARLOS DE LAET, ALTO BOQUEIRAO, Curitiba, PR, Brasil",medium,-25.532668,-49.2390629,"Alto Boqueirão, Curitiba, Paraná, Região Sul, Brasil",,administrative,5622007,fallback_bairro_apos_rua_sem_resultado_em_bbox
45d17f2029ee6e9a,2025,03/02/2025,Drenagem,Alagamentos,Concluído,RUA CATARINA GOOSSEN,XAXIM,Unidade Regional Boqueirao,Telefone,True,False,1,pronto_para_geocodificar,none,"Candidato a geocodificacao; nao e coordenada, rotulo ou evidencia de treino.","Nao usar como ground truth, escore ou variavel derivada do rotulo.","RUA CATARINA GOOSSEN, XAXIM, Curitiba, PR, Brasil",strong,-25.5126083,-49.2701899,"Rua Catarina Goosen, Xaxim, Curitiba, Paraná, Região Sul, 81830-020, Brasil",,residential,85019677,
62db729472b4b564,2025,03/02/2025,Drenagem,Alagamentos,Concluído,Rua Expedicionário Francisco Pereira Dos Santos,ALTO BOQUEIRAO,Unidade Regional Boqueirao,Telefone,True,False,1,pronto_para_geocodificar,none,"Candidato a geocodificacao; nao e coordenada, rotulo ou evidencia de treino.","Nao usar como ground truth, escore ou variavel derivada do rotulo.","Rua Expedicionário Francisco Pereira Dos Santos, ALTO BOQUEIRAO, Curitiba, PR, Brasil",strong,-25.5387051,-49.2483352,"Rua Expedicionário Francisco Pereira dos Santos, Alto Boqueirão, Curitiba, Paraná, Região Sul, 81920-070, Brasil",,residential,33103979,
593a530933a0c40d,2025,03/02/2025,Drenagem,Alagamentos,Concluído,RUA RODOLFO AMOEDO,XAXIM,Unidade Regional Boqueirao,Telefone,True,False,2,pronto_para_geocodificar,none,"Candidato a geocodificacao; nao e coordenada, rotulo ou evidencia de treino.","Nao usar como ground truth, escore ou variavel derivada do rotulo.","RUA RODOLFO AMOEDO, XAXIM, Curitiba, PR, Brasil",strong,-25.5140456,-49.2768911,"Rua Rodolfo Amoedo, Jardim Urano, Xaxim, Curitiba, Paraná, Região Sul, 81810-000, Brasil",,residential,128988830,
760be264b12cec73,2025,03/02/2025,Drenagem,Alagamentos,Concluído,RUA CARLOS DE LAET,ALTO BOQUEIRAO,Unidade Regional Boqueirao,Telefone,True,False,2,pronto_para_geocodificar,none,"Candidato a geocodificacao; nao e coordenada, rotulo ou evidencia de treino.","Nao usar como ground truth, escore ou variavel derivada do rotulo.","RUA CARLOS DE LAET, ALTO BOQUEIRAO, Curitiba, PR, Brasil",medium,-25.532668,-49.2390629,"Alto Boqueirão, Curitiba, Paraná, Região Sul, Brasil",,administrative,5622007,fallback_bairro_apos_rua_sem_resultado_em_bbox
24427180a09a040c,2025,03/02/2025,Drenagem,Alagamentos,Concluído,RUA 25 DE AGOSTO,ALTO BOQUEIRAO,Unidade Regional Boqueirao,Telefone,True,False,1,pronto_para_geocodificar,none,"Candidato a geocodificacao; nao e coordenada, rotulo ou evidencia de treino.","Nao usar como ground truth, escore ou variavel derivada do rotulo.","RUA 25 DE AGOSTO, ALTO BOQUEIRAO, Curitiba, PR, Brasil",medium,-25.532668,-49.2390629,"Alto Boqueirão, Curitiba, Paraná, Região Sul, Brasil",,administrative,5622007,fallback_bairro_apos_rua_sem_resultado_em_bbox
81fea2e7e8ac7c1e,2025,03/02/2025,Drenagem,Alagamentos,Concluído,Oliveira Viana,HAUER,Unidade Regional Boqueirao,Portal,True,False,1,pronto_para_geocodificar,none,"Candidato a geocodificacao; nao e coordenada, rotulo ou evidencia de treino.","Nao usar como ground truth, escore ou variavel derivada do rotulo.","Oliveira Viana, HAUER, Curitiba, PR, Brasil",strong,-25.4798291,-49.2563993,"Rua Oliveira Viana, Hauer, Curitiba, Paraná, Região Sul, 81630-050, Brasil",,secondary,231253188,
08f607044742d21c,2025,04/02/2025,Drenagem,Alagamentos,Concluído,Rua Conde de São João Das Duas Barras,ALTO BOQUEIRAO,Unidade Regional Boqueirao,Telefone,True,False,1,pronto_para_geocodificar,none,"Candidato a geocodificacao; nao e coordenada, rotulo ou evidencia de treino.","Nao usar como ground truth, escore ou variavel derivada do rotulo.","Rua Conde de São João Das Duas Barras, ALTO BOQUEIRAO, Curitiba, PR, Brasil",medium,-25.532668,-49.2390629,"Alto Boqueirão, Curitiba, Paraná, Região Sul, Brasil",,administrative,5622007,fallback_bairro_apos_rua_sem_resultado_em_bbox
3ecdc9387aceec69,2025,05/02/2025,Drenagem,Alagamentos,Concluído,Carlos de Laet,HAUER,Unidade Regional Boqueirao,Portal,True,False,1,pronto_para_geocodificar,none,"Candidato a geocodificacao; nao e coordenada, rotulo ou evidencia de treino.","Nao usar como ground truth, escore ou variavel derivada do rotulo.","Carlos de Laet, HAUER, Curitiba, PR, Brasil",strong,-25.4750861,-49.2464015,"Rua Carlos de Laet, Hauer, Curitiba, Paraná, Região Sul, 81610-050, Brasil",,residential,409615473,
5b7bec087a5413a1,2025,18/02/2025,Drenagem,Alagamentos,Concluído,William Booth,BOQUEIRAO,Unidade Regional Boqueirao,Portal,True,False,1,pronto_para_geocodificar,none,"Candidato a geocodificacao; nao e coordenada, rotulo ou evidencia de treino.","Nao usar como ground truth, escore ou variavel derivada do rotulo.","William Booth, BOQUEIRAO, Curitiba, PR, Brasil",strong,-25.506663,-49.2239109,"Rua William Booth, Boqueirão, Curitiba, Paraná, Região Sul, 81730-080, Brasil",,residential,60152611,
98329e1c83308e23,2025,18/02/2025,Drenagem,Alagamentos,Concluído,RUA EXPEDICIONÁRIO FRANCISCO PEREIRA DOS SANTOS,ALTO BOQUEIRAO,Unidade Regional Boqueirao,Telefone,True,False,1,pronto_para_geocodificar,none,"Candidato a geocodificacao; nao e coordenada, rotulo ou evidencia de treino.","Nao usar como ground truth, escore ou variavel derivada do rotulo.","RUA EXPEDICIONÁRIO FRANCISCO PEREIRA DOS SANTOS, ALTO BOQUEIRAO, Curitiba, PR, Brasil",strong,-25.5387051,-49.2483352,"Rua Expedicionário Francisco Pereira dos Santos, Alto Boqueirão, Curitiba, Paraná, Região Sul, 81920-070, Brasil",,residential,33103979,
db58f16610fd93bc,2025,18/02/2025,Drenagem,Alagamentos,Concluído,Rua Bartolomeu Lourenço de Gusmão,BOQUEIRAO,Unidade Regional Boqueirao,Telefone,True,False,2,pronto_para_geocodificar,none,"Candidato a geocodificacao; nao e coordenada, rotulo ou evidencia de treino.","Nao usar como ground truth, escore ou variavel derivada do rotulo.","Rua Bartolomeu Lourenço de Gusmão, BOQUEIRAO, Curitiba, PR, Brasil",strong,-25.5068695,-49.2294642,"Rua Bartolomeu Lourenço de Gusmão, Boqueirão, Curitiba, Paraná, Região Sul, 81730-360, Brasil",,residential,55204873,
f4226e96159d4baf,2025,18/02/2025,Drenagem,Alagamentos,Concluído,Rua Bom Jesus de Iguape,HAUER,Unidade Regional Boqueirao,Telefone,True,False,2,pronto_para_geocodificar,none,"Candidato a geocodificacao; nao e coordenada, rotulo ou evidencia de treino.","Nao usar como ground truth, escore ou variavel derivada do rotulo.","Rua Bom Jesus de Iguape, HAUER, Curitiba, PR, Brasil",strong,-25.4745155,-49.2481255,"Rua Bom Jesus de Iguape, Hauer, Curitiba, Paraná, Região Sul, 81610-150, Brasil",,residential,1262797940,
d8d7ed501b83b0f5,2025,18/02/2025,Drenagem,Alagamentos,Concluído,RUA ELTON ROBERTO DE MOURA TORRES,BOQUEIRAO,Unidade Regional Boqueirao,Telefone,True,False,1,pronto_para_geocodificar,none,"Candidato a geocodificacao; nao e coordenada, rotulo ou evidencia de treino.","Nao usar como ground truth, escore ou variavel derivada do rotulo.","RUA ELTON ROBERTO DE MOURA TORRES, BOQUEIRAO, Curitiba, PR, Brasil",strong,-25.4966261,-49.2263003,"Rua Elton Roberto de Moura Torres, Boqueirão, Curitiba, Paraná, Região Sul, 81650-140, Brasil",,residential,85573772,
f4226e96159d4baf,2025,18/02/2025,Drenagem,Alagamentos,Concluído,Rua Bom Jesus de Iguape,HAUER,Unidade Regional Boqueirao,Telefone,True,False,2,pronto_para_geocodificar,none,"Candidato a geocodificacao; nao e coordenada, rotulo ou evidencia de treino.","Nao usar como ground truth, escore ou variavel derivada do rotulo.","Rua Bom Jesus de Iguape, HAUER, Curitiba, PR, Brasil",strong,-25.4745155,-49.2481255,"Rua Bom Jesus de Iguape, Hauer, Curitiba, Paraná, Região Sul, 81610-150, Brasil",,residential,1262797940,
67e866ad01a35a83,2025,18/02/2025,Drenagem,Alagamentos,Concluído,RUA CARLOS DE LAET,HAUER,Unidade Regional Boqueirao,Telefone,True,False,1,pronto_para_geocodificar,none,"Candidato a geocodificacao; nao e coordenada, rotulo ou evidencia de treino.","Nao usar como ground truth, escore ou variavel derivada do rotulo.","RUA CARLOS DE LAET, HAUER, Curitiba, PR, Brasil",strong,-25.4750861,-49.2464015,"Rua Carlos de Laet, Hauer, Curitiba, Paraná, Região Sul, 81610-050, Brasil",,residential,409615473,
ce87cbe5166e0394,2025,18/02/2025,Drenagem,Alagamentos,Concluído,RUA BARTOLOMEU LOURENÇO DE GUSMÃO,BOQUEIRAO,Unidade Regional Boqueirao,Telefone,True,False,2,pronto_para_geocodificar,none,"Candidato a geocodificacao; nao e coordenada, rotulo ou evidencia de treino.","Nao usar como ground truth, escore ou variavel derivada do rotulo.","RUA BARTOLOMEU LOURENÇO DE GUSMÃO, BOQUEIRAO, Curitiba, PR, Brasil",strong,-25.5068695,-49.2294642,"Rua Bartolomeu Lourenço de Gusmão, Boqueirão, Curitiba, Paraná, Região Sul, 81730-360, Brasil",,residential,55204873,
7ce48c0199a4b023,2025,22/02/2025,Drenagem,Alagamentos,Concluído,José Peixoto de Lacerda Wernek,BOQUEIRAO,Unidade Regional Boqueirao,Portal,True,False,1,pronto_para_geocodificar,none,"Candidato a geocodificacao; nao e coordenada, rotulo ou evidencia de treino.","Nao usar como ground truth, escore ou variavel derivada do rotulo.","José Peixoto de Lacerda Wernek, BOQUEIRAO, Curitiba, PR, Brasil",medium,-25.500728,-49.2411054,"Boqueirão, Curitiba, Paraná, Região Sul, Brasil",,administrative,3954206,fallback_bairro_apos_rua_sem_resultado_em_bbox
6131aed1ae4afcc2,2025,27/02/2025,Drenagem,Alagamentos,Concluído,RUA ANGÉLICA MARIA TABORDA SANTOS,BOQUEIRAO,Unidade Regional Boqueirao,Telefone,True,False,1,pronto_para_geocodificar,none,"Candidato a geocodificacao; nao e coordenada, rotulo ou evidencia de treino.","Nao usar como ground truth, escore ou variavel derivada do rotulo.","RUA ANGÉLICA MARIA TABORDA SANTOS, BOQUEIRAO, Curitiba, PR, Brasil",strong,-25.5118223,-49.2421731,"Rua Angélica Maria Taborda Santos, Boqueirão, Curitiba, Paraná, Região Sul, 81750-190, Brasil",,residential,85231839,
977a96d24d63a559,2025,27/02/2025,Drenagem,Alagamentos,Concluído,RUA WILLIAM BOOTH,BOQUEIRAO,Unidade Regional Boqueirao,Telefone,True,False,1,pronto_para_geocodificar,none,"Candidato a geocodificacao; nao e coordenada, rotulo ou evidencia de treino.","Nao usar como ground truth, escore ou variavel derivada do rotulo.","RUA WILLIAM BOOTH, BOQUEIRAO, Curitiba, PR, Brasil",strong,-25.506663,-49.2239109,"Rua William Booth, Boqueirão, Curitiba, Paraná, Região Sul, 81730-080, Brasil",,residential,60152611,
8d858e114663f6ac,2025,27/02/2025,Drenagem,Alagamentos,Concluído,RUA DESEMBARGADOR ANTÔNIO DE PAULA,BOQUEIRAO,Unidade Regional Boqueirao,Telefone,True,False,2,pronto_para_geocodificar,none,"Candidato a geocodificacao; nao e coordenada, rotulo ou evidencia de treino.","Nao usar como ground truth, escore ou variavel derivada do rotulo.","RUA DESEMBARGADOR ANTÔNIO DE PAULA, BOQUEIRAO, Curitiba, PR, Brasil",strong,-25.5079903,-49.2271863,"Rua Desembargador Antônio de Paula, Boqueirão, Curitiba, Paraná, Região Sul, 81730-360, Brasil",,secondary,70629101,
8d858e114663f6ac,2025,27/02/2025,Drenagem,Alagamentos,Concluído,RUA DESEMBARGADOR ANTÔNIO DE PAULA,BOQUEIRAO,Unidade Regional Boqueirao,Telefone,True,False,2,pronto_para_geocodificar,none,"Candidato a geocodificacao; nao e coordenada, rotulo ou evidencia de treino.","Nao usar como ground truth, escore ou variavel derivada do rotulo.","RUA DESEMBARGADOR ANTÔNIO DE PAULA, BOQUEIRAO, Curitiba, PR, Brasil",strong,-25.5079903,-49.2271863,"Rua Desembargador Antônio de Paula, Boqueirão, Curitiba, Paraná, Região Sul, 81730-360, Brasil",,secondary,70629101,
a5cf28a101aedd7a,2025,27/02/2025,Drenagem,Alagamentos,Concluído,AVENIDA MARECHAL FLORIANO PEIXOTO,BOQUEIRAO,Unidade Regional Boqueirao,Telefone,True,False,1,pronto_para_geocodificar,none,"Candidato a geocodificacao; nao e coordenada, rotulo ou evidencia de treino.","Nao usar como ground truth, escore ou variavel derivada do rotulo.","AVENIDA MARECHAL FLORIANO PEIXOTO, BOQUEIRAO, Curitiba, PR, Brasil",strong,-25.5267887,-49.2224235,"Avenida Marechal Floriano Peixoto, Boqueirão, Curitiba, Paraná, Região Sul, 81770-340, Brasil",,primary,24572377,
895f4aca1c2ff4af,2025,28/02/2025,Drenagem,Alagamentos,Concluído,RUA ITAÚNA DO SUL,ALTO BOQUEIRAO,Unidade Regional Boqueirao,Telefone,True,False,1,pronto_para_geocodificar,none,"Candidato a geocodificacao; nao e coordenada, rotulo ou evidencia de treino.","Nao usar como ground truth, escore ou variavel derivada do rotulo.","RUA ITAÚNA DO SUL, ALTO BOQUEIRAO, Curitiba, PR, Brasil",strong,-25.530914,-49.2342574,"Rua Itaúna do Sul, Alto Boqueirão, Curitiba, Paraná, Região Sul, 81770-440, Brasil",,residential,126814876,
6b96a5221a1ef3c4,2025,12/03/2025,Drenagem,Alagamentos,Concluído,Professora Joanita Bernett Passos,BOQUEIRAO,Unidade Regional Boqueirao,Portal,True,False,1,pronto_para_geocodificar,none,"Candidato a geocodificacao; nao e coordenada, rotulo ou evidencia de treino.","Nao usar como ground truth, escore ou variavel derivada do rotulo.","Professora Joanita Bernett Passos, BOQUEIRAO, Curitiba, PR, Brasil",strong,-25.5056284,-49.2267653,"Rua Professora Joanita Bernett Passos, Boqueirão, Curitiba, Paraná, Região Sul, 81730-070, Brasil",,residential,60151143,
214bec65937b5796,2025,17/03/2025,Drenagem,Alagamentos,Concluído,Bartolomeu Lourenço de Gusmão,HAUER,Unidade Regional Boqueirao,Portal,True,False,1,pronto_para_geocodificar,none,"Candidato a geocodificacao; nao e coordenada, rotulo ou evidencia de treino.","Nao usar como ground truth, escore ou variavel derivada do rotulo.","Bartolomeu Lourenço de Gusmão, HAUER, Curitiba, PR, Brasil",strong,-25.4813376,-49.2419464,"Rua Bartolomeu Lourenço de Gusmão, Hauer, Curitiba, Paraná, Região Sul, 81510-640, Brasil",,residential,1473286882,
95ac0b480271f9e0,2025,26/03/2025,Drenagem,Alagamentos,Concluído,José Brum,XAXIM,Unidade Regional Boqueirao,Portal,True,False,1,pronto_para_geocodificar,none,"Candidato a geocodificacao; nao e coordenada, rotulo ou evidencia de treino.","Nao usar como ground truth, escore ou variavel derivada do rotulo.","José Brum, XAXIM, Curitiba, PR, Brasil",strong,-25.5030751,-49.2621022,"Rua José Brum, Xaxim, Curitiba, Paraná, Região Sul, 81710-000, Brasil",,residential,84913647,
c7e21ef406ba75fc,2025,15/04/2025,Drenagem,Alagamentos,Concluído,RUA RODOLFO AMOEDO,XAXIM,Unidade Regional Boqueirao,Telefone,True,False,1,pronto_para_geocodificar,none,"Candidato a geocodificacao; nao e coordenada, rotulo ou evidencia de treino.","Nao usar como ground truth, escore ou variavel derivada do rotulo.","RUA RODOLFO AMOEDO, XAXIM, Curitiba, PR, Brasil",strong,-25.5140456,-49.2768911,"Rua Rodolfo Amoedo, Jardim Urano, Xaxim, Curitiba, Paraná, Região Sul, 81810-000, Brasil",,residential,128988830,
d9dc79c310bcb7ab,2025,18/04/2025,Drenagem,Alagamentos,Concluído,RODOVIA BR-476,HAUER,Unidade Regional Boqueirao,Portal,True,False,1,pronto_para_geocodificar,none,"Candidato a geocodificacao; nao e coordenada, rotulo ou evidencia de treino.","Nao usar como ground truth, escore ou variavel derivada do rotulo.","RODOVIA BR-476, HAUER, Curitiba, PR, Brasil",medium,-25.479887,-49.2623783,"Linha Verde, Hauer, Curitiba, Paraná, Região Sul, 81690-200, Brasil",,trunk,229259672,
ca061b3df6f81e55,2025,06/05/2025,Drenagem,Alagamentos,Concluído,Arthur Manoel Iwersen,BOQUEIRAO,Unidade Regional Boqueirao,Portal,True,False,1,pronto_para_geocodificar,none,"Candidato a geocodificacao; nao e coordenada, rotulo ou evidencia de treino.","Nao usar como ground truth, escore ou variavel derivada do rotulo.","Arthur Manoel Iwersen, BOQUEIRAO, Curitiba, PR, Brasil",strong,-25.5202304,-49.236654,"Rua Arthur Manoel Iwersen, Boqueirão, Curitiba, Paraná, Região Sul, 81770-260, Brasil",,residential,85231828,
bd2508c8ccc3e5d5,2025,08/05/2025,Drenagem,Alagamentos,Concluído,RUA DESEMBARGADOR JOÃO ANTONIO DE BARROS JÚNIOR,XAXIM,Unidade Regional Boqueirao,Telefone,True,False,1,pronto_para_geocodificar,none,"Candidato a geocodificacao; nao e coordenada, rotulo ou evidencia de treino.","Nao usar como ground truth, escore ou variavel derivada do rotulo.","RUA DESEMBARGADOR JOÃO ANTONIO DE BARROS JÚNIOR, XAXIM, Curitiba, PR, Brasil",strong,-25.508146,-49.2790873,"Rua Desembargador João Antônio de Barros Júnior, Vila São Pedro, Xaxim, Curitiba, Paraná, Região Sul, 81810-590, Brasil",,residential,84999454,
c1a8bf89df6282e5,2025,09/06/2025,Drenagem,Alagamentos,Concluído,Diogo Mugiatti,BOQUEIRAO,Unidade Regional Boqueirao,Portal,True,False,1,pronto_para_geocodificar,none,"Candidato a geocodificacao; nao e coordenada, rotulo ou evidencia de treino.","Nao usar como ground truth, escore ou variavel derivada do rotulo.","Diogo Mugiatti, BOQUEIRAO, Curitiba, PR, Brasil",strong,-25.5095857,-49.2257374,"Rua Diogo Mugiatti, Boqueirão, Curitiba, Paraná, Região Sul, 81730-360, Brasil",,residential,161181849,
9ddb697466f6432e,2025,22/09/2025,Drenagem,Alagamentos,Concluído,RUA DULCE TOTTI MARQUES,ALTO BOQUEIRAO,Unidade Regional Boqueirao,Telefone,True,False,1,pronto_para_geocodificar,none,"Candidato a geocodificacao; nao e coordenada, rotulo ou evidencia de treino.","Nao usar como ground truth, escore ou variavel derivada do rotulo.","RUA DULCE TOTTI MARQUES, ALTO BOQUEIRAO, Curitiba, PR, Brasil",strong,-25.5356829,-49.2410153,"Rua Dulce Totti Marques, Alto Boqueirão, Curitiba, Paraná, Região Sul, 81850-000, Brasil",,residential,286261102,
0056e429bfefc1de,2025,03/10/2025,Drenagem,Alagamentos,Concluído,Irineu Prevedello Tedesco,ALTO BOQUEIRAO,Unidade Regional Boqueirao,Portal,True,False,1,pronto_para_geocodificar,none,"Candidato a geocodificacao; nao e coordenada, rotulo ou evidencia de treino.","Nao usar como ground truth, escore ou variavel derivada do rotulo.","Irineu Prevedello Tedesco, ALTO BOQUEIRAO, Curitiba, PR, Brasil",strong,-25.5227823,-49.2284502,"Rua Irineu Prevedello Tedesco, Alto Boqueirão, Curitiba, Paraná, Região Sul, 81770-340, Brasil",,residential,85231805,
9ba0d02e98cff387,2025,14/10/2025,Drenagem,Alagamentos,Concluído,Coronel Cypriano Gomes da Silveira,XAXIM,Unidade Regional Boqueirao,Portal,True,False,1,pronto_para_geocodificar,none,"Candidato a geocodificacao; nao e coordenada, rotulo ou evidencia de treino.","Nao usar como ground truth, escore ou variavel derivada do rotulo.","Coronel Cypriano Gomes da Silveira, XAXIM, Curitiba, PR, Brasil",medium,-25.5008748,-49.2678646,"Xaxim, Curitiba, Paraná, Região Sul, 81710-210, Brasil",,suburb,3012156958,fallback_bairro_apos_rua_sem_resultado_em_bbox
ede640e4b0102489,2025,04/11/2025,Drenagem,Alagamentos,Concluído,Abrão Winter,XAXIM,Unidade Regional Boqueirao,Portal,True,False,1,pronto_para_geocodificar,none,"Candidato a geocodificacao; nao e coordenada, rotulo ou evidencia de treino.","Nao usar como ground truth, escore ou variavel derivada do rotulo.","Abrão Winter, XAXIM, Curitiba, PR, Brasil",medium,-25.5008748,-49.2678646,"Xaxim, Curitiba, Paraná, Região Sul, 81710-210, Brasil",,suburb,3012156958,fallback_bairro_apos_rua_sem_resultado_em_bbox
c3b9f8e903cdc628,2025,07/11/2025,Drenagem,Alagamentos,Concluído,RUA PROFESSOR JOSÉ NOGUEIRA DOS SANTOS,HAUER,Unidade Regional Boqueirao,Telefone,True,False,1,pronto_para_geocodificar,none,"Candidato a geocodificacao; nao e coordenada, rotulo ou evidencia de treino.","Nao usar como ground truth, escore ou variavel derivada do rotulo.","RUA PROFESSOR JOSÉ NOGUEIRA DOS SANTOS, HAUER, Curitiba, PR, Brasil",strong,-25.4864238,-49.2588509,"Rua Professor José Nogueira dos Santos, Hauer, Curitiba, Paraná, Região Sul, 81630-180, Brasil",,residential,85042406,
851ee50b7fcf5b0a,2025,03/02/2025,Drenagem,Alagamentos,Concluído,Rua Abrahão Kalil Fadel,SEMINARIO,Unidade Regional Portao,Telefone,True,False,1,pronto_para_geocodificar,none,"Candidato a geocodificacao; nao e coordenada, rotulo ou evidencia de treino.","Nao usar como ground truth, escore ou variavel derivada do rotulo.","Rua Abrahão Kalil Fadel, SEMINARIO, Curitiba, PR, Brasil",strong,-25.4465335,-49.3114864,"Rua Abrahão Kalil Fadel, Seminário, Curitiba, Paraná, Região Sul, 80310-100, Brasil",,residential,161320952,
cad1cd4d64db2d09,2025,03/02/2025,Drenagem,Alagamentos,Concluído,Minas Gerais,GUAIRA,Unidade Regional Portao,Portal,True,False,1,pronto_para_geocodificar,none,"Candidato a geocodificacao; nao e coordenada, rotulo ou evidencia de treino.","Nao usar como ground truth, escore ou variavel derivada do rotulo.","Minas Gerais, GUAIRA, Curitiba, PR, Brasil",strong,-25.4659508,-49.2733329,"Rua Minas Gerais, Guaíra, Curitiba, Paraná, Região Sul, 80630-000, Brasil",,tertiary,421742147,
3ec6ffb9c4348aa3,2025,14/02/2025,Drenagem,Alagamentos,Concluído,Pará,AGUA VERDE,Unidade Regional Portao,Portal,True,False,1,pronto_para_geocodificar,none,"Candidato a geocodificacao; nao e coordenada, rotulo ou evidencia de treino.","Nao usar como ground truth, escore ou variavel derivada do rotulo.","Pará, AGUA VERDE, Curitiba, PR, Brasil",strong,-25.4672731,-49.283712,"Rua Pará, Água Verde, Curitiba, Paraná, Região Sul, 80610-020, Brasil",,residential,48310684,
0ea473e090f5281f,2025,18/02/2025,Drenagem,Alagamentos,Concluído,RUA JOSÉ SCUISSIATO,SEMINARIO,Unidade Regional Portao,Telefone,True,False,1,pronto_para_geocodificar,none,"Candidato a geocodificacao; nao e coordenada, rotulo ou evidencia de treino.","Nao usar como ground truth, escore ou variavel derivada do rotulo.","RUA JOSÉ SCUISSIATO, SEMINARIO, Curitiba, PR, Brasil",strong,-25.4461625,-49.3064313,"Rua José Scuissiato, Seminário, Curitiba, Paraná, Região Sul, 80310-100, Brasil",,residential,333496258,
efc79d3a6eec3949,2025,18/02/2025,Drenagem,Alagamentos,Concluído,Rua Waldemar Cavanha,CAMPO COMPRIDO,Unidade Regional Portao,Telefone,True,False,1,pronto_para_geocodificar,none,"Candidato a geocodificacao; nao e coordenada, rotulo ou evidencia de treino.","Nao usar como ground truth, escore ou variavel derivada do rotulo.","Rua Waldemar Cavanha, CAMPO COMPRIDO, Curitiba, PR, Brasil",strong,-25.4726055,-49.3280456,"Rua Waldemar Cavanha, Campo Comprido, Curitiba, Paraná, Região Sul, 81240-000, Brasil",,tertiary,316398464,
6b5d60560e652218,2025,18/02/2025,Drenagem,Alagamentos,Concluído,Pará,AGUA VERDE,Unidade Regional Portao,Portal,True,False,1,pronto_para_geocodificar,none,"Candidato a geocodificacao; nao e coordenada, rotulo ou evidencia de treino.","Nao usar como ground truth, escore ou variavel derivada do rotulo.","Pará, AGUA VERDE, Curitiba, PR, Brasil",strong,-25.4672731,-49.283712,"Rua Pará, Água Verde, Curitiba, Paraná, Região Sul, 80610-020, Brasil",,residential,48310684,
e8050b4ead0c2f56,2025,19/02/2025,Drenagem,Alagamentos,Concluído,RUA PEDRO KOSCHLA,CAMPO COMPRIDO,Unidade Regional Portao,Telefone,True,False,1,pronto_para_geocodificar,none,"Candidato a geocodificacao; nao e coordenada, rotulo ou evidencia de treino.","Nao usar como ground truth, escore ou variavel derivada do rotulo.","RUA PEDRO KOSCHLA, CAMPO COMPRIDO, Curitiba, PR, Brasil",strong,-25.4584537,-49.3235018,"Rua Pedro Koschla, Campo Comprido, Curitiba, Paraná, Região Sul, 81220-060, Brasil",,residential,316398483,
b0ea06392982c208,2025,25/02/2025,Drenagem,Alagamentos,Concluído,AVENIDA PRESIDENTE GETÚLIO VARGAS,AGUA VERDE,Unidade Regional Portao,Telefone,True,False,1,pronto_para_geocodificar,none,"Candidato a geocodificacao; nao e coordenada, rotulo ou evidencia de treino.","Nao usar como ground truth, escore ou variavel derivada do rotulo.","AVENIDA PRESIDENTE GETÚLIO VARGAS, AGUA VERDE, Curitiba, PR, Brasil",strong,-25.4461818,-49.2750885,"Avenida Presidente Getúlio Vargas, Água Verde, Curitiba, Paraná, Região Sul, 80250-190, Brasil",,secondary,343540920,
11425e9f44ad4b49,2025,16/04/2025,Drenagem,Alagamentos,Concluído,RUA REINALDO PAZELLO,SANTA QUITERIA,Unidade Regional Portao,Telefone,True,False,1,pronto_para_geocodificar,none,"Candidato a geocodificacao; nao e coordenada, rotulo ou evidencia de treino.","Nao usar como ground truth, escore ou variavel derivada do rotulo.","RUA REINALDO PAZELLO, SANTA QUITERIA, Curitiba, PR, Brasil",strong,-25.4613284,-49.3110452,"Rua Reinaldo Pazello, Santa Quitéria, Curitiba, Paraná, Região Sul, 80310-230, Brasil",,residential,129141984,
85f5f51df93122c0,2025,26/08/2025,Drenagem,Alagamentos,Concluído,RUA ALFERES POLI,PAROLIN,Unidade Regional Portao,Portal,True,False,1,pronto_para_geocodificar,none,"Candidato a geocodificacao; nao e coordenada, rotulo ou evidencia de treino.","Nao usar como ground truth, escore ou variavel derivada do rotulo.","RUA ALFERES POLI, PAROLIN, Curitiba, PR, Brasil",strong,-25.4563126,-49.2641066,"Rua Alferes Poli, Parolin, Curitiba, Paraná, Região Sul, 80220-081, Brasil",,tertiary,24783521,
4f1a6e9d5024e2de,2025,26/08/2025,Drenagem,Alagamentos,Concluído,Santo Amaro,AGUA VERDE,Unidade Regional Portao,Portal,True,False,1,pronto_para_geocodificar,none,"Candidato a geocodificacao; nao e coordenada, rotulo ou evidencia de treino.","Nao usar como ground truth, escore ou variavel derivada do rotulo.","Santo Amaro, AGUA VERDE, Curitiba, PR, Brasil",strong,-25.4574104,-49.2753292,"Rua Santo Amaro, Água Verde, Curitiba, Paraná, Região Sul, 80620-220, Brasil",,residential,52710292,
dd24236802f9bd61,2025,22/09/2025,Drenagem,Alagamentos,Concluído,RUA BRIGADEIRO FRANCO,PAROLIN,Unidade Regional Portao,Portal,True,False,1,pronto_para_geocodificar,none,"Candidato a geocodificacao; nao e coordenada, rotulo ou evidencia de treino.","Nao usar como ground truth, escore ou variavel derivada do rotulo.","RUA BRIGADEIRO FRANCO, PAROLIN, Curitiba, PR, Brasil",strong,-25.4612566,-49.2668905,"Rua Brigadeiro Franco, Parolin, Curitiba, Paraná, Região Sul, 80220-081, Brasil",,secondary,122741943,
bc523ab055b79dc9,2025,22/09/2025,Drenagem,Alagamentos,Concluído,Professor Assis Gonçalves,AGUA VERDE,Unidade Regional Portao,Portal,True,False,1,pronto_para_geocodificar,none,"Candidato a geocodificacao; nao e coordenada, rotulo ou evidencia de treino.","Nao usar como ground truth, escore ou variavel derivada do rotulo.","Professor Assis Gonçalves, AGUA VERDE, Curitiba, PR, Brasil",strong,-25.4602304,-49.2837278,"Rua Professor Assis Gonçalves, Água Verde, Curitiba, Paraná, Região Sul, 80620-130, Brasil",,residential,52708917,
a356aeea3966b20c,2025,05/10/2025,Drenagem,Alagamentos,Concluído,Nossa Senhora Aparecida,SEMINARIO,Unidade Regional Portao,Portal,True,False,1,pronto_para_geocodificar,none,"Candidato a geocodificacao; nao e coordenada, rotulo ou evidencia de treino.","Nao usar como ground truth, escore ou variavel derivada do rotulo.","Nossa Senhora Aparecida, SEMINARIO, Curitiba, PR, Brasil",strong,-25.4500016,-49.3137048,"Avenida Nossa Senhora Aparecida, Seminário, Curitiba, Paraná, Região Sul, 80310-430, Brasil",,secondary,121817684,
088c9d6089a19427,2025,11/10/2025,Drenagem,Alagamentos,Concluído,Santo Amaro,AGUA VERDE,Unidade Regional Portao,Portal,True,False,1,pronto_para_geocodificar,none,"Candidato a geocodificacao; nao e coordenada, rotulo ou evidencia de treino.","Nao usar como ground truth, escore ou variavel derivada do rotulo.","Santo Amaro, AGUA VERDE, Curitiba, PR, Brasil",strong,-25.4574104,-49.2753292,"Rua Santo Amaro, Água Verde, Curitiba, Paraná, Região Sul, 80620-220, Brasil",,residential,52710292,
5e45a4c4b56ea626,2025,19/10/2025,Drenagem,Alagamentos,Concluído,Francisco Parolin,PAROLIN,Unidade Regional Portao,Portal,True,False,1,pronto_para_geocodificar,none,"Candidato a geocodificacao; nao e coordenada, rotulo ou evidencia de treino.","Nao usar como ground truth, escore ou variavel derivada do rotulo.","Francisco Parolin, PAROLIN, Curitiba, PR, Brasil",strong,-25.4637167,-49.2601128,"Rua Francisco Parolin, Parolin, Curitiba, Paraná, Região Sul, 80220-390, Brasil",,residential,53814835,
48d96baa8e7cf219,2025,22/11/2025,Drenagem,Alagamentos,Concluído,Santo Amaro,AGUA VERDE,Unidade Regional Portao,Portal,True,False,1,pronto_para_geocodificar,none,"Candidato a geocodificacao; nao e coordenada, rotulo ou evidencia de treino.","Nao usar como ground truth, escore ou variavel derivada do rotulo.","Santo Amaro, AGUA VERDE, Curitiba, PR, Brasil",strong,-25.4574104,-49.2753292,"Rua Santo Amaro, Água Verde, Curitiba, Paraná, Região Sul, 80620-220, Brasil",,residential,52710292,
20a7fb267041fc04,2025,23/11/2025,Drenagem,Alagamentos,Concluído,RUA BRIGADEIRO FRANCO,PAROLIN,Unidade Regional Portao,Portal,True,False,2,pronto_para_geocodificar,none,"Candidato a geocodificacao; nao e coordenada, rotulo ou evidencia de treino.","Nao usar como ground truth, escore ou variavel derivada do rotulo.","RUA BRIGADEIRO FRANCO, PAROLIN, Curitiba, PR, Brasil",strong,-25.4612566,-49.2668905,"Rua Brigadeiro Franco, Parolin, Curitiba, Paraná, Região Sul, 80220-081, Brasil",,secondary,122741943,
0bd71a3d909c71b6,2025,30/11/2025,Drenagem,Alagamentos,Concluído,RUA PAULO GORSKI,CAMPO COMPRIDO,Unidade Regional Portao,Portal,True,False,1,pronto_para_geocodificar,none,"Candidato a geocodificacao; nao e coordenada, rotulo ou evidencia de treino.","Nao usar como ground truth, escore ou variavel derivada do rotulo.","RUA PAULO GORSKI, CAMPO COMPRIDO, Curitiba, PR, Brasil",strong,-25.4445385,-49.3216127,"Rua Paulo Gorski, Mossunguê, Curitiba, Paraná, Região Sul, 81210-220, Brasil",,tertiary,138702887,
f2a1d458c583e778,2025,30/11/2025,Drenagem,Alagamentos,Concluído,Eugênio José de Souza,AGUA VERDE,Unidade Regional Portao,Portal,True,False,2,pronto_para_geocodificar,none,"Candidato a geocodificacao; nao e coordenada, rotulo ou evidencia de treino.","Nao usar como ground truth, escore ou variavel derivada do rotulo.","Eugênio José de Souza, AGUA VERDE, Curitiba, PR, Brasil",strong,-25.4642589,-49.2803828,"Rua Eugênio José de Souza, Água Verde, Curitiba, Paraná, Região Sul, 80610-020, Brasil",,tertiary,231807299,
36b6d456a002bcf4,2025,30/11/2025,Drenagem,Alagamentos,Concluído,Palmeiras,AGUA VERDE,Unidade Regional Portao,Portal,True,False,1,pronto_para_geocodificar,none,"Candidato a geocodificacao; nao e coordenada, rotulo ou evidencia de treino.","Nao usar como ground truth, escore ou variavel derivada do rotulo.","Palmeiras, AGUA VERDE, Curitiba, PR, Brasil",strong,-25.4611343,-49.284463,"Rua Palmeiras, Água Verde, Curitiba, Paraná, Região Sul, 80620-130, Brasil",,residential,52708910,
fa15af287d8f7a3d,2025,30/11/2025,Drenagem,Alagamentos,Concluído,Professor Luiz César,AGUA VERDE,Unidade Regional Portao,Portal,True,False,1,pronto_para_geocodificar,none,"Candidato a geocodificacao; nao e coordenada, rotulo ou evidencia de treino.","Nao usar como ground truth, escore ou variavel derivada do rotulo.","Professor Luiz César, AGUA VERDE, Curitiba, PR, Brasil",strong,-25.4583994,-49.2802579,"Rua Professor Luiz César, Água Verde, Curitiba, Paraná, Região Sul, 80620-400, Brasil",,tertiary,33068457,
737376e54aa14757,2025,30/11/2025,Drenagem,Alagamentos,Concluído,RUA 24 DE MAIO,PAROLIN,Unidade Regional Portao,Portal,True,False,1,pronto_para_geocodificar,none,"Candidato a geocodificacao; nao e coordenada, rotulo ou evidencia de treino.","Nao usar como ground truth, escore ou variavel derivada do rotulo.","RUA 24 DE MAIO, PAROLIN, Curitiba, PR, Brasil",strong,-25.465653,-49.2602814,"Rua 24 de Maio, Parolin, Curitiba, Paraná, Região Sul, 80220-390, Brasil",,residential,46208598,
b8ffe4605e48698c,2025,30/11/2025,Drenagem,Alagamentos,Concluído,RUA JOÃO PAROLIN,PAROLIN,Unidade Regional Portao,Portal,True,False,1,pronto_para_geocodificar,none,"Candidato a geocodificacao; nao e coordenada, rotulo ou evidencia de treino.","Nao usar como ground truth, escore ou variavel derivada do rotulo.","RUA JOÃO PAROLIN, PAROLIN, Curitiba, PR, Brasil",strong,-25.4616819,-49.2694389,"Rua João Parolin, Vila Valetão, Parolin, Curitiba, Paraná, Região Sul, 80620-220, Brasil",,residential,132844025,
7b8ec5c487defaef,2025,02/12/2025,Drenagem,Alagamentos,Concluído,RUA BRIGADEIRO FRANCO,PAROLIN,Unidade Regional Portao,Portal,True,False,1,pronto_para_geocodificar,none,"Candidato a geocodificacao; nao e coordenada, rotulo ou evidencia de treino.","Nao usar como ground truth, escore ou variavel derivada do rotulo.","RUA BRIGADEIRO FRANCO, PAROLIN, Curitiba, PR, Brasil",strong,-25.4612566,-49.2668905,"Rua Brigadeiro Franco, Parolin, Curitiba, Paraná, Região Sul, 80220-081, Brasil",,secondary,122741943,
b4f6af57e0bfeecd,2025,06/12/2025,Drenagem,Alagamentos,Concluído,Nossa Senhora Aparecida,SEMINARIO,Unidade Regional Portao,Portal,True,False,1,pronto_para_geocodificar,none,"Candidato a geocodificacao; nao e coordenada, rotulo ou evidencia de treino.","Nao usar como ground truth, escore ou variavel derivada do rotulo.","Nossa Senhora Aparecida, SEMINARIO, Curitiba, PR, Brasil",strong,-25.4500016,-49.3137048,"Avenida Nossa Senhora Aparecida, Seminário, Curitiba, Paraná, Região Sul, 80310-430, Brasil",,secondary,121817684,
9c575e52ea43dff0,2025,09/12/2025,Drenagem,Alagamentos,Concluído,RUA BRIGADEIRO FRANCO,PAROLIN,Unidade Regional Portao,Portal,True,False,1,pronto_para_geocodificar,none,"Candidato a geocodificacao; nao e coordenada, rotulo ou evidencia de treino.","Nao usar como ground truth, escore ou variavel derivada do rotulo.","RUA BRIGADEIRO FRANCO, PAROLIN, Curitiba, PR, Brasil",strong,-25.4612566,-49.2668905,"Rua Brigadeiro Franco, Parolin, Curitiba, Paraná, Região Sul, 80220-081, Brasil",,secondary,122741943,
3db05a70413c4e5f,2025,27/01/2025,Drenagem,Alagamentos,Concluído,Rua José Boiko,SANTO INACIO,Unidade Regional Santa Felicidade,Telefone,True,False,1,pronto_para_geocodificar,none,"Candidato a geocodificacao; nao e coordenada, rotulo ou evidencia de treino.","Nao usar como ground truth, escore ou variavel derivada do rotulo.","Rua José Boiko, SANTO INACIO, Curitiba, PR, Brasil",strong,-25.4222977,-49.334633,"Rua José Boiko, Santo Inácio, Curitiba, Paraná, Região Sul, 82010-550, Brasil",,residential,137425516,
73852ce02c35374b,2025,30/01/2025,Drenagem,Alagamentos,Concluído,RUA BASÍLIO KOWALCZUK,SAO BRAZ,Unidade Regional Santa Felicidade,Telefone,True,False,1,pronto_para_geocodificar,none,"Candidato a geocodificacao; nao e coordenada, rotulo ou evidencia de treino.","Nao usar como ground truth, escore ou variavel derivada do rotulo.","RUA BASÍLIO KOWALCZUK, SAO BRAZ, Curitiba, PR, Brasil",strong,-25.4247126,-49.3409953,"Rua Basílio Kowalczuk, São Braz, Curitiba, Paraná, Região Sul, 82010-550, Brasil",,residential,137990064,
bad1d7f11ebc53c4,2025,25/02/2025,Drenagem,Alagamentos,Concluído,Ari José Valle,SAO JOAO,Unidade Regional Santa Felicidade,Portal,True,False,1,pronto_para_geocodificar,none,"Candidato a geocodificacao; nao e coordenada, rotulo ou evidencia de treino.","Nao usar como ground truth, escore ou variavel derivada do rotulo.","Ari José Valle, SAO JOAO, Curitiba, PR, Brasil",strong,-25.388577,-49.3209093,"Rua Ari José Valle, Santa Felicidade, Curitiba, Paraná, Região Sul, 82410-330, Brasil",,tertiary,407738929,
1ad8da2c1a10bd02,2025,08/04/2025,Drenagem,Alagamentos,Concluído,Rua José Boiko,SANTO INACIO,Unidade Regional Santa Felicidade,Telefone,True,False,1,pronto_para_geocodificar,none,"Candidato a geocodificacao; nao e coordenada, rotulo ou evidencia de treino.","Nao usar como ground truth, escore ou variavel derivada do rotulo.","Rua José Boiko, SANTO INACIO, Curitiba, PR, Brasil",strong,-25.4222977,-49.334633,"Rua José Boiko, Santo Inácio, Curitiba, Paraná, Região Sul, 82010-550, Brasil",,residential,137425516,
ce9cf8ae5804780b,2025,09/06/2025,Drenagem,Alagamentos,Concluído,RUA UBALDO BRUNATTI,ORLEANS,Unidade Regional Santa Felicidade,Telefone,True,False,1,pronto_para_geocodificar,none,"Candidato a geocodificacao; nao e coordenada, rotulo ou evidencia de treino.","Nao usar como ground truth, escore ou variavel derivada do rotulo.","RUA UBALDO BRUNATTI, ORLEANS, Curitiba, PR, Brasil",strong,-25.4288133,-49.3517367,"Rua Ubaldo Brunatti, Orleans, Curitiba, Paraná, Região Sul, 82310-347, Brasil",,residential,491656004,
b1939e36bd977798,2025,09/06/2025,Drenagem,Alagamentos,Concluído,RUA FRANCISCO KLEICHEVICZ,ORLEANS,Unidade Regional Santa Felicidade,Telefone,True,False,1,pronto_para_geocodificar,none,"Candidato a geocodificacao; nao e coordenada, rotulo ou evidencia de treino.","Nao usar como ground truth, escore ou variavel derivada do rotulo.","RUA FRANCISCO KLEICHEVICZ, ORLEANS, Curitiba, PR, Brasil",strong,-25.429025,-49.3471408,"Rua Francisco Kleichevicz, Orleans, Curitiba, Paraná, Região Sul, 82310-347, Brasil",,residential,127538674,
cfaa8ac2a16f4b75,2025,09/06/2025,Drenagem,Alagamentos,Concluído,Carlos Leinig Júnior,VISTA ALEGRE,Unidade Regional Santa Felicidade,Portal,True,False,1,pronto_para_geocodificar,none,"Candidato a geocodificacao; nao e coordenada, rotulo ou evidencia de treino.","Nao usar como ground truth, escore ou variavel derivada do rotulo.","Carlos Leinig Júnior, VISTA ALEGRE, Curitiba, PR, Brasil",strong,-25.407163,-49.2910516,"Rua Carlos Leinig Júnior, Vista Alegre, Curitiba, Paraná, Região Sul, 80820-010, Brasil",,residential,30049740,
72d43c9625b293c9,2025,10/06/2025,Drenagem,Alagamentos,Concluído,Ângelo Domingos Durigan,CASCATINHA,Unidade Regional Santa Felicidade,Portal,True,False,1,pronto_para_geocodificar,none,"Candidato a geocodificacao; nao e coordenada, rotulo ou evidencia de treino.","Nao usar como ground truth, escore ou variavel derivada do rotulo.","Ângelo Domingos Durigan, CASCATINHA, Curitiba, PR, Brasil",strong,-25.4045903,-49.3136778,"Rua Ângelo Domingos Durigan, Cascatinha, Curitiba, Paraná, Região Sul, 82020-250, Brasil",,tertiary,411409907,
1d0c24f68869e743,2025,11/06/2025,Drenagem,Alagamentos,Concluído,Ruy de Santis,SANTA FELICIDADE,Unidade Regional Santa Felicidade,Portal,True,False,1,pronto_para_geocodificar,none,"Candidato a geocodificacao; nao e coordenada, rotulo ou evidencia de treino.","Nao usar como ground truth, escore ou variavel derivada do rotulo.","Ruy de Santis, SANTA FELICIDADE, Curitiba, PR, Brasil",strong,-25.4069642,-49.3211116,"Rua Ruy de Santis, Santa Felicidade, Curitiba, Paraná, Região Sul, 82020-000, Brasil",,residential,158621084,
f89075547916bccd,2025,07/07/2025,Drenagem,Alagamentos,Concluído,RUA SAO JOSE DA BOA VISTA,SAO BRAZ,Unidade Regional Santa Felicidade,Telefone,True,False,1,pronto_para_geocodificar,none,"Candidato a geocodificacao; nao e coordenada, rotulo ou evidencia de treino.","Nao usar como ground truth, escore ou variavel derivada do rotulo.","RUA SAO JOSE DA BOA VISTA, SAO BRAZ, Curitiba, PR, Brasil",strong,-25.4117207,-49.3597629,"Rua São José da Boa Vista, São Braz, Curitiba, Paraná, Região Sul, 82315-420, Brasil",,tertiary,150299055,
2e62000fe43b0187,2025,03/02/2025,Drenagem,Alagamentos,Concluído,Rua Conde Dos Arcos,LINDOIA,Unidade Regional Pinheirinho,Telefone,True,False,2,pronto_para_geocodificar,none,"Candidato a geocodificacao; nao e coordenada, rotulo ou evidencia de treino.","Nao usar como ground truth, escore ou variavel derivada do rotulo.","Rua Conde Dos Arcos, LINDOIA, Curitiba, PR, Brasil",strong,-25.4787568,-49.2738188,"Rua Conde dos Arcos, Lindóia, Curitiba, Paraná, Região Sul, 81010-001, Brasil",,residential,126274284,
588fd84dfa181459,2025,03/02/2025,Drenagem,Alagamentos,Concluído,RUA IZIDORO STAVITZKI,PINHEIRINHO,Unidade Regional Pinheirinho,Telefone,True,False,1,pronto_para_geocodificar,none,"Candidato a geocodificacao; nao e coordenada, rotulo ou evidencia de treino.","Nao usar como ground truth, escore ou variavel derivada do rotulo.","RUA IZIDORO STAVITZKI, PINHEIRINHO, Curitiba, PR, Brasil",strong,-25.5239897,-49.2723663,"Rua Izidoro Stavitzki, Pinheirinho, Curitiba, Paraná, Região Sul, 81825-300, Brasil",,residential,128988839,
797a40c9b6b2c684,2025,03/02/2025,Drenagem,Alagamentos,Concluído,RUA CONDE DOS ARCOS,LINDOIA,Unidade Regional Pinheirinho,Telefone,True,False,2,pronto_para_geocodificar,none,"Candidato a geocodificacao; nao e coordenada, rotulo ou evidencia de treino.","Nao usar como ground truth, escore ou variavel derivada do rotulo.","RUA CONDE DOS ARCOS, LINDOIA, Curitiba, PR, Brasil",strong,-25.4787568,-49.2738188,"Rua Conde dos Arcos, Lindóia, Curitiba, Paraná, Região Sul, 81010-001, Brasil",,residential,126274284,
c382a7fa5076343b,2025,03/02/2025,Drenagem,Alagamentos,Concluído,Nicolau Serrato Sobrinho,NOVO MUNDO,Unidade Regional Pinheirinho,Portal,True,False,1,pronto_para_geocodificar,none,"Candidato a geocodificacao; nao e coordenada, rotulo ou evidencia de treino.","Nao usar como ground truth, escore ou variavel derivada do rotulo.","Nicolau Serrato Sobrinho, NOVO MUNDO, Curitiba, PR, Brasil",strong,-25.4860845,-49.2857787,"Rua Nicolau Serrato Sobrinho, Novo Mundo, Curitiba, Paraná, Região Sul, 81020-410, Brasil",,residential,48310690,
c1d904c22666cc46,2025,10/02/2025,Drenagem,Alagamentos,Concluído,RUA ROSA MANFRON FERRO,PINHEIRINHO,Unidade Regional Pinheirinho,Telefone,True,False,1,pronto_para_geocodificar,none,"Candidato a geocodificacao; nao e coordenada, rotulo ou evidencia de treino.","Nao usar como ground truth, escore ou variavel derivada do rotulo.","RUA ROSA MANFRON FERRO, PINHEIRINHO, Curitiba, PR, Brasil",strong,-25.5248466,-49.2773326,"Rua Rosa Manfron Ferro, Jardim Voluz III, Pinheirinho, Curitiba, Paraná, Região Sul, 81825-300, Brasil",,residential,398695487,
9ae138365dcd87b8,2025,18/02/2025,Drenagem,Alagamentos,Concluído,RUA JOSÉ SILVA DE LIMA,CAPAO RASO,Unidade Regional Pinheirinho,Telefone,True,False,1,pronto_para_geocodificar,none,"Candidato a geocodificacao; nao e coordenada, rotulo ou evidencia de treino.","Nao usar como ground truth, escore ou variavel derivada do rotulo.","RUA JOSÉ SILVA DE LIMA, CAPAO RASO, Curitiba, PR, Brasil",strong,-25.51657,-49.3115915,"Rua José Silva de Lima, Capão Raso, Curitiba, Paraná, Região Sul, 81150-180, Brasil",,residential,48304430,
8d9e7bfb3d831227,2025,18/02/2025,Drenagem,Alagamentos,Concluído,RUA DELEGADO NABY PARANÁ,CAPAO RASO,Unidade Regional Pinheirinho,Telefone,True,False,1,pronto_para_geocodificar,none,"Candidato a geocodificacao; nao e coordenada, rotulo ou evidencia de treino.","Nao usar como ground truth, escore ou variavel derivada do rotulo.","RUA DELEGADO NABY PARANÁ, CAPAO RASO, Curitiba, PR, Brasil",strong,-25.4975315,-49.2906193,"Rua Delegado Naby Paraná, Capão Raso, Curitiba, Paraná, Região Sul, 81110-110, Brasil",,residential,33037220,
d2176e8f83217c30,2025,18/02/2025,Drenagem,Alagamentos,Concluído,RUA JOSÉ FERREIRA DE  BARROS,FANNY,Unidade Regional Pinheirinho,Chat,True,False,1,pronto_para_geocodificar,none,"Candidato a geocodificacao; nao e coordenada, rotulo ou evidencia de treino.","Nao usar como ground truth, escore ou variavel derivada do rotulo.","RUA JOSÉ FERREIRA DE  BARROS, FANNY, Curitiba, PR, Brasil",strong,-25.4865848,-49.2739445,"Rua José Ferreira de Barros, Fanny, Curitiba, Paraná, Região Sul, 81030-330, Brasil",,residential,126271628,
110b64acb2aba65b,2025,18/02/2025,Drenagem,Alagamentos,Concluído,Rua Carolina Castelli,NOVO MUNDO,Unidade Regional Pinheirinho,Chat,True,False,1,pronto_para_geocodificar,none,"Candidato a geocodificacao; nao e coordenada, rotulo ou evidencia de treino.","Nao usar como ground truth, escore ou variavel derivada do rotulo.","Rua Carolina Castelli, NOVO MUNDO, Curitiba, PR, Brasil",strong,-25.4882034,-49.3126694,"Rua Carolina Castelli, Área Administrativa AMA. Vila Maria e Uberlândia, Novo Mundo, Curitiba, Paraná, Região Sul, 81050-450, Brasil",,residential,42802264,
30aeb78f7d57c2f2,2025,19/02/2025,Drenagem,Alagamentos,Concluído,Maestro Francisco Antonello,FANNY,Unidade Regional Pinheirinho,Portal,True,False,1,pronto_para_geocodificar,none,"Candidato a geocodificacao; nao e coordenada, rotulo ou evidencia de treino.","Nao usar como ground truth, escore ou variavel derivada do rotulo.","Maestro Francisco Antonello, FANNY, Curitiba, PR, Brasil",strong,-25.4838821,-49.2711309,"Rua Maestro Francisco Antonello, Fanny, Curitiba, Paraná, Região Sul, 81690-200, Brasil",,tertiary,1178039924,
98213838a14bb854,2025,25/02/2025,Drenagem,Alagamentos,Concluído,José Alcides de Lima,NOVO MUNDO,Unidade Regional Pinheirinho,Portal,True,False,1,pronto_para_geocodificar,none,"Candidato a geocodificacao; nao e coordenada, rotulo ou evidencia de treino.","Nao usar como ground truth, escore ou variavel derivada do rotulo.","José Alcides de Lima, NOVO MUNDO, Curitiba, PR, Brasil",strong,-25.4921543,-49.3065704,"Rua José Alcides de Lima, Novo Mundo, Curitiba, Paraná, Região Sul, 81050-380, Brasil",,residential,33037269,
f4dd02bef30843d6,2025,27/02/2025,Drenagem,Alagamentos,Concluído,RUA MAESTRO FRANCISCO ANTONELLO,FANNY,Unidade Regional Pinheirinho,Telefone,True,False,1,pronto_para_geocodificar,none,"Candidato a geocodificacao; nao e coordenada, rotulo ou evidencia de treino.","Nao usar como ground truth, escore ou variavel derivada do rotulo.","RUA MAESTRO FRANCISCO ANTONELLO, FANNY, Curitiba, PR, Brasil",strong,-25.4838821,-49.2711309,"Rua Maestro Francisco Antonello, Fanny, Curitiba, Paraná, Região Sul, 81690-200, Brasil",,tertiary,1178039924,
370550cdbb103703,2025,12/03/2025,Drenagem,Alagamentos,Concluído,Jaime Rodrigues da Rocha,CAPAO RASO,Unidade Regional Pinheirinho,Portal,True,False,1,pronto_para_geocodificar,none,"Candidato a geocodificacao; nao e coordenada, rotulo ou evidencia de treino.","Nao usar como ground truth, escore ou variavel derivada do rotulo.","Jaime Rodrigues da Rocha, CAPAO RASO, Curitiba, PR, Brasil",strong,-25.5161867,-49.3043441,"Rua Jaime Rodrigues da Rocha, Capão Raso, Curitiba, Paraná, Região Sul, 81150-120, Brasil",,residential,33037379,
6787225528529ad2,2025,17/03/2025,Drenagem,Alagamentos,Concluído,RUA DOUTOR MANOEL LINHARES DE LACERDA,CAPAO RASO,Unidade Regional Pinheirinho,Telefone,True,False,1,pronto_para_geocodificar,none,"Candidato a geocodificacao; nao e coordenada, rotulo ou evidencia de treino.","Nao usar como ground truth, escore ou variavel derivada do rotulo.","RUA DOUTOR MANOEL LINHARES DE LACERDA, CAPAO RASO, Curitiba, PR, Brasil",strong,-25.4990906,-49.2916122,"Rua Doutor Manoel Linhares de Lacerda, Capão Raso, Curitiba, Paraná, Região Sul, 81110-110, Brasil",,residential,33037245,
d27e535ec40b4b7e,2025,17/03/2025,Drenagem,Alagamentos,Concluído,Rua Araçari,PINHEIRINHO,Unidade Regional Pinheirinho,Telefone,True,False,1,pronto_para_geocodificar,none,"Candidato a geocodificacao; nao e coordenada, rotulo ou evidencia de treino.","Nao usar como ground truth, escore ou variavel derivada do rotulo.","Rua Araçari, PINHEIRINHO, Curitiba, PR, Brasil",strong,-25.5224015,-49.2838005,"Rua Araçari, Jardim Piratini, Pinheirinho, Curitiba, Paraná, Região Sul, 81870-260, Brasil",,tertiary,128988848,
53aa7b19d35a335a,2025,26/05/2025,Drenagem,Alagamentos,Concluído,RUA JOSÉ AFONSO CORDEIRO,PINHEIRINHO,Unidade Regional Pinheirinho,Telefone,True,False,1,pronto_para_geocodificar,none,"Candidato a geocodificacao; nao e coordenada, rotulo ou evidencia de treino.","Nao usar como ground truth, escore ou variavel derivada do rotulo.","RUA JOSÉ AFONSO CORDEIRO, PINHEIRINHO, Curitiba, PR, Brasil",strong,-25.5248391,-49.2896819,"Rua José Afonso Cordeiro, Pinheirinho, Curitiba, Paraná, Região Sul, 81870-260, Brasil",,residential,129002792,
6cfb08e0fa2d19f5,2025,07/06/2025,Drenagem,Alagamentos,Concluído,RUA JOSÉ AFONSO CORDEIRO,PINHEIRINHO,Unidade Regional Pinheirinho,Telefone,True,False,1,pronto_para_geocodificar,none,"Candidato a geocodificacao; nao e coordenada, rotulo ou evidencia de treino.","Nao usar como ground truth, escore ou variavel derivada do rotulo.","RUA JOSÉ AFONSO CORDEIRO, PINHEIRINHO, Curitiba, PR, Brasil",strong,-25.5248391,-49.2896819,"Rua José Afonso Cordeiro, Pinheirinho, Curitiba, Paraná, Região Sul, 81870-260, Brasil",,residential,129002792,
f5e44dbfec15309a,2025,27/06/2025,Drenagem,Alagamentos,Concluído,RUA ALBERTO KRAMER,CAPAO RASO,Unidade Regional Pinheirinho,Telefone,True,False,1,pronto_para_geocodificar,none,"Candidato a geocodificacao; nao e coordenada, rotulo ou evidencia de treino.","Nao usar como ground truth, escore ou variavel derivada do rotulo.","RUA ALBERTO KRAMER, CAPAO RASO, Curitiba, PR, Brasil",strong,-25.5166542,-49.3079757,"Rua Alberto Kramer, Capão Raso, Curitiba, Paraná, Região Sul, 81150-120, Brasil",,residential,48294479,
85760c9962dc843f,2025,13/09/2025,Drenagem,Alagamentos,Concluído,Luiz Amora,CAPAO RASO,Unidade Regional Pinheirinho,Portal,True,False,1,pronto_para_geocodificar,none,"Candidato a geocodificacao; nao e coordenada, rotulo ou evidencia de treino.","Nao usar como ground truth, escore ou variavel derivada do rotulo.","Luiz Amora, CAPAO RASO, Curitiba, PR, Brasil",strong,-25.4982522,-49.2843761,"Rua Luiz Amora, Capão Raso, Curitiba, Paraná, Região Sul, 81020-740, Brasil",,residential,24781472,
27cc89101373df22,2025,22/09/2025,Drenagem,Alagamentos,Concluído,Rua Lufrido Costa,PINHEIRINHO,Unidade Regional Pinheirinho,Telefone,True,False,1,pronto_para_geocodificar,none,"Candidato a geocodificacao; nao e coordenada, rotulo ou evidencia de treino.","Nao usar como ground truth, escore ou variavel derivada do rotulo.","Rua Lufrido Costa, PINHEIRINHO, Curitiba, PR, Brasil",strong,-25.5390929,-49.2976152,"Rua Lufrido Costa, Pinheirinho, Curitiba, Paraná, Região Sul, 81880-000, Brasil",,residential,129015268,
374be316eccb372f,2025,22/09/2025,Drenagem,Alagamentos,Concluído,José Alcides de Lima,NOVO MUNDO,Unidade Regional Pinheirinho,Portal,True,False,1,pronto_para_geocodificar,none,"Candidato a geocodificacao; nao e coordenada, rotulo ou evidencia de treino.","Nao usar como ground truth, escore ou variavel derivada do rotulo.","José Alcides de Lima, NOVO MUNDO, Curitiba, PR, Brasil",strong,-25.4921543,-49.3065704,"Rua José Alcides de Lima, Novo Mundo, Curitiba, Paraná, Região Sul, 81050-380, Brasil",,residential,33037269,
2d6b8b8a4ff3ce83,2025,13/10/2025,Drenagem,Alagamentos,Concluído,RUA DESEMBARGADOR ERNANI GUARITA CARTAXO,CAPAO RASO,Unidade Regional Pinheirinho,Telefone,True,False,1,pronto_para_geocodificar,none,"Candidato a geocodificacao; nao e coordenada, rotulo ou evidencia de treino.","Nao usar como ground truth, escore ou variavel derivada do rotulo.","RUA DESEMBARGADOR ERNANI GUARITA CARTAXO, CAPAO RASO, Curitiba, PR, Brasil",strong,-25.5068525,-49.3009674,"Rua Desembargador Ernani Guarita Cartaxo, Capão Raso, Curitiba, Paraná, Região Sul, 81130-290, Brasil",,residential,33037293,
8db7e03b8291dfff,2025,13/10/2025,Drenagem,Alagamentos,Concluído,RUA OLINDO SEQUINEL,CAPAO RASO,Unidade Regional Pinheirinho,Telefone,True,False,1,pronto_para_geocodificar,none,"Candidato a geocodificacao; nao e coordenada, rotulo ou evidencia de treino.","Nao usar como ground truth, escore ou variavel derivada do rotulo.","RUA OLINDO SEQUINEL, CAPAO RASO, Curitiba, PR, Brasil",strong,-25.5169614,-49.3000252,"Rua Olindo Sequinel, Capão Raso, Curitiba, Paraná, Região Sul, 81150-313, Brasil",,tertiary,701106748,
79674ccd9202cb2b,2025,11/01/2025,Drenagem,Alagamentos,Concluído,Rio Guaporé,BAIRRO ALTO,Unidade Regional Boa Vista,Portal,True,False,1,pronto_para_geocodificar,none,"Candidato a geocodificacao; nao e coordenada, rotulo ou evidencia de treino.","Nao usar como ground truth, escore ou variavel derivada do rotulo.","Rio Guaporé, BAIRRO ALTO, Curitiba, PR, Brasil",strong,-25.4007395,-49.2040717,"Rua Rio Guaporé, Bairro Alto, Curitiba, Paraná, Região Sul, 82840-310, Brasil",,tertiary,1111176110,
3a29956f41dc1468,2025,24/01/2025,Drenagem,Alagamentos,Concluído,Rua Sofia Dubiella,ABRANCHES,Unidade Regional Boa Vista,Telefone,True,False,1,pronto_para_geocodificar,none,"Candidato a geocodificacao; nao e coordenada, rotulo ou evidencia de treino.","Nao usar como ground truth, escore ou variavel derivada do rotulo.","Rua Sofia Dubiella, ABRANCHES, Curitiba, PR, Brasil",strong,-25.3747273,-49.2701539,"Rua Sofia Dubiella, Abranches, Curitiba, Paraná, Região Sul, 82220-330, Brasil",,residential,162043596,
798c4e1fbbb709e0,2025,26/01/2025,Drenagem,Alagamentos,Concluído,Rua Sofia Dubiella,ABRANCHES,Unidade Regional Boa Vista,Telefone,True,False,2,pronto_para_geocodificar,none,"Candidato a geocodificacao; nao e coordenada, rotulo ou evidencia de treino.","Nao usar como ground truth, escore ou variavel derivada do rotulo.","Rua Sofia Dubiella, ABRANCHES, Curitiba, PR, Brasil",strong,-25.3747273,-49.2701539,"Rua Sofia Dubiella, Abranches, Curitiba, Paraná, Região Sul, 82220-330, Brasil",,residential,162043596,
97561db1bc6473bf,2025,26/01/2025,Drenagem,Alagamentos,Concluído,RUA SOFIA DUBIELLA,ABRANCHES,Unidade Regional Boa Vista,Telefone,True,False,2,pronto_para_geocodificar,none,"Candidato a geocodificacao; nao e coordenada, rotulo ou evidencia de treino.","Nao usar como ground truth, escore ou variavel derivada do rotulo.","RUA SOFIA DUBIELLA, ABRANCHES, Curitiba, PR, Brasil",strong,-25.3747273,-49.2701539,"Rua Sofia Dubiella, Abranches, Curitiba, Paraná, Região Sul, 82220-330, Brasil",,residential,162043596,
9e64b6654c5862ad,2025,28/01/2025,Drenagem,Alagamentos,Concluído,Professor Raul Pinheiro Machado,BACACHERI,Unidade Regional Boa Vista,Portal,True,False,1,pronto_para_geocodificar,none,"Candidato a geocodificacao; nao e coordenada, rotulo ou evidencia de treino.","Nao usar como ground truth, escore ou variavel derivada do rotulo.","Professor Raul Pinheiro Machado, BACACHERI, Curitiba, PR, Brasil",medium,-25.3968497,-49.2344563,"Bacacheri, Curitiba, Paraná, Região Sul, Brasil",,administrative,6231364,fallback_bairro_apos_rua_sem_resultado_em_bbox
9e8001c779257368,2025,28/01/2025,Drenagem,Alagamentos,Concluído,RUA VISCONDE DE ABAETÉ,BAIRRO ALTO,Unidade Regional Boa Vista,Telefone,True,False,1,pronto_para_geocodificar,none,"Candidato a geocodificacao; nao e coordenada, rotulo ou evidencia de treino.","Nao usar como ground truth, escore ou variavel derivada do rotulo.","RUA VISCONDE DE ABAETÉ, BAIRRO ALTO, Curitiba, PR, Brasil",medium,-25.4058225,-49.2076602,"Bairro Alto, Curitiba, Paraná, Região Sul, 82840-160, Brasil",,suburb,3012393446,fallback_bairro_apos_rua_sem_resultado_em_bbox
cb7d37a47c621fd3,2025,28/01/2025,Drenagem,Alagamentos,Concluído,RUA ALBERTO DE OLIVEIRA,BAIRRO ALTO,Unidade Regional Boa Vista,Telefone,True,False,1,pronto_para_geocodificar,none,"Candidato a geocodificacao; nao e coordenada, rotulo ou evidencia de treino.","Nao usar como ground truth, escore ou variavel derivada do rotulo.","RUA ALBERTO DE OLIVEIRA, BAIRRO ALTO, Curitiba, PR, Brasil",strong,-25.4146564,-49.2143797,"Rua Alberto de Oliveira, Bairro Alto, Curitiba, Paraná, Região Sul, 82820-390, Brasil",,residential,154697396,
21cd7000aa509ffc,2025,28/01/2025,Drenagem,Alagamentos,Concluído,Rua Alberico Flores Bueno,BAIRRO ALTO,Unidade Regional Boa Vista,Telefone,True,False,1,pronto_para_geocodificar,none,"Candidato a geocodificacao; nao e coordenada, rotulo ou evidencia de treino.","Nao usar como ground truth, escore ou variavel derivada do rotulo.","Rua Alberico Flores Bueno, BAIRRO ALTO, Curitiba, PR, Brasil",strong,-25.4152987,-49.199769,"Rua Alberico Flores Bueno, Bairro Alto, Curitiba, Paraná, Região Sul, 82820-110, Brasil",,tertiary,730970609,
3a3996aa0caf4277,2025,30/01/2025,Drenagem,Alagamentos,Concluído,Rua Catharina Prodlik,ABRANCHES,Unidade Regional Boa Vista,Telefone,True,False,1,pronto_para_geocodificar,none,"Candidato a geocodificacao; nao e coordenada, rotulo ou evidencia de treino.","Nao usar como ground truth, escore ou variavel derivada do rotulo.","Rua Catharina Prodlik, ABRANCHES, Curitiba, PR, Brasil",strong,-25.3784693,-49.2775896,"Rua Catharina Prodlik, Abranches, Curitiba, Paraná, Região Sul, 82130-290, Brasil",,residential,150348438,
0a07493cfdceb9d6,2025,31/01/2025,Drenagem,Alagamentos,Concluído,RUA CORONEL DOMINGOS SOARES,BAIRRO ALTO,Unidade Regional Boa Vista,Telefone,True,False,1,pronto_para_geocodificar,none,"Candidato a geocodificacao; nao e coordenada, rotulo ou evidencia de treino.","Nao usar como ground truth, escore ou variavel derivada do rotulo.","RUA CORONEL DOMINGOS SOARES, BAIRRO ALTO, Curitiba, PR, Brasil",strong,-25.4222515,-49.206902,"Rua Coronel Domingos Soares, Bairro Alto, Curitiba, Paraná, Região Sul, 82820-110, Brasil",,tertiary,157843283,
080dc607b2ef4511,2025,31/01/2025,Drenagem,Alagamentos,Concluído,RUA MARQUÊS DE ABRANTES,BAIRRO ALTO,Unidade Regional Boa Vista,Telefone,True,False,1,pronto_para_geocodificar,none,"Candidato a geocodificacao; nao e coordenada, rotulo ou evidencia de treino.","Nao usar como ground truth, escore ou variavel derivada do rotulo.","RUA MARQUÊS DE ABRANTES, BAIRRO ALTO, Curitiba, PR, Brasil",medium,-25.4058225,-49.2076602,"Bairro Alto, Curitiba, Paraná, Região Sul, 82840-160, Brasil",,suburb,3012393446,fallback_bairro_apos_rua_sem_resultado_em_bbox
151b5e7ed9710396,2025,01/02/2025,Drenagem,Alagamentos,Concluído,Rua Rio Xingu,BAIRRO ALTO,Unidade Regional Boa Vista,Telefone,True,False,1,pronto_para_geocodificar,none,"Candidato a geocodificacao; nao e coordenada, rotulo ou evidencia de treino.","Nao usar como ground truth, escore ou variavel derivada do rotulo.","Rua Rio Xingu, BAIRRO ALTO, Curitiba, PR, Brasil",strong,-25.4032607,-49.2024962,"Rua Rio Xingu, Bairro Alto, Curitiba, Paraná, Região Sul, 82840-200, Brasil",,residential,159676203,
9bbe10f5900559e4,2025,03/02/2025,Drenagem,Alagamentos,Concluído,RUA CORONEL ARY PINHO,BOA VISTA,Unidade Regional Boa Vista,Telefone,True,False,1,pronto_para_geocodificar,none,"Candidato a geocodificacao; nao e coordenada, rotulo ou evidencia de treino.","Nao usar como ground truth, escore ou variavel derivada do rotulo.","RUA CORONEL ARY PINHO, BOA VISTA, Curitiba, PR, Brasil",strong,-25.380276,-49.2436464,"Rua Coronel Ary Pinho, Boa Vista, Curitiba, Paraná, Região Sul, 82650-090, Brasil",,tertiary,162217222,
f11bfc865e47cf9f,2025,05/02/2025,Drenagem,Alagamentos,Concluído,João Krasinski,ABRANCHES,Unidade Regional Boa Vista,Portal,True,False,1,pronto_para_geocodificar,none,"Candidato a geocodificacao; nao e coordenada, rotulo ou evidencia de treino.","Nao usar como ground truth, escore ou variavel derivada do rotulo.","João Krasinski, ABRANCHES, Curitiba, PR, Brasil",strong,-25.3785872,-49.2754528,"Rua João Krasinski, Abranches, Curitiba, Paraná, Região Sul, 82130-230, Brasil",,residential,162043340,
b25d4e8698d77990,2025,12/02/2025,Drenagem,Alagamentos,Concluído,RUA LODOVICO GERONAZZO,BOA VISTA,Unidade Regional Boa Vista,Telefone,True,False,1,pronto_para_geocodificar,none,"Candidato a geocodificacao; nao e coordenada, rotulo ou evidencia de treino.","Nao usar como ground truth, escore ou variavel derivada do rotulo.","RUA LODOVICO GERONAZZO, BOA VISTA, Curitiba, PR, Brasil",strong,-25.3822969,-49.2516915,"Rua Lodovico Geronazzo, Boa Vista, Curitiba, Paraná, Região Sul, 82650-090, Brasil",,secondary,363168465,
56daf046cf2cfb7b,2025,13/02/2025,Drenagem,Alagamentos,Concluído,RUA APOLÔNIO DE TIANA,SANTA CANDIDA,Unidade Regional Boa Vista,Telefone,True,False,1,pronto_para_geocodificar,none,"Candidato a geocodificacao; nao e coordenada, rotulo ou evidencia de treino.","Nao usar como ground truth, escore ou variavel derivada do rotulo.","RUA APOLÔNIO DE TIANA, SANTA CANDIDA, Curitiba, PR, Brasil",strong,-25.3626623,-49.2319645,"Rua Apolônio de Tiana, Moradas do Porto, Santa Cândida, Curitiba, Paraná, Região Sul, 82720-000, Brasil",,residential,1151050650,
c932a95bf4301ca2,2025,13/02/2025,Drenagem,Alagamentos,Concluído,RUA SOFIA DUBIELLA,ABRANCHES,Unidade Regional Boa Vista,Telefone,True,False,1,pronto_para_geocodificar,none,"Candidato a geocodificacao; nao e coordenada, rotulo ou evidencia de treino.","Nao usar como ground truth, escore ou variavel derivada do rotulo.","RUA SOFIA DUBIELLA, ABRANCHES, Curitiba, PR, Brasil",strong,-25.3747273,-49.2701539,"Rua Sofia Dubiella, Abranches, Curitiba, Paraná, Região Sul, 82220-330, Brasil",,residential,162043596,
b161424eafba933f,2025,13/02/2025,Drenagem,Alagamentos,Concluído,RUA MUSTAPHA FRANCISCO LEMES,BARREIRINHA,Unidade Regional Boa Vista,Telefone,True,False,1,pronto_para_geocodificar,none,"Candidato a geocodificacao; nao e coordenada, rotulo ou evidencia de treino.","Nao usar como ground truth, escore ou variavel derivada do rotulo.","RUA MUSTAPHA FRANCISCO LEMES, BARREIRINHA, Curitiba, PR, Brasil",strong,-25.3709681,-49.2633732,"Rua Mustaphá Francisco Lemes, Barreirinha, Curitiba, Paraná, Região Sul, 82700-110, Brasil",,residential,161237408,
9533ff59729d54a3,2025,13/02/2025,Drenagem,Alagamentos,Concluído,RUA GUILHERME IHLENFELDT,BACACHERI,Unidade Regional Boa Vista,Telefone,True,False,2,pronto_para_geocodificar,none,"Candidato a geocodificacao; nao e coordenada, rotulo ou evidencia de treino.","Nao usar como ground truth, escore ou variavel derivada do rotulo.","RUA GUILHERME IHLENFELDT, BACACHERI, Curitiba, PR, Brasil",strong,-25.3888735,-49.2254095,"Rua Guilherme Ihlenfeldt, Bacacheri, Curitiba, Paraná, Região Sul, 82600-360, Brasil",,secondary,1209220093,
c9901724255285ec,2025,13/02/2025,Drenagem,Alagamentos,Concluído,Rua Percy Feliciano de Castilho,BAIRRO ALTO,Unidade Regional Boa Vista,Telefone,True,False,1,pronto_para_geocodificar,none,"Candidato a geocodificacao; nao e coordenada, rotulo ou evidencia de treino.","Nao usar como ground truth, escore ou variavel derivada do rotulo.","Rua Percy Feliciano de Castilho, BAIRRO ALTO, Curitiba, PR, Brasil",strong,-25.4137458,-49.2101471,"Rua Percy Feliciano de Castilho, Bairro Alto, Curitiba, Paraná, Região Sul, 82820-390, Brasil",,tertiary,1111645242,
f872cf96e2a7ce66,2025,13/02/2025,Drenagem,Alagamentos,Concluído,RUA JOSE ALCEU BERGER,SANTA CANDIDA,Unidade Regional Boa Vista,Telefone,True,False,1,pronto_para_geocodificar,none,"Candidato a geocodificacao; nao e coordenada, rotulo ou evidencia de treino.","Nao usar como ground truth, escore ou variavel derivada do rotulo.","RUA JOSE ALCEU BERGER, SANTA CANDIDA, Curitiba, PR, Brasil",strong,-25.3777798,-49.2390043,"Rua José Alceu Berger, Santa Cândida, Curitiba, Paraná, Região Sul, 82650-090, Brasil",,residential,398364195,
2cd08771c64e0135,2025,13/02/2025,Drenagem,Alagamentos,Concluído,RUA CURIÚVA,BARREIRINHA,Unidade Regional Boa Vista,Telefone,True,False,1,pronto_para_geocodificar,none,"Candidato a geocodificacao; nao e coordenada, rotulo ou evidencia de treino.","Nao usar como ground truth, escore ou variavel derivada do rotulo.","RUA CURIÚVA, BARREIRINHA, Curitiba, PR, Brasil",strong,-25.3683053,-49.2511664,"Rua Curiúva, Barreirinha, Curitiba, Paraná, Região Sul, 82650-505, Brasil",,residential,162219635,
930b36c1774c0241,2025,13/02/2025,Drenagem,Alagamentos,Concluído,Rua Guilherme Ihlenfeldt,BACACHERI,Unidade Regional Boa Vista,Telefone,True,False,2,pronto_para_geocodificar,none,"Candidato a geocodificacao; nao e coordenada, rotulo ou evidencia de treino.","Nao usar como ground truth, escore ou variavel derivada do rotulo.","Rua Guilherme Ihlenfeldt, BACACHERI, Curitiba, PR, Brasil",strong,-25.3888735,-49.2254095,"Rua Guilherme Ihlenfeldt, Bacacheri, Curitiba, Paraná, Região Sul, 82600-360, Brasil",,secondary,1209220093,
4d5db349490400f5,2025,13/02/2025,Drenagem,Alagamentos,Concluído,Rua João Reboli,SANTA CANDIDA,Unidade Regional Boa Vista,Telefone,True,False,1,pronto_para_geocodificar,none,"Candidato a geocodificacao; nao e coordenada, rotulo ou evidencia de treino.","Nao usar como ground truth, escore ou variavel derivada do rotulo.","Rua João Reboli, SANTA CANDIDA, Curitiba, PR, Brasil",strong,-25.379658,-49.2340064,"Rua João Reboli, Santa Cândida, Curitiba, Paraná, Região Sul, 82640-390, Brasil",,residential,127195127,
26c944a87fc96827,2025,14/02/2025,Drenagem,Alagamentos,Concluído,RUA JOSÉ VERÍSSIMO,BAIRRO ALTO,Unidade Regional Boa Vista,Telefone,True,False,1,pronto_para_geocodificar,none,"Candidato a geocodificacao; nao e coordenada, rotulo ou evidencia de treino.","Nao usar como ground truth, escore ou variavel derivada do rotulo.","RUA JOSÉ VERÍSSIMO, BAIRRO ALTO, Curitiba, PR, Brasil",strong,-25.4227966,-49.2001606,"Rua José Veríssimo, Bairro Alto, Curitiba, Paraná, Região Sul, 82820-090, Brasil",,tertiary,1188402977,
3df1430611cc8145,2025,14/02/2025,Drenagem,Alagamentos,Concluído,RUA JOSÉ LINS DO REGO,BAIRRO ALTO,Unidade Regional Boa Vista,Telefone,True,False,1,pronto_para_geocodificar,none,"Candidato a geocodificacao; nao e coordenada, rotulo ou evidencia de treino.","Nao usar como ground truth, escore ou variavel derivada do rotulo.","RUA JOSÉ LINS DO REGO, BAIRRO ALTO, Curitiba, PR, Brasil",strong,-25.4226758,-49.2039335,"Rua José Lins do Rego, Bairro Alto, Curitiba, Paraná, Região Sul, 82820-090, Brasil",,residential,157843292,
6f62c40a04491b36,2025,17/02/2025,Drenagem,Alagamentos,Concluído,Santa Gema Galgani,BARREIRINHA,Unidade Regional Boa Vista,Portal,True,False,1,pronto_para_geocodificar,none,"Candidato a geocodificacao; nao e coordenada, rotulo ou evidencia de treino.","Nao usar como ground truth, escore ou variavel derivada do rotulo.","Santa Gema Galgani, BARREIRINHA, Curitiba, PR, Brasil",strong,-25.3650661,-49.2620054,"Rua Santa Gema Galgani, Barreirinha, Curitiba, Paraná, Região Sul, 82220-010, Brasil",,residential,161237401,
3e76f51087d63b84,2025,18/02/2025,Drenagem,Alagamentos,Concluído,Ayrton Luciano Franco,SANTA CANDIDA,Unidade Regional Boa Vista,Portal,True,False,1,pronto_para_geocodificar,none,"Candidato a geocodificacao; nao e coordenada, rotulo ou evidencia de treino.","Nao usar como ground truth, escore ou variavel derivada do rotulo.","Ayrton Luciano Franco, SANTA CANDIDA, Curitiba, PR, Brasil",strong,-25.3662293,-49.2103305,"Rua Ayrton Luciano Franco, Santa Cândida, Curitiba, Paraná, Região Sul, 83404-550, Brasil",,residential,398372324,
7984f74175ad9b33,2025,19/02/2025,Drenagem,Alagamentos,Concluído,RUA SALVADOR DE MAURO,PILARZINHO,Unidade Regional Boa Vista,Telefone,True,False,1,pronto_para_geocodificar,none,"Candidato a geocodificacao; nao e coordenada, rotulo ou evidencia de treino.","Nao usar como ground truth, escore ou variavel derivada do rotulo.","RUA SALVADOR DE MAURO, PILARZINHO, Curitiba, PR, Brasil",strong,-25.389003,-49.3023478,"Rua Salvador de Mauro, Pilarzinho, Curitiba, Paraná, Região Sul, 82100-510, Brasil",,residential,149724979,
4ab8702f34a34aa1,2025,12/03/2025,Drenagem,Alagamentos,Concluído,Rua Colômbia,BACACHERI,Unidade Regional Boa Vista,Telefone,True,False,1,pronto_para_geocodificar,none,"Candidato a geocodificacao; nao e coordenada, rotulo ou evidencia de treino.","Nao usar como ground truth, escore ou variavel derivada do rotulo.","Rua Colômbia, BACACHERI, Curitiba, PR, Brasil",strong,-25.4081686,-49.2395069,"Rua Colômbia, Bacacheri, Curitiba, Paraná, Região Sul, 82515-030, Brasil",,tertiary,1104868486,
3b65a1689b38d869,2025,18/03/2025,Drenagem,Alagamentos,Concluído,Rio Tietê,BAIRRO ALTO,Unidade Regional Boa Vista,Portal,True,False,1,pronto_para_geocodificar,none,"Candidato a geocodificacao; nao e coordenada, rotulo ou evidencia de treino.","Nao usar como ground truth, escore ou variavel derivada do rotulo.","Rio Tietê, BAIRRO ALTO, Curitiba, PR, Brasil",strong,-25.3986648,-49.2108961,"Rua Rio Tietê, Bairro Alto, Curitiba, Paraná, Região Sul, 82840-170, Brasil",,residential,1497558619,
8be8fb24a17d30a3,2025,19/03/2025,Drenagem,Alagamentos,Concluído,RUA ANTONIO CANDIDO CAVALIM,BAIRRO ALTO,Unidade Regional Boa Vista,Telefone,True,False,1,pronto_para_geocodificar,none,"Candidato a geocodificacao; nao e coordenada, rotulo ou evidencia de treino.","Nao usar como ground truth, escore ou variavel derivada do rotulo.","RUA ANTONIO CANDIDO CAVALIM, BAIRRO ALTO, Curitiba, PR, Brasil",strong,-25.4103552,-49.2008273,"Rua Antônio Cândido Cavalim, Bairro Alto, Curitiba, Paraná, Região Sul, 82820-300, Brasil",,residential,163108272,
778c78d558b8d0e4,2025,20/03/2025,Drenagem,Alagamentos,Concluído,RUA DAVID GERONASSO,BOA VISTA,Unidade Regional Boa Vista,Telefone,True,False,1,pronto_para_geocodificar,none,"Candidato a geocodificacao; nao e coordenada, rotulo ou evidencia de treino.","Nao usar como ground truth, escore ou variavel derivada do rotulo.","RUA DAVID GERONASSO, BOA VISTA, Curitiba, PR, Brasil",strong,-25.3911577,-49.2506514,"Rua David Geronasso, Boa Vista, Curitiba, Paraná, Região Sul, 82540-050, Brasil",,residential,35971380,
bf82765ed032987b,2025,21/03/2025,Drenagem,Alagamentos,Concluído,Doutor Benedito Amorim,SANTA CANDIDA,Unidade Regional Boa Vista,Portal,True,False,2,pronto_para_geocodificar,none,"Candidato a geocodificacao; nao e coordenada, rotulo ou evidencia de treino.","Nao usar como ground truth, escore ou variavel derivada do rotulo.","Doutor Benedito Amorim, SANTA CANDIDA, Curitiba, PR, Brasil",strong,-25.3776199,-49.2362535,"Rua Doutor Benedito Amorim, Santa Cândida, Curitiba, Paraná, Região Sul, 82640-390, Brasil",,residential,127195087,
e5b3333248c919da,2025,08/06/2025,Drenagem,Alagamentos,Concluído,RUA COLÔMBIA,BACACHERI,Unidade Regional Boa Vista,Telefone,True,False,1,pronto_para_geocodificar,none,"Candidato a geocodificacao; nao e coordenada, rotulo ou evidencia de treino.","Nao usar como ground truth, escore ou variavel derivada do rotulo.","RUA COLÔMBIA, BACACHERI, Curitiba, PR, Brasil",strong,-25.4081686,-49.2395069,"Rua Colômbia, Bacacheri, Curitiba, Paraná, Região Sul, 82515-030, Brasil",,tertiary,1104868486,
fc5865b4518b8c38,2025,26/06/2025,Drenagem,Alagamentos,Concluído,RUA DINARTE DE JESUS,PILARZINHO,Unidade Regional Boa Vista,Telefone,True,False,1,pronto_para_geocodificar,none,"Candidato a geocodificacao; nao e coordenada, rotulo ou evidencia de treino.","Nao usar como ground truth, escore ou variavel derivada do rotulo.","RUA DINARTE DE JESUS, PILARZINHO, Curitiba, PR, Brasil",strong,-25.386952,-49.2892903,"Rua Dinarte de Jesus, Pilarzinho, Curitiba, Paraná, Região Sul, 82110-350, Brasil",,residential,162001466,
b202d7a87f84c126,2025,07/07/2025,Drenagem,Alagamentos,Concluído,RUA ODETE FATUCH,BACACHERI,Unidade Regional Boa Vista,Telefone,True,False,1,pronto_para_geocodificar,none,"Candidato a geocodificacao; nao e coordenada, rotulo ou evidencia de treino.","Nao usar como ground truth, escore ou variavel derivada do rotulo.","RUA ODETE FATUCH, BACACHERI, Curitiba, PR, Brasil",strong,-25.3943026,-49.2262185,"Rua Odete Fatuch, Bacacheri, Curitiba, Paraná, Região Sul, 82600-360, Brasil",,residential,160681511,
99cce980905ff1c1,2025,08/07/2025,Drenagem,Alagamentos,Concluído,Rua Patativa,SANTA CANDIDA,Unidade Regional Boa Vista,Telefone,True,False,1,pronto_para_geocodificar,none,"Candidato a geocodificacao; nao e coordenada, rotulo ou evidencia de treino.","Nao usar como ground truth, escore ou variavel derivada do rotulo.","Rua Patativa, SANTA CANDIDA, Curitiba, PR, Brasil",strong,-25.369919,-49.2132294,"Rua Patativa, Santa Cândida, Curitiba, Paraná, Região Sul, 82630-492, Brasil",,residential,1153400510,
95ee41d2ed8e7d2d,2025,25/07/2025,Drenagem,Alagamentos,Concluído,RUA ODILON SANTANA GOMES,PILARZINHO,Unidade Regional Boa Vista,Telefone,True,False,1,pronto_para_geocodificar,none,"Candidato a geocodificacao; nao e coordenada, rotulo ou evidencia de treino.","Nao usar como ground truth, escore ou variavel derivada do rotulo.","RUA ODILON SANTANA GOMES, PILARZINHO, Curitiba, PR, Brasil",strong,-25.3873858,-49.2857986,"Rua Odilon Santana Gomes, Pilarzinho, Curitiba, Paraná, Região Sul, 82110-350, Brasil",,residential,150296408,
0e18ecb4d7ee1cb5,2025,06/08/2025,Drenagem,Alagamentos,Concluído,RUA ODETE FATUCH,BACACHERI,Unidade Regional Boa Vista,Telefone,True,False,1,pronto_para_geocodificar,none,"Candidato a geocodificacao; nao e coordenada, rotulo ou evidencia de treino.","Nao usar como ground truth, escore ou variavel derivada do rotulo.","RUA ODETE FATUCH, BACACHERI, Curitiba, PR, Brasil",strong,-25.3943026,-49.2262185,"Rua Odete Fatuch, Bacacheri, Curitiba, Paraná, Região Sul, 82600-360, Brasil",,residential,160681511,
af0022af32e12d26,2025,08/08/2025,Drenagem,Alagamentos,Concluído,RUA JACOB PAYKALA,ATUBA,Unidade Regional Boa Vista,Telefone,True,False,1,pronto_para_geocodificar,none,"Candidato a geocodificacao; nao e coordenada, rotulo ou evidencia de treino.","Nao usar como ground truth, escore ou variavel derivada do rotulo.","RUA JACOB PAYKALA, ATUBA, Curitiba, PR, Brasil",strong,-25.3722482,-49.209536,"Rua Jacob Paykala, Atuba, Curitiba, Paraná, Região Sul, 83404-010, Brasil",,residential,432554654,
d2ed0f35ef917b77,2025,20/10/2025,Drenagem,Alagamentos,Concluído,RUA DESEMBARGADOR MANOEL DE LACERDA PINTO,BACACHERI,Unidade Regional Boa Vista,Telefone,True,False,1,pronto_para_geocodificar,none,"Candidato a geocodificacao; nao e coordenada, rotulo ou evidencia de treino.","Nao usar como ground truth, escore ou variavel derivada do rotulo.","RUA DESEMBARGADOR MANOEL DE LACERDA PINTO, BACACHERI, Curitiba, PR, Brasil",strong,-25.3971116,-49.2201038,"Rua Desembargador Manoel de Lacerda Pinto, Bacacheri, Curitiba, Paraná, Região Sul, 82600-570, Brasil",,residential,294223496,
4a380aee2267de3b,2025,11/01/2025,Drenagem,Alagamentos,Concluído,Jordânia,CAJURU,Unidade Regional Cajuru,Portal,True,False,1,pronto_para_geocodificar,none,"Candidato a geocodificacao; nao e coordenada, rotulo ou evidencia de treino.","Nao usar como ground truth, escore ou variavel derivada do rotulo.","Jordânia, CAJURU, Curitiba, PR, Brasil",strong,-25.4658332,-49.2061122,"Rua Jordânia, Vila Centenário II, Cajuru, Curitiba, Paraná, Região Sul, 82960-000, Brasil",,residential,33018345,
d37b83cef7a71a38,2025,20/01/2025,Drenagem,Alagamentos,Concluído,Sofia Bora,UBERABA,Unidade Regional Cajuru,Portal,True,False,1,pronto_para_geocodificar,none,"Candidato a geocodificacao; nao e coordenada, rotulo ou evidencia de treino.","Nao usar como ground truth, escore ou variavel derivada do rotulo.","Sofia Bora, UBERABA, Curitiba, PR, Brasil",strong,-25.4985263,-49.2075385,"Rua Sofia Bora, Vila Alvorada, Uberaba, Curitiba, Paraná, Região Sul, 81560-615, Brasil",,residential,125624688,
8da26a4b2c1da483,2025,22/01/2025,Drenagem,Alagamentos,Concluído,Rua Manoela Stier Reiss,UBERABA,Unidade Regional Cajuru,Telefone,True,False,5,pronto_para_geocodificar,none,"Candidato a geocodificacao; nao e coordenada, rotulo ou evidencia de treino.","Nao usar como ground truth, escore ou variavel derivada do rotulo.","Rua Manoela Stier Reiss, UBERABA, Curitiba, PR, Brasil",strong,-25.497263,-49.2034052,"Rua Manoela Stier Reiss, Vila Jardim Icaray, Uberaba, Curitiba, Paraná, Região Sul, 81560-615, Brasil",,residential,125624723,
8da26a4b2c1da483,2025,22/01/2025,Drenagem,Alagamentos,Concluído,Rua Manoela Stier Reiss,UBERABA,Unidade Regional Cajuru,Telefone,True,False,5,pronto_para_geocodificar,none,"Candidato a geocodificacao; nao e coordenada, rotulo ou evidencia de treino.","Nao usar como ground truth, escore ou variavel derivada do rotulo.","Rua Manoela Stier Reiss, UBERABA, Curitiba, PR, Brasil",strong,-25.497263,-49.2034052,"Rua Manoela Stier Reiss, Vila Jardim Icaray, Uberaba, Curitiba, Paraná, Região Sul, 81560-615, Brasil",,residential,125624723,
55f8b2172607745b,2025,22/01/2025,Drenagem,Alagamentos,Concluído,RUA MANOELA STIER REISS,UBERABA,Unidade Regional Cajuru,Telefone,True,False,5,pronto_para_geocodificar,none,"Candidato a geocodificacao; nao e coordenada, rotulo ou evidencia de treino.","Nao usar como ground truth, escore ou variavel derivada do rotulo.","RUA MANOELA STIER REISS, UBERABA, Curitiba, PR, Brasil",strong,-25.497263,-49.2034052,"Rua Manoela Stier Reiss, Vila Jardim Icaray, Uberaba, Curitiba, Paraná, Região Sul, 81560-615, Brasil",,residential,125624723,
55f8b2172607745b,2025,22/01/2025,Drenagem,Alagamentos,Concluído,RUA MANOELA STIER REISS,UBERABA,Unidade Regional Cajuru,Telefone,True,False,5,pronto_para_geocodificar,none,"Candidato a geocodificacao; nao e coordenada, rotulo ou evidencia de treino.","Nao usar como ground truth, escore ou variavel derivada do rotulo.","RUA MANOELA STIER REISS, UBERABA, Curitiba, PR, Brasil",strong,-25.497263,-49.2034052,"Rua Manoela Stier Reiss, Vila Jardim Icaray, Uberaba, Curitiba, Paraná, Região Sul, 81560-615, Brasil",,residential,125624723,
8da26a4b2c1da483,2025,22/01/2025,Drenagem,Alagamentos,Concluído,Rua Manoela Stier Reiss,UBERABA,Unidade Regional Cajuru,Telefone,True,False,5,pronto_para_geocodificar,none,"Candidato a geocodificacao; nao e coordenada, rotulo ou evidencia de treino.","Nao usar como ground truth, escore ou variavel derivada do rotulo.","Rua Manoela Stier Reiss, UBERABA, Curitiba, PR, Brasil",strong,-25.497263,-49.2034052,"Rua Manoela Stier Reiss, Vila Jardim Icaray, Uberaba, Curitiba, Paraná, Região Sul, 81560-615, Brasil",,residential,125624723,
e928de5995aa5a78,2025,28/01/2025,Drenagem,Alagamentos,Concluído,Rua Arlindo Natal,UBERABA,Unidade Regional Cajuru,Telefone,True,False,1,pronto_para_geocodificar,none,"Candidato a geocodificacao; nao e coordenada, rotulo ou evidencia de treino.","Nao usar como ground truth, escore ou variavel derivada do rotulo.","Rua Arlindo Natal, UBERABA, Curitiba, PR, Brasil",strong,-25.501548,-49.2146547,"Rua Arlindo Natal, Uberaba, Curitiba, Paraná, Região Sul, 81580-420, Brasil",,secondary,60163934,
a080876b64da981c,2025,28/01/2025,Drenagem,Alagamentos,Concluído,Rua Índia,CAJURU,Unidade Regional Cajuru,Telefone,True,False,1,pronto_para_geocodificar,none,"Candidato a geocodificacao; nao e coordenada, rotulo ou evidencia de treino.","Nao usar como ground truth, escore ou variavel derivada do rotulo.","Rua Índia, CAJURU, Curitiba, PR, Brasil",strong,-25.4662324,-49.2041624,"Rua Índia, Cajuru, Curitiba, Paraná, Região Sul, 82960-000, Brasil",,residential,37184214,
f848e73e19b0ab57,2025,28/01/2025,Drenagem,Alagamentos,Concluído,RUA CELSO CESAR OSTERNACK,CAJURU,Unidade Regional Cajuru,Telefone,True,False,1,pronto_para_geocodificar,none,"Candidato a geocodificacao; nao e coordenada, rotulo ou evidencia de treino.","Nao usar como ground truth, escore ou variavel derivada do rotulo.","RUA CELSO CESAR OSTERNACK, CAJURU, Curitiba, PR, Brasil",strong,-25.4747756,-49.1931009,"Rua Celso César Osternack, Cajuru, Curitiba, Paraná, Região Sul, 82980-130, Brasil",,residential,163153943,
5f008f1a82b69627,2025,28/01/2025,Drenagem,Alagamentos,Concluído,Rua Maceió,CAJURU,Unidade Regional Cajuru,Telefone,True,False,1,pronto_para_geocodificar,none,"Candidato a geocodificacao; nao e coordenada, rotulo ou evidencia de treino.","Nao usar como ground truth, escore ou variavel derivada do rotulo.","Rua Maceió, CAJURU, Curitiba, PR, Brasil",strong,-25.4508651,-49.2115844,"Rua Maceió, Cajuru, Curitiba, Paraná, Região Sul, 82950-420, Brasil",,residential,232901234,
79ed9dc9f7aa7535,2025,28/01/2025,Drenagem,Alagamentos,Concluído,RUA CID JOSÉ DOS SANTOS,UBERABA,Unidade Regional Cajuru,Telefone,True,False,1,pronto_para_geocodificar,none,"Candidato a geocodificacao; nao e coordenada, rotulo ou evidencia de treino.","Nao usar como ground truth, escore ou variavel derivada do rotulo.","RUA CID JOSÉ DOS SANTOS, UBERABA, Curitiba, PR, Brasil",strong,-25.4855763,-49.1950077,"Rua Cid José dos Santos, Uberaba, Curitiba, Paraná, Região Sul, 81590-614, Brasil",,residential,248267398,
ba63279a3a7b3a07,2025,28/01/2025,Drenagem,Alagamentos,Concluído,RUA NITEROI,CAJURU,Unidade Regional Cajuru,Telefone,True,False,1,pronto_para_geocodificar,none,"Candidato a geocodificacao; nao e coordenada, rotulo ou evidencia de treino.","Nao usar como ground truth, escore ou variavel derivada do rotulo.","RUA NITEROI, CAJURU, Curitiba, PR, Brasil",strong,-25.462597,-49.2128887,"Rua Niterói, Cajuru, Curitiba, Paraná, Região Sul, 82940-090, Brasil",,secondary,1363321231,
e2e83535263399b1,2025,28/01/2025,Drenagem,Alagamentos,Concluído,Salvador,CAJURU,Unidade Regional Cajuru,Portal,True,False,1,pronto_para_geocodificar,none,"Candidato a geocodificacao; nao e coordenada, rotulo ou evidencia de treino.","Nao usar como ground truth, escore ou variavel derivada do rotulo.","Salvador, CAJURU, Curitiba, PR, Brasil",strong,-25.4580898,-49.2202594,"Rua Salvador, Cajuru, Curitiba, Paraná, Região Sul, 81540-080, Brasil",,residential,56051070,
e9abc69640dd694e,2025,28/01/2025,Drenagem,Alagamentos,Concluído,Monsenhor Dunand,UBERABA,Unidade Regional Cajuru,Telefone,True,False,1,pronto_para_geocodificar,none,"Candidato a geocodificacao; nao e coordenada, rotulo ou evidencia de treino.","Nao usar como ground truth, escore ou variavel derivada do rotulo.","Monsenhor Dunand, UBERABA, Curitiba, PR, Brasil",strong,-25.4859393,-49.2039909,"Rua Monsenhor Dunand, Uberaba, Curitiba, Paraná, Região Sul, 81590-370, Brasil",,residential,56177691,
e71cdbf9488bece4,2025,28/01/2025,Drenagem,Alagamentos,Concluído,Rua Osmário de Lima,CAPAO DA IMBUIA,Unidade Regional Cajuru,Telefone,True,False,1,pronto_para_geocodificar,none,"Candidato a geocodificacao; nao e coordenada, rotulo ou evidencia de treino.","Nao usar como ground truth, escore ou variavel derivada do rotulo.","Rua Osmário de Lima, CAPAO DA IMBUIA, Curitiba, PR, Brasil",strong,-25.438382,-49.2087847,"Rua Osmário de Lima, Capão da Imbuia, Curitiba, Paraná, Região Sul, 82810-460, Brasil",,tertiary,1318008491,
25ca1912fd91417c,2025,28/01/2025,Drenagem,Alagamentos,Concluído,RUA CAJÁ-MANGA,UBERABA,Unidade Regional Cajuru,Telefone,True,False,1,pronto_para_geocodificar,none,"Candidato a geocodificacao; nao e coordenada, rotulo ou evidencia de treino.","Nao usar como ground truth, escore ou variavel derivada do rotulo.","RUA CAJÁ-MANGA, UBERABA, Curitiba, PR, Brasil",strong,-25.490215,-49.2125598,"Rua Cajá-Manga, Uberaba, Curitiba, Paraná, Região Sul, 81560-420, Brasil",,residential,121038433,
887752a9cd7a2f85,2025,28/01/2025,Drenagem,Alagamentos,Concluído,Rua Etiópia,CAJURU,Unidade Regional Cajuru,Telefone,True,False,1,pronto_para_geocodificar,none,"Candidato a geocodificacao; nao e coordenada, rotulo ou evidencia de treino.","Nao usar como ground truth, escore ou variavel derivada do rotulo.","Rua Etiópia, CAJURU, Curitiba, PR, Brasil",strong,-25.4655337,-49.2012351,"Rua Etiópia, Cajuru, Curitiba, Paraná, Região Sul, 82960-000, Brasil",,residential,164254338,
37a19c1396ed9dce,2025,28/01/2025,Drenagem,Alagamentos,Concluído,RUA PROFESSORA ANTÔNIA REGINATO VIANNA,CAPAO DA IMBUIA,Unidade Regional Cajuru,Telefone,True,False,2,pronto_para_geocodificar,none,"Candidato a geocodificacao; nao e coordenada, rotulo ou evidencia de treino.","Nao usar como ground truth, escore ou variavel derivada do rotulo.","RUA PROFESSORA ANTÔNIA REGINATO VIANNA, CAPAO DA IMBUIA, Curitiba, PR, Brasil",strong,-25.4364887,-49.2075905,"Rua Professora Antônia Reginato Vianna, Capão da Imbuia, Curitiba, Paraná, Região Sul, 82810-460, Brasil",,residential,152131292,
fbf20aa790d83391,2025,28/01/2025,Drenagem,Alagamentos,Concluído,RUA CAPITÃO VARASSIN,CAPAO DA IMBUIA,Unidade Regional Cajuru,Telefone,True,False,1,pronto_para_geocodificar,none,"Candidato a geocodificacao; nao e coordenada, rotulo ou evidencia de treino.","Nao usar como ground truth, escore ou variavel derivada do rotulo.","RUA CAPITÃO VARASSIN, CAPAO DA IMBUIA, Curitiba, PR, Brasil",strong,-25.4368942,-49.2050055,"Rua Capitão Varassin, Capão da Imbuia, Curitiba, Paraná, Região Sul, 82810-460, Brasil",,residential,105586585,
982ba6ad5540ee95,2025,28/01/2025,Drenagem,Alagamentos,Concluído,RUA CASIMIRO TOSI,CAPAO DA IMBUIA,Unidade Regional Cajuru,Telefone,True,False,1,pronto_para_geocodificar,none,"Candidato a geocodificacao; nao e coordenada, rotulo ou evidencia de treino.","Nao usar como ground truth, escore ou variavel derivada do rotulo.","RUA CASIMIRO TOSI, CAPAO DA IMBUIA, Curitiba, PR, Brasil",strong,-25.4359377,-49.2054842,"Rua Casimiro Tosi, Capão da Imbuia, Curitiba, Paraná, Região Sul, 82810-460, Brasil",,residential,105586584,
a1cef93907ea7305,2025,28/01/2025,Drenagem,Alagamentos,Concluído,Rua Laurentino Rosa Dos Santos,CAJURU,Unidade Regional Cajuru,Telefone,True,False,1,pronto_para_geocodificar,none,"Candidato a geocodificacao; nao e coordenada, rotulo ou evidencia de treino.","Nao usar como ground truth, escore ou variavel derivada do rotulo.","Rua Laurentino Rosa Dos Santos, CAJURU, Curitiba, PR, Brasil",strong,-25.4600682,-49.195316,"Rua Laurentino Rosa dos Santos, Vila São Domingos Agrícola, Cajuru, Curitiba, Paraná, Região Sul, 82930-548, Brasil",,residential,164655128,
608d0fab7c12d4e5,2025,28/01/2025,Drenagem,Alagamentos,Concluído,Rua Professora Antônia Reginato Vianna,CAPAO DA IMBUIA,Unidade Regional Cajuru,Telefone,True,False,2,pronto_para_geocodificar,none,"Candidato a geocodificacao; nao e coordenada, rotulo ou evidencia de treino.","Nao usar como ground truth, escore ou variavel derivada do rotulo.","Rua Professora Antônia Reginato Vianna, CAPAO DA IMBUIA, Curitiba, PR, Brasil",strong,-25.4364887,-49.2075905,"Rua Professora Antônia Reginato Vianna, Capão da Imbuia, Curitiba, Paraná, Região Sul, 82810-460, Brasil",,residential,152131292,
f4c08b71f15f7218,2025,28/01/2025,Drenagem,Alagamentos,Concluído,Rua Doutor João Luiz Bettega,CAJURU,Unidade Regional Cajuru,Telefone,True,False,2,pronto_para_geocodificar,none,"Candidato a geocodificacao; nao e coordenada, rotulo ou evidencia de treino.","Nao usar como ground truth, escore ou variavel derivada do rotulo.","Rua Doutor João Luiz Bettega, CAJURU, Curitiba, PR, Brasil",strong,-25.4612817,-49.1977099,"Rua Doutor João Luiz Bettega, Vila São Domingos Agrícola, Cajuru, Curitiba, Paraná, Região Sul, 82930-548, Brasil",,residential,917373244,
f7e8943802428171,2025,28/01/2025,Drenagem,Alagamentos,Concluído,RUA MANOELA STIER REISS - UMS ALVORADA PSF,UBERABA,Unidade Regional Cajuru,Telefone,True,False,1,pronto_para_geocodificar,none,"Candidato a geocodificacao; nao e coordenada, rotulo ou evidencia de treino.","Nao usar como ground truth, escore ou variavel derivada do rotulo.","RUA MANOELA STIER REISS - UMS ALVORADA PSF, UBERABA, Curitiba, PR, Brasil",medium,-25.4849252,-49.2153133,"Uberaba, Curitiba, Paraná, Região Sul, Brasil",,administrative,4146395,fallback_bairro_apos_rua_sem_resultado_em_bbox
7f09197eddb15aa2,2025,28/01/2025,Drenagem,Alagamentos,Concluído,RUA DOUTOR JOÃO LUIZ BETTEGA,CAJURU,Unidade Regional Cajuru,Telefone,True,False,2,pronto_para_geocodificar,none,"Candidato a geocodificacao; nao e coordenada, rotulo ou evidencia de treino.","Nao usar como ground truth, escore ou variavel derivada do rotulo.","RUA DOUTOR JOÃO LUIZ BETTEGA, CAJURU, Curitiba, PR, Brasil",strong,-25.4612817,-49.1977099,"Rua Doutor João Luiz Bettega, Vila São Domingos Agrícola, Cajuru, Curitiba, Paraná, Região Sul, 82930-548, Brasil",,residential,917373244,
cdaf7abe07c12d82,2025,28/01/2025,Drenagem,Alagamentos,Concluído,Rua Professora Leoni Idazima Fila do Nascimento,CAJURU,Unidade Regional Cajuru,Telefone,True,False,1,pronto_para_geocodificar,none,"Candidato a geocodificacao; nao e coordenada, rotulo ou evidencia de treino.","Nao usar como ground truth, escore ou variavel derivada do rotulo.","Rua Professora Leoni Idazima Fila do Nascimento, CAJURU, Curitiba, PR, Brasil",strong,-25.4694418,-49.1896284,"Rua Professora Leoni Idazima Fila do Nascimento, Vila Acrópole Agrícola, Cajuru, Curitiba, Paraná, Região Sul, 82980-100, Brasil",,residential,426104190,
4672aa70992205b5,2025,28/01/2025,Drenagem,Alagamentos,Concluído,Edgard de Alencar Guimarães,CAJURU,Unidade Regional Cajuru,Portal,True,False,1,pronto_para_geocodificar,none,"Candidato a geocodificacao; nao e coordenada, rotulo ou evidencia de treino.","Nao usar como ground truth, escore ou variavel derivada do rotulo.","Edgard de Alencar Guimarães, CAJURU, Curitiba, PR, Brasil",strong,-25.4712434,-49.2086908,"Rua Edgard de Alencar Guimarães, Cajuru, Curitiba, Paraná, Região Sul, 82960-180, Brasil",,residential,1510179301,
dcdaf514907517f5,2025,31/01/2025,Drenagem,Alagamentos,Concluído,RUA SANTO ANÍBAL MARIA DIFRANCIA,UBERABA,Unidade Regional Cajuru,Telefone,True,False,1,pronto_para_geocodificar,none,"Candidato a geocodificacao; nao e coordenada, rotulo ou evidencia de treino.","Nao usar como ground truth, escore ou variavel derivada do rotulo.","RUA SANTO ANÍBAL MARIA DIFRANCIA, UBERABA, Curitiba, PR, Brasil",medium,-25.4849252,-49.2153133,"Uberaba, Curitiba, Paraná, Região Sul, Brasil",,administrative,4146395,fallback_bairro_apos_rua_sem_resultado_em_bbox
720b107f33e57f8b,2025,31/01/2025,Drenagem,Alagamentos,Concluído,Rua Tranquilo Saragiotto,CAJURU,Unidade Regional Cajuru,Telefone,True,False,1,pronto_para_geocodificar,none,"Candidato a geocodificacao; nao e coordenada, rotulo ou evidencia de treino.","Nao usar como ground truth, escore ou variavel derivada do rotulo.","Rua Tranquilo Saragiotto, CAJURU, Curitiba, PR, Brasil",strong,-25.4565218,-49.2032275,"Rua Tranquilo Saragiotto, Vila Florianópolis, Cajuru, Curitiba, Paraná, Região Sul, 82930-230, Brasil",,residential,164123906,
9f2a8db2b360149e,2025,31/01/2025,Drenagem,Alagamentos,Concluído,Rua Ladislau Smak,UBERABA,Unidade Regional Cajuru,Telefone,True,False,1,pronto_para_geocodificar,none,"Candidato a geocodificacao; nao e coordenada, rotulo ou evidencia de treino.","Nao usar como ground truth, escore ou variavel derivada do rotulo.","Rua Ladislau Smak, UBERABA, Curitiba, PR, Brasil",strong,-25.4939749,-49.2211479,"Rua Ladislau Smak, Uberaba, Curitiba, Paraná, Região Sul, 81580-130, Brasil",,residential,125391985,
d19fcaad6258ecbe,2025,31/01/2025,Drenagem,Alagamentos,Concluído,RUA NATAL,CAJURU,Unidade Regional Cajuru,Telefone,True,False,2,pronto_para_geocodificar,none,"Candidato a geocodificacao; nao e coordenada, rotulo ou evidencia de treino.","Nao usar como ground truth, escore ou variavel derivada do rotulo.","RUA NATAL, CAJURU, Curitiba, PR, Brasil",strong,-25.4583758,-49.2075862,"Rua Natal, Cajuru, Curitiba, Paraná, Região Sul, 82930-230, Brasil",,tertiary,232901223,
9aa2844e832a574c,2025,31/01/2025,Drenagem,Alagamentos,Concluído,RUA SALVADOR,CAJURU,Unidade Regional Cajuru,Chat,True,False,1,pronto_para_geocodificar,none,"Candidato a geocodificacao; nao e coordenada, rotulo ou evidencia de treino.","Nao usar como ground truth, escore ou variavel derivada do rotulo.","RUA SALVADOR, CAJURU, Curitiba, PR, Brasil",strong,-25.4580898,-49.2202594,"Rua Salvador, Cajuru, Curitiba, Paraná, Região Sul, 81540-080, Brasil",,residential,56051070,
773b10e82973d85e,2025,31/01/2025,Drenagem,Alagamentos,Concluído,Rua Natal,CAJURU,Unidade Regional Cajuru,Chat,True,False,2,pronto_para_geocodificar,none,"Candidato a geocodificacao; nao e coordenada, rotulo ou evidencia de treino.","Nao usar como ground truth, escore ou variavel derivada do rotulo.","Rua Natal, CAJURU, Curitiba, PR, Brasil",strong,-25.4583758,-49.2075862,"Rua Natal, Cajuru, Curitiba, Paraná, Região Sul, 82930-230, Brasil",,tertiary,232901223,
579819a935c70aba,2025,01/02/2025,Drenagem,Alagamentos,Concluído,Manoel Máximo dos Santos,CAJURU,Unidade Regional Cajuru,Portal,True,False,1,pronto_para_geocodificar,none,"Candidato a geocodificacao; nao e coordenada, rotulo ou evidencia de treino.","Nao usar como ground truth, escore ou variavel derivada do rotulo.","Manoel Máximo dos Santos, CAJURU, Curitiba, PR, Brasil",strong,-25.4698647,-49.2088707,"Rua Manoel Máximo dos Santos, Cajuru, Curitiba, Paraná, Região Sul, 82960-180, Brasil",,residential,164255528,
38069c98f8109622,2025,01/02/2025,Drenagem,Alagamentos,Concluído,Rua Avelino Mantovani,UBERABA,Unidade Regional Cajuru,Telefone,True,False,1,pronto_para_geocodificar,none,"Candidato a geocodificacao; nao e coordenada, rotulo ou evidencia de treino.","Nao usar como ground truth, escore ou variavel derivada do rotulo.","Rua Avelino Mantovani, UBERABA, Curitiba, PR, Brasil",strong,-25.4857258,-49.202058,"Rua Avelino Mantovani, Uberaba, Curitiba, Paraná, Região Sul, 81590-370, Brasil",,residential,1262797956,
a8534f4b868adc7a,2025,03/02/2025,Drenagem,Alagamentos,Concluído,Nagib da Silva,CAJURU,Unidade Regional Cajuru,Portal,True,False,1,pronto_para_geocodificar,none,"Candidato a geocodificacao; nao e coordenada, rotulo ou evidencia de treino.","Nao usar como ground truth, escore ou variavel derivada do rotulo.","Nagib da Silva, CAJURU, Curitiba, PR, Brasil",strong,-25.4646101,-49.2073146,"Rua Nagib da Silva, Cajuru, Curitiba, Paraná, Região Sul, 82960-000, Brasil",,residential,33019130,
067d8c96439ec860,2025,03/02/2025,Drenagem,Alagamentos,Concluído,RUA ALETE DACHEAUX STORI,JARDIM DAS AMERICAS,Unidade Regional Cajuru,Telefone,True,False,1,pronto_para_geocodificar,none,"Candidato a geocodificacao; nao e coordenada, rotulo ou evidencia de treino.","Nao usar como ground truth, escore ou variavel derivada do rotulo.","RUA ALETE DACHEAUX STORI, JARDIM DAS AMERICAS, Curitiba, PR, Brasil",strong,-25.4648005,-49.2201031,"Rua Alete Dacheaux Stori, Jardim das Américas, Curitiba, Paraná, Região Sul, 81540-120, Brasil",,residential,162510621,
a7747794b3ee2774,2025,03/02/2025,Drenagem,Alagamentos,Concluído,RUA ARAGUAIA,CAPAO DA IMBUIA,Unidade Regional Cajuru,Telefone,True,False,1,pronto_para_geocodificar,none,"Candidato a geocodificacao; nao e coordenada, rotulo ou evidencia de treino.","Nao usar como ground truth, escore ou variavel derivada do rotulo.","RUA ARAGUAIA, CAPAO DA IMBUIA, Curitiba, PR, Brasil",strong,-25.439588,-49.2084436,"Rua Araguaia, Capão da Imbuia, Curitiba, Paraná, Região Sul, 82810-460, Brasil",,residential,37184301,
04e547690a45a8a9,2025,03/02/2025,Drenagem,Alagamentos,Concluído,RUA CAJA-MANGA,UBERABA,Unidade Regional Cajuru,Telefone,True,False,1,pronto_para_geocodificar,none,"Candidato a geocodificacao; nao e coordenada, rotulo ou evidencia de treino.","Nao usar como ground truth, escore ou variavel derivada do rotulo.","RUA CAJA-MANGA, UBERABA, Curitiba, PR, Brasil",strong,-25.490215,-49.2125598,"Rua Cajá-Manga, Uberaba, Curitiba, Paraná, Região Sul, 81560-420, Brasil",,residential,121038433,
4359cba776668ed6,2025,05/02/2025,Drenagem,Alagamentos,Concluído,Aviador Armin Buhrer,UBERABA,Unidade Regional Cajuru,Portal,True,False,1,pronto_para_geocodificar,none,"Candidato a geocodificacao; nao e coordenada, rotulo ou evidencia de treino.","Nao usar como ground truth, escore ou variavel derivada do rotulo.","Aviador Armin Buhrer, UBERABA, Curitiba, PR, Brasil",strong,-25.4934043,-49.2106096,"Rua Aviador Armin Buhrer, Uberaba, Curitiba, Paraná, Região Sul, 81560-560, Brasil",,residential,293855037,
fc252157aa128d14,2025,12/02/2025,Drenagem,Alagamentos,Concluído,RUA JÚLIO WISCHRAL,UBERABA,Unidade Regional Cajuru,Telefone,True,False,1,pronto_para_geocodificar,none,"Candidato a geocodificacao; nao e coordenada, rotulo ou evidencia de treino.","Nao usar como ground truth, escore ou variavel derivada do rotulo.","RUA JÚLIO WISCHRAL, UBERABA, Curitiba, PR, Brasil",strong,-25.4741294,-49.2234054,"Rua Júlio Wischral, Uberaba, Curitiba, Paraná, Região Sul, 81540-590, Brasil",,residential,125389841,
d43f69e951adee9e,2025,13/02/2025,Drenagem,Alagamentos,Concluído,RUA PADRE ARNALDO JANSSEN,CAJURU,Unidade Regional Cajuru,Telefone,True,False,2,pronto_para_geocodificar,none,"Candidato a geocodificacao; nao e coordenada, rotulo ou evidencia de treino.","Nao usar como ground truth, escore ou variavel derivada do rotulo.","RUA PADRE ARNALDO JANSSEN, CAJURU, Curitiba, PR, Brasil",strong,-25.4725842,-49.194381,"Rua Padre Arnaldo Janssen, Cajuru, Curitiba, Paraná, Região Sul, 82980-130, Brasil",,residential,163153938,
0c566ad67f56b855,2025,13/02/2025,Drenagem,Alagamentos,Concluído,RUA PAULO DE FRONTIN,CAJURU,Unidade Regional Cajuru,Telefone,True,False,1,pronto_para_geocodificar,none,"Candidato a geocodificacao; nao e coordenada, rotulo ou evidencia de treino.","Nao usar como ground truth, escore ou variavel derivada do rotulo.","RUA PAULO DE FRONTIN, CAJURU, Curitiba, PR, Brasil",strong,-25.4596168,-49.2146446,"Rua Paulo de Frontin, Vila Menino Jesus, Cajuru, Curitiba, Paraná, Região Sul, 82940-280, Brasil",,residential,155600617,
365a5e8374671d1b,2025,13/02/2025,Drenagem,Alagamentos,Concluído,Rua José Demeterco,CAJURU,Unidade Regional Cajuru,Telefone,True,False,1,pronto_para_geocodificar,none,"Candidato a geocodificacao; nao e coordenada, rotulo ou evidencia de treino.","Nao usar como ground truth, escore ou variavel derivada do rotulo.","Rua José Demeterco, CAJURU, Curitiba, PR, Brasil",strong,-25.4468665,-49.2258708,"Rua Professor José Demeterco, Vila Cajuru II, Cajuru, Curitiba, Paraná, Região Sul, 82900-320, Brasil",,residential,155598468,
6bf0b7da7430115e,2025,13/02/2025,Drenagem,Alagamentos,Concluído,Rua Carlota Pereira de Queiroz,CAJURU,Unidade Regional Cajuru,Telefone,True,False,1,pronto_para_geocodificar,none,"Candidato a geocodificacao; nao e coordenada, rotulo ou evidencia de treino.","Nao usar como ground truth, escore ou variavel derivada do rotulo.","Rua Carlota Pereira de Queiroz, CAJURU, Curitiba, PR, Brasil",strong,-25.4512362,-49.2025768,"Rua Carlota Pereira de Queiroz, Cajuru, Curitiba, Paraná, Região Sul, 82930-240, Brasil",,residential,93827726,
551c5cbe88435bd8,2025,13/02/2025,Drenagem,Alagamentos,Concluído,RUA CUIABÁ,CAJURU,Unidade Regional Cajuru,Telefone,True,False,1,pronto_para_geocodificar,none,"Candidato a geocodificacao; nao e coordenada, rotulo ou evidencia de treino.","Nao usar como ground truth, escore ou variavel derivada do rotulo.","RUA CUIABÁ, CAJURU, Curitiba, PR, Brasil",strong,-25.4538399,-49.2073063,"Rua Cuiabá, Cajuru, Curitiba, Paraná, Região Sul, 82930-000, Brasil",,residential,56051072,
7fd06417312dbd4e,2025,13/02/2025,Drenagem,Alagamentos,Concluído,Rua Etiópia,CAJURU,Unidade Regional Cajuru,Telefone,True,False,1,pronto_para_geocodificar,none,"Candidato a geocodificacao; nao e coordenada, rotulo ou evidencia de treino.","Nao usar como ground truth, escore ou variavel derivada do rotulo.","Rua Etiópia, CAJURU, Curitiba, PR, Brasil",strong,-25.4655337,-49.2012351,"Rua Etiópia, Cajuru, Curitiba, Paraná, Região Sul, 82960-000, Brasil",,residential,164254338,
e178b46c2f767873,2025,13/02/2025,Drenagem,Alagamentos,Concluído,RUA ARAGUAIA,CAPAO DA IMBUIA,Unidade Regional Cajuru,Telefone,True,False,1,pronto_para_geocodificar,none,"Candidato a geocodificacao; nao e coordenada, rotulo ou evidencia de treino.","Nao usar como ground truth, escore ou variavel derivada do rotulo.","RUA ARAGUAIA, CAPAO DA IMBUIA, Curitiba, PR, Brasil",strong,-25.439588,-49.2084436,"Rua Araguaia, Capão da Imbuia, Curitiba, Paraná, Região Sul, 82810-460, Brasil",,residential,37184301,
c3bdd698427069c3,2025,13/02/2025,Drenagem,Alagamentos,Concluído,Rua Germânia,CAJURU,Unidade Regional Cajuru,Telefone,True,False,1,pronto_para_geocodificar,none,"Candidato a geocodificacao; nao e coordenada, rotulo ou evidencia de treino.","Nao usar como ground truth, escore ou variavel derivada do rotulo.","Rua Germânia, CAJURU, Curitiba, PR, Brasil",strong,-25.4442366,-49.217623,"Rua Germânia, Cajuru, Curitiba, Paraná, Região Sul, 82900-010, Brasil",,residential,162470574,
acff9406c5ade790,2025,13/02/2025,Drenagem,Alagamentos,Concluído,RUA NATAL,CAJURU,Unidade Regional Cajuru,Telefone,True,False,1,pronto_para_geocodificar,none,"Candidato a geocodificacao; nao e coordenada, rotulo ou evidencia de treino.","Nao usar como ground truth, escore ou variavel derivada do rotulo.","RUA NATAL, CAJURU, Curitiba, PR, Brasil",strong,-25.4583758,-49.2075862,"Rua Natal, Cajuru, Curitiba, Paraná, Região Sul, 82930-230, Brasil",,tertiary,232901223,
39e5cf85d1257cf5,2025,13/02/2025,Drenagem,Alagamentos,Concluído,Rua Aviador Armin Buhrer,UBERABA,Unidade Regional Cajuru,Telefone,True,False,2,pronto_para_geocodificar,none,"Candidato a geocodificacao; nao e coordenada, rotulo ou evidencia de treino.","Nao usar como ground truth, escore ou variavel derivada do rotulo.","Rua Aviador Armin Buhrer, UBERABA, Curitiba, PR, Brasil",strong,-25.4934043,-49.2106096,"Rua Aviador Armin Buhrer, Uberaba, Curitiba, Paraná, Região Sul, 81560-560, Brasil",,residential,293855037,
b267f0ffd3c8f641,2025,13/02/2025,Drenagem,Alagamentos,Concluído,Rua Pastor Nilson do Amaral Fanin,CAJURU,Unidade Regional Cajuru,Telefone,True,False,1,pronto_para_geocodificar,none,"Candidato a geocodificacao; nao e coordenada, rotulo ou evidencia de treino.","Nao usar como ground truth, escore ou variavel derivada do rotulo.","Rua Pastor Nilson do Amaral Fanin, CAJURU, Curitiba, PR, Brasil",medium,-25.4533496,-49.2130027,"Cajuru, Curitiba, Paraná, Região Sul, Brasil",,administrative,3882263,fallback_bairro_apos_rua_sem_resultado_em_bbox
a0f382e307542d9a,2025,13/02/2025,Drenagem,Alagamentos,Concluído,Rua Gabirobas,UBERABA,Unidade Regional Cajuru,Telefone,True,False,1,pronto_para_geocodificar,none,"Candidato a geocodificacao; nao e coordenada, rotulo ou evidencia de treino.","Nao usar como ground truth, escore ou variavel derivada do rotulo.","Rua Gabirobas, UBERABA, Curitiba, PR, Brasil",strong,-25.4814609,-49.2197016,"Rua Gabirobas, Uberaba, Curitiba, Paraná, Região Sul, 81550-000, Brasil",,residential,165065960,
7831ab425ffb019b,2025,14/02/2025,Drenagem,Alagamentos,Concluído,Rua Doutor Ozéas Saraiva de Araújo,UBERABA,Unidade Regional Cajuru,Telefone,True,False,1,pronto_para_geocodificar,none,"Candidato a geocodificacao; nao e coordenada, rotulo ou evidencia de treino.","Nao usar como ground truth, escore ou variavel derivada do rotulo.","Rua Doutor Ozéas Saraiva de Araújo, UBERABA, Curitiba, PR, Brasil",strong,-25.4892317,-49.2057575,"Rua Doutor Ozéas Saraiva de Araújo, Uberaba, Curitiba, Paraná, Região Sul, 81590-500, Brasil",,residential,125624724,
255913e791b93964,2025,15/02/2025,Drenagem,Alagamentos,Concluído,Fortaleza,CAJURU,Unidade Regional Cajuru,Portal,True,False,1,pronto_para_geocodificar,none,"Candidato a geocodificacao; nao e coordenada, rotulo ou evidencia de treino.","Nao usar como ground truth, escore ou variavel derivada do rotulo.","Fortaleza, CAJURU, Curitiba, PR, Brasil",strong,-25.4496912,-49.2082753,"Rua Fortaleza, Cajuru, Curitiba, Paraná, Região Sul, 82930-000, Brasil",,residential,164115570,
edbec9edaaf6e937,2025,17/02/2025,Drenagem,Alagamentos,Concluído,AVENIDA COMENDADOR FRANCO,UBERABA,Unidade Regional Cajuru,Portal,True,False,1,pronto_para_geocodificar,none,"Candidato a geocodificacao; nao e coordenada, rotulo ou evidencia de treino.","Nao usar como ground truth, escore ou variavel derivada do rotulo.","AVENIDA COMENDADOR FRANCO, UBERABA, Curitiba, PR, Brasil",strong,-25.4829498,-49.2211047,"Avenida Comendador Franco, Uberaba, Curitiba, Paraná, Região Sul, 81560-000, Brasil",,tertiary,395801519,
9a65ed6ff34a9e0a,2025,18/02/2025,Drenagem,Alagamentos,Concluído,RUA CUIABÁ,CAJURU,Unidade Regional Cajuru,Telefone,True,False,2,pronto_para_geocodificar,none,"Candidato a geocodificacao; nao e coordenada, rotulo ou evidencia de treino.","Nao usar como ground truth, escore ou variavel derivada do rotulo.","RUA CUIABÁ, CAJURU, Curitiba, PR, Brasil",strong,-25.4538399,-49.2073063,"Rua Cuiabá, Cajuru, Curitiba, Paraná, Região Sul, 82930-000, Brasil",,residential,56051072,
cc1a46ebaf3b4ad5,2025,18/02/2025,Drenagem,Alagamentos,Concluído,Rua Nicácio Riquelme,CAPAO DA IMBUIA,Unidade Regional Cajuru,Telefone,True,False,1,pronto_para_geocodificar,none,"Candidato a geocodificacao; nao e coordenada, rotulo ou evidencia de treino.","Nao usar como ground truth, escore ou variavel derivada do rotulo.","Rua Nicácio Riquelme, CAPAO DA IMBUIA, Curitiba, PR, Brasil",strong,-25.4329715,-49.2098038,"Rua Nicácio Riquelme, Capão da Imbuia, Curitiba, Paraná, Região Sul, 82810-350, Brasil",,residential,162141056,
16ddf19332019b34,2025,18/02/2025,Drenagem,Alagamentos,Concluído,Doutor Hamilton Dybowicz,UBERABA,Unidade Regional Cajuru,Portal,True,False,1,pronto_para_geocodificar,none,"Candidato a geocodificacao; nao e coordenada, rotulo ou evidencia de treino.","Nao usar como ground truth, escore ou variavel derivada do rotulo.","Doutor Hamilton Dybowicz, UBERABA, Curitiba, PR, Brasil",strong,-25.4769071,-49.237223,"Rua Doutor Hamilton Dybowicz, Uberaba, Curitiba, Paraná, Região Sul, 81510-640, Brasil",,residential,125389822,
1d773f974712c7a2,2025,18/02/2025,Drenagem,Alagamentos,Concluído,Rua Arlindo Natal,UBERABA,Unidade Regional Cajuru,Chat,True,False,2,pronto_para_geocodificar,none,"Candidato a geocodificacao; nao e coordenada, rotulo ou evidencia de treino.","Nao usar como ground truth, escore ou variavel derivada do rotulo.","Rua Arlindo Natal, UBERABA, Curitiba, PR, Brasil",strong,-25.501548,-49.2146547,"Rua Arlindo Natal, Uberaba, Curitiba, Paraná, Região Sul, 81580-420, Brasil",,secondary,60163934,
b1e16c3feb94859b,2025,18/02/2025,Drenagem,Alagamentos,Concluído,Rua Francisco José Martin,UBERABA,Unidade Regional Cajuru,Telefone,True,False,1,pronto_para_geocodificar,none,"Candidato a geocodificacao; nao e coordenada, rotulo ou evidencia de treino.","Nao usar como ground truth, escore ou variavel derivada do rotulo.","Rua Francisco José Martin, UBERABA, Curitiba, PR, Brasil",strong,-25.4920827,-49.2261176,"Rua Francisco José Martin, Uberaba, Curitiba, Paraná, Região Sul, 81580-130, Brasil",,residential,161189760,
813d5a70ee625662,2025,18/02/2025,Drenagem,Alagamentos,Concluído,General Polli Coelho,TARUMA,Unidade Regional Cajuru,Portal,True,False,1,pronto_para_geocodificar,none,"Candidato a geocodificacao; nao e coordenada, rotulo ou evidencia de treino.","Nao usar como ground truth, escore ou variavel derivada do rotulo.","General Polli Coelho, TARUMA, Curitiba, PR, Brasil",strong,-25.430765,-49.2276,"Rua General Polli Coelho, Tarumã, Curitiba, Paraná, Região Sul, 82800-030, Brasil",,tertiary,24877329,
f2e441bfdaf1a2fb,2025,18/02/2025,Drenagem,Alagamentos,Concluído,Armando Della Bianca,CAJURU,Unidade Regional Cajuru,Portal,True,False,1,pronto_para_geocodificar,none,"Candidato a geocodificacao; nao e coordenada, rotulo ou evidencia de treino.","Nao usar como ground truth, escore ou variavel derivada do rotulo.","Armando Della Bianca, CAJURU, Curitiba, PR, Brasil",strong,-25.4627351,-49.2053186,"Rua Armando della Bianca, Cajuru, Curitiba, Paraná, Região Sul, 82960-000, Brasil",,residential,1178702205,
18d9e39572117ca0,2025,18/02/2025,Drenagem,Alagamentos,Concluído,Rua José Hauer,UBERABA,Unidade Regional Cajuru,Telefone,True,False,1,pronto_para_geocodificar,none,"Candidato a geocodificacao; nao e coordenada, rotulo ou evidencia de treino.","Nao usar como ground truth, escore ou variavel derivada do rotulo.","Rua José Hauer, UBERABA, Curitiba, PR, Brasil",strong,-25.4997167,-49.2195682,"Rua José Hauer, Uberaba, Curitiba, Paraná, Região Sul, 81580-250, Brasil",,secondary,70629093,
5659089230f64053,2025,18/02/2025,Drenagem,Alagamentos,Concluído,Rua Doutor Urbano Toniolo,CAJURU,Unidade Regional Cajuru,Telefone,True,False,2,pronto_para_geocodificar,none,"Candidato a geocodificacao; nao e coordenada, rotulo ou evidencia de treino.","Nao usar como ground truth, escore ou variavel derivada do rotulo.","Rua Doutor Urbano Toniolo, CAJURU, Curitiba, PR, Brasil",strong,-25.4464725,-49.205096,"Rua Doutor Urbano Toniolo, Cajuru, Curitiba, Paraná, Região Sul, 82810-000, Brasil",,residential,163218374,
1d773f974712c7a2,2025,18/02/2025,Drenagem,Alagamentos,Concluído,Rua Arlindo Natal,UBERABA,Unidade Regional Cajuru,Telefone,True,False,2,pronto_para_geocodificar,none,"Candidato a geocodificacao; nao e coordenada, rotulo ou evidencia de treino.","Nao usar como ground truth, escore ou variavel derivada do rotulo.","Rua Arlindo Natal, UBERABA, Curitiba, PR, Brasil",strong,-25.501548,-49.2146547,"Rua Arlindo Natal, Uberaba, Curitiba, Paraná, Região Sul, 81580-420, Brasil",,secondary,60163934,
b9d77c13a639af24,2025,18/02/2025,Drenagem,Alagamentos,Concluído,Rua Pedro Saturnino,UBERABA,Unidade Regional Cajuru,Telefone,True,False,1,pronto_para_geocodificar,none,"Candidato a geocodificacao; nao e coordenada, rotulo ou evidencia de treino.","Nao usar como ground truth, escore ou variavel derivada do rotulo.","Rua Pedro Saturnino, UBERABA, Curitiba, PR, Brasil",strong,-25.4989557,-49.2201067,"Rua Pedro Saturnino, Uberaba, Curitiba, Paraná, Região Sul, 81580-250, Brasil",,residential,125391973,
9a65ed6ff34a9e0a,2025,18/02/2025,Drenagem,Alagamentos,Concluído,RUA CUIABÁ,CAJURU,Unidade Regional Cajuru,Telefone,True,False,2,pronto_para_geocodificar,none,"Candidato a geocodificacao; nao e coordenada, rotulo ou evidencia de treino.","Nao usar como ground truth, escore ou variavel derivada do rotulo.","RUA CUIABÁ, CAJURU, Curitiba, PR, Brasil",strong,-25.4538399,-49.2073063,"Rua Cuiabá, Cajuru, Curitiba, Paraná, Região Sul, 82930-000, Brasil",,residential,56051072,
14efc639a6f55ecd,2025,18/02/2025,Drenagem,Alagamentos,Concluído,Rua Etiópia,CAJURU,Unidade Regional Cajuru,Telefone,True,False,1,pronto_para_geocodificar,none,"Candidato a geocodificacao; nao e coordenada, rotulo ou evidencia de treino.","Nao usar como ground truth, escore ou variavel derivada do rotulo.","Rua Etiópia, CAJURU, Curitiba, PR, Brasil",strong,-25.4655337,-49.2012351,"Rua Etiópia, Cajuru, Curitiba, Paraná, Região Sul, 82960-000, Brasil",,residential,164254338,
8ada814ddb9b7bb5,2025,19/02/2025,Drenagem,Alagamentos,Concluído,Reverendo Raul Rodrigues de Castro,CAJURU,Unidade Regional Cajuru,Portal,True,False,1,pronto_para_geocodificar,none,"Candidato a geocodificacao; nao e coordenada, rotulo ou evidencia de treino.","Nao usar como ground truth, escore ou variavel derivada do rotulo.","Reverendo Raul Rodrigues de Castro, CAJURU, Curitiba, PR, Brasil",medium,-25.4533496,-49.2130027,"Cajuru, Curitiba, Paraná, Região Sul, Brasil",,administrative,3882263,fallback_bairro_apos_rua_sem_resultado_em_bbox
fa3f3f1efac0af34,2025,19/02/2025,Drenagem,Alagamentos,Concluído,RUA ANTONIO MOREIRA LOPES,CAJURU,Unidade Regional Cajuru,Telefone,True,False,1,pronto_para_geocodificar,none,"Candidato a geocodificacao; nao e coordenada, rotulo ou evidencia de treino.","Nao usar como ground truth, escore ou variavel derivada do rotulo.","RUA ANTONIO MOREIRA LOPES, CAJURU, Curitiba, PR, Brasil",strong,-25.4767366,-49.1923361,"Rua Antônio Moreira Lopes, Cajuru, Curitiba, Paraná, Região Sul, 82980-130, Brasil",,residential,1070406606,
43cae9de8d23d41b,2025,27/02/2025,Drenagem,Alagamentos,Concluído,RUA SANTO ANÍBAL MARIA DI FRANCIA,UBERABA,Unidade Regional Cajuru,Telefone,True,False,1,pronto_para_geocodificar,none,"Candidato a geocodificacao; nao e coordenada, rotulo ou evidencia de treino.","Nao usar como ground truth, escore ou variavel derivada do rotulo.","RUA SANTO ANÍBAL MARIA DI FRANCIA, UBERABA, Curitiba, PR, Brasil",strong,-25.497987,-49.212359,"Rua Santo Aníbal Maria Di Francia, Uberaba, Curitiba, Paraná, Região Sul, 81560-615, Brasil",,residential,125391986,
83161fae6e44a278,2025,27/02/2025,Drenagem,Alagamentos,Concluído,Rua Marechal Cardoso Júnior,JARDIM DAS AMERICAS,Unidade Regional Cajuru,Telefone,True,False,1,pronto_para_geocodificar,none,"Candidato a geocodificacao; nao e coordenada, rotulo ou evidencia de treino.","Nao usar como ground truth, escore ou variavel derivada do rotulo.","Rua Marechal Cardoso Júnior, JARDIM DAS AMERICAS, Curitiba, PR, Brasil",strong,-25.4676644,-49.2295772,"Rua Marechal Cardoso Júnior, Jardim das Américas, Curitiba, Paraná, Região Sul, 81530-380, Brasil",,residential,125389809,
54c035899ccb4d07,2025,06/03/2025,Drenagem,Alagamentos,Concluído,RUA ADÃO LAURO VARGAS,UBERABA,Unidade Regional Cajuru,Telefone,True,False,1,pronto_para_geocodificar,none,"Candidato a geocodificacao; nao e coordenada, rotulo ou evidencia de treino.","Nao usar como ground truth, escore ou variavel derivada do rotulo.","RUA ADÃO LAURO VARGAS, UBERABA, Curitiba, PR, Brasil",strong,-25.4947991,-49.2091403,"Rua Adão Lauro Vargas, Uberaba, Curitiba, Paraná, Região Sul, 81560-560, Brasil",,residential,125400586,
e32bb350091c268d,2025,09/03/2025,Drenagem,Alagamentos,Concluído,RUA TENENTE CORONEL BENJAMIN LAGE,UBERABA,Unidade Regional Cajuru,Telefone,True,False,1,pronto_para_geocodificar,none,"Candidato a geocodificacao; nao e coordenada, rotulo ou evidencia de treino.","Nao usar como ground truth, escore ou variavel derivada do rotulo.","RUA TENENTE CORONEL BENJAMIN LAGE, UBERABA, Curitiba, PR, Brasil",strong,-25.4994302,-49.2166864,"Rua Tenente Coronel Benjamin Lage, Uberaba, Curitiba, Paraná, Região Sul, 81580-420, Brasil",,residential,178213972,
0b0567e0a7cc4b96,2025,18/03/2025,Drenagem,Alagamentos,Concluído,RUA ADY LOBO SOTTO MAIOR,CAJURU,Unidade Regional Cajuru,Telefone,True,False,1,pronto_para_geocodificar,none,"Candidato a geocodificacao; nao e coordenada, rotulo ou evidencia de treino.","Nao usar como ground truth, escore ou variavel derivada do rotulo.","RUA ADY LOBO SOTTO MAIOR, CAJURU, Curitiba, PR, Brasil",strong,-25.4553882,-49.1968766,"Rua Ady Lobo Sotto Maior, Vila São Domingos Agrícola, Cajuru, Curitiba, Paraná, Região Sul, 82930-548, Brasil",,residential,390291912,
44f949bf4a065403,2025,10/04/2025,Drenagem,Alagamentos,Concluído,RUA SILVIO DA MAIA MOREIRA,UBERABA,Unidade Regional Cajuru,Telefone,True,False,1,pronto_para_geocodificar,none,"Candidato a geocodificacao; nao e coordenada, rotulo ou evidencia de treino.","Nao usar como ground truth, escore ou variavel derivada do rotulo.","RUA SILVIO DA MAIA MOREIRA, UBERABA, Curitiba, PR, Brasil",strong,-25.4919259,-49.2252705,"Rua Sílvio da Maia Moreira, Uberaba, Curitiba, Paraná, Região Sul, 81580-130, Brasil",,residential,125391123,
8e7641b65496d5c1,2025,21/05/2025,Drenagem,Alagamentos,Concluído,Rua Reinaldo Issberner,CAJURU,Unidade Regional Cajuru,Telefone,True,False,1,pronto_para_geocodificar,none,"Candidato a geocodificacao; nao e coordenada, rotulo ou evidencia de treino.","Nao usar como ground truth, escore ou variavel derivada do rotulo.","Rua Reinaldo Issberner, CAJURU, Curitiba, PR, Brasil",strong,-25.4499704,-49.2256016,"Rua Reinaldo Issberner, Vila Cajuru II, Cajuru, Curitiba, Paraná, Região Sul, 81530-020, Brasil",,secondary,397124775,
4fef98e62807c0fe,2025,04/07/2025,Drenagem,Alagamentos,Concluído,Leonardo Gelinski,CAJURU,Unidade Regional Cajuru,Portal,True,False,1,pronto_para_geocodificar,none,"Candidato a geocodificacao; nao e coordenada, rotulo ou evidencia de treino.","Nao usar como ground truth, escore ou variavel derivada do rotulo.","Leonardo Gelinski, CAJURU, Curitiba, PR, Brasil",strong,-25.4494462,-49.2012146,"Rua Leonardo Gelinski, Vila Autódromo I, Cajuru, Curitiba, Paraná, Região Sul, 82930-240, Brasil",,residential,164761032,
079ae537bc99214f,2025,15/08/2025,Drenagem,Alagamentos,Concluído,RUA SANTO AGOSTINHO,CAJURU,Unidade Regional Cajuru,Telefone,True,False,1,pronto_para_geocodificar,none,"Candidato a geocodificacao; nao e coordenada, rotulo ou evidencia de treino.","Nao usar como ground truth, escore ou variavel derivada do rotulo.","RUA SANTO AGOSTINHO, CAJURU, Curitiba, PR, Brasil",strong,-25.4458204,-49.2300127,"Rua Santo Agostinho, Cajuru, Curitiba, Paraná, Região Sul, 82900-310, Brasil",,residential,162470575,
8dc9a40ba77e0bb0,2025,24/01/2025,Drenagem,Alagamentos,Concluído,Rua Celeste Tortato Gabardo,SITIO CERCADO,Unidade Regional Bairro Novo,Telefone,True,False,1,pronto_para_geocodificar,none,"Candidato a geocodificacao; nao e coordenada, rotulo ou evidencia de treino.","Nao usar como ground truth, escore ou variavel derivada do rotulo.","Rua Celeste Tortato Gabardo, SITIO CERCADO, Curitiba, PR, Brasil",strong,-25.5443334,-49.282933,"Rua Celeste Tortato Gabardo, Vila Nova Aurora, Sítio Cercado, Curitiba, Paraná, Região Sul, 81900-440, Brasil",,residential,1226253026,
95fedcf48bf3d65e,2025,28/01/2025,Drenagem,Alagamentos,Concluído,Profeta Elizeu,UMBARA,Unidade Regional Bairro Novo,Portal,True,False,1,pronto_para_geocodificar,none,"Candidato a geocodificacao; nao e coordenada, rotulo ou evidencia de treino.","Nao usar como ground truth, escore ou variavel derivada do rotulo.","Profeta Elizeu, UMBARA, Curitiba, PR, Brasil",strong,-25.5505382,-49.2885574,"Rua Profeta Elizeu, Jardim Futurama, Umbará, Curitiba, Paraná, Região Sul, 81930-760, Brasil",,residential,164655548,
486d8c01d3aef3ac,2025,29/01/2025,Drenagem,Alagamentos,Concluído,Profeta Elizeu,UMBARA,Unidade Regional Bairro Novo,Portal,True,False,1,pronto_para_geocodificar,none,"Candidato a geocodificacao; nao e coordenada, rotulo ou evidencia de treino.","Nao usar como ground truth, escore ou variavel derivada do rotulo.","Profeta Elizeu, UMBARA, Curitiba, PR, Brasil",strong,-25.5505382,-49.2885574,"Rua Profeta Elizeu, Jardim Futurama, Umbará, Curitiba, Paraná, Região Sul, 81930-760, Brasil",,residential,164655548,
4237487fe942094b,2025,30/01/2025,Drenagem,Alagamentos,Concluído,RUA PROFESSOR JOÃO POECK,SITIO CERCADO,Unidade Regional Bairro Novo,Telefone,True,False,1,pronto_para_geocodificar,none,"Candidato a geocodificacao; nao e coordenada, rotulo ou evidencia de treino.","Nao usar como ground truth, escore ou variavel derivada do rotulo.","RUA PROFESSOR JOÃO POECK, SITIO CERCADO, Curitiba, PR, Brasil",strong,-25.5466398,-49.2707692,"Rua Professor João Poeck, Sítio Cercado, Curitiba, Paraná, Região Sul, 81925-189, Brasil",,residential,127268387,
7693a18a74af27ce,2025,03/02/2025,Drenagem,Alagamentos,Concluído,Rua Doutor Carlos Franco Ferreira da Costa,SITIO CERCADO,Unidade Regional Bairro Novo,Telefone,True,False,1,pronto_para_geocodificar,none,"Candidato a geocodificacao; nao e coordenada, rotulo ou evidencia de treino.","Nao usar como ground truth, escore ou variavel derivada do rotulo.","Rua Doutor Carlos Franco Ferreira da Costa, SITIO CERCADO, Curitiba, PR, Brasil",strong,-25.5499763,-49.2496017,"Rua Doutor Carlos Franco Ferreira da Costa, Sítio Cercado, Curitiba, Paraná, Região Sul, 81935-446, Brasil",,residential,164975529,
d6e47f2f59ca5d63,2025,13/02/2025,Drenagem,Alagamentos,Concluído,RUA OURIZONA,SITIO CERCADO,Unidade Regional Bairro Novo,Telefone,True,False,1,pronto_para_geocodificar,none,"Candidato a geocodificacao; nao e coordenada, rotulo ou evidencia de treino.","Nao usar como ground truth, escore ou variavel derivada do rotulo.","RUA OURIZONA, SITIO CERCADO, Curitiba, PR, Brasil",strong,-25.5405716,-49.2577,"Rua Ourizona, Sítio Cercado, Curitiba, Paraná, Região Sul, 81920-090, Brasil",,secondary,568800829,
28c04cd4c5f6506f,2025,18/02/2025,Drenagem,Alagamentos,Concluído,RUA CAMBÉ,SITIO CERCADO,Unidade Regional Bairro Novo,Telefone,True,False,1,pronto_para_geocodificar,none,"Candidato a geocodificacao; nao e coordenada, rotulo ou evidencia de treino.","Nao usar como ground truth, escore ou variavel derivada do rotulo.","RUA CAMBÉ, SITIO CERCADO, Curitiba, PR, Brasil",strong,-25.5426473,-49.2861397,"Rua Cambé, Sítio Cercado, Curitiba, Paraná, Região Sul, 81900-460, Brasil",,residential,377365640,
69a0ebdb30535488,2025,07/04/2025,Drenagem,Alagamentos,Concluído,RUA AGUDOS DO SUL,SITIO CERCADO,Unidade Regional Bairro Novo,Telefone,True,False,1,pronto_para_geocodificar,none,"Candidato a geocodificacao; nao e coordenada, rotulo ou evidencia de treino.","Nao usar como ground truth, escore ou variavel derivada do rotulo.","RUA AGUDOS DO SUL, SITIO CERCADO, Curitiba, PR, Brasil",strong,-25.5369557,-49.2710548,"Rua Agudos do Sul, Sítio Cercado, Curitiba, Paraná, Região Sul, 81900-540, Brasil",,residential,106846798,
2c7b0c134e3dd803,2025,13/04/2025,Drenagem,Alagamentos,Concluído,Rua Deputado Sinval Martins Araújo,GANCHINHO,Unidade Regional Bairro Novo,Telefone,True,False,2,pronto_para_geocodificar,none,"Candidato a geocodificacao; nao e coordenada, rotulo ou evidencia de treino.","Nao usar como ground truth, escore ou variavel derivada do rotulo.","Rua Deputado Sinval Martins Araújo, GANCHINHO, Curitiba, PR, Brasil",strong,-25.5528432,-49.2462192,"Rua Deputado Sinval Martins Araújo, Vila Moradias 23 de Agosto I, Ganchinho, Curitiba, Paraná, Região Sul, 81935-446, Brasil",,residential,164975524,
e71081063b0eee21,2025,13/04/2025,Drenagem,Alagamentos,Concluído,RUA DEPUTADO SINVAL MARTINS ARAÚJO,GANCHINHO,Unidade Regional Bairro Novo,Telefone,True,False,2,pronto_para_geocodificar,none,"Candidato a geocodificacao; nao e coordenada, rotulo ou evidencia de treino.","Nao usar como ground truth, escore ou variavel derivada do rotulo.","RUA DEPUTADO SINVAL MARTINS ARAÚJO, GANCHINHO, Curitiba, PR, Brasil",strong,-25.5528432,-49.2462192,"Rua Deputado Sinval Martins Araújo, Vila Moradias 23 de Agosto I, Ganchinho, Curitiba, Paraná, Região Sul, 81935-446, Brasil",,residential,164975524,
b8fd99500426d525,2025,31/07/2025,Drenagem,Alagamentos,Concluído,RUA FRANCISCO CLAUDINO FERREIRA,SITIO CERCADO,Unidade Regional Bairro Novo,Telefone,True,False,1,pronto_para_geocodificar,none,"Candidato a geocodificacao; nao e coordenada, rotulo ou evidencia de treino.","Nao usar como ground truth, escore ou variavel derivada do rotulo.","RUA FRANCISCO CLAUDINO FERREIRA, SITIO CERCADO, Curitiba, PR, Brasil",strong,-25.5317065,-49.2754702,"Rua Francisco Claudino Pereira, Sítio Cercado, Curitiba, Paraná, Região Sul, 81900-050, Brasil",,tertiary,700234220,
28833d32a8344c5f,2025,20/08/2025,Drenagem,Alagamentos,Concluído,RUA PROFESSOR MILTON VIANNA,SITIO CERCADO,Unidade Regional Bairro Novo,Telefone,True,False,1,pronto_para_geocodificar,none,"Candidato a geocodificacao; nao e coordenada, rotulo ou evidencia de treino.","Nao usar como ground truth, escore ou variavel derivada do rotulo.","RUA PROFESSOR MILTON VIANNA, SITIO CERCADO, Curitiba, PR, Brasil",strong,-25.5455425,-49.2547513,"Rua Professor Milton Vianna, Sítio Cercado, Curitiba, Paraná, Região Sul, 81920-500, Brasil",,residential,127255762,
2d1cd407f6051bda,2025,27/08/2025,Drenagem,Alagamentos,Concluído,RUA SANT ANA DO ITARARÉ,SITIO CERCADO,Unidade Regional Bairro Novo,Telefone,True,False,1,pronto_para_geocodificar,none,"Candidato a geocodificacao; nao e coordenada, rotulo ou evidencia de treino.","Nao usar como ground truth, escore ou variavel derivada do rotulo.","RUA SANT ANA DO ITARARÉ, SITIO CERCADO, Curitiba, PR, Brasil",strong,-25.5395805,-49.258025,"Rua Sant'Ana do Itararé, Sítio Cercado, Curitiba, Paraná, Região Sul, 81920-090, Brasil",,residential,161228944,
d2f01e614dfcab47,2025,29/09/2025,Drenagem,Alagamentos,Concluído,Antônio Schwartz,SITIO CERCADO,Unidade Regional Bairro Novo,Portal,True,False,1,pronto_para_geocodificar,none,"Candidato a geocodificacao; nao e coordenada, rotulo ou evidencia de treino.","Nao usar como ground truth, escore ou variavel derivada do rotulo.","Antônio Schwartz, SITIO CERCADO, Curitiba, PR, Brasil",strong,-25.5452287,-49.2517851,"Rua Antônio Schwartz, Sítio Cercado, Curitiba, Paraná, Região Sul, 81920-430, Brasil",,residential,1467098457,
befcf4e9f4d36609,2025,27/10/2025,Drenagem,Alagamentos,Concluído,Rua Vereador Ângelo Burbello,UMBARA,Unidade Regional Bairro Novo,Telefone,True,False,1,pronto_para_geocodificar,none,"Candidato a geocodificacao; nao e coordenada, rotulo ou evidencia de treino.","Nao usar como ground truth, escore ou variavel derivada do rotulo.","Rua Vereador Ângelo Burbello, UMBARA, Curitiba, PR, Brasil",strong,-25.5776693,-49.3035336,"Rua Vereador Ângelo Burbello, Umbará, Curitiba, Paraná, Região Sul, 81070-410, Brasil",,secondary,630088273,
da977384e4bcf85a,2025,24/01/2025,Drenagem,Alagamentos,Concluído,Rua Frederico Cantarelli,BIGORRILHO,Unidade Regional Matriz,Chat,True,False,1,pronto_para_geocodificar,none,"Candidato a geocodificacao; nao e coordenada, rotulo ou evidencia de treino.","Nao usar como ground truth, escore ou variavel derivada do rotulo.","Rua Frederico Cantarelli, BIGORRILHO, Curitiba, PR, Brasil",strong,-25.4298975,-49.2996695,"Rua Frederico Cantarelli, Bigorrilho, Curitiba, Paraná, Região Sul, 80730-001, Brasil",,residential,29548992,
ebc3019d7f5858a8,2025,28/01/2025,Drenagem,Alagamentos,Concluído,Oyapock,CRISTO REI,Unidade Regional Matriz,Portal,True,False,1,pronto_para_geocodificar,none,"Candidato a geocodificacao; nao e coordenada, rotulo ou evidencia de treino.","Nao usar como ground truth, escore ou variavel derivada do rotulo.","Oyapock, CRISTO REI, Curitiba, PR, Brasil",strong,-25.4355114,-49.2389133,"Rua Oyapock, Cristo Rei, Curitiba, Paraná, Região Sul, 80050-450, Brasil",,residential,1107163508,
a714afde0ae9acc8,2025,28/01/2025,Drenagem,Alagamentos,Concluído,RUA CAMÕES,HUGO LANGE,Unidade Regional Matriz,Telefone,True,False,1,pronto_para_geocodificar,none,"Candidato a geocodificacao; nao e coordenada, rotulo ou evidencia de treino.","Nao usar como ground truth, escore ou variavel derivada do rotulo.","RUA CAMÕES, HUGO LANGE, Curitiba, PR, Brasil",strong,-25.4162431,-49.2465512,"Rua Camões, Hugo Lange, Curitiba, Paraná, Região Sul, 80040-345, Brasil",,tertiary,44026585,
efde6483325a5c0e,2025,18/02/2025,Drenagem,Alagamentos,Concluído,Rua Professor Brandão,ALTO DA RUA XV,Unidade Regional Matriz,Telefone,True,False,1,pronto_para_geocodificar,none,"Candidato a geocodificacao; nao e coordenada, rotulo ou evidencia de treino.","Nao usar como ground truth, escore ou variavel derivada do rotulo.","Rua Professor Brandão, ALTO DA RUA XV, Curitiba, PR, Brasil",strong,-25.4245897,-49.2456388,"Rua Professor Brandão, Alto da Rua XV, Curitiba, Paraná, Região Sul, 80045-390, Brasil",,secondary,292464182,
945c585c42eebf84,2025,18/02/2025,Drenagem,Alagamentos,Concluído,RUA CHICHORRO JÚNIOR,CABRAL,Unidade Regional Matriz,Telefone,True,False,1,pronto_para_geocodificar,none,"Candidato a geocodificacao; nao e coordenada, rotulo ou evidencia de treino.","Nao usar como ground truth, escore ou variavel derivada do rotulo.","RUA CHICHORRO JÚNIOR, CABRAL, Curitiba, PR, Brasil",strong,-25.4064874,-49.2542542,"Rua Chichorro Júnior, Cabral, Curitiba, Paraná, Região Sul, 80035-130, Brasil",,residential,127191503,
5de85250b85d972e,2025,18/02/2025,Drenagem,Alagamentos,Concluído,Fernandes de Barros,CRISTO REI,Unidade Regional Matriz,Portal,True,False,1,pronto_para_geocodificar,none,"Candidato a geocodificacao; nao e coordenada, rotulo ou evidencia de treino.","Nao usar como ground truth, escore ou variavel derivada do rotulo.","Fernandes de Barros, CRISTO REI, Curitiba, PR, Brasil",strong,-25.4308426,-49.2467746,"Rua Fernandes de Barros, Cristo Rei, Curitiba, Paraná, Região Sul, 80050-152, Brasil",,residential,261419224,
92d92f81334db02b,2025,26/02/2025,Drenagem,Alagamentos,Concluído,Henrique Itiberê da Cunha,BOM RETIRO,Unidade Regional Matriz,Portal,True,False,2,pronto_para_geocodificar,none,"Candidato a geocodificacao; nao e coordenada, rotulo ou evidencia de treino.","Nao usar como ground truth, escore ou variavel derivada do rotulo.","Henrique Itiberê da Cunha, BOM RETIRO, Curitiba, PR, Brasil",strong,-25.4136595,-49.27655,"Rua Henrique Itiberê da Cunha, Bom Retiro, Curitiba, Paraná, Região Sul, 80520-176, Brasil",,residential,32943949,
92d92f81334db02b,2025,26/02/2025,Drenagem,Alagamentos,Concluído,Henrique Itiberê da Cunha,BOM RETIRO,Unidade Regional Matriz,Portal,True,False,2,pronto_para_geocodificar,none,"Candidato a geocodificacao; nao e coordenada, rotulo ou evidencia de treino.","Nao usar como ground truth, escore ou variavel derivada do rotulo.","Henrique Itiberê da Cunha, BOM RETIRO, Curitiba, PR, Brasil",strong,-25.4136595,-49.27655,"Rua Henrique Itiberê da Cunha, Bom Retiro, Curitiba, Paraná, Região Sul, 80520-176, Brasil",,residential,32943949,
3524c9800f0cddb2,2025,24/03/2025,Drenagem,Alagamentos,Concluído,Coronel Amazonas Marcondes,CABRAL,Unidade Regional Matriz,Portal,True,False,1,pronto_para_geocodificar,none,"Candidato a geocodificacao; nao e coordenada, rotulo ou evidencia de treino.","Nao usar como ground truth, escore ou variavel derivada do rotulo.","Coronel Amazonas Marcondes, CABRAL, Curitiba, PR, Brasil",strong,-25.4005201,-49.2492124,"Rua Coronel Amazonas Marcondes, Cabral, Curitiba, Paraná, Região Sul, 82540-040, Brasil",,residential,122317942,
6eb8d38b76c22192,2025,08/04/2025,Drenagem,Alagamentos,Concluído,RUA LÚCIO RASERA,BIGORRILHO,Unidade Regional Matriz,Telefone,True,False,1,pronto_para_geocodificar,none,"Candidato a geocodificacao; nao e coordenada, rotulo ou evidencia de treino.","Nao usar como ground truth, escore ou variavel derivada do rotulo.","RUA LÚCIO RASERA, BIGORRILHO, Curitiba, PR, Brasil",strong,-25.4309065,-49.3048362,"Rua Lúcio Rasera, Bigorrilho, Curitiba, Paraná, Região Sul, 80710-390, Brasil",,residential,29548969,
31fe36b2eceb2259,2025,04/06/2025,Drenagem,Alagamentos,Concluído,RUA DOUTOR MANOEL PEDRO,CABRAL,Unidade Regional Matriz,Telefone,True,False,1,pronto_para_geocodificar,none,"Candidato a geocodificacao; nao e coordenada, rotulo ou evidencia de treino.","Nao usar como ground truth, escore ou variavel derivada do rotulo.","RUA DOUTOR MANOEL PEDRO, CABRAL, Curitiba, PR, Brasil",strong,-25.4104581,-49.2515578,"Rua Doutor Manoel Pedro, Cabral, Curitiba, Paraná, Região Sul, 80035-049, Brasil",,tertiary,295105528,
292a101c5eaf2f9c,2025,09/06/2025,Drenagem,Alagamentos,Concluído,LARGO ERASMO DE ROTTERDAM,AHU,Unidade Regional Matriz,Telefone,True,False,1,pronto_para_geocodificar,none,"Candidato a geocodificacao; nao e coordenada, rotulo ou evidencia de treino.","Nao usar como ground truth, escore ou variavel derivada do rotulo.","LARGO ERASMO DE ROTTERDAM, AHU, Curitiba, PR, Brasil",medium,-25.4008,-49.2643669,"Largo Erasmo de Rotterdam, 1285, Ahú, Curitiba, Paraná, Região Sul, Brasil",,park,420862368,
55f8b2172607745b,2025,22/01/2025,Proteção ao cidadão - GM,"Enchentes, inundações ou alagamentos",Concluído,RUA MANOELA STIER REISS,UBERABA,Unidade Regional Cajuru,Telefone,True,False,2,pronto_para_geocodificar,none,"Candidato a geocodificacao; nao e coordenada, rotulo ou evidencia de treino.","Nao usar como ground truth, escore ou variavel derivada do rotulo.","RUA MANOELA STIER REISS, UBERABA, Curitiba, PR, Brasil",strong,-25.497263,-49.2034052,"Rua Manoela Stier Reiss, Vila Jardim Icaray, Uberaba, Curitiba, Paraná, Região Sul, 81560-615, Brasil",,residential,125624723,
798c4e1fbbb709e0,2025,26/01/2025,Proteção ao cidadão - GM,"Enchentes, inundações ou alagamentos",Concluído,Rua Sofia Dubiella,ABRANCHES,Unidade Regional Boa Vista,Telefone,True,False,1,pronto_para_geocodificar,none,"Candidato a geocodificacao; nao e coordenada, rotulo ou evidencia de treino.","Nao usar como ground truth, escore ou variavel derivada do rotulo.","Rua Sofia Dubiella, ABRANCHES, Curitiba, PR, Brasil",strong,-25.3747273,-49.2701539,"Rua Sofia Dubiella, Abranches, Curitiba, Paraná, Região Sul, 82220-330, Brasil",,residential,162043596,
a1cef93907ea7305,2025,28/01/2025,Proteção ao cidadão - GM,"Enchentes, inundações ou alagamentos",Concluído,Rua Laurentino Rosa Dos Santos,CAJURU,Unidade Regional Cajuru,Telefone,True,False,1,pronto_para_geocodificar,none,"Candidato a geocodificacao; nao e coordenada, rotulo ou evidencia de treino.","Nao usar como ground truth, escore ou variavel derivada do rotulo.","Rua Laurentino Rosa Dos Santos, CAJURU, Curitiba, PR, Brasil",strong,-25.4600682,-49.195316,"Rua Laurentino Rosa dos Santos, Vila São Domingos Agrícola, Cajuru, Curitiba, Paraná, Região Sul, 82930-548, Brasil",,residential,164655128,
5284a0f4b173c864,2025,28/01/2025,Proteção ao cidadão - GM,"Enchentes, inundações ou alagamentos",Concluído,RUA MARIA BARCHIKI CHINASSO,CAJURU,Unidade Regional Cajuru,Telefone,True,False,1,pronto_para_geocodificar,none,"Candidato a geocodificacao; nao e coordenada, rotulo ou evidencia de treino.","Nao usar como ground truth, escore ou variavel derivada do rotulo.","RUA MARIA BARCHIKI CHINASSO, CAJURU, Curitiba, PR, Brasil",strong,-25.4686433,-49.1895979,"Rua Maria Barchiki Chinasso, Vila Acrópole Agrícola, Cajuru, Curitiba, Paraná, Região Sul, 82980-100, Brasil",,residential,398543315,
7f09197eddb15aa2,2025,28/01/2025,Proteção ao cidadão - GM,"Enchentes, inundações ou alagamentos",Concluído,RUA DOUTOR JOÃO LUIZ BETTEGA,CAJURU,Unidade Regional Cajuru,Telefone,True,False,1,pronto_para_geocodificar,none,"Candidato a geocodificacao; nao e coordenada, rotulo ou evidencia de treino.","Nao usar como ground truth, escore ou variavel derivada do rotulo.","RUA DOUTOR JOÃO LUIZ BETTEGA, CAJURU, Curitiba, PR, Brasil",strong,-25.4612817,-49.1977099,"Rua Doutor João Luiz Bettega, Vila São Domingos Agrícola, Cajuru, Curitiba, Paraná, Região Sul, 82930-548, Brasil",,residential,917373244,
3f47d0fd24d9ea46,2025,28/01/2025,Proteção ao cidadão - GM,"Enchentes, inundações ou alagamentos",Concluído,Rua Justiniano de Melo Silva,JARDIM SOCIAL,Unidade Regional Matriz,Telefone,True,False,1,pronto_para_geocodificar,none,"Candidato a geocodificacao; nao e coordenada, rotulo ou evidencia de treino.","Nao usar como ground truth, escore ou variavel derivada do rotulo.","Rua Justiniano de Melo Silva, JARDIM SOCIAL, Curitiba, PR, Brasil",strong,-25.4211231,-49.2368978,"Rua Justiniano de Melo Silva, Jardim Social, Curitiba, Paraná, Região Sul, 82520-020, Brasil",,residential,29251601,
02465aaf4e5b47c1,2025,31/01/2025,Proteção ao cidadão - GM,"Enchentes, inundações ou alagamentos",Concluído,Rua Douglas Victor Novitzki,CIDADE INDUSTRIAL,Unidade Regional CIC,Telefone,True,False,1,pronto_para_geocodificar,none,"Candidato a geocodificacao; nao e coordenada, rotulo ou evidencia de treino.","Nao usar como ground truth, escore ou variavel derivada do rotulo.","Rua Douglas Victor Novitzki, CIDADE INDUSTRIAL, Curitiba, PR, Brasil",medium,-25.497993,-49.334522,"Cidade Industrial de Curitiba, Curitiba, Paraná, Região Sul, 81350-260, Brasil",,suburb,3012156952,fallback_bairro_apos_rua_sem_resultado_em_bbox
de0fad399243375d,2025,31/01/2025,Proteção ao cidadão - GM,"Enchentes, inundações ou alagamentos",Concluído,RUA BENEDITO FRANCA,CAPAO DA IMBUIA,Unidade Regional Cajuru,Telefone,True,False,1,pronto_para_geocodificar,none,"Candidato a geocodificacao; nao e coordenada, rotulo ou evidencia de treino.","Nao usar como ground truth, escore ou variavel derivada do rotulo.","RUA BENEDITO FRANCA, CAPAO DA IMBUIA, Curitiba, PR, Brasil",strong,-25.4382745,-49.2063568,"Rua Benedito França, Capão da Imbuia, Curitiba, Paraná, Região Sul, 82810-460, Brasil",,residential,105586587,
b71d969cf9c85aa2,2025,03/02/2025,Proteção ao cidadão - GM,"Enchentes, inundações ou alagamentos",Concluído,RUA ABRÃO WINTER,XAXIM,Unidade Regional Boqueirao,Telefone,True,False,1,pronto_para_geocodificar,none,"Candidato a geocodificacao; nao e coordenada, rotulo ou evidencia de treino.","Nao usar como ground truth, escore ou variavel derivada do rotulo.","RUA ABRÃO WINTER, XAXIM, Curitiba, PR, Brasil",medium,-25.5008748,-49.2678646,"Xaxim, Curitiba, Paraná, Região Sul, 81710-210, Brasil",,suburb,3012156958,fallback_bairro_apos_rua_sem_resultado_em_bbox
945c585c42eebf84,2025,18/02/2025,Proteção ao cidadão - GM,"Enchentes, inundações ou alagamentos",Concluído,RUA CHICHORRO JÚNIOR,CABRAL,Unidade Regional Matriz,Telefone,True,False,1,pronto_para_geocodificar,none,"Candidato a geocodificacao; nao e coordenada, rotulo ou evidencia de treino.","Nao usar como ground truth, escore ou variavel derivada do rotulo.","RUA CHICHORRO JÚNIOR, CABRAL, Curitiba, PR, Brasil",strong,-25.4064874,-49.2542542,"Rua Chichorro Júnior, Cabral, Curitiba, Paraná, Região Sul, 80035-130, Brasil",,residential,127191503,
1994e4df01e8cee7,2025,18/02/2025,Proteção ao cidadão - GM,"Enchentes, inundações ou alagamentos",Concluído,RUA BOM JESUS DE IGUAPE,HAUER,Unidade Regional Boqueirao,Telefone,True,False,2,pronto_para_geocodificar,none,"Candidato a geocodificacao; nao e coordenada, rotulo ou evidencia de treino.","Nao usar como ground truth, escore ou variavel derivada do rotulo.","RUA BOM JESUS DE IGUAPE, HAUER, Curitiba, PR, Brasil",strong,-25.4745155,-49.2481255,"Rua Bom Jesus de Iguape, Hauer, Curitiba, Paraná, Região Sul, 81610-150, Brasil",,residential,1262797940,
ae94311cbdbc04d7,2025,18/02/2025,Proteção ao cidadão - GM,"Enchentes, inundações ou alagamentos",Concluído,RUA BALDUR MAGNUS GRUBBA,NOVO MUNDO,Unidade Regional Pinheirinho,Telefone,True,False,2,pronto_para_geocodificar,none,"Candidato a geocodificacao; nao e coordenada, rotulo ou evidencia de treino.","Nao usar como ground truth, escore ou variavel derivada do rotulo.","RUA BALDUR MAGNUS GRUBBA, NOVO MUNDO, Curitiba, PR, Brasil",strong,-25.482083,-49.3032923,"Rua Baldur Magnus Grubba, Vila Uberlândia, Novo Mundo, Curitiba, Paraná, Região Sul, 81070-110, Brasil",,residential,42803381,
e5f8ce4a8817c78b,2025,18/02/2025,Proteção ao cidadão - GM,"Enchentes, inundações ou alagamentos",Concluído,RUA WATERLOO MARCHESINI,SEMINARIO,Unidade Regional Portao,Telefone,True,False,1,pronto_para_geocodificar,none,"Candidato a geocodificacao; nao e coordenada, rotulo ou evidencia de treino.","Nao usar como ground truth, escore ou variavel derivada do rotulo.","RUA WATERLOO MARCHESINI, SEMINARIO, Curitiba, PR, Brasil",strong,-25.4453314,-49.3120892,"Rua Waterloo Marchesini, Seminário, Curitiba, Paraná, Região Sul, 80310-100, Brasil",,residential,157457229,
f4226e96159d4baf,2025,18/02/2025,Proteção ao cidadão - GM,"Enchentes, inundações ou alagamentos",Concluído,Rua Bom Jesus de Iguape,HAUER,Unidade Regional Boqueirao,Telefone,True,False,2,pronto_para_geocodificar,none,"Candidato a geocodificacao; nao e coordenada, rotulo ou evidencia de treino.","Nao usar como ground truth, escore ou variavel derivada do rotulo.","Rua Bom Jesus de Iguape, HAUER, Curitiba, PR, Brasil",strong,-25.4745155,-49.2481255,"Rua Bom Jesus de Iguape, Hauer, Curitiba, Paraná, Região Sul, 81610-150, Brasil",,residential,1262797940,
4e87ea6fe19ca488,2025,27/02/2025,Proteção ao cidadão - GM,"Enchentes, inundações ou alagamentos",Concluído,RUA DAS CARMELITAS,BOQUEIRAO,Unidade Regional Boqueirao,Telefone,True,False,1,pronto_para_geocodificar,none,"Candidato a geocodificacao; nao e coordenada, rotulo ou evidencia de treino.","Nao usar como ground truth, escore ou variavel derivada do rotulo.","RUA DAS CARMELITAS, BOQUEIRAO, Curitiba, PR, Brasil",strong,-25.4869771,-49.2377774,"Rua das Carmelitas, Boqueirão, Curitiba, Paraná, Região Sul, 81650-110, Brasil",,tertiary,85573756,
8d858e114663f6ac,2025,27/02/2025,Proteção ao cidadão - GM,"Enchentes, inundações ou alagamentos",Concluído,RUA DESEMBARGADOR ANTÔNIO DE PAULA,BOQUEIRAO,Unidade Regional Boqueirao,Telefone,True,False,1,pronto_para_geocodificar,none,"Candidato a geocodificacao; nao e coordenada, rotulo ou evidencia de treino.","Nao usar como ground truth, escore ou variavel derivada do rotulo.","RUA DESEMBARGADOR ANTÔNIO DE PAULA, BOQUEIRAO, Curitiba, PR, Brasil",strong,-25.5079903,-49.2271863,"Rua Desembargador Antônio de Paula, Boqueirão, Curitiba, Paraná, Região Sul, 81730-360, Brasil",,secondary,70629101,
b7f6f9386d1c4cf3,2025,27/02/2025,Proteção ao cidadão - GM,"Enchentes, inundações ou alagamentos",Concluído,RUA CARLOS ESSENFELDER,BOQUEIRAO,Unidade Regional Boqueirao,Telefone,True,False,1,pronto_para_geocodificar,none,"Candidato a geocodificacao; nao e coordenada, rotulo ou evidencia de treino.","Nao usar como ground truth, escore ou variavel derivada do rotulo.","RUA CARLOS ESSENFELDER, BOQUEIRAO, Curitiba, PR, Brasil",strong,-25.5006408,-49.2296913,"Rua Carlos Essenfelder, Boqueirão, Curitiba, Paraná, Região Sul, 81730-070, Brasil",,residential,60160977,
fb2588f9a5658eb7,2025,27/02/2025,Proteção ao cidadão - GM,"Enchentes, inundações ou alagamentos",Concluído,Adão Picussa Netto,BOQUEIRAO,Unidade Regional Boqueirao,Telefone,True,False,1,pronto_para_geocodificar,none,"Candidato a geocodificacao; nao e coordenada, rotulo ou evidencia de treino.","Nao usar como ground truth, escore ou variavel derivada do rotulo.","Adão Picussa Netto, BOQUEIRAO, Curitiba, PR, Brasil",strong,-25.5077322,-49.2183521,"Rua Adão Picussa Netto, Boqueirão, Curitiba, Paraná, Região Sul, 81730-150, Brasil",,residential,85573749,
aca15138b83250fe,2025,26/08/2025,Proteção ao cidadão - GM,"Enchentes, inundações ou alagamentos",Concluído,Rua Lins de Vasconcelos,CIDADE INDUSTRIAL,Unidade Regional CIC,Telefone,True,False,1,pronto_para_geocodificar,none,"Candidato a geocodificacao; nao e coordenada, rotulo ou evidencia de treino.","Nao usar como ground truth, escore ou variavel derivada do rotulo.","Rua Lins de Vasconcelos, CIDADE INDUSTRIAL, Curitiba, PR, Brasil",strong,-25.4883666,-49.3416638,"Rua Lins de Vasconcelos, Cidade Industrial de Curitiba, Curitiba, Paraná, Região Sul, 81250-460, Brasil",,residential,83059256,
0105010383137578,2025,26/09/2025,Proteção ao cidadão - GM,"Enchentes, inundações ou alagamentos",Concluído,RUA BENVENUTO GUSSO,BOA VISTA,Unidade Regional Boa Vista,Telefone,True,False,1,pronto_para_geocodificar,none,"Candidato a geocodificacao; nao e coordenada, rotulo ou evidencia de treino.","Nao usar como ground truth, escore ou variavel derivada do rotulo.","RUA BENVENUTO GUSSO, BOA VISTA, Curitiba, PR, Brasil",strong,-25.3879479,-49.2517276,"Rua Benvenuto Gusso, Boa Vista, Curitiba, Paraná, Região Sul, 82540-050, Brasil",,residential,35983195,
1ba7b2b713bcf498,2025,03/11/2025,Proteção ao cidadão - GM,"Enchentes, inundações ou alagamentos",Concluído,Rua Guiroku Gastão Ayabe,UBERABA,Unidade Regional Cajuru,Telefone,True,False,3,pronto_para_geocodificar,none,"Candidato a geocodificacao; nao e coordenada, rotulo ou evidencia de treino.","Nao usar como ground truth, escore ou variavel derivada do rotulo.","Rua Guiroku Gastão Ayabe, UBERABA, Curitiba, PR, Brasil",strong,-25.4775245,-49.2396133,"Rua Gui Roku Gastão Ayabe, Uberaba, Curitiba, Paraná, Região Sul, 81510-640, Brasil",,residential,160108437,
c0ea5a3d45daee9f,2025,03/11/2025,Proteção ao cidadão - GM,"Enchentes, inundações ou alagamentos",Concluído,RUA GUIROKU GASTÃO AYABE,UBERABA,Unidade Regional Cajuru,Telefone,True,False,3,pronto_para_geocodificar,none,"Candidato a geocodificacao; nao e coordenada, rotulo ou evidencia de treino.","Nao usar como ground truth, escore ou variavel derivada do rotulo.","RUA GUIROKU GASTÃO AYABE, UBERABA, Curitiba, PR, Brasil",strong,-25.4775245,-49.2396133,"Rua Gui Roku Gastão Ayabe, Uberaba, Curitiba, Paraná, Região Sul, 81510-640, Brasil",,residential,160108437,
1ba7b2b713bcf498,2025,03/11/2025,Proteção ao cidadão - GM,"Enchentes, inundações ou alagamentos",Concluído,Rua Guiroku Gastão Ayabe,UBERABA,Unidade Regional Cajuru,Telefone,True,False,3,pronto_para_geocodificar,none,"Candidato a geocodificacao; nao e coordenada, rotulo ou evidencia de treino.","Nao usar como ground truth, escore ou variavel derivada do rotulo.","Rua Guiroku Gastão Ayabe, UBERABA, Curitiba, PR, Brasil",strong,-25.4775245,-49.2396133,"Rua Gui Roku Gastão Ayabe, Uberaba, Curitiba, Paraná, Região Sul, 81510-640, Brasil",,residential,160108437,
fa8ff59034481fbc,2025,08/11/2025,Proteção ao cidadão - GM,"Enchentes, inundações ou alagamentos",Concluído,Rua Osvaldo Felippetto,BUTIATUVINHA,Unidade Regional Santa Felicidade,Telefone,True,False,1,pronto_para_geocodificar,none,"Candidato a geocodificacao; nao e coordenada, rotulo ou evidencia de treino.","Nao usar como ground truth, escore ou variavel derivada do rotulo.","Rua Osvaldo Felippetto, BUTIATUVINHA, Curitiba, PR, Brasil",medium,-25.4001938,-49.3562253,"Butiatuvinha, Curitiba, Paraná, Região Sul, 82310-110, Brasil",,suburb,3012346894,fallback_bairro_apos_rua_sem_resultado_em_bbox
5fe62d9a85dc58cf,2025,08/11/2025,Proteção ao cidadão - GM,"Enchentes, inundações ou alagamentos",Concluído,Rua Pedro Ferrari,BUTIATUVINHA,Unidade Regional Santa Felicidade,Telefone,True,False,1,pronto_para_geocodificar,none,"Candidato a geocodificacao; nao e coordenada, rotulo ou evidencia de treino.","Nao usar como ground truth, escore ou variavel derivada do rotulo.","Rua Pedro Ferrari, BUTIATUVINHA, Curitiba, PR, Brasil",strong,-25.391533,-49.3391002,"Rua Pedro Ferrari, Butiatuvinha, Curitiba, Paraná, Região Sul, 82400-070, Brasil",,residential,161496675,
065ecd2c8d9140ac,2025,01/12/2025,Proteção ao cidadão - GM,"Enchentes, inundações ou alagamentos",Concluído,RUA SOLANGE LUIZ CARLOS,PILARZINHO,Unidade Regional Boa Vista,Telefone,True,False,1,pronto_para_geocodificar,none,"Candidato a geocodificacao; nao e coordenada, rotulo ou evidencia de treino.","Nao usar como ground truth, escore ou variavel derivada do rotulo.","RUA SOLANGE LUIZ CARLOS, PILARZINHO, Curitiba, PR, Brasil",strong,-25.395197,-49.3022381,"Rua Solange Luiz Carlos, Pilarzinho, Curitiba, Paraná, Região Sul, 82100-160, Brasil",,residential,149724981,
10ee494b6b79b13f,2025,28/01/2025,Drenagem,Alagamentos,Concluído,RUA PADRE ESTANISLAU PIASECKI,CIDADE INDUSTRIAL,Unidade Regional CIC,Telefone,True,False,1,pronto_para_geocodificar,none,"Candidato a geocodificacao; nao e coordenada, rotulo ou evidencia de treino.","Nao usar como ground truth, escore ou variavel derivada do rotulo.","RUA PADRE ESTANISLAU PIASECKI, CIDADE INDUSTRIAL, Curitiba, PR, Brasil",medium,-25.497993,-49.334522,"Cidade Industrial de Curitiba, Curitiba, Paraná, Região Sul, 81350-260, Brasil",,suburb,3012156952,fallback_bairro_apos_rua_sem_resultado_em_bbox
12233f0e2f6712b3,2025,03/02/2025,Drenagem,Alagamentos,Concluído,Doutor Libânio Estanislau Cardoso,CIDADE INDUSTRIAL,Unidade Regional CIC,Portal,True,False,1,pronto_para_geocodificar,none,"Candidato a geocodificacao; nao e coordenada, rotulo ou evidencia de treino.","Nao usar como ground truth, escore ou variavel derivada do rotulo.","Doutor Libânio Estanislau Cardoso, CIDADE INDUSTRIAL, Curitiba, PR, Brasil",medium,-25.5470251,-49.3288901,"HORSCH do Brasil, 2020, Rua Doutor Libânio Estanislau Cardoso, Cidade Industrial de Curitiba, Curitiba, Paraná, Região Sul, 81460-070, Brasil",,industrial,1175973684,
fe081ca4edda22bd,2025,07/02/2025,Drenagem,Alagamentos,Concluído,RUA DOUTOR JOSÉ GUILHERME LOYOLA,CIDADE INDUSTRIAL,Unidade Regional CIC,Telefone,True,False,1,pronto_para_geocodificar,none,"Candidato a geocodificacao; nao e coordenada, rotulo ou evidencia de treino.","Nao usar como ground truth, escore ou variavel derivada do rotulo.","RUA DOUTOR JOSÉ GUILHERME LOYOLA, CIDADE INDUSTRIAL, Curitiba, PR, Brasil",medium,-25.497993,-49.334522,"Cidade Industrial de Curitiba, Curitiba, Paraná, Região Sul, 81350-260, Brasil",,suburb,3012156952,fallback_bairro_apos_rua_sem_resultado_em_bbox
869f4ccde7a06111,2025,18/02/2025,Drenagem,Alagamentos,Concluído,RUA DESEMBARGADOR SEGISMUNDO GRADOWSKI,CIDADE INDUSTRIAL,Unidade Regional CIC,Telefone,True,False,1,pronto_para_geocodificar,none,"Candidato a geocodificacao; nao e coordenada, rotulo ou evidencia de treino.","Nao usar como ground truth, escore ou variavel derivada do rotulo.","RUA DESEMBARGADOR SEGISMUNDO GRADOWSKI, CIDADE INDUSTRIAL, Curitiba, PR, Brasil",strong,-25.4985515,-49.3401636,"Rua Desembargador Segismundo Gradowski, Cidade Industrial de Curitiba, Curitiba, Paraná, Região Sul, 81350-260, Brasil",,residential,138705756,
fe4d04b37c4284f6,2025,18/02/2025,Drenagem,Alagamentos,Concluído,RUA FREI EGÍDIO CARLOTTO,CIDADE INDUSTRIAL,Unidade Regional CIC,Telefone,True,False,1,pronto_para_geocodificar,none,"Candidato a geocodificacao; nao e coordenada, rotulo ou evidencia de treino.","Nao usar como ground truth, escore ou variavel derivada do rotulo.","RUA FREI EGÍDIO CARLOTTO, CIDADE INDUSTRIAL, Curitiba, PR, Brasil",medium,-25.497993,-49.334522,"Cidade Industrial de Curitiba, Curitiba, Paraná, Região Sul, 81350-260, Brasil",,suburb,3012156952,fallback_bairro_apos_rua_sem_resultado_em_bbox
2f783f5bbde40d4a,2025,18/02/2025,Drenagem,Alagamentos,Concluído,RUA MUNICÍPIO DE ENÉAS MARQUES,CIDADE INDUSTRIAL,Unidade Regional CIC,Telefone,True,False,2,pronto_para_geocodificar,none,"Candidato a geocodificacao; nao e coordenada, rotulo ou evidencia de treino.","Nao usar como ground truth, escore ou variavel derivada do rotulo.","RUA MUNICÍPIO DE ENÉAS MARQUES, CIDADE INDUSTRIAL, Curitiba, PR, Brasil",medium,-25.497993,-49.334522,"Cidade Industrial de Curitiba, Curitiba, Paraná, Região Sul, 81350-260, Brasil",,suburb,3012156952,fallback_bairro_apos_rua_sem_resultado_em_bbox
de1d7c09a0aca3cc,2025,19/02/2025,Drenagem,Alagamentos,Concluído,RUA CORONEL NICOLAU BLEY NETO,CIDADE INDUSTRIAL,Unidade Regional CIC,Telefone,True,False,1,pronto_para_geocodificar,none,"Candidato a geocodificacao; nao e coordenada, rotulo ou evidencia de treino.","Nao usar como ground truth, escore ou variavel derivada do rotulo.","RUA CORONEL NICOLAU BLEY NETO, CIDADE INDUSTRIAL, Curitiba, PR, Brasil",strong,-25.481076,-49.3449831,"Rua Coronel Nicolau Bley Neto, Cidade Industrial de Curitiba, Curitiba, Paraná, Região Sul, 81250-350, Brasil",,residential,83058597,
d74b68a594bfb60e,2025,20/02/2025,Drenagem,Alagamentos,Concluído,Rogério Pereira de Camargo,CIDADE INDUSTRIAL,Unidade Regional CIC,Portal,True,False,1,pronto_para_geocodificar,none,"Candidato a geocodificacao; nao e coordenada, rotulo ou evidencia de treino.","Nao usar como ground truth, escore ou variavel derivada do rotulo.","Rogério Pereira de Camargo, CIDADE INDUSTRIAL, Curitiba, PR, Brasil",medium,-25.497993,-49.334522,"Cidade Industrial de Curitiba, Curitiba, Paraná, Região Sul, 81350-260, Brasil",,suburb,3012156952,fallback_bairro_apos_rua_sem_resultado_em_bbox
03043dbbd12466a5,2025,26/08/2025,Drenagem,Alagamentos,Concluído,Rua Jacinto Cunha,CIDADE INDUSTRIAL,Unidade Regional CIC,Telefone,True,False,1,pronto_para_geocodificar,none,"Candidato a geocodificacao; nao e coordenada, rotulo ou evidencia de treino.","Nao usar como ground truth, escore ou variavel derivada do rotulo.","Rua Jacinto Cunha, CIDADE INDUSTRIAL, Curitiba, PR, Brasil",strong,-25.485266,-49.3490599,"Rua Jacinto Cunha, Cidade Industrial de Curitiba, Curitiba, Paraná, Região Sul, 81260-260, Brasil",,residential,127529126,
d283d08c3fd95ef6,2025,26/08/2025,Drenagem,Alagamentos,Concluído,Rua Padre Estanislau Piasecki,CIDADE INDUSTRIAL,Unidade Regional CIC,Telefone,True,False,1,pronto_para_geocodificar,none,"Candidato a geocodificacao; nao e coordenada, rotulo ou evidencia de treino.","Nao usar como ground truth, escore ou variavel derivada do rotulo.","Rua Padre Estanislau Piasecki, CIDADE INDUSTRIAL, Curitiba, PR, Brasil",medium,-25.497993,-49.334522,"Cidade Industrial de Curitiba, Curitiba, Paraná, Região Sul, 81350-260, Brasil",,suburb,3012156952,fallback_bairro_apos_rua_sem_resultado_em_bbox
f3a1a1de9ee56419,2025,03/11/2025,Drenagem,Alagamentos,Concluído,Rua Jacinto Cunha,CIDADE INDUSTRIAL,Unidade Regional CIC,Telefone,True,False,1,pronto_para_geocodificar,none,"Candidato a geocodificacao; nao e coordenada, rotulo ou evidencia de treino.","Nao usar como ground truth, escore ou variavel derivada do rotulo.","Rua Jacinto Cunha, CIDADE INDUSTRIAL, Curitiba, PR, Brasil",strong,-25.485266,-49.3490599,"Rua Jacinto Cunha, Cidade Industrial de Curitiba, Curitiba, Paraná, Região Sul, 81260-260, Brasil",,residential,127529126,
8cafbff763a30db4,2025,05/11/2025,Drenagem,Alagamentos,Concluído,Jacinto Cunha,CIDADE INDUSTRIAL,Unidade Regional CIC,Portal,True,False,1,pronto_para_geocodificar,none,"Candidato a geocodificacao; nao e coordenada, rotulo ou evidencia de treino.","Nao usar como ground truth, escore ou variavel derivada do rotulo.","Jacinto Cunha, CIDADE INDUSTRIAL, Curitiba, PR, Brasil",strong,-25.485266,-49.3490599,"Rua Jacinto Cunha, Cidade Industrial de Curitiba, Curitiba, Paraná, Região Sul, 81260-260, Brasil",,residential,127529126,
6b67d5a433e0ea8a,2025,28/01/2025,Drenagem,Alagamentos,Concluído,RUA IGNEZ DE SOUZA SOARES,TATUQUARA,Unidade Regional Tatuquara,Telefone,True,False,1,pronto_para_geocodificar,none,"Candidato a geocodificacao; nao e coordenada, rotulo ou evidencia de treino.","Nao usar como ground truth, escore ou variavel derivada do rotulo.","RUA IGNEZ DE SOUZA SOARES, TATUQUARA, Curitiba, PR, Brasil",strong,-25.5498446,-49.2987317,"Rua Ignez de Souza Soares, Vila Tatuquara, Tatuquara, Curitiba, Paraná, Região Sul, 81940-185, Brasil",,residential,164655572,
7dedc86b111e02dc,2025,01/02/2025,Drenagem,Alagamentos,Concluído,Rua João Amadeu Pedro Bom,TATUQUARA,Unidade Regional Tatuquara,Telefone,True,False,1,pronto_para_geocodificar,none,"Candidato a geocodificacao; nao e coordenada, rotulo ou evidencia de treino.","Nao usar como ground truth, escore ou variavel derivada do rotulo.","Rua João Amadeu Pedro Bom, TATUQUARA, Curitiba, PR, Brasil",strong,-25.5511403,-49.2986139,"Rua João Amadeu Pedro Bom, Vila Tatuquara, Tatuquara, Curitiba, Paraná, Região Sul, 81940-080, Brasil",,residential,164655533,
4a5c34ae10381af4,2025,04/02/2025,Drenagem,Alagamentos,Concluído,Paulo Romeiro Marcondes Filho,TATUQUARA,Unidade Regional Tatuquara,Portal,True,False,1,pronto_para_geocodificar,none,"Candidato a geocodificacao; nao e coordenada, rotulo ou evidencia de treino.","Nao usar como ground truth, escore ou variavel derivada do rotulo.","Paulo Romeiro Marcondes Filho, TATUQUARA, Curitiba, PR, Brasil",strong,-25.568693,-49.3290172,"Rua Paulo Romeiro Marcondes Filho, Tatuquara, Curitiba, Paraná, Região Sul, 81480-150, Brasil",,residential,297401890,
fdc25e1f7151986d,2025,10/02/2025,Drenagem,Alagamentos,Concluído,Marcos Bertoldi,CAMPO DE SANTANA,Unidade Regional Tatuquara,Portal,True,False,1,pronto_para_geocodificar,none,"Candidato a geocodificacao; nao e coordenada, rotulo ou evidencia de treino.","Nao usar como ground truth, escore ou variavel derivada do rotulo.","Marcos Bertoldi, CAMPO DE SANTANA, Curitiba, PR, Brasil",strong,-25.5883783,-49.3387662,"Rua Marcos Bertoldi, Moradias Rio Bonito, Campo de Santana, Aldeia Kakane Porã, Curitiba, Paraná, Região Sul, 81490-426, Brasil",,tertiary,373202078,
f149384ac9b48693,2025,15/05/2025,Drenagem,Alagamentos,Concluído,Antônio Zanon,TATUQUARA,Unidade Regional Tatuquara,Portal,True,False,1,pronto_para_geocodificar,none,"Candidato a geocodificacao; nao e coordenada, rotulo ou evidencia de treino.","Nao usar como ground truth, escore ou variavel derivada do rotulo.","Antônio Zanon, TATUQUARA, Curitiba, PR, Brasil",strong,-25.5682412,-49.3211452,"Rua Antônio Zanon, Vila Raul Zanon, Tatuquara, Curitiba, Paraná, Região Sul, 81480-436, Brasil",,secondary,143988028,
f7ac46cff82c6d90,2025,23/06/2025,Drenagem,Alagamentos,Concluído,José Sosari,TATUQUARA,Unidade Regional Tatuquara,Portal,True,False,1,pronto_para_geocodificar,none,"Candidato a geocodificacao; nao e coordenada, rotulo ou evidencia de treino.","Nao usar como ground truth, escore ou variavel derivada do rotulo.","José Sosari, TATUQUARA, Curitiba, PR, Brasil",medium,-25.5642128,-49.3335459,"Tatuquara, Curitiba, Paraná, Região Sul, Brasil",,administrative,5622185,fallback_bairro_apos_rua_sem_resultado_em_bbox
817772911535cb0c,2025,27/10/2025,Drenagem,Alagamentos,Concluído,RUA EMILE PAUL DECOK,CAMPO DE SANTANA,Unidade Regional Tatuquara,Telefone,True,False,1,pronto_para_geocodificar,none,"Candidato a geocodificacao; nao e coordenada, rotulo ou evidencia de treino.","Nao usar como ground truth, escore ou variavel derivada do rotulo.","RUA EMILE PAUL DECOK, CAMPO DE SANTANA, Curitiba, PR, Brasil",strong,-25.581889,-49.3208328,"Rua Emile Paul Decok, Vila Olinda II, Campo de Santana, Curitiba, Paraná, Região Sul, 81490-090, Brasil",,residential,169645476,
fa48ea4c02bb8558,2025,11/02/2025,Drenagem,Alagamentos,Concluído,Raggi Izar,HAUER,Unidade Regional Boqueirao,Portal,True,False,1,pronto_para_geocodificar,none,"Candidato a geocodificacao; nao e coordenada, rotulo ou evidencia de treino.","Nao usar como ground truth, escore ou variavel derivada do rotulo.","Raggi Izar, HAUER, Curitiba, PR, Brasil",strong,-25.4864741,-49.2616381,"Rua Raggi Izar, Hauer, Curitiba, Paraná, Região Sul, 81630-140, Brasil",,residential,85042403,
aebf7eb267ea8138,2025,14/02/2025,Drenagem,Alagamentos,Concluído,Cleto da Silva,BOQUEIRAO,Unidade Regional Boqueirao,Portal,True,False,1,pronto_para_geocodificar,none,"Candidato a geocodificacao; nao e coordenada, rotulo ou evidencia de treino.","Nao usar como ground truth, escore ou variavel derivada do rotulo.","Cleto da Silva, BOQUEIRAO, Curitiba, PR, Brasil",strong,-25.490251,-49.2486366,"Rua Cleto da Silva, Boqueirão, Curitiba, Paraná, Região Sul, 81670-090, Brasil",,residential,84999467,
c9383e5c1704caa4,2025,18/02/2025,Drenagem,Alagamentos,Concluído,O Brasil para Cristo,BOQUEIRAO,Unidade Regional Boqueirao,Mobile,True,False,1,pronto_para_geocodificar,none,"Candidato a geocodificacao; nao e coordenada, rotulo ou evidencia de treino.","Nao usar como ground truth, escore ou variavel derivada do rotulo.","O Brasil para Cristo, BOQUEIRAO, Curitiba, PR, Brasil",strong,-25.5098565,-49.2237692,"Rua O Brasil para Cristo, Boqueirão, Curitiba, Paraná, Região Sul, 81730-080, Brasil",,residential,60154478,
fb2588f9a5658eb7,2025,27/02/2025,Drenagem,Alagamentos,Concluído,Adão Picussa Netto,BOQUEIRAO,Unidade Regional Boqueirao,Telefone,True,False,1,pronto_para_geocodificar,none,"Candidato a geocodificacao; nao e coordenada, rotulo ou evidencia de treino.","Nao usar como ground truth, escore ou variavel derivada do rotulo.","Adão Picussa Netto, BOQUEIRAO, Curitiba, PR, Brasil",strong,-25.5077322,-49.2183521,"Rua Adão Picussa Netto, Boqueirão, Curitiba, Paraná, Região Sul, 81730-150, Brasil",,residential,85573749,
9e89aee5f63a1b8a,2025,27/02/2025,Drenagem,Alagamentos,Concluído,RUA ITAÚNA DO SUL,ALTO BOQUEIRAO,Unidade Regional Boqueirao,Telefone,True,False,1,pronto_para_geocodificar,none,"Candidato a geocodificacao; nao e coordenada, rotulo ou evidencia de treino.","Nao usar como ground truth, escore ou variavel derivada do rotulo.","RUA ITAÚNA DO SUL, ALTO BOQUEIRAO, Curitiba, PR, Brasil",strong,-25.530914,-49.2342574,"Rua Itaúna do Sul, Alto Boqueirão, Curitiba, Paraná, Região Sul, 81770-440, Brasil",,residential,126814876,
ffb9dec21cfdaa3b,2025,28/02/2025,Drenagem,Alagamentos,Concluído,Doutor Heleno da Silveira,BOQUEIRAO,Unidade Regional Boqueirao,Portal,True,False,1,pronto_para_geocodificar,none,"Candidato a geocodificacao; nao e coordenada, rotulo ou evidencia de treino.","Nao usar como ground truth, escore ou variavel derivada do rotulo.","Doutor Heleno da Silveira, BOQUEIRAO, Curitiba, PR, Brasil",strong,-25.5161439,-49.2344051,"Rua Doutor Heleno da Silveira, Boqueirão, Curitiba, Paraná, Região Sul, 81750-420, Brasil",,residential,85231824,
801719bbe648f82a,2025,15/04/2025,Drenagem,Alagamentos,Concluído,RUA FRANCISCO DEROSSO,XAXIM,Unidade Regional Boqueirao,Telefone,True,False,1,pronto_para_geocodificar,none,"Candidato a geocodificacao; nao e coordenada, rotulo ou evidencia de treino.","Nao usar como ground truth, escore ou variavel derivada do rotulo.","RUA FRANCISCO DEROSSO, XAXIM, Curitiba, PR, Brasil",strong,-25.4967415,-49.2693544,"Rua Francisco Derosso, Xaxim, Curitiba, Paraná, Região Sul, 81810-440, Brasil",,secondary,409615467,
596f43dade331e9f,2025,22/01/2025,Drenagem,Alagamentos,Concluído,RUA DOUTOR ALEXANDRE GUTIERREZ,AGUA VERDE,Unidade Regional Portao,Telefone,True,False,1,pronto_para_geocodificar,none,"Candidato a geocodificacao; nao e coordenada, rotulo ou evidencia de treino.","Nao usar como ground truth, escore ou variavel derivada do rotulo.","RUA DOUTOR ALEXANDRE GUTIERREZ, AGUA VERDE, Curitiba, PR, Brasil",strong,-25.4516069,-49.2835701,"Rua Doutor Alexandre Gutierrez, Água Verde, Curitiba, Paraná, Região Sul, 80620-200, Brasil",,residential,52708928,
c96820ad0bf456b7,2025,24/01/2025,Drenagem,Alagamentos,Concluído,Rosamélia de Oliveira,CAMPO COMPRIDO,Unidade Regional Portao,Portal,True,False,1,pronto_para_geocodificar,none,"Candidato a geocodificacao; nao e coordenada, rotulo ou evidencia de treino.","Nao usar como ground truth, escore ou variavel derivada do rotulo.","Rosamélia de Oliveira, CAMPO COMPRIDO, Curitiba, PR, Brasil",strong,-25.4581123,-49.3299862,"Rua Rosamélia de Oliveira, Campo Comprido, Curitiba, Paraná, Região Sul, 81230-162, Brasil",,residential,158243350,
8a6e60ff17c37f26,2025,03/02/2025,Drenagem,Alagamentos,Concluído,RUA VICENTE CELESTINO,FAZENDINHA,Unidade Regional Portao,Telefone,True,False,1,pronto_para_geocodificar,none,"Candidato a geocodificacao; nao e coordenada, rotulo ou evidencia de treino.","Nao usar como ground truth, escore ou variavel derivada do rotulo.","RUA VICENTE CELESTINO, FAZENDINHA, Curitiba, PR, Brasil",strong,-25.4830922,-49.3250457,"Rua Vicente Celestino, Fazendinha, Curitiba, Paraná, Região Sul, 81330-170, Brasil",,residential,124782819,
409a656d8904c88d,2025,03/02/2025,Drenagem,Alagamentos,Concluído,Rosamélia de Oliveira,CAMPO COMPRIDO,Unidade Regional Portao,Portal,True,False,1,pronto_para_geocodificar,none,"Candidato a geocodificacao; nao e coordenada, rotulo ou evidencia de treino.","Nao usar como ground truth, escore ou variavel derivada do rotulo.","Rosamélia de Oliveira, CAMPO COMPRIDO, Curitiba, PR, Brasil",strong,-25.4581123,-49.3299862,"Rua Rosamélia de Oliveira, Campo Comprido, Curitiba, Paraná, Região Sul, 81230-162, Brasil",,residential,158243350,
d63210fdb9ad8cec,2025,04/02/2025,Drenagem,Alagamentos,Concluído,Rosamélia de Oliveira,CAMPO COMPRIDO,Unidade Regional Portao,Portal,True,False,3,pronto_para_geocodificar,none,"Candidato a geocodificacao; nao e coordenada, rotulo ou evidencia de treino.","Nao usar como ground truth, escore ou variavel derivada do rotulo.","Rosamélia de Oliveira, CAMPO COMPRIDO, Curitiba, PR, Brasil",strong,-25.4581123,-49.3299862,"Rua Rosamélia de Oliveira, Campo Comprido, Curitiba, Paraná, Região Sul, 81230-162, Brasil",,residential,158243350,
d63210fdb9ad8cec,2025,04/02/2025,Drenagem,Alagamentos,Concluído,Rosamélia de Oliveira,CAMPO COMPRIDO,Unidade Regional Portao,Portal,True,False,3,pronto_para_geocodificar,none,"Candidato a geocodificacao; nao e coordenada, rotulo ou evidencia de treino.","Nao usar como ground truth, escore ou variavel derivada do rotulo.","Rosamélia de Oliveira, CAMPO COMPRIDO, Curitiba, PR, Brasil",strong,-25.4581123,-49.3299862,"Rua Rosamélia de Oliveira, Campo Comprido, Curitiba, Paraná, Região Sul, 81230-162, Brasil",,residential,158243350,
d63210fdb9ad8cec,2025,04/02/2025,Drenagem,Alagamentos,Concluído,Rosamélia de Oliveira,CAMPO COMPRIDO,Unidade Regional Portao,Portal,True,False,3,pronto_para_geocodificar,none,"Candidato a geocodificacao; nao e coordenada, rotulo ou evidencia de treino.","Nao usar como ground truth, escore ou variavel derivada do rotulo.","Rosamélia de Oliveira, CAMPO COMPRIDO, Curitiba, PR, Brasil",strong,-25.4581123,-49.3299862,"Rua Rosamélia de Oliveira, Campo Comprido, Curitiba, Paraná, Região Sul, 81230-162, Brasil",,residential,158243350,
d63f1fbd65144590,2025,05/02/2025,Drenagem,Alagamentos,Concluído,Rosamélia de Oliveira,CAMPO COMPRIDO,Unidade Regional Portao,Portal,True,False,3,pronto_para_geocodificar,none,"Candidato a geocodificacao; nao e coordenada, rotulo ou evidencia de treino.","Nao usar como ground truth, escore ou variavel derivada do rotulo.","Rosamélia de Oliveira, CAMPO COMPRIDO, Curitiba, PR, Brasil",strong,-25.4581123,-49.3299862,"Rua Rosamélia de Oliveira, Campo Comprido, Curitiba, Paraná, Região Sul, 81230-162, Brasil",,residential,158243350,
d63f1fbd65144590,2025,05/02/2025,Drenagem,Alagamentos,Concluído,Rosamélia de Oliveira,CAMPO COMPRIDO,Unidade Regional Portao,Portal,True,False,3,pronto_para_geocodificar,none,"Candidato a geocodificacao; nao e coordenada, rotulo ou evidencia de treino.","Nao usar como ground truth, escore ou variavel derivada do rotulo.","Rosamélia de Oliveira, CAMPO COMPRIDO, Curitiba, PR, Brasil",strong,-25.4581123,-49.3299862,"Rua Rosamélia de Oliveira, Campo Comprido, Curitiba, Paraná, Região Sul, 81230-162, Brasil",,residential,158243350,
d63f1fbd65144590,2025,05/02/2025,Drenagem,Alagamentos,Concluído,Rosamélia de Oliveira,CAMPO COMPRIDO,Unidade Regional Portao,Portal,True,False,3,pronto_para_geocodificar,none,"Candidato a geocodificacao; nao e coordenada, rotulo ou evidencia de treino.","Nao usar como ground truth, escore ou variavel derivada do rotulo.","Rosamélia de Oliveira, CAMPO COMPRIDO, Curitiba, PR, Brasil",strong,-25.4581123,-49.3299862,"Rua Rosamélia de Oliveira, Campo Comprido, Curitiba, Paraná, Região Sul, 81230-162, Brasil",,residential,158243350,
207e4ac6471e5fe1,2025,06/02/2025,Drenagem,Alagamentos,Concluído,Rosamélia de Oliveira,CAMPO COMPRIDO,Unidade Regional Portao,Portal,True,False,1,pronto_para_geocodificar,none,"Candidato a geocodificacao; nao e coordenada, rotulo ou evidencia de treino.","Nao usar como ground truth, escore ou variavel derivada do rotulo.","Rosamélia de Oliveira, CAMPO COMPRIDO, Curitiba, PR, Brasil",strong,-25.4581123,-49.3299862,"Rua Rosamélia de Oliveira, Campo Comprido, Curitiba, Paraná, Região Sul, 81230-162, Brasil",,residential,158243350,
36affbd22f081270,2025,25/02/2025,Drenagem,Alagamentos,Concluído,RUA CARLOS KLEMTZ,FAZENDINHA,Unidade Regional Portao,Telefone,True,False,1,pronto_para_geocodificar,none,"Candidato a geocodificacao; nao e coordenada, rotulo ou evidencia de treino.","Nao usar como ground truth, escore ou variavel derivada do rotulo.","RUA CARLOS KLEMTZ, FAZENDINHA, Curitiba, PR, Brasil",strong,-25.4782724,-49.3295372,"Rua Carlos Klemtz, Fazendinha, Curitiba, Paraná, Região Sul, 81330-300, Brasil",,secondary,121817694,
1c93c668abf3ca54,2025,11/04/2025,Drenagem,Alagamentos,Concluído,Augusto de Mari,GUAIRA,Unidade Regional Portao,Portal,True,False,1,pronto_para_geocodificar,none,"Candidato a geocodificacao; nao e coordenada, rotulo ou evidencia de treino.","Nao usar como ground truth, escore ou variavel derivada do rotulo.","Augusto de Mari, GUAIRA, Curitiba, PR, Brasil",strong,-25.4687097,-49.2790975,"Rua Augusto de Mari, Guaíra, Curitiba, Paraná, Região Sul, 80630-000, Brasil",,residential,48310682,
5e40042be350365e,2025,26/08/2025,Drenagem,Alagamentos,Concluído,Pará,AGUA VERDE,Unidade Regional Portao,Portal,True,False,1,pronto_para_geocodificar,none,"Candidato a geocodificacao; nao e coordenada, rotulo ou evidencia de treino.","Nao usar como ground truth, escore ou variavel derivada do rotulo.","Pará, AGUA VERDE, Curitiba, PR, Brasil",strong,-25.4672731,-49.283712,"Rua Pará, Água Verde, Curitiba, Paraná, Região Sul, 80610-020, Brasil",,residential,48310684,
9697270ebf6d4c7d,2025,11/09/2025,Drenagem,Alagamentos,Concluído,Delegado Trindade,SANTA QUITERIA,Unidade Regional Portao,Portal,True,False,1,pronto_para_geocodificar,none,"Candidato a geocodificacao; nao e coordenada, rotulo ou evidencia de treino.","Nao usar como ground truth, escore ou variavel derivada do rotulo.","Delegado Trindade, SANTA QUITERIA, Curitiba, PR, Brasil",strong,-25.4546581,-49.3096852,"Rua Delegado Trindade, Santa Quitéria, Curitiba, Paraná, Região Sul, 80310-430, Brasil",,residential,129141985,
20a7fb267041fc04,2025,23/11/2025,Drenagem,Alagamentos,Concluído,RUA BRIGADEIRO FRANCO,PAROLIN,Unidade Regional Portao,Portal,True,False,2,pronto_para_geocodificar,none,"Candidato a geocodificacao; nao e coordenada, rotulo ou evidencia de treino.","Nao usar como ground truth, escore ou variavel derivada do rotulo.","RUA BRIGADEIRO FRANCO, PAROLIN, Curitiba, PR, Brasil",strong,-25.4612566,-49.2668905,"Rua Brigadeiro Franco, Parolin, Curitiba, Paraná, Região Sul, 80220-081, Brasil",,secondary,122741943,
df1d1e8c4798cd91,2025,19/02/2025,Drenagem,Alagamentos,Concluído,RUA SILVIO PIOTTO,ORLEANS,Unidade Regional Santa Felicidade,Portal,True,False,1,pronto_para_geocodificar,none,"Candidato a geocodificacao; nao e coordenada, rotulo ou evidencia de treino.","Nao usar como ground truth, escore ou variavel derivada do rotulo.","RUA SILVIO PIOTTO, ORLEANS, Curitiba, PR, Brasil",medium,-25.4284385,-49.3575305,"Orleans, Curitiba, Paraná, Região Sul, Brasil",,administrative,3955679,fallback_bairro_apos_rua_sem_resultado_em_bbox
a0dca1389a3cccf6,2025,21/05/2025,Drenagem,Alagamentos,Concluído,RUA EMÍLIO BORDENOSKI,VISTA ALEGRE,Unidade Regional Santa Felicidade,Telefone,True,False,1,pronto_para_geocodificar,none,"Candidato a geocodificacao; nao e coordenada, rotulo ou evidencia de treino.","Nao usar como ground truth, escore ou variavel derivada do rotulo.","RUA EMÍLIO BORDENOSKI, VISTA ALEGRE, Curitiba, PR, Brasil",strong,-25.411538,-49.2999602,"Rua Emílio Bordenoski, Vista Alegre, Curitiba, Paraná, Região Sul, 80820-390, Brasil",,residential,149724954,
86de7774c81d203d,2025,06/06/2025,Drenagem,Alagamentos,Concluído,AVENIDA MANOEL RIBAS,BUTIATUVINHA,Unidade Regional Santa Felicidade,Portal,True,False,1,pronto_para_geocodificar,none,"Candidato a geocodificacao; nao e coordenada, rotulo ou evidencia de treino.","Nao usar como ground truth, escore ou variavel derivada do rotulo.","AVENIDA MANOEL RIBAS, BUTIATUVINHA, Curitiba, PR, Brasil",strong,-25.392013,-49.351697,"Avenida Manoel Ribas, Butiatuvinha, Curitiba, Paraná, Região Sul, 82320-750, Brasil",,primary,945716784,
2dac4c72c9e7be5b,2025,12/12/2025,Drenagem,Alagamentos,Concluído,Rua Engenheiro Roberto Guilherme Pereira Leite,VISTA ALEGRE,Unidade Regional Santa Felicidade,Telefone,True,False,1,pronto_para_geocodificar,none,"Candidato a geocodificacao; nao e coordenada, rotulo ou evidencia de treino.","Nao usar como ground truth, escore ou variavel derivada do rotulo.","Rua Engenheiro Roberto Guilherme Pereira Leite, VISTA ALEGRE, Curitiba, PR, Brasil",strong,-25.408058,-49.2867172,"Rua Engenheiro Roberto Guilherme Pereira Leite, Vista Alegre, Curitiba, Paraná, Região Sul, 80820-240, Brasil",,residential,30049744,
323aafb3d4456763,2025,05/02/2025,Drenagem,Alagamentos,Concluído,RUA JOÃO STENZOWSKI,NOVO MUNDO,Unidade Regional Pinheirinho,Telefone,True,False,1,pronto_para_geocodificar,none,"Candidato a geocodificacao; nao e coordenada, rotulo ou evidencia de treino.","Nao usar como ground truth, escore ou variavel derivada do rotulo.","RUA JOÃO STENZOWSKI, NOVO MUNDO, Curitiba, PR, Brasil",strong,-25.4852809,-49.2862576,"Rua João Stenzowski, Novo Mundo, Curitiba, Paraná, Região Sul, 81030-410, Brasil",,residential,126301940,
fb9f84071ff6fea3,2025,18/02/2025,Drenagem,Alagamentos,Concluído,Nicolau Serrato Sobrinho,NOVO MUNDO,Unidade Regional Pinheirinho,Portal,True,False,1,pronto_para_geocodificar,none,"Candidato a geocodificacao; nao e coordenada, rotulo ou evidencia de treino.","Nao usar como ground truth, escore ou variavel derivada do rotulo.","Nicolau Serrato Sobrinho, NOVO MUNDO, Curitiba, PR, Brasil",strong,-25.4860845,-49.2857787,"Rua Nicolau Serrato Sobrinho, Novo Mundo, Curitiba, Paraná, Região Sul, 81020-410, Brasil",,residential,48310690,
3b4cb6c7036d2e3b,2025,18/02/2025,Drenagem,Alagamentos,Concluído,Rua Conde Dos Arcos,LINDOIA,Unidade Regional Pinheirinho,Telefone,True,False,1,pronto_para_geocodificar,none,"Candidato a geocodificacao; nao e coordenada, rotulo ou evidencia de treino.","Nao usar como ground truth, escore ou variavel derivada do rotulo.","Rua Conde Dos Arcos, LINDOIA, Curitiba, PR, Brasil",strong,-25.4787568,-49.2738188,"Rua Conde dos Arcos, Lindóia, Curitiba, Paraná, Região Sul, 81010-001, Brasil",,residential,126274284,
99eb716a0bd4b82a,2025,06/03/2025,Drenagem,Alagamentos,Concluído,Delegado Naby Paraná,CAPAO RASO,Unidade Regional Pinheirinho,Portal,True,False,1,pronto_para_geocodificar,none,"Candidato a geocodificacao; nao e coordenada, rotulo ou evidencia de treino.","Nao usar como ground truth, escore ou variavel derivada do rotulo.","Delegado Naby Paraná, CAPAO RASO, Curitiba, PR, Brasil",strong,-25.4975315,-49.2906193,"Rua Delegado Naby Paraná, Capão Raso, Curitiba, Paraná, Região Sul, 81110-110, Brasil",,residential,33037220,
300a518ee90fc5a0,2025,21/05/2025,Drenagem,Alagamentos,Concluído,José Ferreira Barros,FANNY,Unidade Regional Pinheirinho,Portal,True,False,1,pronto_para_geocodificar,none,"Candidato a geocodificacao; nao e coordenada, rotulo ou evidencia de treino.","Nao usar como ground truth, escore ou variavel derivada do rotulo.","José Ferreira Barros, FANNY, Curitiba, PR, Brasil",strong,-25.4865848,-49.2739445,"Rua José Ferreira de Barros, Fanny, Curitiba, Paraná, Região Sul, 81030-330, Brasil",,residential,126271628,
71635abb479043d9,2025,04/06/2025,Drenagem,Alagamentos,Concluído,RUA CAROLINA CASTELLI,NOVO MUNDO,Unidade Regional Pinheirinho,Telefone,True,False,1,pronto_para_geocodificar,none,"Candidato a geocodificacao; nao e coordenada, rotulo ou evidencia de treino.","Nao usar como ground truth, escore ou variavel derivada do rotulo.","RUA CAROLINA CASTELLI, NOVO MUNDO, Curitiba, PR, Brasil",strong,-25.4882034,-49.3126694,"Rua Carolina Castelli, Área Administrativa AMA. Vila Maria e Uberlândia, Novo Mundo, Curitiba, Paraná, Região Sul, 81050-450, Brasil",,residential,42802264,
eb0a2b385668f2f3,2025,29/01/2025,Drenagem,Alagamentos,Concluído,Estrada da Graciosa,BAIRRO ALTO,Unidade Regional Boa Vista,Portal,True,False,1,pronto_para_geocodificar,none,"Candidato a geocodificacao; nao e coordenada, rotulo ou evidencia de treino.","Nao usar como ground truth, escore ou variavel derivada do rotulo.","Estrada da Graciosa, BAIRRO ALTO, Curitiba, PR, Brasil",medium,-25.4058225,-49.2076602,"Bairro Alto, Curitiba, Paraná, Região Sul, 82840-160, Brasil",,suburb,3012393446,fallback_bairro_apos_rua_sem_resultado_em_bbox
f7f433c8037acb91,2025,13/02/2025,Drenagem,Alagamentos,Concluído,David Geronasso,BOA VISTA,Unidade Regional Boa Vista,Portal,True,False,2,pronto_para_geocodificar,none,"Candidato a geocodificacao; nao e coordenada, rotulo ou evidencia de treino.","Nao usar como ground truth, escore ou variavel derivada do rotulo.","David Geronasso, BOA VISTA, Curitiba, PR, Brasil",strong,-25.3911577,-49.2506514,"Rua David Geronasso, Boa Vista, Curitiba, Paraná, Região Sul, 82540-050, Brasil",,residential,35971380,
f7f433c8037acb91,2025,13/02/2025,Drenagem,Alagamentos,Concluído,David Geronasso,BOA VISTA,Unidade Regional Boa Vista,Portal,True,False,2,pronto_para_geocodificar,none,"Candidato a geocodificacao; nao e coordenada, rotulo ou evidencia de treino.","Nao usar como ground truth, escore ou variavel derivada do rotulo.","David Geronasso, BOA VISTA, Curitiba, PR, Brasil",strong,-25.3911577,-49.2506514,"Rua David Geronasso, Boa Vista, Curitiba, Paraná, Região Sul, 82540-050, Brasil",,residential,35971380,
81bf0cef11939b9b,2025,14/02/2025,Drenagem,Alagamentos,Concluído,Monsenhor Isidoro Mikosz,CACHOEIRA,Unidade Regional Boa Vista,Portal,True,False,3,pronto_para_geocodificar,none,"Candidato a geocodificacao; nao e coordenada, rotulo ou evidencia de treino.","Nao usar como ground truth, escore ou variavel derivada do rotulo.","Monsenhor Isidoro Mikosz, CACHOEIRA, Curitiba, PR, Brasil",strong,-25.3598731,-49.2660775,"Rua Monsenhor Isidoro Mikosz, Cachoeira, Curitiba, Paraná, Região Sul, 82220-010, Brasil",,residential,162220962,
81bf0cef11939b9b,2025,14/02/2025,Drenagem,Alagamentos,Concluído,Monsenhor Isidoro Mikosz,CACHOEIRA,Unidade Regional Boa Vista,Portal,True,False,3,pronto_para_geocodificar,none,"Candidato a geocodificacao; nao e coordenada, rotulo ou evidencia de treino.","Nao usar como ground truth, escore ou variavel derivada do rotulo.","Monsenhor Isidoro Mikosz, CACHOEIRA, Curitiba, PR, Brasil",strong,-25.3598731,-49.2660775,"Rua Monsenhor Isidoro Mikosz, Cachoeira, Curitiba, Paraná, Região Sul, 82220-010, Brasil",,residential,162220962,
81bf0cef11939b9b,2025,14/02/2025,Drenagem,Alagamentos,Concluído,Monsenhor Isidoro Mikosz,CACHOEIRA,Unidade Regional Boa Vista,Portal,True,False,3,pronto_para_geocodificar,none,"Candidato a geocodificacao; nao e coordenada, rotulo ou evidencia de treino.","Nao usar como ground truth, escore ou variavel derivada do rotulo.","Monsenhor Isidoro Mikosz, CACHOEIRA, Curitiba, PR, Brasil",strong,-25.3598731,-49.2660775,"Rua Monsenhor Isidoro Mikosz, Cachoeira, Curitiba, Paraná, Região Sul, 82220-010, Brasil",,residential,162220962,
8a43885b09d956b7,2025,18/02/2025,Drenagem,Alagamentos,Concluído,RUA AUGUSTO DOS ANJOS,ABRANCHES,Unidade Regional Boa Vista,Telefone,True,False,1,pronto_para_geocodificar,none,"Candidato a geocodificacao; nao e coordenada, rotulo ou evidencia de treino.","Nao usar como ground truth, escore ou variavel derivada do rotulo.","RUA AUGUSTO DOS ANJOS, ABRANCHES, Curitiba, PR, Brasil",strong,-25.3666473,-49.2683447,"Rua Augusto dos Anjos, Abranches, Curitiba, Paraná, Região Sul, 82220-330, Brasil",,residential,161237405,
13a134ace5d58904,2025,12/03/2025,Drenagem,Alagamentos,Concluído,RUA MARECHAL ANOR TEIXEIRA DOS SANTOS,BOA VISTA,Unidade Regional Boa Vista,Telefone,True,False,1,pronto_para_geocodificar,none,"Candidato a geocodificacao; nao e coordenada, rotulo ou evidencia de treino.","Nao usar como ground truth, escore ou variavel derivada do rotulo.","RUA MARECHAL ANOR TEIXEIRA DOS SANTOS, BOA VISTA, Curitiba, PR, Brasil",strong,-25.3807226,-49.2452084,"Rua Marechal Anor Teixeira dos Santos, Boa Vista, Curitiba, Paraná, Região Sul, 82650-090, Brasil",,residential,162217228,
1b7fb346384255bb,2025,12/03/2025,Drenagem,Alagamentos,Concluído,RUA MERCEDES SEILER ROCHA,BACACHERI,Unidade Regional Boa Vista,Telefone,True,False,1,pronto_para_geocodificar,none,"Candidato a geocodificacao; nao e coordenada, rotulo ou evidencia de treino.","Nao usar como ground truth, escore ou variavel derivada do rotulo.","RUA MERCEDES SEILER ROCHA, BACACHERI, Curitiba, PR, Brasil",strong,-25.4090927,-49.222449,"Rua Mercedes Seiler Rocha, Bacacheri, Curitiba, Paraná, Região Sul, 82520-620, Brasil",,secondary,69413613,
129bef2a1b327def,2025,20/03/2025,Drenagem,Alagamentos,Concluído,RUA JACOB PAYKALA,ATUBA,Unidade Regional Boa Vista,Telefone,True,False,1,pronto_para_geocodificar,none,"Candidato a geocodificacao; nao e coordenada, rotulo ou evidencia de treino.","Nao usar como ground truth, escore ou variavel derivada do rotulo.","RUA JACOB PAYKALA, ATUBA, Curitiba, PR, Brasil",strong,-25.3722482,-49.209536,"Rua Jacob Paykala, Atuba, Curitiba, Paraná, Região Sul, 83404-010, Brasil",,residential,432554654,
bf82765ed032987b,2025,21/03/2025,Drenagem,Alagamentos,Concluído,Doutor Benedito Amorim,SANTA CANDIDA,Unidade Regional Boa Vista,Portal,True,False,2,pronto_para_geocodificar,none,"Candidato a geocodificacao; nao e coordenada, rotulo ou evidencia de treino.","Nao usar como ground truth, escore ou variavel derivada do rotulo.","Doutor Benedito Amorim, SANTA CANDIDA, Curitiba, PR, Brasil",strong,-25.3776199,-49.2362535,"Rua Doutor Benedito Amorim, Santa Cândida, Curitiba, Paraná, Região Sul, 82640-390, Brasil",,residential,127195087,
011d913bd2483cf8,2025,08/05/2025,Drenagem,Alagamentos,Concluído,AVENIDA MARECHAL MASCARENHAS DE MORAES,ATUBA,Unidade Regional Boa Vista,Telefone,True,False,1,pronto_para_geocodificar,none,"Candidato a geocodificacao; nao e coordenada, rotulo ou evidencia de treino.","Nao usar como ground truth, escore ou variavel derivada do rotulo.","AVENIDA MARECHAL MASCARENHAS DE MORAES, ATUBA, Curitiba, PR, Brasil",medium,-25.3835792,-49.2175614,"Avenida Marechal Mascarenhas de Moraes, Atuba, Curitiba, Paraná, Região Sul, 82620-300, Brasil",,trunk,231751467,
a0759c83ff63d4d1,2025,10/07/2025,Drenagem,Alagamentos,Concluído,RUA SOFIA DUBIELLA,ABRANCHES,Unidade Regional Boa Vista,Telefone,True,False,1,pronto_para_geocodificar,none,"Candidato a geocodificacao; nao e coordenada, rotulo ou evidencia de treino.","Nao usar como ground truth, escore ou variavel derivada do rotulo.","RUA SOFIA DUBIELLA, ABRANCHES, Curitiba, PR, Brasil",strong,-25.3747273,-49.2701539,"Rua Sofia Dubiella, Abranches, Curitiba, Paraná, Região Sul, 82220-330, Brasil",,residential,162043596,
b44ccb2e0ae429e9,2025,29/07/2025,Drenagem,Alagamentos,Concluído,RUA THEODORO MAKIOLKA,SANTA CANDIDA,Unidade Regional Boa Vista,Telefone,True,False,1,pronto_para_geocodificar,none,"Candidato a geocodificacao; nao e coordenada, rotulo ou evidencia de treino.","Nao usar como ground truth, escore ou variavel derivada do rotulo.","RUA THEODORO MAKIOLKA, SANTA CANDIDA, Curitiba, PR, Brasil",strong,-25.3734214,-49.2264545,"Rua Theodoro Makiolka, Santa Cândida, Curitiba, Paraná, Região Sul, 82620-360, Brasil",,secondary,945098889,
7364dcac5dd80cbe,2025,29/07/2025,Drenagem,Alagamentos,Concluído,RUA DINARTE DE JESUS,PILARZINHO,Unidade Regional Boa Vista,Telefone,True,False,1,pronto_para_geocodificar,none,"Candidato a geocodificacao; nao e coordenada, rotulo ou evidencia de treino.","Nao usar como ground truth, escore ou variavel derivada do rotulo.","RUA DINARTE DE JESUS, PILARZINHO, Curitiba, PR, Brasil",strong,-25.386952,-49.2892903,"Rua Dinarte de Jesus, Pilarzinho, Curitiba, Paraná, Região Sul, 82110-350, Brasil",,residential,162001466,
3e6ca7d31a7a8806,2025,31/07/2025,Drenagem,Alagamentos,Concluído,RUA PRIMEIRO MINISTRO BROCHADO DA ROCHA,PILARZINHO,Unidade Regional Boa Vista,Telefone,True,False,1,pronto_para_geocodificar,none,"Candidato a geocodificacao; nao e coordenada, rotulo ou evidencia de treino.","Nao usar como ground truth, escore ou variavel derivada do rotulo.","RUA PRIMEIRO MINISTRO BROCHADO DA ROCHA, PILARZINHO, Curitiba, PR, Brasil",strong,-25.395747,-49.282243,"Rua Primeiro-Ministro Brochado da Rocha, Pilarzinho, Curitiba, Paraná, Região Sul, 82110-000, Brasil",,tertiary,150298857,
487d75cf4a681cb3,2025,26/08/2025,Drenagem,Alagamentos,Concluído,João Havro,BOA VISTA,Unidade Regional Boa Vista,Portal,True,False,1,pronto_para_geocodificar,none,"Candidato a geocodificacao; nao e coordenada, rotulo ou evidencia de treino.","Nao usar como ground truth, escore ou variavel derivada do rotulo.","João Havro, BOA VISTA, Curitiba, PR, Brasil",strong,-25.3844904,-49.2531984,"Rua João Havro, Boa Vista, Curitiba, Paraná, Região Sul, 82540-050, Brasil",,residential,35983077,
d775648cb9566149,2025,28/08/2025,Drenagem,Alagamentos,Concluído,RUA JORNALISTA GERALDO RUSSE,PILARZINHO,Unidade Regional Boa Vista,Telefone,True,False,1,pronto_para_geocodificar,none,"Candidato a geocodificacao; nao e coordenada, rotulo ou evidencia de treino.","Nao usar como ground truth, escore ou variavel derivada do rotulo.","RUA JORNALISTA GERALDO RUSSE, PILARZINHO, Curitiba, PR, Brasil",strong,-25.3894395,-49.2947375,"Rua Jornalista Geraldo Russe, Vila Nori - Jardim Cosmos, Pilarzinho, Curitiba, Paraná, Região Sul, 82100-510, Brasil",,residential,150296279,
0105010383137578,2025,26/09/2025,Drenagem,Alagamentos,Concluído,RUA BENVENUTO GUSSO,BOA VISTA,Unidade Regional Boa Vista,Telefone,True,False,1,pronto_para_geocodificar,none,"Candidato a geocodificacao; nao e coordenada, rotulo ou evidencia de treino.","Nao usar como ground truth, escore ou variavel derivada do rotulo.","RUA BENVENUTO GUSSO, BOA VISTA, Curitiba, PR, Brasil",strong,-25.3879479,-49.2517276,"Rua Benvenuto Gusso, Boa Vista, Curitiba, Paraná, Região Sul, 82540-050, Brasil",,residential,35983195,
05fd14223f968a5d,2025,14/11/2025,Drenagem,Alagamentos,Concluído,RUA MATEUS LEME,SAO LOURENCO,Unidade Regional Boa Vista,Portal,True,False,1,pronto_para_geocodificar,none,"Candidato a geocodificacao; nao e coordenada, rotulo ou evidencia de treino.","Nao usar como ground truth, escore ou variavel derivada do rotulo.","RUA MATEUS LEME, SAO LOURENCO, Curitiba, PR, Brasil",strong,-25.3929078,-49.2695016,"Rua Mateus Leme, São Lourenço, Curitiba, Paraná, Região Sul, 82200-000, Brasil",,primary,289829639,
5284a0f4b173c864,2025,28/01/2025,Drenagem,Alagamentos,Concluído,RUA MARIA BARCHIKI CHINASSO,CAJURU,Unidade Regional Cajuru,Telefone,True,False,1,pronto_para_geocodificar,none,"Candidato a geocodificacao; nao e coordenada, rotulo ou evidencia de treino.","Nao usar como ground truth, escore ou variavel derivada do rotulo.","RUA MARIA BARCHIKI CHINASSO, CAJURU, Curitiba, PR, Brasil",strong,-25.4686433,-49.1895979,"Rua Maria Barchiki Chinasso, Vila Acrópole Agrícola, Cajuru, Curitiba, Paraná, Região Sul, 82980-100, Brasil",,residential,398543315,
d43f69e951adee9e,2025,13/02/2025,Drenagem,Alagamentos,Concluído,RUA PADRE ARNALDO JANSSEN,CAJURU,Unidade Regional Cajuru,Telefone,True,False,2,pronto_para_geocodificar,none,"Candidato a geocodificacao; nao e coordenada, rotulo ou evidencia de treino.","Nao usar como ground truth, escore ou variavel derivada do rotulo.","RUA PADRE ARNALDO JANSSEN, CAJURU, Curitiba, PR, Brasil",strong,-25.4725842,-49.194381,"Rua Padre Arnaldo Janssen, Cajuru, Curitiba, Paraná, Região Sul, 82980-130, Brasil",,residential,163153938,
39e5cf85d1257cf5,2025,13/02/2025,Drenagem,Alagamentos,Concluído,Rua Aviador Armin Buhrer,UBERABA,Unidade Regional Cajuru,Telefone,True,False,2,pronto_para_geocodificar,none,"Candidato a geocodificacao; nao e coordenada, rotulo ou evidencia de treino.","Nao usar como ground truth, escore ou variavel derivada do rotulo.","Rua Aviador Armin Buhrer, UBERABA, Curitiba, PR, Brasil",strong,-25.4934043,-49.2106096,"Rua Aviador Armin Buhrer, Uberaba, Curitiba, Paraná, Região Sul, 81560-560, Brasil",,residential,293855037,
e335ab76a44f0f45,2025,18/02/2025,Drenagem,Alagamentos,Concluído,RUA DOUTOR URBANO TONIOLO,CAJURU,Unidade Regional Cajuru,Telefone,True,False,2,pronto_para_geocodificar,none,"Candidato a geocodificacao; nao e coordenada, rotulo ou evidencia de treino.","Nao usar como ground truth, escore ou variavel derivada do rotulo.","RUA DOUTOR URBANO TONIOLO, CAJURU, Curitiba, PR, Brasil",strong,-25.4464725,-49.205096,"Rua Doutor Urbano Toniolo, Cajuru, Curitiba, Paraná, Região Sul, 82810-000, Brasil",,residential,163218374,
e8b2336c58729343,2025,21/02/2025,Drenagem,Alagamentos,Concluído,Ayrton Turra,CAJURU,Unidade Regional Cajuru,Portal,True,False,1,pronto_para_geocodificar,none,"Candidato a geocodificacao; nao e coordenada, rotulo ou evidencia de treino.","Nao usar como ground truth, escore ou variavel derivada do rotulo.","Ayrton Turra, CAJURU, Curitiba, PR, Brasil",strong,-25.4721014,-49.202044,"Rua Ayrton Turra, Cajuru, Curitiba, Paraná, Região Sul, 82970-232, Brasil",,residential,309131576,
5af66512cdf8352f,2025,27/02/2025,Drenagem,Alagamentos,Concluído,RUA DONA BARBARA CID,UBERABA,Unidade Regional Cajuru,Telefone,True,False,1,pronto_para_geocodificar,none,"Candidato a geocodificacao; nao e coordenada, rotulo ou evidencia de treino.","Nao usar como ground truth, escore ou variavel derivada do rotulo.","RUA DONA BARBARA CID, UBERABA, Curitiba, PR, Brasil",strong,-25.4929765,-49.2237722,"Rua Dona Bárbara Cid, Uberaba, Curitiba, Paraná, Região Sul, 81580-130, Brasil",,residential,125391119,
687c369cf86ad607,2025,07/03/2025,Drenagem,Alagamentos,Concluído,Padre Karol Dworaczek,CAJURU,Unidade Regional Cajuru,Portal,True,False,1,pronto_para_geocodificar,none,"Candidato a geocodificacao; nao e coordenada, rotulo ou evidencia de treino.","Nao usar como ground truth, escore ou variavel derivada do rotulo.","Padre Karol Dworaczek, CAJURU, Curitiba, PR, Brasil",medium,-25.4533496,-49.2130027,"Cajuru, Curitiba, Paraná, Região Sul, Brasil",,administrative,3882263,fallback_bairro_apos_rua_sem_resultado_em_bbox
c08b7c7185c0faf4,2025,22/04/2025,Drenagem,Alagamentos,Concluído,RUA EDUARDO COUTURE,JARDIM DAS AMERICAS,Unidade Regional Cajuru,Telefone,True,False,1,pronto_para_geocodificar,none,"Candidato a geocodificacao; nao e coordenada, rotulo ou evidencia de treino.","Nao usar como ground truth, escore ou variavel derivada do rotulo.","RUA EDUARDO COUTURE, JARDIM DAS AMERICAS, Curitiba, PR, Brasil",strong,-25.4634131,-49.2265627,"Rua Eduardo Couture, Jardim das Américas, Curitiba, Paraná, Região Sul, 81530-380, Brasil",,residential,56051046,
dc2091bd4daac770,2025,28/04/2025,Drenagem,Alagamentos,Concluído,AVENIDA CORONEL FRANCISCO H DOS SANTOS,JARDIM DAS AMERICAS,Unidade Regional Cajuru,Telefone,True,False,1,pronto_para_geocodificar,none,"Candidato a geocodificacao; nao e coordenada, rotulo ou evidencia de treino.","Nao usar como ground truth, escore ou variavel derivada do rotulo.","AVENIDA CORONEL FRANCISCO H DOS SANTOS, JARDIM DAS AMERICAS, Curitiba, PR, Brasil",medium,-25.4579236,-49.2296277,"Jardim das Américas, Curitiba, Paraná, Região Sul, Brasil",,administrative,4146392,fallback_bairro_apos_rua_sem_resultado_em_bbox
2762c1f32f7c7381,2025,28/04/2025,Drenagem,Alagamentos,Concluído,RUA RODOLPHO SENFF,JARDIM DAS AMERICAS,Unidade Regional Cajuru,Telefone,True,False,1,pronto_para_geocodificar,none,"Candidato a geocodificacao; nao e coordenada, rotulo ou evidencia de treino.","Nao usar como ground truth, escore ou variavel derivada do rotulo.","RUA RODOLPHO SENFF, JARDIM DAS AMERICAS, Curitiba, PR, Brasil",strong,-25.4574013,-49.2308505,"Rua Rodolpho Senff, Jardim das Américas, Curitiba, Paraná, Região Sul, 81530-200, Brasil",,residential,186823917,
5536de93f3fe05f1,2025,07/08/2025,Drenagem,Alagamentos,Concluído,RUA ARLINDO ARAÚJO SOBRINHO,GUABIROTUBA,Unidade Regional Cajuru,Telefone,True,False,1,pronto_para_geocodificar,none,"Candidato a geocodificacao; nao e coordenada, rotulo ou evidencia de treino.","Nao usar como ground truth, escore ou variavel derivada do rotulo.","RUA ARLINDO ARAÚJO SOBRINHO, GUABIROTUBA, Curitiba, PR, Brasil",strong,-25.4735955,-49.2398641,"Rua Arlindo Araújo Sobrinho, Guabirotuba, Curitiba, Paraná, Região Sul, 81510-001, Brasil",,residential,125387406,
9229e33ff1480aea,2025,13/10/2025,Drenagem,Alagamentos,Concluído,Custódio Borges de Andrade,CAJURU,Unidade Regional Cajuru,Portal,True,False,1,pronto_para_geocodificar,none,"Candidato a geocodificacao; nao e coordenada, rotulo ou evidencia de treino.","Nao usar como ground truth, escore ou variavel derivada do rotulo.","Custódio Borges de Andrade, CAJURU, Curitiba, PR, Brasil",strong,-25.4571775,-49.1962219,"Rua Custódio Borges de Andrade, Vila São Domingos Agrícola, Cajuru, Curitiba, Paraná, Região Sul, 82930-548, Brasil",,residential,364407969,
de6c5699ffb6f69f,2025,06/02/2025,Drenagem,Alagamentos,Concluído,RUA TIJUCAS DO SUL,SITIO CERCADO,Unidade Regional Bairro Novo,Telefone,True,False,2,pronto_para_geocodificar,none,"Candidato a geocodificacao; nao e coordenada, rotulo ou evidencia de treino.","Nao usar como ground truth, escore ou variavel derivada do rotulo.","RUA TIJUCAS DO SUL, SITIO CERCADO, Curitiba, PR, Brasil",strong,-25.543694,-49.2675489,"Rua Tijucas do Sul, Sítio Cercado, Curitiba, Paraná, Região Sul, 81925-070, Brasil",,secondary,106211390,
de6c5699ffb6f69f,2025,06/02/2025,Drenagem,Alagamentos,Concluído,RUA TIJUCAS DO SUL,SITIO CERCADO,Unidade Regional Bairro Novo,Telefone,True,False,2,pronto_para_geocodificar,none,"Candidato a geocodificacao; nao e coordenada, rotulo ou evidencia de treino.","Nao usar como ground truth, escore ou variavel derivada do rotulo.","RUA TIJUCAS DO SUL, SITIO CERCADO, Curitiba, PR, Brasil",strong,-25.543694,-49.2675489,"Rua Tijucas do Sul, Sítio Cercado, Curitiba, Paraná, Região Sul, 81925-070, Brasil",,secondary,106211390,
32f2145af311f00e,2025,11/04/2025,Drenagem,Alagamentos,Concluído,Doutor Lauro Gentio Portugal Tavares,SITIO CERCADO,Unidade Regional Bairro Novo,Portal,True,False,1,pronto_para_geocodificar,none,"Candidato a geocodificacao; nao e coordenada, rotulo ou evidencia de treino.","Nao usar como ground truth, escore ou variavel derivada do rotulo.","Doutor Lauro Gentio Portugal Tavares, SITIO CERCADO, Curitiba, PR, Brasil",medium,-25.5427012,-49.2691056,"Sítio Cercado, Curitiba, Paraná, Região Sul, Brasil",,administrative,5622123,fallback_bairro_apos_rua_sem_resultado_em_bbox
8ff89cb7c39acd26,2025,05/06/2025,Drenagem,Alagamentos,Concluído,Cypriano Ribeiro Cid,SITIO CERCADO,Unidade Regional Bairro Novo,Portal,True,False,2,pronto_para_geocodificar,none,"Candidato a geocodificacao; nao e coordenada, rotulo ou evidencia de treino.","Nao usar como ground truth, escore ou variavel derivada do rotulo.","Cypriano Ribeiro Cid, SITIO CERCADO, Curitiba, PR, Brasil",strong,-25.5447356,-49.2490709,"Rua Cypriano Ribeiro Cid, Sítio Cercado, Curitiba, Paraná, Região Sul, 81920-080, Brasil",,residential,127251669,
8ff89cb7c39acd26,2025,05/06/2025,Drenagem,Alagamentos,Concluído,Cypriano Ribeiro Cid,SITIO CERCADO,Unidade Regional Bairro Novo,Portal,True,False,2,pronto_para_geocodificar,none,"Candidato a geocodificacao; nao e coordenada, rotulo ou evidencia de treino.","Nao usar como ground truth, escore ou variavel derivada do rotulo.","Cypriano Ribeiro Cid, SITIO CERCADO, Curitiba, PR, Brasil",strong,-25.5447356,-49.2490709,"Rua Cypriano Ribeiro Cid, Sítio Cercado, Curitiba, Paraná, Região Sul, 81920-080, Brasil",,residential,127251669,
0f0ca19f9b71db3d,2025,29/09/2025,Drenagem,Alagamentos,Concluído,RUA OURIZONA,SITIO CERCADO,Unidade Regional Bairro Novo,Telefone,True,False,1,pronto_para_geocodificar,none,"Candidato a geocodificacao; nao e coordenada, rotulo ou evidencia de treino.","Nao usar como ground truth, escore ou variavel derivada do rotulo.","RUA OURIZONA, SITIO CERCADO, Curitiba, PR, Brasil",strong,-25.5405716,-49.2577,"Rua Ourizona, Sítio Cercado, Curitiba, Paraná, Região Sul, 81920-090, Brasil",,secondary,568800829,
da48f4557f27b9ee,2025,20/01/2025,Drenagem,Alagamentos,Concluído,RUA PRESIDENTE FARIA,CENTRO CIVICO,Unidade Regional Matriz,Telefone,True,False,1,pronto_para_geocodificar,none,"Candidato a geocodificacao; nao e coordenada, rotulo ou evidencia de treino.","Nao usar como ground truth, escore ou variavel derivada do rotulo.","RUA PRESIDENTE FARIA, CENTRO CIVICO, Curitiba, PR, Brasil",strong,-25.4244008,-49.2688916,"Rua Presidente Faria, Centro, Curitiba, Paraná, Região Sul, 80020-250, Brasil",,tertiary,565470626,
78222a37fdd55462,2025,24/01/2025,Drenagem,Alagamentos,Concluído,AVENIDA MUNHOZ DA ROCHA,JUVEVE,Unidade Regional Matriz,Telefone,True,False,1,pronto_para_geocodificar,none,"Candidato a geocodificacao; nao e coordenada, rotulo ou evidencia de treino.","Nao usar como ground truth, escore ou variavel derivada do rotulo.","AVENIDA MUNHOZ DA ROCHA, JUVEVE, Curitiba, PR, Brasil",strong,-25.4123014,-49.2560948,"Avenida Munhoz da Rocha, Juvevê, Curitiba, Paraná, Região Sul, 80030-340, Brasil",,residential,127185656,
bac525526a636cc5,2025,24/01/2025,Drenagem,Alagamentos,Concluído,RUA SÃO LUIZ,CABRAL,Unidade Regional Matriz,Telefone,True,False,1,pronto_para_geocodificar,none,"Candidato a geocodificacao; nao e coordenada, rotulo ou evidencia de treino.","Nao usar como ground truth, escore ou variavel derivada do rotulo.","RUA SÃO LUIZ, CABRAL, Curitiba, PR, Brasil",strong,-25.4014833,-49.2507635,"Rua São Luiz, Cabral, Curitiba, Paraná, Região Sul, 82540-010, Brasil",,residential,35971366,
fcece405b4c229c2,2025,03/02/2025,Drenagem,Alagamentos,Concluído,Martim Afonso,SAO FRANCISCO,Unidade Regional Matriz,Portal,True,False,1,pronto_para_geocodificar,none,"Candidato a geocodificacao; nao e coordenada, rotulo ou evidencia de treino.","Nao usar como ground truth, escore ou variavel derivada do rotulo.","Martim Afonso, SAO FRANCISCO, Curitiba, PR, Brasil",strong,-25.426454,-49.2797616,"Rua Martim Afonso, São Francisco, Curitiba, Paraná, Região Sul, 80410-060, Brasil",,primary,380939558,
4754381bf693c6f0,2025,04/02/2025,Drenagem,Alagamentos,Concluído,RUA BARÃO DO SERRO AZUL,CENTRO,Unidade Regional Matriz,Telefone,True,False,1,pronto_para_geocodificar,none,"Candidato a geocodificacao; nao e coordenada, rotulo ou evidencia de treino.","Nao usar como ground truth, escore ou variavel derivada do rotulo.","RUA BARÃO DO SERRO AZUL, CENTRO, Curitiba, PR, Brasil",strong,-25.4265324,-49.270647,"Rua Barão do Serro Azul, Centro, Curitiba, Paraná, Região Sul, 80060-050, Brasil",,secondary,458691860,
e8630aec0b4b6aa0,2025,10/02/2025,Drenagem,Alagamentos,Concluído,Mateus Leme,SAO FRANCISCO,Unidade Regional Matriz,Portal,True,False,1,pronto_para_geocodificar,none,"Candidato a geocodificacao; nao e coordenada, rotulo ou evidencia de treino.","Nao usar como ground truth, escore ou variavel derivada do rotulo.","Mateus Leme, SAO FRANCISCO, Curitiba, PR, Brasil",strong,-25.4197489,-49.27109,"Rua Mateus Leme, São Francisco, Curitiba, Paraná, Região Sul, 80530-010, Brasil",,primary,29429443,
99856cf483b79ea2,2025,10/02/2025,Drenagem,Alagamentos,Concluído,Madre Leonie,JARDIM SOCIAL,Unidade Regional Matriz,Portal,True,False,1,pronto_para_geocodificar,none,"Candidato a geocodificacao; nao e coordenada, rotulo ou evidencia de treino.","Nao usar como ground truth, escore ou variavel derivada do rotulo.","Madre Leonie, JARDIM SOCIAL, Curitiba, PR, Brasil",strong,-25.4257311,-49.2402415,"Rua Madre Leonie, Jardim Social, Curitiba, Paraná, Região Sul, 82530-010, Brasil",,residential,338482527,
5481c75903bf0ed7,2025,13/02/2025,Drenagem,Alagamentos,Concluído,RUA SÃO JOAQUIM,JARDIM BOTANICO,Unidade Regional Matriz,Telefone,True,False,1,pronto_para_geocodificar,none,"Candidato a geocodificacao; nao e coordenada, rotulo ou evidencia de treino.","Nao usar como ground truth, escore ou variavel derivada do rotulo.","RUA SÃO JOAQUIM, JARDIM BOTANICO, Curitiba, PR, Brasil",strong,-25.4396938,-49.2443992,"Rua São Joaquim, Jardim Botânico, Curitiba, Paraná, Região Sul, 80210-310, Brasil",,residential,24777465,
5f3836cdd6a071d7,2025,13/02/2025,Drenagem,Alagamentos,Concluído,Desembargador Westphalen,CENTRO,Unidade Regional Matriz,Portal,True,False,1,pronto_para_geocodificar,none,"Candidato a geocodificacao; nao e coordenada, rotulo ou evidencia de treino.","Nao usar como ground truth, escore ou variavel derivada do rotulo.","Desembargador Westphalen, CENTRO, Curitiba, PR, Brasil",strong,-25.4382373,-49.2703137,"Rua Desembargador Westphalen, Centro, Curitiba, Paraná, Região Sul, 80230-901, Brasil",,secondary,397646580,
f1d98fa3bf6e9eb9,2025,14/02/2025,Drenagem,Alagamentos,Concluído,RUA DESEMBARGADOR MOTTA,BATEL,Unidade Regional Matriz,Portal,True,False,1,pronto_para_geocodificar,none,"Candidato a geocodificacao; nao e coordenada, rotulo ou evidencia de treino.","Nao usar como ground truth, escore ou variavel derivada do rotulo.","RUA DESEMBARGADOR MOTTA, BATEL, Curitiba, PR, Brasil",strong,-25.437403,-49.2807779,"Rua Desembargador Motta, Batel, Curitiba, Paraná, Região Sul, 80420-000, Brasil",,primary,44867748,
2ebb74140db86683,2025,18/02/2025,Drenagem,Alagamentos,Concluído,Manoel Correia de Freitas,JARDIM SOCIAL,Unidade Regional Matriz,Portal,True,False,1,pronto_para_geocodificar,none,"Candidato a geocodificacao; nao e coordenada, rotulo ou evidencia de treino.","Nao usar como ground truth, escore ou variavel derivada do rotulo.","Manoel Correia de Freitas, JARDIM SOCIAL, Curitiba, PR, Brasil",medium,-25.4196583,-49.234537,"Jardim Social, Curitiba, Paraná, Região Sul, Brasil",,administrative,6228449,fallback_bairro_apos_rua_sem_resultado_em_bbox
0180f4b0250baacd,2025,18/02/2025,Drenagem,Alagamentos,Concluído,RUA TIBAGI,CENTRO,Unidade Regional Matriz,Telefone,True,False,1,pronto_para_geocodificar,none,"Candidato a geocodificacao; nao e coordenada, rotulo ou evidencia de treino.","Nao usar como ground truth, escore ou variavel derivada do rotulo.","RUA TIBAGI, CENTRO, Curitiba, PR, Brasil",strong,-25.4332137,-49.2622903,"Rua Tibagi, Centro, Curitiba, Paraná, Região Sul, 80060-110, Brasil",,secondary,380939621,
18b3b1b0e110ca77,2025,18/02/2025,Drenagem,Alagamentos,Concluído,RUA CELESTE SANTI,AHU,Unidade Regional Matriz,Telefone,True,False,1,pronto_para_geocodificar,none,"Candidato a geocodificacao; nao e coordenada, rotulo ou evidencia de treino.","Nao usar como ground truth, escore ou variavel derivada do rotulo.","RUA CELESTE SANTI, AHU, Curitiba, PR, Brasil",strong,-25.4058986,-49.2717585,"Rua Celeste Santi, Bom Retiro, Curitiba, Paraná, Região Sul, 80520-170, Brasil",,residential,192665488,
dc53a2d3991c42d5,2025,18/02/2025,Drenagem,Alagamentos,Concluído,Coronel João Guilherme Guimarães,MERCES,Unidade Regional Matriz,Portal,True,False,1,pronto_para_geocodificar,none,"Candidato a geocodificacao; nao e coordenada, rotulo ou evidencia de treino.","Nao usar como ground truth, escore ou variavel derivada do rotulo.","Coronel João Guilherme Guimarães, MERCES, Curitiba, PR, Brasil",strong,-25.4189175,-49.2839597,"Rua Coronel João Guilherme Guimarães, Mercês, Curitiba, Paraná, Região Sul, 80510-340, Brasil",,residential,165073647,
ee3dcc7d0291747e,2025,19/02/2025,Drenagem,Alagamentos,Concluído,São José,CRISTO REI,Unidade Regional Matriz,Portal,True,False,1,pronto_para_geocodificar,none,"Candidato a geocodificacao; nao e coordenada, rotulo ou evidencia de treino.","Nao usar como ground truth, escore ou variavel derivada do rotulo.","São José, CRISTO REI, Curitiba, PR, Brasil",strong,-25.4352994,-49.2424701,"Avenida São José, Cristo Rei, Curitiba, Paraná, Região Sul, 80050-380, Brasil",,tertiary,24553654,
d31efc342dd42bf2,2025,21/02/2025,Drenagem,Alagamentos,Concluído,RUA FRANCISCO ROCHA,BIGORRILHO,Unidade Regional Matriz,Telefone,True,False,1,pronto_para_geocodificar,none,"Candidato a geocodificacao; nao e coordenada, rotulo ou evidencia de treino.","Nao usar como ground truth, escore ou variavel derivada do rotulo.","RUA FRANCISCO ROCHA, BIGORRILHO, Curitiba, PR, Brasil",strong,-25.4372386,-49.2921825,"Rua Francisco Rocha, Bigorrilho, Curitiba, Paraná, Região Sul, 80730-420, Brasil",,secondary,223784049,
31b734ac64caffae,2025,21/02/2025,Drenagem,Alagamentos,Concluído,RUA VISCONDE DE NACAR,MERCES,Unidade Regional Matriz,Telefone,True,False,1,pronto_para_geocodificar,none,"Candidato a geocodificacao; nao e coordenada, rotulo ou evidencia de treino.","Nao usar como ground truth, escore ou variavel derivada do rotulo.","RUA VISCONDE DE NACAR, MERCES, Curitiba, PR, Brasil",strong,-25.4284452,-49.2799626,"Rua Visconde de Nacar, Mercês, Curitiba, Paraná, Região Sul, 80410-001, Brasil",,tertiary,380939545,
c09f34587eead835,2025,24/02/2025,Drenagem,Alagamentos,Concluído,RUA NUNES MACHADO,CENTRO,Unidade Regional Matriz,Telefone,True,False,1,pronto_para_geocodificar,none,"Candidato a geocodificacao; nao e coordenada, rotulo ou evidencia de treino.","Nao usar como ground truth, escore ou variavel derivada do rotulo.","RUA NUNES MACHADO, CENTRO, Curitiba, PR, Brasil",strong,-25.4383334,-49.2750886,"Rua Nunes Machado, Centro, Curitiba, Paraná, Região Sul, 80420-120, Brasil",,residential,28745211,
440eb21bdd5cd64d,2025,25/02/2025,Drenagem,Alagamentos,Concluído,Vicente Machado,CENTRO,Unidade Regional Matriz,Portal,True,False,1,pronto_para_geocodificar,none,"Candidato a geocodificacao; nao e coordenada, rotulo ou evidencia de treino.","Nao usar como ground truth, escore ou variavel derivada do rotulo.","Vicente Machado, CENTRO, Curitiba, PR, Brasil",medium,-25.4354293,-49.2827366,"Vicente Machado, Rua Desembargador Motta, Centro, Curitiba, Paraná, Região Sul, 80420-000, Brasil",,bicycle_rental,11047036941,
c5628f2cd6d804ba,2025,25/02/2025,Drenagem,Alagamentos,Concluído,Brigadeiro Franco,MERCES,Unidade Regional Matriz,Portal,True,False,1,pronto_para_geocodificar,none,"Candidato a geocodificacao; nao e coordenada, rotulo ou evidencia de treino.","Nao usar como ground truth, escore ou variavel derivada do rotulo.","Brigadeiro Franco, MERCES, Curitiba, PR, Brasil",strong,-25.4246879,-49.2864524,"Rua Brigadeiro Franco, Mercês, Curitiba, Paraná, Região Sul, 80430-210, Brasil",,primary,358926104,
39ddc39329faed15,2025,25/02/2025,Drenagem,Alagamentos,Concluído,Professora Maria José Godoy,BOM RETIRO,Unidade Regional Matriz,Portal,True,False,1,pronto_para_geocodificar,none,"Candidato a geocodificacao; nao e coordenada, rotulo ou evidencia de treino.","Nao usar como ground truth, escore ou variavel derivada do rotulo.","Professora Maria José Godoy, BOM RETIRO, Curitiba, PR, Brasil",strong,-25.4126682,-49.2767565,"Rua Professora Maria José Godoy, Shopping da Rua Teffé, Bom Retiro, Curitiba, Paraná, Região Sul, 80520-260, Brasil",,residential,32943934,
0d2852a2a728e52a,2025,18/03/2025,Drenagem,Alagamentos,Concluído,RUA TIBAGI,CENTRO,Unidade Regional Matriz,Telefone,True,False,1,pronto_para_geocodificar,none,"Candidato a geocodificacao; nao e coordenada, rotulo ou evidencia de treino.","Nao usar como ground truth, escore ou variavel derivada do rotulo.","RUA TIBAGI, CENTRO, Curitiba, PR, Brasil",strong,-25.4332137,-49.2622903,"Rua Tibagi, Centro, Curitiba, Paraná, Região Sul, 80060-110, Brasil",,secondary,380939621,
d7764c3e6e9a176b,2025,04/04/2025,Drenagem,Alagamentos,Concluído,RUA DOUTOR MANOEL PEDRO,CABRAL,Unidade Regional Matriz,Telefone,True,False,1,pronto_para_geocodificar,none,"Candidato a geocodificacao; nao e coordenada, rotulo ou evidencia de treino.","Nao usar como ground truth, escore ou variavel derivada do rotulo.","RUA DOUTOR MANOEL PEDRO, CABRAL, Curitiba, PR, Brasil",strong,-25.4104581,-49.2515578,"Rua Doutor Manoel Pedro, Cabral, Curitiba, Paraná, Região Sul, 80035-049, Brasil",,tertiary,295105528,
7b02d20a666ac557,2025,30/05/2025,Drenagem,Alagamentos,Concluído,RUA CARLOS PIOLI,BOM RETIRO,Unidade Regional Matriz,Telefone,True,False,1,pronto_para_geocodificar,none,"Candidato a geocodificacao; nao e coordenada, rotulo ou evidencia de treino.","Nao usar como ground truth, escore ou variavel derivada do rotulo.","RUA CARLOS PIOLI, BOM RETIRO, Curitiba, PR, Brasil",strong,-25.4109245,-49.2776904,"Rua Carlos Pioli, Bom Retiro, Curitiba, Paraná, Região Sul, 80520-250, Brasil",,secondary,254585162,
20b0cace8cfc1183,2025,05/09/2025,Drenagem,Alagamentos,Concluído,RUA TREZE DE MAIO,CENTRO,Unidade Regional Matriz,Telefone,True,False,1,pronto_para_geocodificar,none,"Candidato a geocodificacao; nao e coordenada, rotulo ou evidencia de treino.","Nao usar como ground truth, escore ou variavel derivada do rotulo.","RUA TREZE DE MAIO, CENTRO, Curitiba, PR, Brasil",strong,-25.4276401,-49.2672078,"Rua Treze de Maio, Centro, Curitiba, Paraná, Região Sul, 80020-270, Brasil",,secondary,654377004,
d43f69e951adee9e,2025,13/02/2025,Proteção ao cidadão - GM,"Enchentes, inundações ou alagamentos",Concluído,RUA PADRE ARNALDO JANSSEN,CAJURU,Unidade Regional Cajuru,Telefone,True,False,1,pronto_para_geocodificar,none,"Candidato a geocodificacao; nao e coordenada, rotulo ou evidencia de treino.","Nao usar como ground truth, escore ou variavel derivada do rotulo.","RUA PADRE ARNALDO JANSSEN, CAJURU, Curitiba, PR, Brasil",strong,-25.4725842,-49.194381,"Rua Padre Arnaldo Janssen, Cajuru, Curitiba, Paraná, Região Sul, 82980-130, Brasil",,residential,163153938,
ae94311cbdbc04d7,2025,18/02/2025,Proteção ao cidadão - GM,"Enchentes, inundações ou alagamentos",Concluído,RUA BALDUR MAGNUS GRUBBA,NOVO MUNDO,Unidade Regional Pinheirinho,Telefone,True,False,2,pronto_para_geocodificar,none,"Candidato a geocodificacao; nao e coordenada, rotulo ou evidencia de treino.","Nao usar como ground truth, escore ou variavel derivada do rotulo.","RUA BALDUR MAGNUS GRUBBA, NOVO MUNDO, Curitiba, PR, Brasil",strong,-25.482083,-49.3032923,"Rua Baldur Magnus Grubba, Vila Uberlândia, Novo Mundo, Curitiba, Paraná, Região Sul, 81070-110, Brasil",,residential,42803381,
a12eae2acf408bf2,2025,18/02/2025,Proteção ao cidadão - GM,"Enchentes, inundações ou alagamentos",Concluído,AVENIDA PRESIDENTE WENCESLAU BRAZ,PAROLIN,Unidade Regional Portao,Telefone,True,False,1,pronto_para_geocodificar,none,"Candidato a geocodificacao; nao e coordenada, rotulo ou evidencia de treino.","Nao usar como ground truth, escore ou variavel derivada do rotulo.","AVENIDA PRESIDENTE WENCESLAU BRAZ, PAROLIN, Curitiba, PR, Brasil",strong,-25.4705732,-49.2571604,"Avenida Presidente Wenceslau Braz, Parolin, Curitiba, Paraná, Região Sul, 81030-030, Brasil",,secondary,24783529,
4ab8702f34a34aa1,2025,12/03/2025,Proteção ao cidadão - GM,"Enchentes, inundações ou alagamentos",Concluído,Rua Colômbia,BACACHERI,Unidade Regional Boa Vista,Telefone,True,False,1,pronto_para_geocodificar,none,"Candidato a geocodificacao; nao e coordenada, rotulo ou evidencia de treino.","Nao usar como ground truth, escore ou variavel derivada do rotulo.","Rua Colômbia, BACACHERI, Curitiba, PR, Brasil",strong,-25.4081686,-49.2395069,"Rua Colômbia, Bacacheri, Curitiba, Paraná, Região Sul, 82515-030, Brasil",,tertiary,1104868486,
2c7b0c134e3dd803,2025,13/04/2025,Proteção ao cidadão - GM,"Enchentes, inundações ou alagamentos",Concluído,Rua Deputado Sinval Martins Araújo,GANCHINHO,Unidade Regional Bairro Novo,Telefone,True,False,1,pronto_para_geocodificar,none,"Candidato a geocodificacao; nao e coordenada, rotulo ou evidencia de treino.","Nao usar como ground truth, escore ou variavel derivada do rotulo.","Rua Deputado Sinval Martins Araújo, GANCHINHO, Curitiba, PR, Brasil",strong,-25.5528432,-49.2462192,"Rua Deputado Sinval Martins Araújo, Vila Moradias 23 de Agosto I, Ganchinho, Curitiba, Paraná, Região Sul, 81935-446, Brasil",,residential,164975524,
3a1b6c9d7ec0db69,2025,13/10/2025,Proteção ao cidadão - GM,"Enchentes, inundações ou alagamentos",Concluído,RUA DESEMBARGADOR ERNANI GUARITA CARTAXO,CIDADE INDUSTRIAL,Unidade Regional CIC,Telefone,True,False,1,pronto_para_geocodificar,none,"Candidato a geocodificacao; nao e coordenada, rotulo ou evidencia de treino.","Nao usar como ground truth, escore ou variavel derivada do rotulo.","RUA DESEMBARGADOR ERNANI GUARITA CARTAXO, CIDADE INDUSTRIAL, Curitiba, PR, Brasil",medium,-25.497993,-49.334522,"Cidade Industrial de Curitiba, Curitiba, Paraná, Região Sul, 81350-260, Brasil",,suburb,3012156952,fallback_bairro_apos_rua_sem_resultado_em_bbox
51101836fb0d5594,2025,18/02/2025,Drenagem,Alagamentos,Concluído,Rua Município de Eneas Marques,CIDADE INDUSTRIAL,Unidade Regional CIC,Telefone,True,False,2,pronto_para_geocodificar,none,"Candidato a geocodificacao; nao e coordenada, rotulo ou evidencia de treino.","Nao usar como ground truth, escore ou variavel derivada do rotulo.","Rua Município de Eneas Marques, CIDADE INDUSTRIAL, Curitiba, PR, Brasil",medium,-25.497993,-49.334522,"Cidade Industrial de Curitiba, Curitiba, Paraná, Região Sul, 81350-260, Brasil",,suburb,3012156952,fallback_bairro_apos_rua_sem_resultado_em_bbox
d9c465601344a0b2,2025,05/06/2025,Drenagem,Alagamentos,Concluído,AVENIDA JUSCELINO KUBITSCHEK DE OLIVEIRA,CIDADE INDUSTRIAL,Unidade Regional CIC,Telefone,True,False,1,pronto_para_geocodificar,none,"Candidato a geocodificacao; nao e coordenada, rotulo ou evidencia de treino.","Nao usar como ground truth, escore ou variavel derivada do rotulo.","AVENIDA JUSCELINO KUBITSCHEK DE OLIVEIRA, CIDADE INDUSTRIAL, Curitiba, PR, Brasil",strong,-25.4895782,-49.3459345,"Avenida Juscelino Kubitschek de Oliveira (Marginal Oeste), Cidade Industrial de Curitiba, Curitiba, Paraná, Região Sul, 81250-460, Brasil",,secondary,1259147529,
9cafe6af424fd978,2025,05/06/2025,Drenagem,Alagamentos,Concluído,Juscelino Kubitschek de Oliveira,CIDADE INDUSTRIAL,Unidade Regional CIC,Portal,True,False,1,pronto_para_geocodificar,none,"Candidato a geocodificacao; nao e coordenada, rotulo ou evidencia de treino.","Nao usar como ground truth, escore ou variavel derivada do rotulo.","Juscelino Kubitschek de Oliveira, CIDADE INDUSTRIAL, Curitiba, PR, Brasil",strong,-25.4895782,-49.3459345,"Avenida Juscelino Kubitschek de Oliveira (Marginal Oeste), Cidade Industrial de Curitiba, Curitiba, Paraná, Região Sul, 81250-460, Brasil",,secondary,1259147529,
1808daeb6ab9acc6,2025,25/08/2025,Drenagem,Alagamentos,Concluído,AVENIDA JUSCELINO KUBITSCHEK DE OLIVEIRA LD,CIDADE INDUSTRIAL,Unidade Regional CIC,Telefone,True,False,1,pronto_para_geocodificar,none,"Candidato a geocodificacao; nao e coordenada, rotulo ou evidencia de treino.","Nao usar como ground truth, escore ou variavel derivada do rotulo.","AVENIDA JUSCELINO KUBITSCHEK DE OLIVEIRA LD, CIDADE INDUSTRIAL, Curitiba, PR, Brasil",medium,-25.497993,-49.334522,"Cidade Industrial de Curitiba, Curitiba, Paraná, Região Sul, 81350-260, Brasil",,suburb,3012156952,fallback_bairro_apos_rua_sem_resultado_em_bbox
8371dcf7e18d7cde,2025,26/08/2025,Drenagem,Alagamentos,Concluído,RUA OSMAR ROSA,CIDADE INDUSTRIAL,Unidade Regional CIC,Telefone,True,False,1,pronto_para_geocodificar,none,"Candidato a geocodificacao; nao e coordenada, rotulo ou evidencia de treino.","Nao usar como ground truth, escore ou variavel derivada do rotulo.","RUA OSMAR ROSA, CIDADE INDUSTRIAL, Curitiba, PR, Brasil",strong,-25.4995116,-49.3141922,"Rua Osmar Rosa, Cidade Industrial de Curitiba, Curitiba, Paraná, Região Sul, 81310-300, Brasil",,residential,48288712,
b5220f8f8b2210f6,2025,27/08/2025,Drenagem,Alagamentos,Concluído,AVENIDA JUSCELINO KUBITSCHEK DE OLIVEIRA LD,CIDADE INDUSTRIAL,Unidade Regional CIC,Telefone,True,False,1,pronto_para_geocodificar,none,"Candidato a geocodificacao; nao e coordenada, rotulo ou evidencia de treino.","Nao usar como ground truth, escore ou variavel derivada do rotulo.","AVENIDA JUSCELINO KUBITSCHEK DE OLIVEIRA LD, CIDADE INDUSTRIAL, Curitiba, PR, Brasil",medium,-25.497993,-49.334522,"Cidade Industrial de Curitiba, Curitiba, Paraná, Região Sul, 81350-260, Brasil",,suburb,3012156952,fallback_bairro_apos_rua_sem_resultado_em_bbox
48d9ad622abdc334,2025,05/09/2025,Drenagem,Alagamentos,Concluído,AVENIDA JUSCELINO KUBITSCHEK DE OLIVEIRA LE,CIDADE INDUSTRIAL,Unidade Regional CIC,Telefone,True,False,1,pronto_para_geocodificar,none,"Candidato a geocodificacao; nao e coordenada, rotulo ou evidencia de treino.","Nao usar como ground truth, escore ou variavel derivada do rotulo.","AVENIDA JUSCELINO KUBITSCHEK DE OLIVEIRA LE, CIDADE INDUSTRIAL, Curitiba, PR, Brasil",medium,-25.497993,-49.334522,"Cidade Industrial de Curitiba, Curitiba, Paraná, Região Sul, 81350-260, Brasil",,suburb,3012156952,fallback_bairro_apos_rua_sem_resultado_em_bbox
5deabb6285985677,2025,17/09/2025,Drenagem,Alagamentos,Concluído,RUA LEONOR FIORI GRANATO,CIDADE INDUSTRIAL,Unidade Regional CIC,Telefone,True,False,1,pronto_para_geocodificar,none,"Candidato a geocodificacao; nao e coordenada, rotulo ou evidencia de treino.","Nao usar como ground truth, escore ou variavel derivada do rotulo.","RUA LEONOR FIORI GRANATO, CIDADE INDUSTRIAL, Curitiba, PR, Brasil",strong,-25.498605,-49.340775,"Rua Leonor Fiori Granato, Cidade Industrial de Curitiba, Curitiba, Paraná, Região Sul, 81350-260, Brasil",,residential,138705722,
24bc79029077a6c3,2025,24/11/2025,Drenagem,Alagamentos,Concluído,AVENIDA JUSCELINO KUBITSCHEK DE OLIVEIRA EC,CIDADE INDUSTRIAL,Unidade Regional CIC,Telefone,True,False,1,pronto_para_geocodificar,none,"Candidato a geocodificacao; nao e coordenada, rotulo ou evidencia de treino.","Nao usar como ground truth, escore ou variavel derivada do rotulo.","AVENIDA JUSCELINO KUBITSCHEK DE OLIVEIRA EC, CIDADE INDUSTRIAL, Curitiba, PR, Brasil",medium,-25.497993,-49.334522,"Cidade Industrial de Curitiba, Curitiba, Paraná, Região Sul, 81350-260, Brasil",,suburb,3012156952,fallback_bairro_apos_rua_sem_resultado_em_bbox
d84edd65f0ccb013,2025,09/12/2025,Drenagem,Alagamentos,Concluído,Rua Andrelino Pereira da Silva,CAMPO DE SANTANA,Unidade Regional Tatuquara,Telefone,True,False,1,pronto_para_geocodificar,none,"Candidato a geocodificacao; nao e coordenada, rotulo ou evidencia de treino.","Nao usar como ground truth, escore ou variavel derivada do rotulo.","Rua Andrelino Pereira da Silva, CAMPO DE SANTANA, Curitiba, PR, Brasil",strong,-25.5847098,-49.3198437,"Rua Andrelino Pereira da Silva, Vila Olinda II, Campo de Santana, Curitiba, Paraná, Região Sul, 81490-090, Brasil",,residential,169645497,
8da26a4b2c1da483,2025,22/01/2025,Proteção ao cidadão - GM,"Enchentes, inundações ou alagamentos",Concluído,Rua Manoela Stier Reiss,UBERABA,Unidade Regional Cajuru,Telefone,True,False,2,pronto_para_geocodificar,none,"Candidato a geocodificacao; nao e coordenada, rotulo ou evidencia de treino.","Nao usar como ground truth, escore ou variavel derivada do rotulo.","Rua Manoela Stier Reiss, UBERABA, Curitiba, PR, Brasil",strong,-25.497263,-49.2034052,"Rua Manoela Stier Reiss, Vila Jardim Icaray, Uberaba, Curitiba, Paraná, Região Sul, 81560-615, Brasil",,residential,125624723,
8dc9a40ba77e0bb0,2025,24/01/2025,Proteção ao cidadão - GM,"Enchentes, inundações ou alagamentos",Concluído,Rua Celeste Tortato Gabardo,SITIO CERCADO,Unidade Regional Bairro Novo,Telefone,True,False,1,pronto_para_geocodificar,none,"Candidato a geocodificacao; nao e coordenada, rotulo ou evidencia de treino.","Nao usar como ground truth, escore ou variavel derivada do rotulo.","Rua Celeste Tortato Gabardo, SITIO CERCADO, Curitiba, PR, Brasil",strong,-25.5443334,-49.282933,"Rua Celeste Tortato Gabardo, Vila Nova Aurora, Sítio Cercado, Curitiba, Paraná, Região Sul, 81900-440, Brasil",,residential,1226253026,
1454f445b05788e0,2025,26/01/2025,Proteção ao cidadão - GM,"Enchentes, inundações ou alagamentos",Concluído,RUA BRUNO MERTENS,BARREIRINHA,Unidade Regional Boa Vista,Telefone,True,False,1,pronto_para_geocodificar,none,"Candidato a geocodificacao; nao e coordenada, rotulo ou evidencia de treino.","Nao usar como ground truth, escore ou variavel derivada do rotulo.","RUA BRUNO MERTENS, BARREIRINHA, Curitiba, PR, Brasil",strong,-25.3759807,-49.263982,"Rua Bruno Mertens, Barreirinha, Curitiba, Paraná, Região Sul, 82700-110, Brasil",,residential,162228641,
826da0887dc4a63e,2025,27/01/2025,Proteção ao cidadão - GM,"Enchentes, inundações ou alagamentos",Concluído,RUA PATRÍCIO BAGOLIN,CIDADE INDUSTRIAL,Unidade Regional CIC,Telefone,True,False,1,pronto_para_geocodificar,none,"Candidato a geocodificacao; nao e coordenada, rotulo ou evidencia de treino.","Nao usar como ground truth, escore ou variavel derivada do rotulo.","RUA PATRÍCIO BAGOLIN, CIDADE INDUSTRIAL, Curitiba, PR, Brasil",medium,-25.497993,-49.334522,"Cidade Industrial de Curitiba, Curitiba, Paraná, Região Sul, 81350-260, Brasil",,suburb,3012156952,fallback_bairro_apos_rua_sem_resultado_em_bbox
6b67d5a433e0ea8a,2025,28/01/2025,Proteção ao cidadão - GM,"Enchentes, inundações ou alagamentos",Concluído,RUA IGNEZ DE SOUZA SOARES,TATUQUARA,Unidade Regional Tatuquara,Telefone,True,False,1,pronto_para_geocodificar,none,"Candidato a geocodificacao; nao e coordenada, rotulo ou evidencia de treino.","Nao usar como ground truth, escore ou variavel derivada do rotulo.","RUA IGNEZ DE SOUZA SOARES, TATUQUARA, Curitiba, PR, Brasil",strong,-25.5498446,-49.2987317,"Rua Ignez de Souza Soares, Vila Tatuquara, Tatuquara, Curitiba, Paraná, Região Sul, 81940-185, Brasil",,residential,164655572,
e928de5995aa5a78,2025,28/01/2025,Proteção ao cidadão - GM,"Enchentes, inundações ou alagamentos",Concluído,Rua Arlindo Natal,UBERABA,Unidade Regional Cajuru,Telefone,True,False,1,pronto_para_geocodificar,none,"Candidato a geocodificacao; nao e coordenada, rotulo ou evidencia de treino.","Nao usar como ground truth, escore ou variavel derivada do rotulo.","Rua Arlindo Natal, UBERABA, Curitiba, PR, Brasil",strong,-25.501548,-49.2146547,"Rua Arlindo Natal, Uberaba, Curitiba, Paraná, Região Sul, 81580-420, Brasil",,secondary,60163934,
7c2c1c125b601d15,2025,28/01/2025,Proteção ao cidadão - GM,"Enchentes, inundações ou alagamentos",Concluído,Rua Padre Estanislau Cebula,CAJURU,Unidade Regional Cajuru,Telefone,True,False,1,pronto_para_geocodificar,none,"Candidato a geocodificacao; nao e coordenada, rotulo ou evidencia de treino.","Nao usar como ground truth, escore ou variavel derivada do rotulo.","Rua Padre Estanislau Cebula, CAJURU, Curitiba, PR, Brasil",strong,-25.4718975,-49.1943514,"Rua Padre Estanislau Cebula, Cajuru, Curitiba, Paraná, Região Sul, 82980-130, Brasil",,residential,163153920,
43f82388433fbfec,2025,28/01/2025,Proteção ao cidadão - GM,"Enchentes, inundações ou alagamentos",Concluído,Rua Oyapock,CRISTO REI,Unidade Regional Matriz,Telefone,True,False,1,pronto_para_geocodificar,none,"Candidato a geocodificacao; nao e coordenada, rotulo ou evidencia de treino.","Nao usar como ground truth, escore ou variavel derivada do rotulo.","Rua Oyapock, CRISTO REI, Curitiba, PR, Brasil",strong,-25.4355114,-49.2389133,"Rua Oyapock, Cristo Rei, Curitiba, Paraná, Região Sul, 80050-450, Brasil",,residential,1107163508,
a080876b64da981c,2025,28/01/2025,Proteção ao cidadão - GM,"Enchentes, inundações ou alagamentos",Concluído,Rua Índia,CAJURU,Unidade Regional Cajuru,Telefone,True,False,1,pronto_para_geocodificar,none,"Candidato a geocodificacao; nao e coordenada, rotulo ou evidencia de treino.","Nao usar como ground truth, escore ou variavel derivada do rotulo.","Rua Índia, CAJURU, Curitiba, PR, Brasil",strong,-25.4662324,-49.2041624,"Rua Índia, Cajuru, Curitiba, Paraná, Região Sul, 82960-000, Brasil",,residential,37184214,
4ab41efc34e4ca38,2025,28/01/2025,Proteção ao cidadão - GM,"Enchentes, inundações ou alagamentos",Concluído,Rua Adelino Alexandrino Marquezini,ATUBA,Unidade Regional Boa Vista,Telefone,True,False,1,pronto_para_geocodificar,none,"Candidato a geocodificacao; nao e coordenada, rotulo ou evidencia de treino.","Nao usar como ground truth, escore ou variavel derivada do rotulo.","Rua Adelino Alexandrino Marquezini, ATUBA, Curitiba, PR, Brasil",strong,-25.3862353,-49.2008579,"Rua Adelino Alexandrino Marquezíni, Atuba, Curitiba, Paraná, Região Sul, 82630-305, Brasil",,residential,164943380,
605a0a8e22c344a6,2025,28/01/2025,Proteção ao cidadão - GM,"Enchentes, inundações ou alagamentos",Concluído,RUA SANTO ANÍBAL MARIA DI FRANCIA,UBERABA,Unidade Regional Cajuru,Telefone,True,False,1,pronto_para_geocodificar,none,"Candidato a geocodificacao; nao e coordenada, rotulo ou evidencia de treino.","Nao usar como ground truth, escore ou variavel derivada do rotulo.","RUA SANTO ANÍBAL MARIA DI FRANCIA, UBERABA, Curitiba, PR, Brasil",strong,-25.497987,-49.212359,"Rua Santo Aníbal Maria Di Francia, Uberaba, Curitiba, Paraná, Região Sul, 81560-615, Brasil",,residential,125391986,
00c7feb7d2404d0e,2025,28/01/2025,Proteção ao cidadão - GM,"Enchentes, inundações ou alagamentos",Concluído,Rua Senador Alô Guimarães,UBERABA,Unidade Regional Cajuru,Telefone,True,False,1,pronto_para_geocodificar,none,"Candidato a geocodificacao; nao e coordenada, rotulo ou evidencia de treino.","Nao usar como ground truth, escore ou variavel derivada do rotulo.","Rua Senador Alô Guimarães, UBERABA, Curitiba, PR, Brasil",strong,-25.4869985,-49.2025221,"Rua Senador Alo Guimarães, Uberaba, Curitiba, Paraná, Região Sul, 81590-400, Brasil",,residential,56177690,
26b530720f8d10b3,2025,28/01/2025,Proteção ao cidadão - GM,"Enchentes, inundações ou alagamentos",Concluído,Rua Niterói,CAJURU,Unidade Regional Cajuru,Telefone,True,False,2,pronto_para_geocodificar,none,"Candidato a geocodificacao; nao e coordenada, rotulo ou evidencia de treino.","Nao usar como ground truth, escore ou variavel derivada do rotulo.","Rua Niterói, CAJURU, Curitiba, PR, Brasil",strong,-25.462597,-49.2128887,"Rua Niterói, Cajuru, Curitiba, Paraná, Região Sul, 82940-090, Brasil",,secondary,1363321231,
89d1e94c2c8c29e5,2025,28/01/2025,Proteção ao cidadão - GM,"Enchentes, inundações ou alagamentos",Concluído,RUA IGNEZ ROMFELD OTTO,UBERABA,Unidade Regional Cajuru,Telefone,True,False,1,pronto_para_geocodificar,none,"Candidato a geocodificacao; nao e coordenada, rotulo ou evidencia de treino.","Nao usar como ground truth, escore ou variavel derivada do rotulo.","RUA IGNEZ ROMFELD OTTO, UBERABA, Curitiba, PR, Brasil",strong,-25.4807645,-49.217369,"Rua Ignez Romfeld Otto, Uberaba, Curitiba, Paraná, Região Sul, 81550-000, Brasil",,residential,125396756,
268f8fa0ff61a1e4,2025,28/01/2025,Proteção ao cidadão - GM,"Enchentes, inundações ou alagamentos",Concluído,Rua Capitão Guilherme Bianchi,CAJURU,Unidade Regional Cajuru,Telefone,True,False,1,pronto_para_geocodificar,none,"Candidato a geocodificacao; nao e coordenada, rotulo ou evidencia de treino.","Nao usar como ground truth, escore ou variavel derivada do rotulo.","Rua Capitão Guilherme Bianchi, CAJURU, Curitiba, PR, Brasil",strong,-25.454271,-49.2115721,"Rua Capitão Guilherme Bianchi, Cajuru, Curitiba, Paraná, Região Sul, 82930-090, Brasil",,residential,232901240,
e9abc69640dd694e,2025,28/01/2025,Proteção ao cidadão - GM,"Enchentes, inundações ou alagamentos",Concluído,Monsenhor Dunand,UBERABA,Unidade Regional Cajuru,Telefone,True,False,1,pronto_para_geocodificar,none,"Candidato a geocodificacao; nao e coordenada, rotulo ou evidencia de treino.","Nao usar como ground truth, escore ou variavel derivada do rotulo.","Monsenhor Dunand, UBERABA, Curitiba, PR, Brasil",strong,-25.4859393,-49.2039909,"Rua Monsenhor Dunand, Uberaba, Curitiba, Paraná, Região Sul, 81590-370, Brasil",,residential,56177691,
25ca1912fd91417c,2025,28/01/2025,Proteção ao cidadão - GM,"Enchentes, inundações ou alagamentos",Concluído,RUA CAJÁ-MANGA,UBERABA,Unidade Regional Cajuru,Telefone,True,False,1,pronto_para_geocodificar,none,"Candidato a geocodificacao; nao e coordenada, rotulo ou evidencia de treino.","Nao usar como ground truth, escore ou variavel derivada do rotulo.","RUA CAJÁ-MANGA, UBERABA, Curitiba, PR, Brasil",strong,-25.490215,-49.2125598,"Rua Cajá-Manga, Uberaba, Curitiba, Paraná, Região Sul, 81560-420, Brasil",,residential,121038433,
1489a143114c665f,2025,28/01/2025,Proteção ao cidadão - GM,"Enchentes, inundações ou alagamentos",Concluído,RUA SANTO ANIBAL MARIA DIFRANCIA,UBERABA,Unidade Regional Cajuru,Telefone,True,False,1,pronto_para_geocodificar,none,"Candidato a geocodificacao; nao e coordenada, rotulo ou evidencia de treino.","Nao usar como ground truth, escore ou variavel derivada do rotulo.","RUA SANTO ANIBAL MARIA DIFRANCIA, UBERABA, Curitiba, PR, Brasil",medium,-25.4849252,-49.2153133,"Uberaba, Curitiba, Paraná, Região Sul, Brasil",,administrative,4146395,fallback_bairro_apos_rua_sem_resultado_em_bbox
887752a9cd7a2f85,2025,28/01/2025,Proteção ao cidadão - GM,"Enchentes, inundações ou alagamentos",Concluído,Rua Etiópia,CAJURU,Unidade Regional Cajuru,Telefone,True,False,1,pronto_para_geocodificar,none,"Candidato a geocodificacao; nao e coordenada, rotulo ou evidencia de treino.","Nao usar como ground truth, escore ou variavel derivada do rotulo.","Rua Etiópia, CAJURU, Curitiba, PR, Brasil",strong,-25.4655337,-49.2012351,"Rua Etiópia, Cajuru, Curitiba, Paraná, Região Sul, 82960-000, Brasil",,residential,164254338,
cb7d37a47c621fd3,2025,28/01/2025,Proteção ao cidadão - GM,"Enchentes, inundações ou alagamentos",Concluído,RUA ALBERTO DE OLIVEIRA,BAIRRO ALTO,Unidade Regional Boa Vista,Telefone,True,False,1,pronto_para_geocodificar,none,"Candidato a geocodificacao; nao e coordenada, rotulo ou evidencia de treino.","Nao usar como ground truth, escore ou variavel derivada do rotulo.","RUA ALBERTO DE OLIVEIRA, BAIRRO ALTO, Curitiba, PR, Brasil",strong,-25.4146564,-49.2143797,"Rua Alberto de Oliveira, Bairro Alto, Curitiba, Paraná, Região Sul, 82820-390, Brasil",,residential,154697396,
9e8001c779257368,2025,28/01/2025,Proteção ao cidadão - GM,"Enchentes, inundações ou alagamentos",Concluído,RUA VISCONDE DE ABAETÉ,BAIRRO ALTO,Unidade Regional Boa Vista,Telefone,True,False,1,pronto_para_geocodificar,none,"Candidato a geocodificacao; nao e coordenada, rotulo ou evidencia de treino.","Nao usar como ground truth, escore ou variavel derivada do rotulo.","RUA VISCONDE DE ABAETÉ, BAIRRO ALTO, Curitiba, PR, Brasil",medium,-25.4058225,-49.2076602,"Bairro Alto, Curitiba, Paraná, Região Sul, 82840-160, Brasil",,suburb,3012393446,fallback_bairro_apos_rua_sem_resultado_em_bbox
c03f5f5d9e2d2707,2025,28/01/2025,Proteção ao cidadão - GM,"Enchentes, inundações ou alagamentos",Concluído,Rua Paulo Kissula,CAPAO DA IMBUIA,Unidade Regional Cajuru,Telefone,True,False,1,pronto_para_geocodificar,none,"Candidato a geocodificacao; nao e coordenada, rotulo ou evidencia de treino.","Nao usar como ground truth, escore ou variavel derivada do rotulo.","Rua Paulo Kissula, CAPAO DA IMBUIA, Curitiba, PR, Brasil",strong,-25.4373779,-49.2052843,"Rua Paulo Kissula, Capão da Imbuia, Curitiba, Paraná, Região Sul, 82810-460, Brasil",,tertiary,730970593,
09ab38b90db96c9e,2025,28/01/2025,Proteção ao cidadão - GM,"Enchentes, inundações ou alagamentos",Concluído,RUA ADÍLIO RAMOS,BAIRRO ALTO,Unidade Regional Boa Vista,Telefone,True,False,1,pronto_para_geocodificar,none,"Candidato a geocodificacao; nao e coordenada, rotulo ou evidencia de treino.","Nao usar como ground truth, escore ou variavel derivada do rotulo.","RUA ADÍLIO RAMOS, BAIRRO ALTO, Curitiba, PR, Brasil",strong,-25.4194449,-49.2017352,"Rua Adílio Ramos, Bairro Alto, Curitiba, Paraná, Região Sul, 82820-090, Brasil",,residential,730970606,
1370a5a8269d12e8,2025,28/01/2025,Proteção ao cidadão - GM,"Enchentes, inundações ou alagamentos",Concluído,RUA JOAQUIM DA COSTA RIBEIRO,BAIRRO ALTO,Unidade Regional Boa Vista,Telefone,True,False,1,pronto_para_geocodificar,none,"Candidato a geocodificacao; nao e coordenada, rotulo ou evidencia de treino.","Nao usar como ground truth, escore ou variavel derivada do rotulo.","RUA JOAQUIM DA COSTA RIBEIRO, BAIRRO ALTO, Curitiba, PR, Brasil",strong,-25.4073624,-49.200963,"Rua Joaquim da Costa Ribeiro, Bairro Alto, Curitiba, Paraná, Região Sul, 82840-200, Brasil",,residential,1207324243,
26b530720f8d10b3,2025,28/01/2025,Proteção ao cidadão - GM,"Enchentes, inundações ou alagamentos",Concluído,Rua Niterói,CAJURU,Unidade Regional Cajuru,Chat,True,False,2,pronto_para_geocodificar,none,"Candidato a geocodificacao; nao e coordenada, rotulo ou evidencia de treino.","Nao usar como ground truth, escore ou variavel derivada do rotulo.","Rua Niterói, CAJURU, Curitiba, PR, Brasil",strong,-25.462597,-49.2128887,"Rua Niterói, Cajuru, Curitiba, Paraná, Região Sul, 82940-090, Brasil",,secondary,1363321231,
3a3996aa0caf4277,2025,30/01/2025,Proteção ao cidadão - GM,"Enchentes, inundações ou alagamentos",Concluído,Rua Catharina Prodlik,ABRANCHES,Unidade Regional Boa Vista,Telefone,True,False,1,pronto_para_geocodificar,none,"Candidato a geocodificacao; nao e coordenada, rotulo ou evidencia de treino.","Nao usar como ground truth, escore ou variavel derivada do rotulo.","Rua Catharina Prodlik, ABRANCHES, Curitiba, PR, Brasil",strong,-25.3784693,-49.2775896,"Rua Catharina Prodlik, Abranches, Curitiba, Paraná, Região Sul, 82130-290, Brasil",,residential,150348438,
cd555d8fb2f7358d,2025,31/01/2025,Proteção ao cidadão - GM,"Enchentes, inundações ou alagamentos",Concluído,RUA JOÃO CARLOS DE SOUZA CASTRO,GUABIROTUBA,Unidade Regional Cajuru,Telefone,True,False,1,pronto_para_geocodificar,none,"Candidato a geocodificacao; nao e coordenada, rotulo ou evidencia de treino.","Nao usar como ground truth, escore ou variavel derivada do rotulo.","RUA JOÃO CARLOS DE SOUZA CASTRO, GUABIROTUBA, Curitiba, PR, Brasil",strong,-25.4625416,-49.2413238,"Rua João Carlos de Souza Castro, Guabirotuba, Curitiba, Paraná, Região Sul, 81520-280, Brasil",,residential,93125239,
720b107f33e57f8b,2025,31/01/2025,Proteção ao cidadão - GM,"Enchentes, inundações ou alagamentos",Concluído,Rua Tranquilo Saragiotto,CAJURU,Unidade Regional Cajuru,Telefone,True,False,1,pronto_para_geocodificar,none,"Candidato a geocodificacao; nao e coordenada, rotulo ou evidencia de treino.","Nao usar como ground truth, escore ou variavel derivada do rotulo.","Rua Tranquilo Saragiotto, CAJURU, Curitiba, PR, Brasil",strong,-25.4565218,-49.2032275,"Rua Tranquilo Saragiotto, Vila Florianópolis, Cajuru, Curitiba, Paraná, Região Sul, 82930-230, Brasil",,residential,164123906,
9aa2844e832a574c,2025,31/01/2025,Proteção ao cidadão - GM,"Enchentes, inundações ou alagamentos",Concluído,RUA SALVADOR,CAJURU,Unidade Regional Cajuru,Chat,True,False,1,pronto_para_geocodificar,none,"Candidato a geocodificacao; nao e coordenada, rotulo ou evidencia de treino.","Nao usar como ground truth, escore ou variavel derivada do rotulo.","RUA SALVADOR, CAJURU, Curitiba, PR, Brasil",strong,-25.4580898,-49.2202594,"Rua Salvador, Cajuru, Curitiba, Paraná, Região Sul, 81540-080, Brasil",,residential,56051070,
0f35f511f0979a4f,2025,31/01/2025,Proteção ao cidadão - GM,"Enchentes, inundações ou alagamentos",Concluído,RUA AGOSTINHO ÂNGELO TREVISAN,UBERABA,Unidade Regional Cajuru,Telefone,True,False,2,pronto_para_geocodificar,none,"Candidato a geocodificacao; nao e coordenada, rotulo ou evidencia de treino.","Nao usar como ground truth, escore ou variavel derivada do rotulo.","RUA AGOSTINHO ÂNGELO TREVISAN, UBERABA, Curitiba, PR, Brasil",strong,-25.4894906,-49.2201498,"Rua Agostinho Ângelo Trevisan, Uberaba, Curitiba, Paraná, Região Sul, 81560-235, Brasil",,residential,158947075,
773b10e82973d85e,2025,31/01/2025,Proteção ao cidadão - GM,"Enchentes, inundações ou alagamentos",Concluído,Rua Natal,CAJURU,Unidade Regional Cajuru,Chat,True,False,1,pronto_para_geocodificar,none,"Candidato a geocodificacao; nao e coordenada, rotulo ou evidencia de treino.","Nao usar como ground truth, escore ou variavel derivada do rotulo.","Rua Natal, CAJURU, Curitiba, PR, Brasil",strong,-25.4583758,-49.2075862,"Rua Natal, Cajuru, Curitiba, Paraná, Região Sul, 82930-230, Brasil",,tertiary,232901223,
0984002c53a8033f,2025,31/01/2025,Proteção ao cidadão - GM,"Enchentes, inundações ou alagamentos",Concluído,Rua Agostinho Ângelo Trevisan,UBERABA,Unidade Regional Cajuru,Chat,True,False,2,pronto_para_geocodificar,none,"Candidato a geocodificacao; nao e coordenada, rotulo ou evidencia de treino.","Nao usar como ground truth, escore ou variavel derivada do rotulo.","Rua Agostinho Ângelo Trevisan, UBERABA, Curitiba, PR, Brasil",strong,-25.4894906,-49.2201498,"Rua Agostinho Ângelo Trevisan, Uberaba, Curitiba, Paraná, Região Sul, 81560-000, Brasil",,residential,158947075,
e25124d0500daad3,2025,31/01/2025,Proteção ao cidadão - GM,"Enchentes, inundações ou alagamentos",Concluído,Rua Brasílio Ribas,NOVO MUNDO,Unidade Regional Pinheirinho,Telefone,True,False,1,pronto_para_geocodificar,none,"Candidato a geocodificacao; nao e coordenada, rotulo ou evidencia de treino.","Nao usar como ground truth, escore ou variavel derivada do rotulo.","Rua Brasílio Ribas, NOVO MUNDO, Curitiba, PR, Brasil",strong,-25.4901497,-49.2795105,"Rua Brasílio Ribas, Novo Mundo, Curitiba, Paraná, Região Sul, 81030-470, Brasil",,residential,126284373,
151b5e7ed9710396,2025,01/02/2025,Proteção ao cidadão - GM,"Enchentes, inundações ou alagamentos",Concluído,Rua Rio Xingu,BAIRRO ALTO,Unidade Regional Boa Vista,Telefone,True,False,1,pronto_para_geocodificar,none,"Candidato a geocodificacao; nao e coordenada, rotulo ou evidencia de treino.","Nao usar como ground truth, escore ou variavel derivada do rotulo.","Rua Rio Xingu, BAIRRO ALTO, Curitiba, PR, Brasil",strong,-25.4032607,-49.2024962,"Rua Rio Xingu, Bairro Alto, Curitiba, Paraná, Região Sul, 82840-200, Brasil",,residential,159676203,
9bbe10f5900559e4,2025,03/02/2025,Proteção ao cidadão - GM,"Enchentes, inundações ou alagamentos",Concluído,RUA CORONEL ARY PINHO,BOA VISTA,Unidade Regional Boa Vista,Telefone,True,False,1,pronto_para_geocodificar,none,"Candidato a geocodificacao; nao e coordenada, rotulo ou evidencia de treino.","Nao usar como ground truth, escore ou variavel derivada do rotulo.","RUA CORONEL ARY PINHO, BOA VISTA, Curitiba, PR, Brasil",strong,-25.380276,-49.2436464,"Rua Coronel Ary Pinho, Boa Vista, Curitiba, Paraná, Região Sul, 82650-090, Brasil",,tertiary,162217222,
03a6450866f83155,2025,03/02/2025,Proteção ao cidadão - GM,"Enchentes, inundações ou alagamentos",Concluído,RUA HAYTON DA SILVA PEREIRA,CAPAO DA IMBUIA,Unidade Regional Cajuru,Telefone,True,False,1,pronto_para_geocodificar,none,"Candidato a geocodificacao; nao e coordenada, rotulo ou evidencia de treino.","Nao usar como ground truth, escore ou variavel derivada do rotulo.","RUA HAYTON DA SILVA PEREIRA, CAPAO DA IMBUIA, Curitiba, PR, Brasil",strong,-25.4378311,-49.2154548,"Rua Hayton da Silva Pereira, Capão da Imbuia, Curitiba, Paraná, Região Sul, 82810-280, Brasil",,tertiary,164417452,
067d8c96439ec860,2025,03/02/2025,Proteção ao cidadão - GM,"Enchentes, inundações ou alagamentos",Concluído,RUA ALETE DACHEAUX STORI,JARDIM DAS AMERICAS,Unidade Regional Cajuru,Telefone,True,False,1,pronto_para_geocodificar,none,"Candidato a geocodificacao; nao e coordenada, rotulo ou evidencia de treino.","Nao usar como ground truth, escore ou variavel derivada do rotulo.","RUA ALETE DACHEAUX STORI, JARDIM DAS AMERICAS, Curitiba, PR, Brasil",strong,-25.4648005,-49.2201031,"Rua Alete Dacheaux Stori, Jardim das Américas, Curitiba, Paraná, Região Sul, 81540-120, Brasil",,residential,162510621,
851ee50b7fcf5b0a,2025,03/02/2025,Proteção ao cidadão - GM,"Enchentes, inundações ou alagamentos",Concluído,Rua Abrahão Kalil Fadel,SEMINARIO,Unidade Regional Portao,Telefone,True,False,1,pronto_para_geocodificar,none,"Candidato a geocodificacao; nao e coordenada, rotulo ou evidencia de treino.","Nao usar como ground truth, escore ou variavel derivada do rotulo.","Rua Abrahão Kalil Fadel, SEMINARIO, Curitiba, PR, Brasil",strong,-25.4465335,-49.3114864,"Rua Abrahão Kalil Fadel, Seminário, Curitiba, Paraná, Região Sul, 80310-100, Brasil",,residential,161320952,
ff93c4fe43d533e1,2025,03/02/2025,Proteção ao cidadão - GM,"Enchentes, inundações ou alagamentos",Concluído,RUA HELCIO DA CUNHA AJUZ,XAXIM,Unidade Regional Boqueirao,Telefone,True,False,1,pronto_para_geocodificar,none,"Candidato a geocodificacao; nao e coordenada, rotulo ou evidencia de treino.","Nao usar como ground truth, escore ou variavel derivada do rotulo.","RUA HELCIO DA CUNHA AJUZ, XAXIM, Curitiba, PR, Brasil",strong,-25.4996684,-49.2610393,"Rua Helcio da Cunha Ajuz, Xaxim, Curitiba, Paraná, Região Sul, 81710-380, Brasil",,residential,84883108,
b0870ccfa3327ae0,2025,03/02/2025,Proteção ao cidadão - GM,"Enchentes, inundações ou alagamentos",Concluído,RUA MAESTRO FRANCISCO ANTONELLO,NOVO MUNDO,Unidade Regional Pinheirinho,Telefone,True,False,1,pronto_para_geocodificar,none,"Candidato a geocodificacao; nao e coordenada, rotulo ou evidencia de treino.","Nao usar como ground truth, escore ou variavel derivada do rotulo.","RUA MAESTRO FRANCISCO ANTONELLO, NOVO MUNDO, Curitiba, PR, Brasil",strong,-25.4930908,-49.2785668,"Rua Maestro Francisco Antonello, Novo Mundo, Curitiba, Paraná, Região Sul, 81030-480, Brasil",,tertiary,285877758,
760be264b12cec73,2025,03/02/2025,Proteção ao cidadão - GM,"Enchentes, inundações ou alagamentos",Concluído,RUA CARLOS DE LAET,ALTO BOQUEIRAO,Unidade Regional Boqueirao,Telefone,True,False,1,pronto_para_geocodificar,none,"Candidato a geocodificacao; nao e coordenada, rotulo ou evidencia de treino.","Nao usar como ground truth, escore ou variavel derivada do rotulo.","RUA CARLOS DE LAET, ALTO BOQUEIRAO, Curitiba, PR, Brasil",medium,-25.532668,-49.2390629,"Alto Boqueirão, Curitiba, Paraná, Região Sul, Brasil",,administrative,5622007,fallback_bairro_apos_rua_sem_resultado_em_bbox
4cde8dd60608615f,2025,03/02/2025,Proteção ao cidadão - GM,"Enchentes, inundações ou alagamentos",Concluído,Avenida Henry Ford,LINDOIA,Unidade Regional Pinheirinho,Telefone,True,False,2,pronto_para_geocodificar,none,"Candidato a geocodificacao; nao e coordenada, rotulo ou evidencia de treino.","Nao usar como ground truth, escore ou variavel derivada do rotulo.","Avenida Henry Ford, LINDOIA, Curitiba, PR, Brasil",strong,-25.4776883,-49.2699621,"Avenida Henry Ford, Lindóia, Curitiba, Paraná, Região Sul, 81010-001, Brasil",,residential,126274279,
5f55a72826d5a37e,2025,03/02/2025,Proteção ao cidadão - GM,"Enchentes, inundações ou alagamentos",Concluído,AVENIDA HENRY FORD,LINDOIA,Unidade Regional Pinheirinho,Telefone,True,False,2,pronto_para_geocodificar,none,"Candidato a geocodificacao; nao e coordenada, rotulo ou evidencia de treino.","Nao usar como ground truth, escore ou variavel derivada do rotulo.","AVENIDA HENRY FORD, LINDOIA, Curitiba, PR, Brasil",strong,-25.4776883,-49.2699621,"Avenida Henry Ford, Lindóia, Curitiba, Paraná, Região Sul, 81010-001, Brasil",,residential,126274279,
10781772784b42e2,2025,03/02/2025,Proteção ao cidadão - GM,"Enchentes, inundações ou alagamentos",Concluído,Rua Dante Honório,XAXIM,Unidade Regional Boqueirao,Telefone,True,False,1,pronto_para_geocodificar,none,"Candidato a geocodificacao; nao e coordenada, rotulo ou evidencia de treino.","Nao usar como ground truth, escore ou variavel derivada do rotulo.","Rua Dante Honório, XAXIM, Curitiba, PR, Brasil",strong,-25.5101598,-49.2708732,"Rua Dante Honório, Xaxim, Curitiba, Paraná, Região Sul, 81810-150, Brasil",,residential,85019720,
588fd84dfa181459,2025,03/02/2025,Proteção ao cidadão - GM,"Enchentes, inundações ou alagamentos",Concluído,RUA IZIDORO STAVITZKI,PINHEIRINHO,Unidade Regional Pinheirinho,Telefone,True,False,1,pronto_para_geocodificar,none,"Candidato a geocodificacao; nao e coordenada, rotulo ou evidencia de treino.","Nao usar como ground truth, escore ou variavel derivada do rotulo.","RUA IZIDORO STAVITZKI, PINHEIRINHO, Curitiba, PR, Brasil",strong,-25.5239897,-49.2723663,"Rua Izidoro Stavitzki, Pinheirinho, Curitiba, Paraná, Região Sul, 81825-300, Brasil",,residential,128988839,
7782cd378f7653ff,2025,03/02/2025,Proteção ao cidadão - GM,"Enchentes, inundações ou alagamentos",Concluído,RUA RANDOLFO SERZEDELO,FANNY,Unidade Regional Pinheirinho,Telefone,True,False,1,pronto_para_geocodificar,none,"Candidato a geocodificacao; nao e coordenada, rotulo ou evidencia de treino.","Nao usar como ground truth, escore ou variavel derivada do rotulo.","RUA RANDOLFO SERZEDELO, FANNY, Curitiba, PR, Brasil",strong,-25.4758504,-49.2630454,"Rua Randolfo Serzedelo, Fanny, Curitiba, Paraná, Região Sul, 80630-280, Brasil",,residential,126271634,
850ed864d756681b,2025,03/02/2025,Proteção ao cidadão - GM,"Enchentes, inundações ou alagamentos",Concluído,Rua Francisco Klemtz,PORTAO,Unidade Regional Portao,Telefone,True,False,1,pronto_para_geocodificar,none,"Candidato a geocodificacao; nao e coordenada, rotulo ou evidencia de treino.","Nao usar como ground truth, escore ou variavel derivada do rotulo.","Rua Francisco Klemtz, PORTAO, Curitiba, PR, Brasil",strong,-25.4689463,-49.3025256,"Rua Francisco Klemtz, Portão, Curitiba, Paraná, Região Sul, 80330-300, Brasil",,residential,396890092,
94de9166ddf724ed,2025,03/02/2025,Proteção ao cidadão - GM,"Enchentes, inundações ou alagamentos",Concluído,RUA DA DIVINA PROVIDÊNCIA,SANTA QUITERIA,Unidade Regional Portao,Telefone,True,False,1,pronto_para_geocodificar,none,"Candidato a geocodificacao; nao e coordenada, rotulo ou evidencia de treino.","Nao usar como ground truth, escore ou variavel derivada do rotulo.","RUA DA DIVINA PROVIDÊNCIA, SANTA QUITERIA, Curitiba, PR, Brasil",strong,-25.4601866,-49.3107392,"Rua da Divina Providência, Santa Quitéria, Curitiba, Paraná, Região Sul, 80310-410, Brasil",,residential,79690770,
acb383b54a46e8d2,2025,03/02/2025,Proteção ao cidadão - GM,"Enchentes, inundações ou alagamentos",Concluído,AVENIDA MARECHAL FLORIANO PEIXOTO,ALTO BOQUEIRAO,Unidade Regional Boqueirao,Telefone,True,False,1,pronto_para_geocodificar,none,"Candidato a geocodificacao; nao e coordenada, rotulo ou evidencia de treino.","Nao usar como ground truth, escore ou variavel derivada do rotulo.","AVENIDA MARECHAL FLORIANO PEIXOTO, ALTO BOQUEIRAO, Curitiba, PR, Brasil",strong,-25.5246302,-49.2261236,"Avenida Marechal Floriano Peixoto, Alto Boqueirão, Curitiba, Paraná, Região Sul, 81770-340, Brasil",,primary,274426587,
77cc771f936d0feb,2025,03/02/2025,Proteção ao cidadão - GM,"Enchentes, inundações ou alagamentos",Concluído,Rua Oscar Wilde,LINDOIA,Unidade Regional Pinheirinho,Telefone,True,False,1,pronto_para_geocodificar,none,"Candidato a geocodificacao; nao e coordenada, rotulo ou evidencia de treino.","Nao usar como ground truth, escore ou variavel derivada do rotulo.","Rua Oscar Wilde, LINDOIA, Curitiba, PR, Brasil",strong,-25.4815724,-49.2802058,"Rua Oscar Wilde, Lindóia, Curitiba, Paraná, Região Sul, 81030-410, Brasil",,residential,126274285,
24427180a09a040c,2025,03/02/2025,Proteção ao cidadão - GM,"Enchentes, inundações ou alagamentos",Concluído,RUA 25 DE AGOSTO,ALTO BOQUEIRAO,Unidade Regional Boqueirao,Telefone,True,False,1,pronto_para_geocodificar,none,"Candidato a geocodificacao; nao e coordenada, rotulo ou evidencia de treino.","Nao usar como ground truth, escore ou variavel derivada do rotulo.","RUA 25 DE AGOSTO, ALTO BOQUEIRAO, Curitiba, PR, Brasil",medium,-25.532668,-49.2390629,"Alto Boqueirão, Curitiba, Paraná, Região Sul, Brasil",,administrative,5622007,fallback_bairro_apos_rua_sem_resultado_em_bbox
31e6f558fa7cb726,2025,04/02/2025,Proteção ao cidadão - GM,"Enchentes, inundações ou alagamentos",Concluído,Rua General Teodorico Guimarães,FANNY,Unidade Regional Pinheirinho,Chat,True,False,1,pronto_para_geocodificar,none,"Candidato a geocodificacao; nao e coordenada, rotulo ou evidencia de treino.","Nao usar como ground truth, escore ou variavel derivada do rotulo.","Rua General Teodorico Guimarães, FANNY, Curitiba, PR, Brasil",strong,-25.4767574,-49.2640461,"Rua General Teodorico Guimarães, Fanny, Curitiba, Paraná, Região Sul, 80630-280, Brasil",,residential,126271632,
77ac111effcb70af,2025,04/02/2025,Proteção ao cidadão - GM,"Enchentes, inundações ou alagamentos",Concluído,Rua Coronel Luiz José Dos Santos,XAXIM,Unidade Regional Boqueirao,Telefone,True,False,1,pronto_para_geocodificar,none,"Candidato a geocodificacao; nao e coordenada, rotulo ou evidencia de treino.","Nao usar como ground truth, escore ou variavel derivada do rotulo.","Rua Coronel Luiz José Dos Santos, XAXIM, Curitiba, PR, Brasil",strong,-25.5039157,-49.2607169,"Rua Coronel Luiz José dos Santos, Xaxim, Curitiba, Paraná, Região Sul, 81710-000, Brasil",,secondary,33068502,
8e550d83a4062902,2025,13/02/2025,Proteção ao cidadão - GM,"Enchentes, inundações ou alagamentos",Concluído,Rua Aguinaldo Dos Santos Pereira,CAJURU,Unidade Regional Cajuru,Telefone,True,False,1,pronto_para_geocodificar,none,"Candidato a geocodificacao; nao e coordenada, rotulo ou evidencia de treino.","Nao usar como ground truth, escore ou variavel derivada do rotulo.","Rua Aguinaldo Dos Santos Pereira, CAJURU, Curitiba, PR, Brasil",strong,-25.4548426,-49.2132522,"Rua Aguinaldo dos Santos Pereira, Cajuru, Curitiba, Paraná, Região Sul, 82930-090, Brasil",,residential,164115568,
5481c75903bf0ed7,2025,13/02/2025,Proteção ao cidadão - GM,"Enchentes, inundações ou alagamentos",Concluído,RUA SÃO JOAQUIM,JARDIM BOTANICO,Unidade Regional Matriz,Telefone,True,False,1,pronto_para_geocodificar,none,"Candidato a geocodificacao; nao e coordenada, rotulo ou evidencia de treino.","Nao usar como ground truth, escore ou variavel derivada do rotulo.","RUA SÃO JOAQUIM, JARDIM BOTANICO, Curitiba, PR, Brasil",strong,-25.4396938,-49.2443992,"Rua São Joaquim, Jardim Botânico, Curitiba, Paraná, Região Sul, 80210-310, Brasil",,residential,24777465,
365a5e8374671d1b,2025,13/02/2025,Proteção ao cidadão - GM,"Enchentes, inundações ou alagamentos",Concluído,Rua José Demeterco,CAJURU,Unidade Regional Cajuru,Telefone,True,False,1,pronto_para_geocodificar,none,"Candidato a geocodificacao; nao e coordenada, rotulo ou evidencia de treino.","Nao usar como ground truth, escore ou variavel derivada do rotulo.","Rua José Demeterco, CAJURU, Curitiba, PR, Brasil",strong,-25.4468665,-49.2258708,"Rua Professor José Demeterco, Vila Cajuru II, Cajuru, Curitiba, Paraná, Região Sul, 82900-320, Brasil",,residential,155598468,
6bf0b7da7430115e,2025,13/02/2025,Proteção ao cidadão - GM,"Enchentes, inundações ou alagamentos",Concluído,Rua Carlota Pereira de Queiroz,CAJURU,Unidade Regional Cajuru,Telefone,True,False,1,pronto_para_geocodificar,none,"Candidato a geocodificacao; nao e coordenada, rotulo ou evidencia de treino.","Nao usar como ground truth, escore ou variavel derivada do rotulo.","Rua Carlota Pereira de Queiroz, CAJURU, Curitiba, PR, Brasil",strong,-25.4512362,-49.2025768,"Rua Carlota Pereira de Queiroz, Cajuru, Curitiba, Paraná, Região Sul, 82930-240, Brasil",,residential,93827726,
c3bdd698427069c3,2025,13/02/2025,Proteção ao cidadão - GM,"Enchentes, inundações ou alagamentos",Concluído,Rua Germânia,CAJURU,Unidade Regional Cajuru,Telefone,True,False,1,pronto_para_geocodificar,none,"Candidato a geocodificacao; nao e coordenada, rotulo ou evidencia de treino.","Nao usar como ground truth, escore ou variavel derivada do rotulo.","Rua Germânia, CAJURU, Curitiba, PR, Brasil",strong,-25.4442366,-49.217623,"Rua Germânia, Cajuru, Curitiba, Paraná, Região Sul, 82900-010, Brasil",,residential,162470574,
79081ad7d0d1c41d,2025,13/02/2025,Proteção ao cidadão - GM,"Enchentes, inundações ou alagamentos",Concluído,Rua Osmário de Lima,CAPAO DA IMBUIA,Unidade Regional Cajuru,Telefone,True,False,1,pronto_para_geocodificar,none,"Candidato a geocodificacao; nao e coordenada, rotulo ou evidencia de treino.","Nao usar como ground truth, escore ou variavel derivada do rotulo.","Rua Osmário de Lima, CAPAO DA IMBUIA, Curitiba, PR, Brasil",strong,-25.438382,-49.2087847,"Rua Osmário de Lima, Capão da Imbuia, Curitiba, Paraná, Região Sul, 82810-460, Brasil",,tertiary,1318008491,
c932a95bf4301ca2,2025,13/02/2025,Proteção ao cidadão - GM,"Enchentes, inundações ou alagamentos",Concluído,RUA SOFIA DUBIELLA,ABRANCHES,Unidade Regional Boa Vista,Telefone,True,False,1,pronto_para_geocodificar,none,"Candidato a geocodificacao; nao e coordenada, rotulo ou evidencia de treino.","Nao usar como ground truth, escore ou variavel derivada do rotulo.","RUA SOFIA DUBIELLA, ABRANCHES, Curitiba, PR, Brasil",strong,-25.3747273,-49.2701539,"Rua Sofia Dubiella, Abranches, Curitiba, Paraná, Região Sul, 82220-330, Brasil",,residential,162043596,
ab91fa4242981136,2025,13/02/2025,Proteção ao cidadão - GM,"Enchentes, inundações ou alagamentos",Concluído,RUA CLARA KUCHENNY,ABRANCHES,Unidade Regional Boa Vista,Telefone,True,False,1,pronto_para_geocodificar,none,"Candidato a geocodificacao; nao e coordenada, rotulo ou evidencia de treino.","Nao usar como ground truth, escore ou variavel derivada do rotulo.","RUA CLARA KUCHENNY, ABRANCHES, Curitiba, PR, Brasil",strong,-25.3797711,-49.2783941,"Rua Clara Kuchenny, Abranches, Curitiba, Paraná, Região Sul, 82130-290, Brasil",,residential,150348864,
0318352b6fc7e7eb,2025,13/02/2025,Proteção ao cidadão - GM,"Enchentes, inundações ou alagamentos",Concluído,RUA ASSIS BRASIL,BARREIRINHA,Unidade Regional Boa Vista,Telefone,True,False,1,pronto_para_geocodificar,none,"Candidato a geocodificacao; nao e coordenada, rotulo ou evidencia de treino.","Nao usar como ground truth, escore ou variavel derivada do rotulo.","RUA ASSIS BRASIL, BARREIRINHA, Curitiba, PR, Brasil",strong,-25.367965,-49.2626129,"Rua Assis Brasil, Barreirinha, Curitiba, Paraná, Região Sul, 82220-010, Brasil",,residential,1487827086,
45210eeaf9b4cafc,2025,13/02/2025,Proteção ao cidadão - GM,"Enchentes, inundações ou alagamentos",Concluído,RUA NAGIB DA SILVA,CAJURU,Unidade Regional Cajuru,Telefone,True,False,1,pronto_para_geocodificar,none,"Candidato a geocodificacao; nao e coordenada, rotulo ou evidencia de treino.","Nao usar como ground truth, escore ou variavel derivada do rotulo.","RUA NAGIB DA SILVA, CAJURU, Curitiba, PR, Brasil",strong,-25.4646101,-49.2073146,"Rua Nagib da Silva, Cajuru, Curitiba, Paraná, Região Sul, 82960-000, Brasil",,residential,33019130,
9533ff59729d54a3,2025,13/02/2025,Proteção ao cidadão - GM,"Enchentes, inundações ou alagamentos",Concluído,RUA GUILHERME IHLENFELDT,BACACHERI,Unidade Regional Boa Vista,Telefone,True,False,1,pronto_para_geocodificar,none,"Candidato a geocodificacao; nao e coordenada, rotulo ou evidencia de treino.","Nao usar como ground truth, escore ou variavel derivada do rotulo.","RUA GUILHERME IHLENFELDT, BACACHERI, Curitiba, PR, Brasil",strong,-25.3888735,-49.2254095,"Rua Guilherme Ihlenfeldt, Bacacheri, Curitiba, Paraná, Região Sul, 82600-360, Brasil",,secondary,1209220093,
61509c43413db666,2025,13/02/2025,Proteção ao cidadão - GM,"Enchentes, inundações ou alagamentos",Concluído,Rua Henrique Mehl,UBERABA,Unidade Regional Cajuru,Telefone,True,False,1,pronto_para_geocodificar,none,"Candidato a geocodificacao; nao e coordenada, rotulo ou evidencia de treino.","Nao usar como ground truth, escore ou variavel derivada do rotulo.","Rua Henrique Mehl, UBERABA, Curitiba, PR, Brasil",strong,-25.482786,-49.2173637,"Rua Henrique Mehl, Uberaba, Curitiba, Paraná, Região Sul, 81560-000, Brasil",,secondary,186786784,
2cd08771c64e0135,2025,13/02/2025,Proteção ao cidadão - GM,"Enchentes, inundações ou alagamentos",Concluído,RUA CURIÚVA,BARREIRINHA,Unidade Regional Boa Vista,Telefone,True,False,1,pronto_para_geocodificar,none,"Candidato a geocodificacao; nao e coordenada, rotulo ou evidencia de treino.","Nao usar como ground truth, escore ou variavel derivada do rotulo.","RUA CURIÚVA, BARREIRINHA, Curitiba, PR, Brasil",strong,-25.3683053,-49.2511664,"Rua Curiúva, Barreirinha, Curitiba, Paraná, Região Sul, 82650-505, Brasil",,residential,162219635,
a0f382e307542d9a,2025,13/02/2025,Proteção ao cidadão - GM,"Enchentes, inundações ou alagamentos",Concluído,Rua Gabirobas,UBERABA,Unidade Regional Cajuru,Telefone,True,False,1,pronto_para_geocodificar,none,"Candidato a geocodificacao; nao e coordenada, rotulo ou evidencia de treino.","Nao usar como ground truth, escore ou variavel derivada do rotulo.","Rua Gabirobas, UBERABA, Curitiba, PR, Brasil",strong,-25.4814609,-49.2197016,"Rua Gabirobas, Uberaba, Curitiba, Paraná, Região Sul, 81550-000, Brasil",,residential,165065960,
0c7b1574bd4e1866,2025,13/02/2025,Proteção ao cidadão - GM,"Enchentes, inundações ou alagamentos",Concluído,RUA PARÁ,AGUA VERDE,Unidade Regional Portao,Telefone,True,False,1,pronto_para_geocodificar,none,"Candidato a geocodificacao; nao e coordenada, rotulo ou evidencia de treino.","Nao usar como ground truth, escore ou variavel derivada do rotulo.","RUA PARÁ, AGUA VERDE, Curitiba, PR, Brasil",strong,-25.4672731,-49.283712,"Rua Pará, Água Verde, Curitiba, Paraná, Região Sul, 80610-020, Brasil",,residential,48310684,
825c941ed750fc8c,2025,15/02/2025,Proteção ao cidadão - GM,"Enchentes, inundações ou alagamentos",Concluído,RUA SUDÃO,CAJURU,Unidade Regional Cajuru,Telefone,True,False,1,pronto_para_geocodificar,none,"Candidato a geocodificacao; nao e coordenada, rotulo ou evidencia de treino.","Nao usar como ground truth, escore ou variavel derivada do rotulo.","RUA SUDÃO, CAJURU, Curitiba, PR, Brasil",strong,-25.4658562,-49.2064053,"Rua Sudão, Cajuru, Curitiba, Paraná, Região Sul, 82960-000, Brasil",,residential,33019077,
210a7c859a606137,2025,18/02/2025,Proteção ao cidadão - GM,"Enchentes, inundações ou alagamentos",Concluído,Rua Francisco Klemtz,PORTAO,Unidade Regional Portao,Telefone,True,False,1,pronto_para_geocodificar,none,"Candidato a geocodificacao; nao e coordenada, rotulo ou evidencia de treino.","Nao usar como ground truth, escore ou variavel derivada do rotulo.","Rua Francisco Klemtz, PORTAO, Curitiba, PR, Brasil",strong,-25.4689463,-49.3025256,"Rua Francisco Klemtz, Portão, Curitiba, Paraná, Região Sul, 80330-300, Brasil",,residential,396890092,
09ddd222e196f386,2025,18/02/2025,Proteção ao cidadão - GM,"Enchentes, inundações ou alagamentos",Concluído,Rua Vereador Elias Karam,FAZENDINHA,Unidade Regional Portao,Telefone,True,False,1,pronto_para_geocodificar,none,"Candidato a geocodificacao; nao e coordenada, rotulo ou evidencia de treino.","Nao usar como ground truth, escore ou variavel derivada do rotulo.","Rua Vereador Elias Karam, FAZENDINHA, Curitiba, PR, Brasil",strong,-25.4805451,-49.3319588,"Rua Vereador Elias Karam, Fazendinha, Curitiba, Paraná, Região Sul, 81330-300, Brasil",,secondary,82005508,
c84432161b224fb3,2025,18/02/2025,Proteção ao cidadão - GM,"Enchentes, inundações ou alagamentos",Concluído,RUA ROSAMÉLIA DE OLIVEIRA,CAMPO COMPRIDO,Unidade Regional Portao,Telefone,True,False,1,pronto_para_geocodificar,none,"Candidato a geocodificacao; nao e coordenada, rotulo ou evidencia de treino.","Nao usar como ground truth, escore ou variavel derivada do rotulo.","RUA ROSAMÉLIA DE OLIVEIRA, CAMPO COMPRIDO, Curitiba, PR, Brasil",strong,-25.4581123,-49.3299862,"Rua Rosamélia de Oliveira, Campo Comprido, Curitiba, Paraná, Região Sul, 81230-162, Brasil",,residential,158243350,
228b0eac20cd9b34,2025,18/02/2025,Proteção ao cidadão - GM,"Enchentes, inundações ou alagamentos",Concluído,Rua Lins de Vasconcelos,CIDADE INDUSTRIAL,Unidade Regional CIC,Telefone,True,False,1,pronto_para_geocodificar,none,"Candidato a geocodificacao; nao e coordenada, rotulo ou evidencia de treino.","Nao usar como ground truth, escore ou variavel derivada do rotulo.","Rua Lins de Vasconcelos, CIDADE INDUSTRIAL, Curitiba, PR, Brasil",strong,-25.4883666,-49.3416638,"Rua Lins de Vasconcelos, Cidade Industrial de Curitiba, Curitiba, Paraná, Região Sul, 81250-460, Brasil",,residential,83059256,
0180f4b0250baacd,2025,18/02/2025,Proteção ao cidadão - GM,"Enchentes, inundações ou alagamentos",Concluído,RUA TIBAGI,CENTRO,Unidade Regional Matriz,Telefone,True,False,1,pronto_para_geocodificar,none,"Candidato a geocodificacao; nao e coordenada, rotulo ou evidencia de treino.","Nao usar como ground truth, escore ou variavel derivada do rotulo.","RUA TIBAGI, CENTRO, Curitiba, PR, Brasil",strong,-25.4332137,-49.2622903,"Rua Tibagi, Centro, Curitiba, Paraná, Região Sul, 80060-110, Brasil",,secondary,380939621,
de4d42bc9b4ce3bf,2025,18/02/2025,Proteção ao cidadão - GM,"Enchentes, inundações ou alagamentos",Concluído,RUA BANDEIRANTES,SITIO CERCADO,Unidade Regional Bairro Novo,Telefone,True,False,1,pronto_para_geocodificar,none,"Candidato a geocodificacao; nao e coordenada, rotulo ou evidencia de treino.","Nao usar como ground truth, escore ou variavel derivada do rotulo.","RUA BANDEIRANTES, SITIO CERCADO, Curitiba, PR, Brasil",strong,-25.5437905,-49.2869049,"Rua Bandeirantes, Sítio Cercado, Curitiba, Paraná, Região Sul, 81880-330, Brasil",,residential,129015234,
0e96f59b8628c6e6,2025,18/02/2025,Proteção ao cidadão - GM,"Enchentes, inundações ou alagamentos",Concluído,RUA DAS CARMELITAS,BOQUEIRAO,Unidade Regional Boqueirao,Telefone,True,False,1,pronto_para_geocodificar,none,"Candidato a geocodificacao; nao e coordenada, rotulo ou evidencia de treino.","Nao usar como ground truth, escore ou variavel derivada do rotulo.","RUA DAS CARMELITAS, BOQUEIRAO, Curitiba, PR, Brasil",strong,-25.4869771,-49.2377774,"Rua das Carmelitas, Boqueirão, Curitiba, Paraná, Região Sul, 81650-110, Brasil",,tertiary,85573756,
0f391957ea7a969f,2025,18/02/2025,Proteção ao cidadão - GM,"Enchentes, inundações ou alagamentos",Concluído,Rua Olegário Maciel,FAZENDINHA,Unidade Regional Portao,Telefone,True,False,1,pronto_para_geocodificar,none,"Candidato a geocodificacao; nao e coordenada, rotulo ou evidencia de treino.","Nao usar como ground truth, escore ou variavel derivada do rotulo.","Rua Olegário Maciel, FAZENDINHA, Curitiba, PR, Brasil",strong,-25.4870889,-49.3338694,"Rua Olegário Maciel, Cidade Industrial de Curitiba, Curitiba, Paraná, Região Sul, 81330-430, Brasil",,residential,83705686,
3858fa859a47453f,2025,18/02/2025,Proteção ao cidadão - GM,"Enchentes, inundações ou alagamentos",Concluído,Rua Olga Baptista Bevilaqua,ALTO BOQUEIRAO,Unidade Regional Boqueirao,Chat,True,False,1,pronto_para_geocodificar,none,"Candidato a geocodificacao; nao e coordenada, rotulo ou evidencia de treino.","Nao usar como ground truth, escore ou variavel derivada do rotulo.","Rua Olga Baptista Bevilaqua, ALTO BOQUEIRAO, Curitiba, PR, Brasil",strong,-25.5299224,-49.2566824,"Rua Olga Baptista Beviláqua, Alto Boqueirão, Curitiba, Paraná, Região Sul, 81850-025, Brasil",,residential,85031443,
48f6e106d01eaa2d,2025,25/02/2025,Proteção ao cidadão - GM,"Enchentes, inundações ou alagamentos",Concluído,RUA FERNANDO SIMAS,MERCES,Unidade Regional Matriz,Telefone,True,False,1,pronto_para_geocodificar,none,"Candidato a geocodificacao; nao e coordenada, rotulo ou evidencia de treino.","Nao usar como ground truth, escore ou variavel derivada do rotulo.","RUA FERNANDO SIMAS, MERCES, Curitiba, PR, Brasil",strong,-25.4265223,-49.2911846,"Rua Fernando Simas, Mercês, Curitiba, Paraná, Região Sul, 80430-000, Brasil",,secondary,358926096,
a5cf28a101aedd7a,2025,27/02/2025,Proteção ao cidadão - GM,"Enchentes, inundações ou alagamentos",Concluído,AVENIDA MARECHAL FLORIANO PEIXOTO,BOQUEIRAO,Unidade Regional Boqueirao,Telefone,True,False,1,pronto_para_geocodificar,none,"Candidato a geocodificacao; nao e coordenada, rotulo ou evidencia de treino.","Nao usar como ground truth, escore ou variavel derivada do rotulo.","AVENIDA MARECHAL FLORIANO PEIXOTO, BOQUEIRAO, Curitiba, PR, Brasil",strong,-25.5267887,-49.2224235,"Avenida Marechal Floriano Peixoto, Boqueirão, Curitiba, Paraná, Região Sul, 81770-340, Brasil",,primary,24572377,
18e866989d0bab0c,2025,05/03/2025,Proteção ao cidadão - GM,"Enchentes, inundações ou alagamentos",Concluído,TERMINAL BAIRRO ALTO,BOQUEIRAO,Unidade Regional Boqueirao,Telefone,True,False,1,pronto_para_geocodificar,none,"Candidato a geocodificacao; nao e coordenada, rotulo ou evidencia de treino.","Nao usar como ground truth, escore ou variavel derivada do rotulo.","TERMINAL BAIRRO ALTO, BOQUEIRAO, Curitiba, PR, Brasil",medium,-25.500728,-49.2411054,"Boqueirão, Curitiba, Paraná, Região Sul, Brasil",,administrative,3954206,fallback_bairro_apos_rua_sem_resultado_em_bbox
f87c37b05b339445,2025,05/03/2025,Proteção ao cidadão - GM,"Enchentes, inundações ou alagamentos",Concluído,RUA ROGERIO PEREIRA DE CAMARGO,CIDADE INDUSTRIAL,Unidade Regional CIC,Telefone,True,False,1,pronto_para_geocodificar,none,"Candidato a geocodificacao; nao e coordenada, rotulo ou evidencia de treino.","Nao usar como ground truth, escore ou variavel derivada do rotulo.","RUA ROGERIO PEREIRA DE CAMARGO, CIDADE INDUSTRIAL, Curitiba, PR, Brasil",medium,-25.497993,-49.334522,"Cidade Industrial de Curitiba, Curitiba, Paraná, Região Sul, 81350-260, Brasil",,suburb,3012156952,fallback_bairro_apos_rua_sem_resultado_em_bbox
cc9caed157ae43b0,2025,09/03/2025,Proteção ao cidadão - GM,"Enchentes, inundações ou alagamentos",Concluído,Rua Professora Woyslava Trzeciak Ângelotti,SITIO CERCADO,Unidade Regional Bairro Novo,Telefone,True,False,1,pronto_para_geocodificar,none,"Candidato a geocodificacao; nao e coordenada, rotulo ou evidencia de treino.","Nao usar como ground truth, escore ou variavel derivada do rotulo.","Rua Professora Woyslava Trzeciak Ângelotti, SITIO CERCADO, Curitiba, PR, Brasil",strong,-25.5404147,-49.2556535,"Rua Professora Woyslava Trzeciak Angelotti, Sítio Cercado, Curitiba, Paraná, Região Sul, 81920-090, Brasil",,residential,127255727,
7e91ffbe681808a5,2025,09/03/2025,Proteção ao cidadão - GM,"Enchentes, inundações ou alagamentos",Concluído,Rua João Sarot,TATUQUARA,Unidade Regional Tatuquara,Telefone,True,False,1,pronto_para_geocodificar,none,"Candidato a geocodificacao; nao e coordenada, rotulo ou evidencia de treino.","Nao usar como ground truth, escore ou variavel derivada do rotulo.","Rua João Sarot, TATUQUARA, Curitiba, PR, Brasil",strong,-25.5605482,-49.3138266,"Rua João Sarot, Moradias Dalagassa, Tatuquara, Curitiba, Paraná, Região Sul, 81480-160, Brasil",,residential,125207639,
bc0ff8c99b4251cf,2025,23/04/2025,Proteção ao cidadão - GM,"Enchentes, inundações ou alagamentos",Concluído,RUA IZOLINA MOLETTA MAURER,CIDADE INDUSTRIAL,Unidade Regional CIC,Telefone,True,False,1,pronto_para_geocodificar,none,"Candidato a geocodificacao; nao e coordenada, rotulo ou evidencia de treino.","Nao usar como ground truth, escore ou variavel derivada do rotulo.","RUA IZOLINA MOLETTA MAURER, CIDADE INDUSTRIAL, Curitiba, PR, Brasil",medium,-25.497993,-49.334522,"Cidade Industrial de Curitiba, Curitiba, Paraná, Região Sul, 81350-260, Brasil",,suburb,3012156952,fallback_bairro_apos_rua_sem_resultado_em_bbox
a0dca1389a3cccf6,2025,21/05/2025,Proteção ao cidadão - GM,"Enchentes, inundações ou alagamentos",Concluído,RUA EMÍLIO BORDENOSKI,VISTA ALEGRE,Unidade Regional Santa Felicidade,Telefone,True,False,1,pronto_para_geocodificar,none,"Candidato a geocodificacao; nao e coordenada, rotulo ou evidencia de treino.","Nao usar como ground truth, escore ou variavel derivada do rotulo.","RUA EMÍLIO BORDENOSKI, VISTA ALEGRE, Curitiba, PR, Brasil",strong,-25.411538,-49.2999602,"Rua Emílio Bordenoski, Vista Alegre, Curitiba, Paraná, Região Sul, 80820-390, Brasil",,residential,149724954,
b5818d063ad733bd,2025,21/05/2025,Proteção ao cidadão - GM,"Enchentes, inundações ou alagamentos",Concluído,Rua Rodolfo Bernardelli,UBERABA,Unidade Regional Cajuru,Telefone,True,False,1,pronto_para_geocodificar,none,"Candidato a geocodificacao; nao e coordenada, rotulo ou evidencia de treino.","Nao usar como ground truth, escore ou variavel derivada do rotulo.","Rua Rodolfo Bernardelli, UBERABA, Curitiba, PR, Brasil",strong,-25.489124,-49.2263508,"Rua Rodolfo Bernardelli, Uberaba, Curitiba, Paraná, Região Sul, 81580-010, Brasil",,tertiary,55171079,
fdaee6d433d7a1e2,2025,07/06/2025,Proteção ao cidadão - GM,"Enchentes, inundações ou alagamentos",Concluído,RUA FRANCISCO KLEICHEVICZ,ORLEANS,Unidade Regional Santa Felicidade,Telefone,True,False,1,pronto_para_geocodificar,none,"Candidato a geocodificacao; nao e coordenada, rotulo ou evidencia de treino.","Nao usar como ground truth, escore ou variavel derivada do rotulo.","RUA FRANCISCO KLEICHEVICZ, ORLEANS, Curitiba, PR, Brasil",strong,-25.429025,-49.3471408,"Rua Francisco Kleichevicz, Orleans, Curitiba, Paraná, Região Sul, 82310-347, Brasil",,residential,127538674,
6871fa8cac2bc00d,2025,07/06/2025,Proteção ao cidadão - GM,"Enchentes, inundações ou alagamentos",Concluído,AVENIDA MANOEL RIBAS,BUTIATUVINHA,Unidade Regional Santa Felicidade,Telefone,True,False,1,pronto_para_geocodificar,none,"Candidato a geocodificacao; nao e coordenada, rotulo ou evidencia de treino.","Nao usar como ground truth, escore ou variavel derivada do rotulo.","AVENIDA MANOEL RIBAS, BUTIATUVINHA, Curitiba, PR, Brasil",strong,-25.392013,-49.351697,"Avenida Manoel Ribas, Butiatuvinha, Curitiba, Paraná, Região Sul, 82320-750, Brasil",,primary,945716784,
e5b3333248c919da,2025,08/06/2025,Proteção ao cidadão - GM,"Enchentes, inundações ou alagamentos",Concluído,RUA COLÔMBIA,BACACHERI,Unidade Regional Boa Vista,Telefone,True,False,1,pronto_para_geocodificar,none,"Candidato a geocodificacao; nao e coordenada, rotulo ou evidencia de treino.","Nao usar como ground truth, escore ou variavel derivada do rotulo.","RUA COLÔMBIA, BACACHERI, Curitiba, PR, Brasil",strong,-25.4081686,-49.2395069,"Rua Colômbia, Bacacheri, Curitiba, Paraná, Região Sul, 82515-030, Brasil",,tertiary,1104868486,
67e43a0f3c10dc67,2025,09/06/2025,Proteção ao cidadão - GM,"Enchentes, inundações ou alagamentos",Concluído,Rua Bento Viana,AGUA VERDE,Unidade Regional Portao,Telefone,True,False,1,pronto_para_geocodificar,none,"Candidato a geocodificacao; nao e coordenada, rotulo ou evidencia de treino.","Nao usar como ground truth, escore ou variavel derivada do rotulo.","Rua Bento Viana, AGUA VERDE, Curitiba, PR, Brasil",strong,-25.4495297,-49.2821824,"Rua Bento Viana, Água Verde, Curitiba, Paraná, Região Sul, 80240-050, Brasil",,secondary,38849145,
15483f96d08fd7cd,2025,09/06/2025,Proteção ao cidadão - GM,"Enchentes, inundações ou alagamentos",Concluído,Rua Pedro Antônio da Costa,BOA VISTA,Unidade Regional Boa Vista,Telefone,True,False,1,pronto_para_geocodificar,none,"Candidato a geocodificacao; nao e coordenada, rotulo ou evidencia de treino.","Nao usar como ground truth, escore ou variavel derivada do rotulo.","Rua Pedro Antônio da Costa, BOA VISTA, Curitiba, PR, Brasil",strong,-25.3752293,-49.2463221,"Rua Pedro Antônio da Costa, Boa Vista, Curitiba, Paraná, Região Sul, 82650-090, Brasil",,residential,162219656,
292a101c5eaf2f9c,2025,09/06/2025,Proteção ao cidadão - GM,"Enchentes, inundações ou alagamentos",Concluído,LARGO ERASMO DE ROTTERDAM,AHU,Unidade Regional Matriz,Telefone,True,False,1,pronto_para_geocodificar,none,"Candidato a geocodificacao; nao e coordenada, rotulo ou evidencia de treino.","Nao usar como ground truth, escore ou variavel derivada do rotulo.","LARGO ERASMO DE ROTTERDAM, AHU, Curitiba, PR, Brasil",medium,-25.4008,-49.2643669,"Largo Erasmo de Rotterdam, 1285, Ahú, Curitiba, Paraná, Região Sul, Brasil",,park,420862368,
eb5f39ae8c13122d,2025,20/06/2025,Proteção ao cidadão - GM,"Enchentes, inundações ou alagamentos",Concluído,RUA PALMIRA GLÓRIA DE QUEIROZ,ORLEANS,Unidade Regional Santa Felicidade,Telefone,True,False,1,pronto_para_geocodificar,none,"Candidato a geocodificacao; nao e coordenada, rotulo ou evidencia de treino.","Nao usar como ground truth, escore ou variavel derivada do rotulo.","RUA PALMIRA GLÓRIA DE QUEIROZ, ORLEANS, Curitiba, PR, Brasil",strong,-25.4264993,-49.3600256,"Rua Palmira Glória de Queiroz, Orleans, Curitiba, Paraná, Região Sul, 82310-385, Brasil",,residential,157551326,
d283d08c3fd95ef6,2025,26/08/2025,Proteção ao cidadão - GM,"Enchentes, inundações ou alagamentos",Concluído,Rua Padre Estanislau Piasecki,CIDADE INDUSTRIAL,Unidade Regional CIC,Telefone,True,False,1,pronto_para_geocodificar,none,"Candidato a geocodificacao; nao e coordenada, rotulo ou evidencia de treino.","Nao usar como ground truth, escore ou variavel derivada do rotulo.","Rua Padre Estanislau Piasecki, CIDADE INDUSTRIAL, Curitiba, PR, Brasil",medium,-25.497993,-49.334522,"Cidade Industrial de Curitiba, Curitiba, Paraná, Região Sul, 81350-260, Brasil",,suburb,3012156952,fallback_bairro_apos_rua_sem_resultado_em_bbox
c467e1ad59b75c68,2025,21/09/2025,Proteção ao cidadão - GM,"Enchentes, inundações ou alagamentos",Concluído,RUA EDMUNDO GILLUNG,ALTO BOQUEIRAO,Unidade Regional Boqueirao,Telefone,True,False,1,pronto_para_geocodificar,none,"Candidato a geocodificacao; nao e coordenada, rotulo ou evidencia de treino.","Nao usar como ground truth, escore ou variavel derivada do rotulo.","RUA EDMUNDO GILLUNG, ALTO BOQUEIRAO, Curitiba, PR, Brasil",strong,-25.5230769,-49.2382822,"Rua Edmundo Gillung, Alto Boqueirão, Curitiba, Paraná, Região Sul, 81750-090, Brasil",,residential,390171235,
27cc89101373df22,2025,22/09/2025,Proteção ao cidadão - GM,"Enchentes, inundações ou alagamentos",Concluído,Rua Lufrido Costa,PINHEIRINHO,Unidade Regional Pinheirinho,Telefone,True,False,1,pronto_para_geocodificar,none,"Candidato a geocodificacao; nao e coordenada, rotulo ou evidencia de treino.","Nao usar como ground truth, escore ou variavel derivada do rotulo.","Rua Lufrido Costa, PINHEIRINHO, Curitiba, PR, Brasil",strong,-25.5390929,-49.2976152,"Rua Lufrido Costa, Pinheirinho, Curitiba, Paraná, Região Sul, 81880-000, Brasil",,residential,129015268,
10171616e8b6c152,2025,22/09/2025,Proteção ao cidadão - GM,"Enchentes, inundações ou alagamentos",Concluído,Rua Vitório Stevan,CIDADE INDUSTRIAL,Unidade Regional CIC,Telefone,True,False,1,pronto_para_geocodificar,none,"Candidato a geocodificacao; nao e coordenada, rotulo ou evidencia de treino.","Nao usar como ground truth, escore ou variavel derivada do rotulo.","Rua Vitório Stevan, CIDADE INDUSTRIAL, Curitiba, PR, Brasil",medium,-25.497993,-49.334522,"Cidade Industrial de Curitiba, Curitiba, Paraná, Região Sul, 81350-260, Brasil",,suburb,3012156952,fallback_bairro_apos_rua_sem_resultado_em_bbox
97c25eb1dbf928c2,2025,18/10/2025,Proteção ao cidadão - GM,"Enchentes, inundações ou alagamentos",Concluído,RUA OLINDO CAETANI,UBERABA,Unidade Regional Cajuru,Telefone,True,False,1,pronto_para_geocodificar,none,"Candidato a geocodificacao; nao e coordenada, rotulo ou evidencia de treino.","Nao usar como ground truth, escore ou variavel derivada do rotulo.","RUA OLINDO CAETANI, UBERABA, Curitiba, PR, Brasil",strong,-25.4978345,-49.2064322,"Rua Olindo Caetani, Vila Alvorada, Uberaba, Curitiba, Paraná, Região Sul, 81560-615, Brasil",,residential,654374629,
f3a1a1de9ee56419,2025,03/11/2025,Proteção ao cidadão - GM,"Enchentes, inundações ou alagamentos",Concluído,Rua Jacinto Cunha,CIDADE INDUSTRIAL,Unidade Regional CIC,Telefone,True,False,1,pronto_para_geocodificar,none,"Candidato a geocodificacao; nao e coordenada, rotulo ou evidencia de treino.","Nao usar como ground truth, escore ou variavel derivada do rotulo.","Rua Jacinto Cunha, CIDADE INDUSTRIAL, Curitiba, PR, Brasil",strong,-25.485266,-49.3490599,"Rua Jacinto Cunha, Cidade Industrial de Curitiba, Curitiba, Paraná, Região Sul, 81260-260, Brasil",,residential,127529126,
52b668f4b31fedcc,2025,08/11/2025,Proteção ao cidadão - GM,"Enchentes, inundações ou alagamentos",Concluído,Avenida Francisco Gulin,SANTA FELICIDADE,Unidade Regional Santa Felicidade,Telefone,True,False,1,pronto_para_geocodificar,none,"Candidato a geocodificacao; nao e coordenada, rotulo ou evidencia de treino.","Nao usar como ground truth, escore ou variavel derivada do rotulo.","Avenida Francisco Gulin, SANTA FELICIDADE, Curitiba, PR, Brasil",strong,-25.3869409,-49.3383647,"Avenida Francisco Gulin, Santa Felicidade, Curitiba, Paraná, Região Sul, 82400-070, Brasil",,tertiary,127546305,
a04cde267ed4f8cc,2025,29/12/2025,Drenagem,Alagamentos,Aberto,Rua Estados Unidos,BOA VISTA,Unidade Regional Boa Vista,Telefone,True,False,1,pronto_para_geocodificar,none,"Candidato a geocodificacao; nao e coordenada, rotulo ou evidencia de treino.","Nao usar como ground truth, escore ou variavel derivada do rotulo.","Rua Estados Unidos, BOA VISTA, Curitiba, PR, Brasil",strong,-25.3935809,-49.2559241,"Rua Estados Unidos, Boa Vista, Curitiba, Paraná, Região Sul, 82540-210, Brasil",,tertiary,38230006,
7f99842e2d532a7b,2025,29/12/2025,Drenagem,Alagamentos,Aberto,Humberto Cezarino,SANTA CANDIDA,Unidade Regional Boa Vista,Portal,True,False,1,pronto_para_geocodificar,none,"Candidato a geocodificacao; nao e coordenada, rotulo ou evidencia de treino.","Nao usar como ground truth, escore ou variavel derivada do rotulo.","Humberto Cezarino, SANTA CANDIDA, Curitiba, PR, Brasil",strong,-25.3756412,-49.2393624,"Rua Humberto Cezarino, Santa Cândida, Curitiba, Paraná, Região Sul, 82640-010, Brasil",,residential,162217201,
9293ff3703860e52,2025,18/11/2025,Drenagem,Alagamentos,Aberto,Rua Iapó,PRADO VELHO,Unidade Regional Matriz,Telefone,True,False,1,pronto_para_geocodificar,none,"Candidato a geocodificacao; nao e coordenada, rotulo ou evidencia de treino.","Nao usar como ground truth, escore ou variavel derivada do rotulo.","Rua Iapó, PRADO VELHO, Curitiba, PR, Brasil",strong,-25.4542973,-49.2536684,"Rua Iapó, Prado Velho, Curitiba, Paraná, Região Sul, 80215-223, Brasil",,residential,317975013,
1d6238ace7f7f16f,2025,14/12/2025,Drenagem,Alagamentos,Aberto,Júlia Wanderley,MERCES,Unidade Regional Matriz,Portal,True,False,1,pronto_para_geocodificar,none,"Candidato a geocodificacao; nao e coordenada, rotulo ou evidencia de treino.","Nao usar como ground truth, escore ou variavel derivada do rotulo.","Júlia Wanderley, MERCES, Curitiba, PR, Brasil",strong,-25.4264247,-49.2952568,"Rua Júlia Wanderley, Mercês, Curitiba, Paraná, Região Sul, 80710-240, Brasil",,secondary,163603467,
b9a380480174f767,2025,15/12/2025,Drenagem,Alagamentos,Aberto,RUA DESEMBARGADOR MOTTA,CENTRO,Unidade Regional Matriz,Telefone,True,False,1,pronto_para_geocodificar,none,"Candidato a geocodificacao; nao e coordenada, rotulo ou evidencia de treino.","Nao usar como ground truth, escore ou variavel derivada do rotulo.","RUA DESEMBARGADOR MOTTA, CENTRO, Curitiba, PR, Brasil",strong,-25.440597,-49.2783098,"Rua Desembargador Motta, Centro, Curitiba, Paraná, Região Sul, 80250-220, Brasil",,primary,231095196,
26ca17889f0ecee5,2025,16/12/2025,Drenagem,Alagamentos,Aberto,RUA Desembargador Motta,CENTRO,Unidade Regional Matriz,Telefone,True,False,1,pronto_para_geocodificar,none,"Candidato a geocodificacao; nao e coordenada, rotulo ou evidencia de treino.","Nao usar como ground truth, escore ou variavel derivada do rotulo.","RUA Desembargador Motta, CENTRO, Curitiba, PR, Brasil",strong,-25.440597,-49.2783098,"Rua Desembargador Motta, Centro, Curitiba, Paraná, Região Sul, 80250-220, Brasil",,primary,231095196,
919abcfef21a9a57,2025,31/12/2025,Drenagem,Alagamentos,Aberto,Nestor Lopes da Silva,MERCES,Unidade Regional Matriz,Portal,True,False,1,pronto_para_geocodificar,none,"Candidato a geocodificacao; nao e coordenada, rotulo ou evidencia de treino.","Nao usar como ground truth, escore ou variavel derivada do rotulo.","Nestor Lopes da Silva, MERCES, Curitiba, PR, Brasil",strong,-25.4203127,-49.2961347,"Rua Nestor Lopes da Silva, Mercês, Curitiba, Paraná, Região Sul, 80810-345, Brasil",,residential,29548945,
e5792ba922af9122,2025,31/12/2025,Drenagem,Alagamentos,Aberto,Júlia Wanderley,MERCES,Unidade Regional Matriz,Portal,True,False,1,pronto_para_geocodificar,none,"Candidato a geocodificacao; nao e coordenada, rotulo ou evidencia de treino.","Nao usar como ground truth, escore ou variavel derivada do rotulo.","Júlia Wanderley, MERCES, Curitiba, PR, Brasil",strong,-25.4264247,-49.2952568,"Rua Júlia Wanderley, Mercês, Curitiba, Paraná, Região Sul, 80710-240, Brasil",,secondary,163603467,
f03e3a4bf1d6f02b,2026,22/07/2026,Drenagem,Alagamentos,Aberto,RUA JEREMIAS MACIEL PERRETTO,MOSSUNGUE,Unidade Regional Santa Felicidade,Portal,True,False,1,pronto_para_geocodificar,none,"Candidato a geocodificacao; nao e coordenada, rotulo ou evidencia de treino.","Nao usar como ground truth, escore ou variavel derivada do rotulo.","RUA JEREMIAS MACIEL PERRETTO, MOSSUNGUE, Curitiba, PR, Brasil",strong,-25.4433089,-49.3331863,"Rua Jeremias Maciel Perretto, Mossunguê, Curitiba, Paraná, Região Sul, 81200-230, Brasil",,residential,1188743773,
125a5a58ea7bcb67,2026,03/02/2026,Proteção ao cidadão - GM,"Enchentes, inundações ou alagamentos",Respondido,RUA 25 DE AGOSTO,BOQUEIRAO,Unidade Regional Boqueirao,Telefone,True,False,1,pronto_para_geocodificar,none,"Candidato a geocodificacao; nao e coordenada, rotulo ou evidencia de treino.","Nao usar como ground truth, escore ou variavel derivada do rotulo.","RUA 25 DE AGOSTO, BOQUEIRAO, Curitiba, PR, Brasil",strong,-25.4971239,-49.2574941,"Rua 25 de Agosto, Boqueirão, Curitiba, Paraná, Região Sul, 81670-230, Brasil",,residential,84872551,
70147e14533c4873,2026,29/07/2026,Drenagem,Alagamentos,Aberto,RUA DESEMBARGADOR ANTÔNIO DE PAULA,BOQUEIRAO,Unidade Regional Boqueirao,Telefone,True,False,1,pronto_para_geocodificar,none,"Candidato a geocodificacao; nao e coordenada, rotulo ou evidencia de treino.","Nao usar como ground truth, escore ou variavel derivada do rotulo.","RUA DESEMBARGADOR ANTÔNIO DE PAULA, BOQUEIRAO, Curitiba, PR, Brasil",strong,-25.5079903,-49.2271863,"Rua Desembargador Antônio de Paula, Boqueirão, Curitiba, Paraná, Região Sul, 81730-360, Brasil",,secondary,70629101,
ecfe0cb10c94daa8,2026,11/07/2026,Drenagem,Alagamentos,Aberto,Rua Manoela Stier Reiss,UBERABA,Unidade Regional Cajuru,Portal,True,False,1,pronto_para_geocodificar,none,"Candidato a geocodificacao; nao e coordenada, rotulo ou evidencia de treino.","Nao usar como ground truth, escore ou variavel derivada do rotulo.","Rua Manoela Stier Reiss, UBERABA, Curitiba, PR, Brasil",strong,-25.497263,-49.2034052,"Rua Manoela Stier Reiss, Vila Jardim Icaray, Uberaba, Curitiba, Paraná, Região Sul, 81560-615, Brasil",,residential,125624723,
d5e316912c7f1f8c,2026,17/07/2026,Drenagem,Alagamentos,Aberto,RUA PAULINA KAVINSKI PONTAROLLA,TATUQUARA,Unidade Regional Tatuquara,Telefone,True,False,1,pronto_para_geocodificar,none,"Candidato a geocodificacao; nao e coordenada, rotulo ou evidencia de treino.","Nao usar como ground truth, escore ou variavel derivada do rotulo.","RUA PAULINA KAVINSKI PONTAROLLA, TATUQUARA, Curitiba, PR, Brasil",strong,-25.5702727,-49.3421227,"Rua Paulina Kavinski Pontarolla, Tatuquara, Curitiba, Paraná, Região Sul, 81470-085, Brasil",,residential,914659116,
80eb888aa54635f6,2026,29/07/2026,Drenagem,Alagamentos,Aberto,RUA JAIME JOSÉ VOJCIECHOVSKI,TATUQUARA,Unidade Regional Tatuquara,Telefone,True,False,1,pronto_para_geocodificar,none,"Candidato a geocodificacao; nao e coordenada, rotulo ou evidencia de treino.","Nao usar como ground truth, escore ou variavel derivada do rotulo.","RUA JAIME JOSÉ VOJCIECHOVSKI, TATUQUARA, Curitiba, PR, Brasil",strong,-25.559663,-49.3139568,"Rua Jaime José Vojciechovski, Vila Pompéia, Tatuquara, Curitiba, Paraná, Região Sul, 81480-160, Brasil",,residential,125207599,
83c86b79337ffc63,2026,08/06/2026,Drenagem,Alagamentos,Aberto,RUA FLÁVIO DALLEGRAVE,HUGO LANGE,Unidade Regional Matriz,Telefone,True,False,1,pronto_para_geocodificar,none,"Candidato a geocodificacao; nao e coordenada, rotulo ou evidencia de treino.","Nao usar como ground truth, escore ou variavel derivada do rotulo.","RUA FLÁVIO DALLEGRAVE, HUGO LANGE, Curitiba, PR, Brasil",strong,-25.4192555,-49.243761,"Rua Flávio Dallegrave, Hugo Lange, Curitiba, Paraná, Região Sul, 80040-450, Brasil",,residential,44027024,
0b07e9e7ad21c566,2026,22/07/2026,Drenagem,Alagamentos,Aberto,AVENIDA VICENTE MACHADO,CENTRO,Unidade Regional Matriz,Telefone,True,False,1,pronto_para_geocodificar,none,"Candidato a geocodificacao; nao e coordenada, rotulo ou evidencia de treino.","Nao usar como ground truth, escore ou variavel derivada do rotulo.","AVENIDA VICENTE MACHADO, CENTRO, Curitiba, PR, Brasil",strong,-25.4333807,-49.2771506,"Avenida Vicente Machado, Centro, Curitiba, Paraná, Região Sul, 80410-201, Brasil",,residential,1008697395,
fb502bbb78db2090,2026,22/07/2026,Drenagem,Alagamentos,Aberto,Brigadeiro Franco,MERCES,Unidade Regional Matriz,Portal,True,False,1,pronto_para_geocodificar,none,"Candidato a geocodificacao; nao e coordenada, rotulo ou evidencia de treino.","Nao usar como ground truth, escore ou variavel derivada do rotulo.","Brigadeiro Franco, MERCES, Curitiba, PR, Brasil",strong,-25.4246879,-49.2864524,"Rua Brigadeiro Franco, Mercês, Curitiba, Paraná, Região Sul, 80430-210, Brasil",,primary,358926104,
b9f086ce8ad65ead,2026,03/02/2026,Drenagem,Alagamentos,Em andamento,Assis Figueiredo,GUAIRA,Unidade Regional Portao,Portal,True,False,1,pronto_para_geocodificar,none,"Candidato a geocodificacao; nao e coordenada, rotulo ou evidencia de treino.","Nao usar como ground truth, escore ou variavel derivada do rotulo.","Assis Figueiredo, GUAIRA, Curitiba, PR, Brasil",strong,-25.465336,-49.2704108,"Rua Assis Figueiredo, Vila Valetão, Guaíra, Curitiba, Paraná, Região Sul, 80630-000, Brasil",,residential,53813396,
67936c6de8e520d0,2026,15/05/2026,Drenagem,Alagamentos,Concluído,RUA PROFESSOR FERNANDO MOREIRA,MERCES,Unidade Regional Matriz,Telefone,True,False,1,pronto_para_geocodificar,none,"Candidato a geocodificacao; nao e coordenada, rotulo ou evidencia de treino.","Nao usar como ground truth, escore ou variavel derivada do rotulo.","RUA PROFESSOR FERNANDO MOREIRA, MERCES, Curitiba, PR, Brasil",medium,-25.4293235,-49.2851098,"Canaleta Exclusiva BRT, Rua Brigadeiro Franco, Mercês, Curitiba, Paraná, Região Sul, 80410-140, Brasil",,busway,358926105,
20cf97ed1e895ac0,2026,05/01/2026,Drenagem,Alagamentos,Concluído,Santa Catarina,AGUA VERDE,Unidade Regional Portao,Portal,True,False,1,pronto_para_geocodificar,none,"Candidato a geocodificacao; nao e coordenada, rotulo ou evidencia de treino.","Nao usar como ground truth, escore ou variavel derivada do rotulo.","Santa Catarina, AGUA VERDE, Curitiba, PR, Brasil",strong,-25.4622234,-49.2852965,"Rua Santa Catarina, Água Verde, Curitiba, Paraná, Região Sul, 80620-230, Brasil",,tertiary,48310672,
879be60340949c1b,2026,06/01/2026,Drenagem,Alagamentos,Concluído,Professor Assis Gonçalves,AGUA VERDE,Unidade Regional Portao,Portal,True,False,1,pronto_para_geocodificar,none,"Candidato a geocodificacao; nao e coordenada, rotulo ou evidencia de treino.","Nao usar como ground truth, escore ou variavel derivada do rotulo.","Professor Assis Gonçalves, AGUA VERDE, Curitiba, PR, Brasil",strong,-25.4602304,-49.2837278,"Rua Professor Assis Gonçalves, Água Verde, Curitiba, Paraná, Região Sul, 80620-130, Brasil",,residential,52708917,
dfc290f8bcbe60c6,2026,11/01/2026,Drenagem,Alagamentos,Concluído,Alcebíades Plaisant,AGUA VERDE,Unidade Regional Portao,Portal,True,False,1,pronto_para_geocodificar,none,"Candidato a geocodificacao; nao e coordenada, rotulo ou evidencia de treino.","Nao usar como ground truth, escore ou variavel derivada do rotulo.","Alcebíades Plaisant, AGUA VERDE, Curitiba, PR, Brasil",strong,-25.456233,-49.2806839,"Rua Alcebíades Plaisant, Água Verde, Curitiba, Paraná, Região Sul, 80620-400, Brasil",,residential,52708909,
0c51b233dcd223df,2026,13/01/2026,Drenagem,Alagamentos,Concluído,RUA 24 DE MAIO,PAROLIN,Unidade Regional Portao,Portal,True,False,1,pronto_para_geocodificar,none,"Candidato a geocodificacao; nao e coordenada, rotulo ou evidencia de treino.","Nao usar como ground truth, escore ou variavel derivada do rotulo.","RUA 24 DE MAIO, PAROLIN, Curitiba, PR, Brasil",strong,-25.465653,-49.2602814,"Rua 24 de Maio, Parolin, Curitiba, Paraná, Região Sul, 80220-390, Brasil",,residential,46208598,
dfd67b8b2d9921d1,2026,14/01/2026,Drenagem,Alagamentos,Concluído,RUA SÃO PAULO,GUAIRA,Unidade Regional Portao,Telefone,True,False,1,pronto_para_geocodificar,none,"Candidato a geocodificacao; nao e coordenada, rotulo ou evidencia de treino.","Nao usar como ground truth, escore ou variavel derivada do rotulo.","RUA SÃO PAULO, GUAIRA, Curitiba, PR, Brasil",strong,-25.4701084,-49.2761145,"Rua São Paulo, Guaíra, Curitiba, Paraná, Região Sul, 80630-150, Brasil",,residential,52710257,
eea1fc51bc2878de,2026,24/01/2026,Drenagem,Alagamentos,Concluído,Professor Assis Gonçalves,AGUA VERDE,Unidade Regional Portao,Portal,True,False,1,pronto_para_geocodificar,none,"Candidato a geocodificacao; nao e coordenada, rotulo ou evidencia de treino.","Nao usar como ground truth, escore ou variavel derivada do rotulo.","Professor Assis Gonçalves, AGUA VERDE, Curitiba, PR, Brasil",strong,-25.4602304,-49.2837278,"Rua Professor Assis Gonçalves, Água Verde, Curitiba, Paraná, Região Sul, 80620-130, Brasil",,residential,52708917,
3939199ef111f5ae,2026,29/01/2026,Drenagem,Alagamentos,Concluído,Rua Guapirama,FAZENDINHA,Unidade Regional Portao,Telefone,True,False,1,pronto_para_geocodificar,none,"Candidato a geocodificacao; nao e coordenada, rotulo ou evidencia de treino.","Nao usar como ground truth, escore ou variavel derivada do rotulo.","Rua Guapirama, FAZENDINHA, Curitiba, PR, Brasil",strong,-25.4814727,-49.3164521,"Rua Guapirama, Fazendinha, Curitiba, Paraná, Região Sul, 81070-001, Brasil",,residential,129144839,
3b13f759b392f46d,2026,03/02/2026,Drenagem,Alagamentos,Concluído,RUA BRIGADEIRO FRANCO,PAROLIN,Unidade Regional Portao,Portal,True,False,1,pronto_para_geocodificar,none,"Candidato a geocodificacao; nao e coordenada, rotulo ou evidencia de treino.","Nao usar como ground truth, escore ou variavel derivada do rotulo.","RUA BRIGADEIRO FRANCO, PAROLIN, Curitiba, PR, Brasil",strong,-25.4612566,-49.2668905,"Rua Brigadeiro Franco, Parolin, Curitiba, Paraná, Região Sul, 80220-081, Brasil",,secondary,122741943,
4786b6985cc0f134,2026,03/02/2026,Drenagem,Alagamentos,Concluído,RUA SANTA CATARINA,AGUA VERDE,Unidade Regional Portao,Telefone,True,False,1,pronto_para_geocodificar,none,"Candidato a geocodificacao; nao e coordenada, rotulo ou evidencia de treino.","Nao usar como ground truth, escore ou variavel derivada do rotulo.","RUA SANTA CATARINA, AGUA VERDE, Curitiba, PR, Brasil",strong,-25.4622234,-49.2852965,"Rua Santa Catarina, Água Verde, Curitiba, Paraná, Região Sul, 80620-230, Brasil",,tertiary,48310672,
82686c925bffdac2,2026,03/02/2026,Drenagem,Alagamentos,Concluído,RUA MARANHÃO,PORTAO,Unidade Regional Portao,Telefone,True,False,1,pronto_para_geocodificar,none,"Candidato a geocodificacao; nao e coordenada, rotulo ou evidencia de treino.","Nao usar como ground truth, escore ou variavel derivada do rotulo.","RUA MARANHÃO, PORTAO, Curitiba, PR, Brasil",strong,-25.4702298,-49.2854648,"Rua Maranhão, Água Verde, Curitiba, Paraná, Região Sul, 80610-140, Brasil",,residential,48310677,
86fc6d8de1a9cac9,2026,04/02/2026,Drenagem,Alagamentos,Concluído,Rio de Janeiro,AGUA VERDE,Unidade Regional Portao,Portal,True,False,1,pronto_para_geocodificar,none,"Candidato a geocodificacao; nao e coordenada, rotulo ou evidencia de treino.","Nao usar como ground truth, escore ou variavel derivada do rotulo.","Rio de Janeiro, AGUA VERDE, Curitiba, PR, Brasil",strong,-25.4627523,-49.277946,"Rua Rio de Janeiro, Água Verde, Curitiba, Paraná, Região Sul, 80620-220, Brasil",,tertiary,1338768166,
59e1b6b02e25511d,2026,05/02/2026,Drenagem,Alagamentos,Concluído,RUA CARLOS KLEMTZ,FAZENDINHA,Unidade Regional Portao,Telefone,True,False,1,pronto_para_geocodificar,none,"Candidato a geocodificacao; nao e coordenada, rotulo ou evidencia de treino.","Nao usar como ground truth, escore ou variavel derivada do rotulo.","RUA CARLOS KLEMTZ, FAZENDINHA, Curitiba, PR, Brasil",strong,-25.4782724,-49.3295372,"Rua Carlos Klemtz, Fazendinha, Curitiba, Paraná, Região Sul, 81330-300, Brasil",,secondary,121817694,
ec0db3ee8e929a79,2026,06/02/2026,Drenagem,Alagamentos,Concluído,Eugênio José de Souza,AGUA VERDE,Unidade Regional Portao,Portal,True,False,2,pronto_para_geocodificar,none,"Candidato a geocodificacao; nao e coordenada, rotulo ou evidencia de treino.","Nao usar como ground truth, escore ou variavel derivada do rotulo.","Eugênio José de Souza, AGUA VERDE, Curitiba, PR, Brasil",strong,-25.4642589,-49.2803828,"Rua Eugênio José de Souza, Água Verde, Curitiba, Paraná, Região Sul, 80610-020, Brasil",,tertiary,231807299,
5e64dd8b5e471cea,2026,13/02/2026,Drenagem,Alagamentos,Concluído,Rua Jandira Ferreira Dos Santos,FAZENDINHA,Unidade Regional Portao,Telefone,True,False,1,pronto_para_geocodificar,none,"Candidato a geocodificacao; nao e coordenada, rotulo ou evidencia de treino.","Nao usar como ground truth, escore ou variavel derivada do rotulo.","Rua Jandira Ferreira Dos Santos, FAZENDINHA, Curitiba, PR, Brasil",strong,-25.4788131,-49.320056,"Rua Jandira Ferreira dos Santos, Fazendinha, Curitiba, Paraná, Região Sul, 81330-600, Brasil",,residential,924760848,
616411eab1c04993,2026,27/04/2026,Drenagem,Alagamentos,Concluído,Marquês do Paraná,AGUA VERDE,Unidade Regional Portao,Portal,True,False,1,pronto_para_geocodificar,none,"Candidato a geocodificacao; nao e coordenada, rotulo ou evidencia de treino.","Nao usar como ground truth, escore ou variavel derivada do rotulo.","Marquês do Paraná, AGUA VERDE, Curitiba, PR, Brasil",strong,-25.4621764,-49.2872606,"Rua Marquês do Paraná, Água Verde, Curitiba, Paraná, Região Sul, 80620-100, Brasil",,residential,277739807,
ae10ffe0cc812d38,2026,06/06/2026,Drenagem,Alagamentos,Concluído,Alagoas,GUAIRA,Unidade Regional Portao,Portal,True,False,1,pronto_para_geocodificar,none,"Candidato a geocodificacao; nao e coordenada, rotulo ou evidencia de treino.","Nao usar como ground truth, escore ou variavel derivada do rotulo.","Alagoas, GUAIRA, Curitiba, PR, Brasil",strong,-25.473939,-49.2830144,"Rua Alagoas, Guaíra, Curitiba, Paraná, Região Sul, 80610-905, Brasil",,tertiary,186776870,
3df24dafa2c980b4,2026,21/06/2026,Drenagem,Alagamentos,Concluído,Doutor Carvalho Chaves,PAROLIN,Unidade Regional Portao,Portal,True,False,1,pronto_para_geocodificar,none,"Candidato a geocodificacao; nao e coordenada, rotulo ou evidencia de treino.","Nao usar como ground truth, escore ou variavel derivada do rotulo.","Doutor Carvalho Chaves, PAROLIN, Curitiba, PR, Brasil",strong,-25.4594422,-49.2591324,"Rua Doutor Carvalho Chaves, Parolin, Curitiba, Paraná, Região Sul, 80220-902, Brasil",,residential,46208601,
7a8c4e1bdfde86a4,2026,03/02/2026,Drenagem,Alagamentos,Concluído,Rua Engenheiro Oswaldo Siqueira,TABOAO,Unidade Regional Boa Vista,Telefone,True,False,1,pronto_para_geocodificar,none,"Candidato a geocodificacao; nao e coordenada, rotulo ou evidencia de treino.","Nao usar como ground truth, escore ou variavel derivada do rotulo.","Rua Engenheiro Oswaldo Siqueira, TABOAO, Curitiba, PR, Brasil",strong,-25.3716482,-49.2781897,"Rua Engenheiro Oswaldo Siqueira, Taboão, Curitiba, Paraná, Região Sul, 82220-320, Brasil",,residential,162043349,
335856edbab73b88,2026,05/02/2026,Drenagem,Alagamentos,Concluído,RUA OSCAR SPENA,ATUBA,Unidade Regional Boa Vista,Telefone,True,False,1,pronto_para_geocodificar,none,"Candidato a geocodificacao; nao e coordenada, rotulo ou evidencia de treino.","Nao usar como ground truth, escore ou variavel derivada do rotulo.","RUA OSCAR SPENA, ATUBA, Curitiba, PR, Brasil",strong,-25.38541,-49.1976628,"Rua Oscar Spena, Atuba, Curitiba, Paraná, Região Sul, 82630-305, Brasil",,residential,169608385,
bc73dd9c712e22f6,2026,06/02/2026,Drenagem,Alagamentos,Concluído,RUA LODOVICO GERONAZZO,BACACHERI,Unidade Regional Boa Vista,Telefone,True,False,1,pronto_para_geocodificar,none,"Candidato a geocodificacao; nao e coordenada, rotulo ou evidencia de treino.","Nao usar como ground truth, escore ou variavel derivada do rotulo.","RUA LODOVICO GERONAZZO, BACACHERI, Curitiba, PR, Brasil",strong,-25.3922665,-49.2386416,"Rua Lodovico Geronazzo, Bacacheri, Curitiba, Paraná, Região Sul, 82510-350, Brasil",,secondary,332994951,
cce9a67519972a78,2026,11/02/2026,Drenagem,Alagamentos,Concluído,RUA GUILHERME IHLENFELDT,BACACHERI,Unidade Regional Boa Vista,Telefone,True,False,1,pronto_para_geocodificar,none,"Candidato a geocodificacao; nao e coordenada, rotulo ou evidencia de treino.","Nao usar como ground truth, escore ou variavel derivada do rotulo.","RUA GUILHERME IHLENFELDT, BACACHERI, Curitiba, PR, Brasil",strong,-25.3888735,-49.2254095,"Rua Guilherme Ihlenfeldt, Bacacheri, Curitiba, Paraná, Região Sul, 82600-360, Brasil",,secondary,1209220093,
485150672f750ccb,2026,11/02/2026,Drenagem,Alagamentos,Concluído,RUA CAPITÃO CARLOS HENRIQUE CASTOR,PILARZINHO,Unidade Regional Boa Vista,Telefone,True,False,1,pronto_para_geocodificar,none,"Candidato a geocodificacao; nao e coordenada, rotulo ou evidencia de treino.","Nao usar como ground truth, escore ou variavel derivada do rotulo.","RUA CAPITÃO CARLOS HENRIQUE CASTOR, PILARZINHO, Curitiba, PR, Brasil",strong,-25.3968629,-49.2772628,"Rua Capitão Carlos Henrique Castor, Pilarzinho, Curitiba, Paraná, Região Sul, 82120-060, Brasil",,residential,150348425,
dd5d97b7c14d47a6,2026,05/03/2026,Drenagem,Alagamentos,Concluído,RUA JOSÉ MERHY,BOA VISTA,Unidade Regional Boa Vista,Telefone,True,False,1,pronto_para_geocodificar,none,"Candidato a geocodificacao; nao e coordenada, rotulo ou evidencia de treino.","Nao usar como ground truth, escore ou variavel derivada do rotulo.","RUA JOSÉ MERHY, BOA VISTA, Curitiba, PR, Brasil",strong,-25.3958912,-49.2455806,"Rua José Merhy, Boa Vista, Curitiba, Paraná, Região Sul, 82560-440, Brasil",,residential,38230417,
9c8b82bfc72d45c3,2026,09/03/2026,Drenagem,Alagamentos,Concluído,RUA OSCAR SPENA,ATUBA,Unidade Regional Boa Vista,Telefone,True,False,1,pronto_para_geocodificar,none,"Candidato a geocodificacao; nao e coordenada, rotulo ou evidencia de treino.","Nao usar como ground truth, escore ou variavel derivada do rotulo.","RUA OSCAR SPENA, ATUBA, Curitiba, PR, Brasil",strong,-25.38541,-49.1976628,"Rua Oscar Spena, Atuba, Curitiba, Paraná, Região Sul, 82630-305, Brasil",,residential,169608385,
31dfecad4221ccb9,2026,12/03/2026,Drenagem,Alagamentos,Concluído,Oscar Spena,ATUBA,Unidade Regional Boa Vista,Portal,True,False,1,pronto_para_geocodificar,none,"Candidato a geocodificacao; nao e coordenada, rotulo ou evidencia de treino.","Nao usar como ground truth, escore ou variavel derivada do rotulo.","Oscar Spena, ATUBA, Curitiba, PR, Brasil",strong,-25.38541,-49.1976628,"Rua Oscar Spena, Atuba, Curitiba, Paraná, Região Sul, 82630-305, Brasil",,residential,169608385,
29f9a2589e152baa,2026,16/04/2026,Drenagem,Alagamentos,Concluído,da Nogueira,BARREIRINHA,Unidade Regional Boa Vista,Portal,True,False,1,pronto_para_geocodificar,none,"Candidato a geocodificacao; nao e coordenada, rotulo ou evidencia de treino.","Nao usar como ground truth, escore ou variavel derivada do rotulo.","da Nogueira, BARREIRINHA, Curitiba, PR, Brasil",strong,-25.3658387,-49.2562748,"Rua da Nogueira, Barreirinha, Curitiba, Paraná, Região Sul, 82650-505, Brasil",,residential,371651604,
cc9f29e73512cf14,2026,29/06/2026,Drenagem,Alagamentos,Concluído,RUA APARECIDA CALLEGARINE BARRETO,ATUBA,Unidade Regional Boa Vista,Telefone,True,False,1,pronto_para_geocodificar,none,"Candidato a geocodificacao; nao e coordenada, rotulo ou evidencia de treino.","Nao usar como ground truth, escore ou variavel derivada do rotulo.","RUA APARECIDA CALLEGARINE BARRETO, ATUBA, Curitiba, PR, Brasil",strong,-25.3835393,-49.1959996,"Rua Aparecida Callegarine Barreto, Atuba, Curitiba, Paraná, Região Sul, 83408-180, Brasil",,residential,164943338,
3990c8a77ae4de0d,2026,10/07/2026,Drenagem,Alagamentos,Concluído,Rua Rei David,SANTA CANDIDA,Unidade Regional Boa Vista,Telefone,True,False,1,pronto_para_geocodificar,none,"Candidato a geocodificacao; nao e coordenada, rotulo ou evidencia de treino.","Nao usar como ground truth, escore ou variavel derivada do rotulo.","Rua Rei David, SANTA CANDIDA, Curitiba, PR, Brasil",strong,-25.3758131,-49.2418049,"Rua Rei David, Santa Cândida, Curitiba, Paraná, Região Sul, 82650-090, Brasil",,residential,655816497,
849e38b88a0bd33e,2026,13/07/2026,Drenagem,Alagamentos,Concluído,Abrão Calixto,ATUBA,Unidade Regional Boa Vista,Portal,True,False,1,pronto_para_geocodificar,none,"Candidato a geocodificacao; nao e coordenada, rotulo ou evidencia de treino.","Nao usar como ground truth, escore ou variavel derivada do rotulo.","Abrão Calixto, ATUBA, Curitiba, PR, Brasil",strong,-25.392106,-49.2100989,"Rua Abrão Calixto, Atuba, Curitiba, Paraná, Região Sul, 82600-030, Brasil",,residential,921979011,
35c654e407eb2193,2026,03/02/2026,Drenagem,Alagamentos,Concluído,RUA ZIRES PEREIRA RIBAS,ALTO BOQUEIRAO,Unidade Regional Boqueirao,Telefone,True,False,1,pronto_para_geocodificar,none,"Candidato a geocodificacao; nao e coordenada, rotulo ou evidencia de treino.","Nao usar como ground truth, escore ou variavel derivada do rotulo.","RUA ZIRES PEREIRA RIBAS, ALTO BOQUEIRAO, Curitiba, PR, Brasil",medium,-25.532668,-49.2390629,"Alto Boqueirão, Curitiba, Paraná, Região Sul, Brasil",,administrative,5622007,fallback_bairro_apos_rua_sem_resultado_em_bbox
adb2a31ee323a9bd,2026,03/02/2026,Drenagem,Alagamentos,Concluído,RUA BOM JESUS DE IGUAPE,BOQUEIRAO,Unidade Regional Boqueirao,Telefone,True,False,1,pronto_para_geocodificar,none,"Candidato a geocodificacao; nao e coordenada, rotulo ou evidencia de treino.","Nao usar como ground truth, escore ou variavel derivada do rotulo.","RUA BOM JESUS DE IGUAPE, BOQUEIRAO, Curitiba, PR, Brasil",strong,-25.508604,-49.231456,"Rua Bom Jesus de Iguape, Boqueirão, Curitiba, Paraná, Região Sul, 81730-360, Brasil",,residential,55204874,
a19a677d679c6b8d,2026,03/02/2026,Drenagem,Alagamentos,Concluído,Zires Pereira Ribas,ALTO BOQUEIRAO,Unidade Regional Boqueirao,Telefone,True,False,1,pronto_para_geocodificar,none,"Candidato a geocodificacao; nao e coordenada, rotulo ou evidencia de treino.","Nao usar como ground truth, escore ou variavel derivada do rotulo.","Zires Pereira Ribas, ALTO BOQUEIRAO, Curitiba, PR, Brasil",medium,-25.532668,-49.2390629,"Alto Boqueirão, Curitiba, Paraná, Região Sul, Brasil",,administrative,5622007,fallback_bairro_apos_rua_sem_resultado_em_bbox
db5ec08f7debb53d,2026,03/02/2026,Drenagem,Alagamentos,Concluído,RUA MAJOR THEOLINDO FERREIRA RIBAS,HAUER,Unidade Regional Boqueirao,Telefone,True,False,1,pronto_para_geocodificar,none,"Candidato a geocodificacao; nao e coordenada, rotulo ou evidencia de treino.","Nao usar como ground truth, escore ou variavel derivada do rotulo.","RUA MAJOR THEOLINDO FERREIRA RIBAS, HAUER, Curitiba, PR, Brasil",strong,-25.4840953,-49.2571395,"Rua Major Theolindo Ferreira Ribas, Hauer, Curitiba, Paraná, Região Sul, 81630-180, Brasil",,residential,671139407,
4a420a1e4ac7b30d,2026,03/02/2026,Drenagem,Alagamentos,Concluído,Rua Reskala Snege,ALTO BOQUEIRAO,Unidade Regional Boqueirao,Telefone,True,False,1,pronto_para_geocodificar,none,"Candidato a geocodificacao; nao e coordenada, rotulo ou evidencia de treino.","Nao usar como ground truth, escore ou variavel derivada do rotulo.","Rua Reskala Snege, ALTO BOQUEIRAO, Curitiba, PR, Brasil",strong,-25.5287333,-49.2515773,"Rua Reskala Snege, teste, Alto Boqueirão, Curitiba, Paraná, Região Sul, 81850-724, Brasil",,residential,126822532,
2e571472726ffd69,2026,03/02/2026,Drenagem,Alagamentos,Concluído,RUA JOÃO BATISTA ZAGONEL PASSOS,XAXIM,Unidade Regional Boqueirao,Telefone,True,False,1,pronto_para_geocodificar,none,"Candidato a geocodificacao; nao e coordenada, rotulo ou evidencia de treino.","Nao usar como ground truth, escore ou variavel derivada do rotulo.","RUA JOÃO BATISTA ZAGONEL PASSOS, XAXIM, Curitiba, PR, Brasil",medium,-25.5008748,-49.2678646,"Xaxim, Curitiba, Paraná, Região Sul, 81710-210, Brasil",,suburb,3012156958,fallback_bairro_apos_rua_sem_resultado_em_bbox
18049b81e248932d,2026,03/02/2026,Drenagem,Alagamentos,Concluído,RUA ITAÚNA DO SUL,ALTO BOQUEIRAO,Unidade Regional Boqueirao,Telefone,True,False,1,pronto_para_geocodificar,none,"Candidato a geocodificacao; nao e coordenada, rotulo ou evidencia de treino.","Nao usar como ground truth, escore ou variavel derivada do rotulo.","RUA ITAÚNA DO SUL, ALTO BOQUEIRAO, Curitiba, PR, Brasil",strong,-25.530914,-49.2342574,"Rua Itaúna do Sul, Alto Boqueirão, Curitiba, Paraná, Região Sul, 81770-440, Brasil",,residential,126814876,
931417e768392f49,2026,03/02/2026,Drenagem,Alagamentos,Concluído,Rua Menino Jesus,XAXIM,Unidade Regional Boqueirao,Telefone,True,False,1,pronto_para_geocodificar,none,"Candidato a geocodificacao; nao e coordenada, rotulo ou evidencia de treino.","Nao usar como ground truth, escore ou variavel derivada do rotulo.","Rua Menino Jesus, XAXIM, Curitiba, PR, Brasil",strong,-25.4966225,-49.265087,"Rua Menino Jesus, Xaxim, Curitiba, Paraná, Região Sul, 81710-210, Brasil",,residential,84881075,
9ebf453310f16eac,2026,04/02/2026,Drenagem,Alagamentos,Concluído,Angelina Legat Pasini,ALTO BOQUEIRAO,Unidade Regional Boqueirao,Portal,True,False,2,pronto_para_geocodificar,none,"Candidato a geocodificacao; nao e coordenada, rotulo ou evidencia de treino.","Nao usar como ground truth, escore ou variavel derivada do rotulo.","Angelina Legat Pasini, ALTO BOQUEIRAO, Curitiba, PR, Brasil",strong,-25.5230318,-49.2324486,"Rua Angelina Legat Pasini, Alto Boqueirão, Curitiba, Paraná, Região Sul, 81770-260, Brasil",,residential,85231797,
9ebf453310f16eac,2026,04/02/2026,Drenagem,Alagamentos,Concluído,Angelina Legat Pasini,ALTO BOQUEIRAO,Unidade Regional Boqueirao,Portal,True,False,2,pronto_para_geocodificar,none,"Candidato a geocodificacao; nao e coordenada, rotulo ou evidencia de treino.","Nao usar como ground truth, escore ou variavel derivada do rotulo.","Angelina Legat Pasini, ALTO BOQUEIRAO, Curitiba, PR, Brasil",strong,-25.5230318,-49.2324486,"Rua Angelina Legat Pasini, Alto Boqueirão, Curitiba, Paraná, Região Sul, 81770-260, Brasil",,residential,85231797,
2e0ca81947f9dc68,2026,04/02/2026,Drenagem,Alagamentos,Concluído,Zeferino da Costa,XAXIM,Unidade Regional Boqueirao,Portal,True,False,1,pronto_para_geocodificar,none,"Candidato a geocodificacao; nao e coordenada, rotulo ou evidencia de treino.","Nao usar como ground truth, escore ou variavel derivada do rotulo.","Zeferino da Costa, XAXIM, Curitiba, PR, Brasil",strong,-25.5142953,-49.2787086,"Rua Zeferino da Costa, Jardim Urano, Xaxim, Curitiba, Paraná, Região Sul, 81810-000, Brasil",,residential,128988853,
ff0fc42d45c88eba,2026,05/02/2026,Drenagem,Alagamentos,Concluído,Desembargador Estanislau Cardoso,XAXIM,Unidade Regional Boqueirao,Portal,True,False,1,pronto_para_geocodificar,none,"Candidato a geocodificacao; nao e coordenada, rotulo ou evidencia de treino.","Nao usar como ground truth, escore ou variavel derivada do rotulo.","Desembargador Estanislau Cardoso, XAXIM, Curitiba, PR, Brasil",strong,-25.5012962,-49.2780527,"Rua Desembargador Estanislau Cardoso, Xaxim, Curitiba, Paraná, Região Sul, 81690-300, Brasil",,residential,84999458,
ea0dedc877cc296a,2026,06/02/2026,Drenagem,Alagamentos,Concluído,TRAVESSA CÉLIA CARDOZO DOS SANTOS,ALTO BOQUEIRAO,Unidade Regional Boqueirao,Telefone,True,False,1,pronto_para_geocodificar,none,"Candidato a geocodificacao; nao e coordenada, rotulo ou evidencia de treino.","Nao usar como ground truth, escore ou variavel derivada do rotulo.","TRAVESSA CÉLIA CARDOZO DOS SANTOS, ALTO BOQUEIRAO, Curitiba, PR, Brasil",strong,-25.5289899,-49.2335675,"Travessa Célia Cardozo dos Santos, Alto Boqueirão, Curitiba, Paraná, Região Sul, 81770-440, Brasil",,residential,161202660,
0d636acc104fb89e,2026,06/02/2026,Drenagem,Alagamentos,Concluído,RUA RODOLFO AMOEDO,XAXIM,Unidade Regional Boqueirao,Telefone,True,False,1,pronto_para_geocodificar,none,"Candidato a geocodificacao; nao e coordenada, rotulo ou evidencia de treino.","Nao usar como ground truth, escore ou variavel derivada do rotulo.","RUA RODOLFO AMOEDO, XAXIM, Curitiba, PR, Brasil",strong,-25.5140456,-49.2768911,"Rua Rodolfo Amoedo, Jardim Urano, Xaxim, Curitiba, Paraná, Região Sul, 81810-000, Brasil",,residential,128988830,
622df5aca5cde819,2026,09/02/2026,Drenagem,Alagamentos,Concluído,RUA MOACIR POTIER,XAXIM,Unidade Regional Boqueirao,Telefone,True,False,1,pronto_para_geocodificar,none,"Candidato a geocodificacao; nao e coordenada, rotulo ou evidencia de treino.","Nao usar como ground truth, escore ou variavel derivada do rotulo.","RUA MOACIR POTIER, XAXIM, Curitiba, PR, Brasil",strong,-25.5042198,-49.2668214,"Rua Moacir Potier, Xaxim, Curitiba, Paraná, Região Sul, 81710-000, Brasil",,residential,84999937,
07fb78d0bd0861a3,2026,10/02/2026,Drenagem,Alagamentos,Concluído,RUA ANGELINA LEGAT PASINI,ALTO BOQUEIRAO,Unidade Regional Boqueirao,Telefone,True,False,1,pronto_para_geocodificar,none,"Candidato a geocodificacao; nao e coordenada, rotulo ou evidencia de treino.","Nao usar como ground truth, escore ou variavel derivada do rotulo.","RUA ANGELINA LEGAT PASINI, ALTO BOQUEIRAO, Curitiba, PR, Brasil",strong,-25.5230318,-49.2324486,"Rua Angelina Legat Pasini, Alto Boqueirão, Curitiba, Paraná, Região Sul, 81770-260, Brasil",,residential,85231797,
a5eb60d94a8c2a19,2026,10/02/2026,Drenagem,Alagamentos,Concluído,RUA EXPEDICIONÁRIO ERNESTO GONÇALVES,XAXIM,Unidade Regional Boqueirao,Telefone,True,False,1,pronto_para_geocodificar,none,"Candidato a geocodificacao; nao e coordenada, rotulo ou evidencia de treino.","Nao usar como ground truth, escore ou variavel derivada do rotulo.","RUA EXPEDICIONÁRIO ERNESTO GONÇALVES, XAXIM, Curitiba, PR, Brasil",strong,-25.508189,-49.2757105,"Rua Expedicionário Ernesto Gonçalves, Xaxim, Curitiba, Paraná, Região Sul, 81810-590, Brasil",,residential,84999894,
7ee30388bb75f83e,2026,13/02/2026,Drenagem,Alagamentos,Concluído,Rua Guilherme Nievola,XAXIM,Unidade Regional Boqueirao,Telefone,True,False,1,pronto_para_geocodificar,none,"Candidato a geocodificacao; nao e coordenada, rotulo ou evidencia de treino.","Nao usar como ground truth, escore ou variavel derivada do rotulo.","Rua Guilherme Nievola, XAXIM, Curitiba, PR, Brasil",strong,-25.5099364,-49.2574164,"Rua Guilherme Nievola, Xaxim, Curitiba, Paraná, Região Sul, 81720-140, Brasil",,residential,85034868,
247a1b26d4902d9e,2026,13/02/2026,Drenagem,Alagamentos,Concluído,RUA PROFESSOR OSCAR MARTINS GOMES,XAXIM,Unidade Regional Boqueirao,Telefone,True,False,1,pronto_para_geocodificar,none,"Candidato a geocodificacao; nao e coordenada, rotulo ou evidencia de treino.","Nao usar como ground truth, escore ou variavel derivada do rotulo.","RUA PROFESSOR OSCAR MARTINS GOMES, XAXIM, Curitiba, PR, Brasil",strong,-25.5083592,-49.2656024,"Rua Professor Oscar Martins Gomes, Xaxim, Curitiba, Paraná, Região Sul, 81720-000, Brasil",,residential,85013394,
619d8cab7c0b923f,2026,15/05/2026,Drenagem,Alagamentos,Concluído,RUA IRMÃ FLÁVIA BORLET,HAUER,Unidade Regional Boqueirao,Telefone,True,False,1,pronto_para_geocodificar,none,"Candidato a geocodificacao; nao e coordenada, rotulo ou evidencia de treino.","Nao usar como ground truth, escore ou variavel derivada do rotulo.","RUA IRMÃ FLÁVIA BORLET, HAUER, Curitiba, PR, Brasil",strong,-25.4891509,-49.2568067,"Rua Irmã Flávia Borlet, Hauer, Curitiba, Paraná, Região Sul, 81670-464, Brasil",,residential,893873619,
5e85807752f58139,2026,20/06/2026,Drenagem,Alagamentos,Concluído,RUA JEREMIAS MACIEL PERRETTO,MOSSUNGUE,Unidade Regional Santa Felicidade,Telefone,True,False,1,pronto_para_geocodificar,none,"Candidato a geocodificacao; nao e coordenada, rotulo ou evidencia de treino.","Nao usar como ground truth, escore ou variavel derivada do rotulo.","RUA JEREMIAS MACIEL PERRETTO, MOSSUNGUE, Curitiba, PR, Brasil",strong,-25.4433089,-49.3331863,"Rua Jeremias Maciel Perretto, Mossunguê, Curitiba, Paraná, Região Sul, 81200-230, Brasil",,residential,1188743773,
9158932cec0dc431,2026,29/01/2026,Drenagem,Alagamentos,Concluído,RUA ALBERTO KRAMER,CAPAO RASO,Unidade Regional Pinheirinho,Telefone,True,False,1,pronto_para_geocodificar,none,"Candidato a geocodificacao; nao e coordenada, rotulo ou evidencia de treino.","Nao usar como ground truth, escore ou variavel derivada do rotulo.","RUA ALBERTO KRAMER, CAPAO RASO, Curitiba, PR, Brasil",strong,-25.5166542,-49.3079757,"Rua Alberto Kramer, Capão Raso, Curitiba, Paraná, Região Sul, 81150-120, Brasil",,residential,48294479,
8b06ade941f2e427,2026,03/02/2026,Drenagem,Alagamentos,Concluído,AVENIDA BRASÍLIA,NOVO MUNDO,Unidade Regional Pinheirinho,Telefone,True,False,1,pronto_para_geocodificar,none,"Candidato a geocodificacao; nao e coordenada, rotulo ou evidencia de treino.","Nao usar como ground truth, escore ou variavel derivada do rotulo.","AVENIDA BRASÍLIA, NOVO MUNDO, Curitiba, PR, Brasil",strong,-25.4901954,-49.2906609,"Avenida Brasília, Novo Mundo, Curitiba, Paraná, Região Sul, 81020-220, Brasil",,secondary,409615460,
06a141c3ff66225b,2026,03/02/2026,Drenagem,Alagamentos,Concluído,João Nogarolli,FANNY,Unidade Regional Pinheirinho,Telefone,True,False,1,pronto_para_geocodificar,none,"Candidato a geocodificacao; nao e coordenada, rotulo ou evidencia de treino.","Nao usar como ground truth, escore ou variavel derivada do rotulo.","João Nogarolli, FANNY, Curitiba, PR, Brasil",strong,-25.4776555,-49.2650309,"Rua João Nogarolli, Fanny, Curitiba, Paraná, Região Sul, 81690-200, Brasil",,residential,126271630,
0dad81c3f5f58d19,2026,03/02/2026,Drenagem,Alagamentos,Concluído,RUA GENERAL TEODORICO GUIMARÃES,FANNY,Unidade Regional Pinheirinho,Telefone,True,False,1,pronto_para_geocodificar,none,"Candidato a geocodificacao; nao e coordenada, rotulo ou evidencia de treino.","Nao usar como ground truth, escore ou variavel derivada do rotulo.","RUA GENERAL TEODORICO GUIMARÃES, FANNY, Curitiba, PR, Brasil",strong,-25.4767574,-49.2640461,"Rua General Teodorico Guimarães, Fanny, Curitiba, Paraná, Região Sul, 80630-280, Brasil",,residential,126271632,
892c0efc8a4daa9d,2026,03/02/2026,Drenagem,Alagamentos,Concluído,Rua Madame Curie,PINHEIRINHO,Unidade Regional Pinheirinho,Telefone,True,False,1,pronto_para_geocodificar,none,"Candidato a geocodificacao; nao e coordenada, rotulo ou evidencia de treino.","Nao usar como ground truth, escore ou variavel derivada do rotulo.","Rua Madame Curie, PINHEIRINHO, Curitiba, PR, Brasil",strong,-25.5193572,-49.2882981,"Rua Madame Curie, Núcleo Habitacional Pinheirinho, Pinheirinho, Curitiba, Paraná, Região Sul, 81820-030, Brasil",,residential,128988812,
fa3a1ad5a8c67a8f,2026,04/02/2026,Drenagem,Alagamentos,Concluído,AVENIDA HENRY FORD,FANNY,Unidade Regional Pinheirinho,Telefone,True,False,1,pronto_para_geocodificar,none,"Candidato a geocodificacao; nao e coordenada, rotulo ou evidencia de treino.","Nao usar como ground truth, escore ou variavel derivada do rotulo.","AVENIDA HENRY FORD, FANNY, Curitiba, PR, Brasil",strong,-25.4828531,-49.2761852,"Avenida Henry Ford, Fanny, Curitiba, Paraná, Região Sul, 81030-330, Brasil",,residential,75366762,
fb483caf96bba6fb,2026,04/02/2026,Drenagem,Alagamentos,Concluído,Rua Francisco Habinovski,CAPAO RASO,Unidade Regional Pinheirinho,Telefone,True,False,1,pronto_para_geocodificar,none,"Candidato a geocodificacao; nao e coordenada, rotulo ou evidencia de treino.","Nao usar como ground truth, escore ou variavel derivada do rotulo.","Rua Francisco Habinovski, CAPAO RASO, Curitiba, PR, Brasil",strong,-25.5042907,-49.2836687,"Rua Francisco Habinovski, Vila Ipiranga, Capão Raso, Curitiba, Paraná, Região Sul, 81110-290, Brasil",,residential,268007661,
3d043050441dd4c7,2026,05/02/2026,Drenagem,Alagamentos,Concluído,RUA HUGO GUSSO,CAPAO RASO,Unidade Regional Pinheirinho,Telefone,True,False,1,pronto_para_geocodificar,none,"Candidato a geocodificacao; nao e coordenada, rotulo ou evidencia de treino.","Nao usar como ground truth, escore ou variavel derivada do rotulo.","RUA HUGO GUSSO, CAPAO RASO, Curitiba, PR, Brasil",strong,-25.4987708,-49.2845855,"Rua Hugo Gusso, Capão Raso, Curitiba, Paraná, Região Sul, 81020-730, Brasil",,residential,1363287398,
766619f72a16a7db,2026,09/02/2026,Drenagem,Alagamentos,Concluído,RUA AFFIFE MANSUR,NOVO MUNDO,Unidade Regional Pinheirinho,Telefone,True,False,1,pronto_para_geocodificar,none,"Candidato a geocodificacao; nao e coordenada, rotulo ou evidencia de treino.","Nao usar como ground truth, escore ou variavel derivada do rotulo.","RUA AFFIFE MANSUR, NOVO MUNDO, Curitiba, PR, Brasil",strong,-25.4954998,-49.303201,"Rua Affife Mansur, Novo Mundo, Curitiba, Paraná, Região Sul, 81050-200, Brasil",,residential,42802260,
6263080f0c5adedc,2026,09/03/2026,Drenagem,Alagamentos,Concluído,Rua José Symchack,PINHEIRINHO,Unidade Regional Pinheirinho,Telefone,True,False,1,pronto_para_geocodificar,none,"Candidato a geocodificacao; nao e coordenada, rotulo ou evidencia de treino.","Nao usar como ground truth, escore ou variavel derivada do rotulo.","Rua José Symchack, PINHEIRINHO, Curitiba, PR, Brasil",strong,-25.521672,-49.2852737,"Rua José Symchack, Jardim Piratini II, Pinheirinho, Curitiba, Paraná, Região Sul, 81820-030, Brasil",,residential,128988829,
12f53fea6c90b93a,2026,11/03/2026,Drenagem,Alagamentos,Concluído,Rua Brasílio Ribas,NOVO MUNDO,Unidade Regional Pinheirinho,Telefone,True,False,1,pronto_para_geocodificar,none,"Candidato a geocodificacao; nao e coordenada, rotulo ou evidencia de treino.","Nao usar como ground truth, escore ou variavel derivada do rotulo.","Rua Brasílio Ribas, NOVO MUNDO, Curitiba, PR, Brasil",strong,-25.4901497,-49.2795105,"Rua Brasílio Ribas, Novo Mundo, Curitiba, Paraná, Região Sul, 81030-470, Brasil",,residential,126284373,
67a763ba85c753d6,2026,22/04/2026,Drenagem,Alagamentos,Concluído,Brasília,NOVO MUNDO,Unidade Regional Pinheirinho,Portal,True,False,1,pronto_para_geocodificar,none,"Candidato a geocodificacao; nao e coordenada, rotulo ou evidencia de treino.","Nao usar como ground truth, escore ou variavel derivada do rotulo.","Brasília, NOVO MUNDO, Curitiba, PR, Brasil",strong,-25.4901954,-49.2906609,"Avenida Brasília, Novo Mundo, Curitiba, Paraná, Região Sul, 81020-220, Brasil",,secondary,409615460,
d414e1790e068c82,2026,29/04/2026,Drenagem,Alagamentos,Concluído,RUA João de Oliveira Franco,FANNY,Unidade Regional Pinheirinho,Portal,True,False,1,pronto_para_geocodificar,none,"Candidato a geocodificacao; nao e coordenada, rotulo ou evidencia de treino.","Nao usar como ground truth, escore ou variavel derivada do rotulo.","RUA João de Oliveira Franco, FANNY, Curitiba, PR, Brasil",strong,-25.4885091,-49.2765203,"Rua João de Oliveira Franco, Fanny, Curitiba, Paraná, Região Sul, 81030-330, Brasil",,residential,79642404,
ad68ea8b3ea6d68d,2026,04/06/2026,Drenagem,Alagamentos,Concluído,Rua Bernardo Jacintho da Veiga,NOVO MUNDO,Unidade Regional Pinheirinho,Portal,True,False,1,pronto_para_geocodificar,none,"Candidato a geocodificacao; nao e coordenada, rotulo ou evidencia de treino.","Nao usar como ground truth, escore ou variavel derivada do rotulo.","Rua Bernardo Jacintho da Veiga, NOVO MUNDO, Curitiba, PR, Brasil",strong,-25.4881556,-49.3035071,"Rua Bernardo Jacintho da Veiga, Novo Mundo, Curitiba, Paraná, Região Sul, 81050-380, Brasil",,residential,42803004,
f19666edbd0d10c5,2026,12/06/2026,Proteção ao cidadão - GM,"Enchentes, inundações ou alagamentos",Concluído,RUA ANTÔNIO DE OLIVEIRA,CAJURU,Unidade Regional Cajuru,Telefone,True,False,1,pronto_para_geocodificar,none,"Candidato a geocodificacao; nao e coordenada, rotulo ou evidencia de treino.","Nao usar como ground truth, escore ou variavel derivada do rotulo.","RUA ANTÔNIO DE OLIVEIRA, CAJURU, Curitiba, PR, Brasil",strong,-25.4646451,-49.1992001,"Rua Antônio de Oliveira, Vila Centenário II, Cajuru, Curitiba, Paraná, Região Sul, 82960-000, Brasil",,residential,164254312,
0fddfa8bf0ef9caf,2026,19/07/2026,Drenagem,Alagamentos,Concluído,Rua Guilherme Tragante,TARUMA,Unidade Regional Cajuru,Portal,True,False,1,pronto_para_geocodificar,none,"Candidato a geocodificacao; nao e coordenada, rotulo ou evidencia de treino.","Nao usar como ground truth, escore ou variavel derivada do rotulo.","Rua Guilherme Tragante, TARUMA, Curitiba, PR, Brasil",strong,-25.4344458,-49.230353,"Rua Guilherme Tragante, Tarumã, Curitiba, Paraná, Região Sul, 82530-500, Brasil",,residential,162320228,
10213c9d0829d5f5,2026,02/02/2026,Drenagem,Alagamentos,Concluído,Fortaleza,CAJURU,Unidade Regional Cajuru,Portal,True,False,1,pronto_para_geocodificar,none,"Candidato a geocodificacao; nao e coordenada, rotulo ou evidencia de treino.","Nao usar como ground truth, escore ou variavel derivada do rotulo.","Fortaleza, CAJURU, Curitiba, PR, Brasil",strong,-25.4496912,-49.2082753,"Rua Fortaleza, Cajuru, Curitiba, Paraná, Região Sul, 82930-000, Brasil",,residential,164115570,
d7bab382309a6330,2026,02/03/2026,Drenagem,Alagamentos,Concluído,RUA reinaldo pilato,TARUMA,Unidade Regional Cajuru,Telefone,True,False,1,pronto_para_geocodificar,none,"Candidato a geocodificacao; nao e coordenada, rotulo ou evidencia de treino.","Nao usar como ground truth, escore ou variavel derivada do rotulo.","RUA reinaldo pilato, TARUMA, Curitiba, PR, Brasil",strong,-25.4270009,-49.2091664,"Rua Reinaldo Pilato, Tarumã, Curitiba, Paraná, Região Sul, 82821-016, Brasil",,residential,390727822,
3539db2d20df02f0,2026,11/03/2026,Drenagem,Alagamentos,Concluído,Jorge Luís Della Coletta,CAPAO DA IMBUIA,Unidade Regional Cajuru,Portal,True,False,1,pronto_para_geocodificar,none,"Candidato a geocodificacao; nao e coordenada, rotulo ou evidencia de treino.","Nao usar como ground truth, escore ou variavel derivada do rotulo.","Jorge Luís Della Coletta, CAPAO DA IMBUIA, Curitiba, PR, Brasil",strong,-25.4414387,-49.2042153,"Rua Jorge Luís della Coletta, Capão da Imbuia, Curitiba, Paraná, Região Sul, 82810-000, Brasil",,residential,162156399,
ba498811aff65092,2026,12/03/2026,Drenagem,Alagamentos,Concluído,Frederico Stadler Júnior,CAPAO DA IMBUIA,Unidade Regional Cajuru,Portal,True,False,1,pronto_para_geocodificar,none,"Candidato a geocodificacao; nao e coordenada, rotulo ou evidencia de treino.","Nao usar como ground truth, escore ou variavel derivada do rotulo.","Frederico Stadler Júnior, CAPAO DA IMBUIA, Curitiba, PR, Brasil",strong,-25.4388513,-49.2104492,"Rua Frederico Stadler Júnior, Capão da Imbuia, Curitiba, Paraná, Região Sul, 82810-460, Brasil",,residential,152131289,
38e6aebae721dc81,2026,28/04/2026,Drenagem,Alagamentos,Concluído,Rua Pedro Violani,CAJURU,Unidade Regional Cajuru,Portal,True,False,1,pronto_para_geocodificar,none,"Candidato a geocodificacao; nao e coordenada, rotulo ou evidencia de treino.","Nao usar como ground truth, escore ou variavel derivada do rotulo.","Rua Pedro Violani, CAJURU, Curitiba, PR, Brasil",strong,-25.4589686,-49.2066596,"Rua Pedro Violani, Cajuru, Curitiba, Paraná, Região Sul, 82930-230, Brasil",,residential,162510628,
5a1a967c05eea0dc,2026,21/05/2026,Drenagem,Alagamentos,Concluído,Júlio Wischral,UBERABA,Unidade Regional Cajuru,Portal,True,False,1,pronto_para_geocodificar,none,"Candidato a geocodificacao; nao e coordenada, rotulo ou evidencia de treino.","Nao usar como ground truth, escore ou variavel derivada do rotulo.","Júlio Wischral, UBERABA, Curitiba, PR, Brasil",strong,-25.4741294,-49.2234054,"Rua Júlio Wischral, Uberaba, Curitiba, Paraná, Região Sul, 81540-590, Brasil",,residential,125389841,
d45d20abe290539c,2026,11/06/2026,Drenagem,Alagamentos,Concluído,Serapião Mendes Soares,CAPAO DA IMBUIA,Unidade Regional Cajuru,Portal,True,False,1,pronto_para_geocodificar,none,"Candidato a geocodificacao; nao e coordenada, rotulo ou evidencia de treino.","Nao usar como ground truth, escore ou variavel derivada do rotulo.","Serapião Mendes Soares, CAPAO DA IMBUIA, Curitiba, PR, Brasil",strong,-25.4420083,-49.203369,"Rua Serapião Mendes Soares, Capão da Imbuia, Curitiba, Paraná, Região Sul, 82810-000, Brasil",,residential,162156404,
f19666edbd0d10c5,2026,12/06/2026,Drenagem,Alagamentos,Concluído,RUA ANTÔNIO DE OLIVEIRA,CAJURU,Unidade Regional Cajuru,Telefone,True,False,1,pronto_para_geocodificar,none,"Candidato a geocodificacao; nao e coordenada, rotulo ou evidencia de treino.","Nao usar como ground truth, escore ou variavel derivada do rotulo.","RUA ANTÔNIO DE OLIVEIRA, CAJURU, Curitiba, PR, Brasil",strong,-25.4646451,-49.1992001,"Rua Antônio de Oliveira, Vila Centenário II, Cajuru, Curitiba, Paraná, Região Sul, 82960-000, Brasil",,residential,164254312,
a05bac47cd43b956,2026,20/06/2026,Drenagem,Alagamentos,Concluído,RUA ANTÔNIO JOSÉ BONATO,GANCHINHO,Unidade Regional Bairro Novo,Telefone,True,False,2,pronto_para_geocodificar,none,"Candidato a geocodificacao; nao e coordenada, rotulo ou evidencia de treino.","Nao usar como ground truth, escore ou variavel derivada do rotulo.","RUA ANTÔNIO JOSÉ BONATO, GANCHINHO, Curitiba, PR, Brasil",strong,-25.558634,-49.2475656,"Rua Antônio José Bonato, Moradias São José, Ganchinho, Curitiba, Paraná, Região Sul, 81935-446, Brasil",,residential,164975515,
a05bac47cd43b956,2026,20/06/2026,Drenagem,Alagamentos,Concluído,RUA ANTÔNIO JOSÉ BONATO,GANCHINHO,Unidade Regional Bairro Novo,Telefone,True,False,2,pronto_para_geocodificar,none,"Candidato a geocodificacao; nao e coordenada, rotulo ou evidencia de treino.","Nao usar como ground truth, escore ou variavel derivada do rotulo.","RUA ANTÔNIO JOSÉ BONATO, GANCHINHO, Curitiba, PR, Brasil",strong,-25.558634,-49.2475656,"Rua Antônio José Bonato, Moradias São José, Ganchinho, Curitiba, Paraná, Região Sul, 81935-446, Brasil",,residential,164975515,
da87956e9e5fe9b6,2026,05/01/2026,Drenagem,Alagamentos,Concluído,RUA JOSÉ BASSA,SITIO CERCADO,Unidade Regional Bairro Novo,Telefone,True,False,1,pronto_para_geocodificar,none,"Candidato a geocodificacao; nao e coordenada, rotulo ou evidencia de treino.","Nao usar como ground truth, escore ou variavel derivada do rotulo.","RUA JOSÉ BASSA, SITIO CERCADO, Curitiba, PR, Brasil",strong,-25.543784,-49.2561071,"Rua José Bassa, Sítio Cercado, Curitiba, Paraná, Região Sul, 81920-500, Brasil",,residential,127255719,
afdcdd9802d0fcbf,2026,15/01/2026,Drenagem,Alagamentos,Concluído,Rua Ourizona,SITIO CERCADO,Unidade Regional Bairro Novo,Telefone,True,False,2,pronto_para_geocodificar,none,"Candidato a geocodificacao; nao e coordenada, rotulo ou evidencia de treino.","Nao usar como ground truth, escore ou variavel derivada do rotulo.","Rua Ourizona, SITIO CERCADO, Curitiba, PR, Brasil",strong,-25.5405716,-49.2577,"Rua Ourizona, Sítio Cercado, Curitiba, Paraná, Região Sul, 81920-090, Brasil",,secondary,568800829,
14ddac1e85fd1389,2026,15/01/2026,Drenagem,Alagamentos,Concluído,RUA OURIZONA,SITIO CERCADO,Unidade Regional Bairro Novo,Telefone,True,False,2,pronto_para_geocodificar,none,"Candidato a geocodificacao; nao e coordenada, rotulo ou evidencia de treino.","Nao usar como ground truth, escore ou variavel derivada do rotulo.","RUA OURIZONA, SITIO CERCADO, Curitiba, PR, Brasil",strong,-25.5405716,-49.2577,"Rua Ourizona, Sítio Cercado, Curitiba, Paraná, Região Sul, 81920-090, Brasil",,secondary,568800829,
8557912229ea3876,2026,03/02/2026,Drenagem,Alagamentos,Concluído,Rua Miguel Rossetim,GANCHINHO,Unidade Regional Bairro Novo,Telefone,True,False,1,pronto_para_geocodificar,none,"Candidato a geocodificacao; nao e coordenada, rotulo ou evidencia de treino.","Nao usar como ground truth, escore ou variavel derivada do rotulo.","Rua Miguel Rossetim, GANCHINHO, Curitiba, PR, Brasil",strong,-25.5525917,-49.2457523,"Rua Miguel Rossetim, Vila Moradias 23 de Agosto I, Ganchinho, Curitiba, Paraná, Região Sul, 81935-446, Brasil",,residential,700980612,
4be6339d43431f53,2026,10/02/2026,Drenagem,Alagamentos,Concluído,João Socha,SITIO CERCADO,Unidade Regional Bairro Novo,Portal,True,False,1,pronto_para_geocodificar,none,"Candidato a geocodificacao; nao e coordenada, rotulo ou evidencia de treino.","Nao usar como ground truth, escore ou variavel derivada do rotulo.","João Socha, SITIO CERCADO, Curitiba, PR, Brasil",strong,-25.5333888,-49.2764132,"Rua João Socha, Sítio Cercado, Curitiba, Paraná, Região Sul, 81900-050, Brasil",,residential,127264759,
c4c3bad681b27c06,2026,02/01/2026,Drenagem,Alagamentos,Concluído,Alcides Munhoz,MERCES,Unidade Regional Matriz,Portal,True,False,1,pronto_para_geocodificar,none,"Candidato a geocodificacao; nao e coordenada, rotulo ou evidencia de treino.","Nao usar como ground truth, escore ou variavel derivada do rotulo.","Alcides Munhoz, MERCES, Curitiba, PR, Brasil",medium,-25.4205916,-49.2922671,"Banco do Brasil, Rua Alcides Munhoz, Mercês, Curitiba, Paraná, Região Sul, 80810-120, Brasil",,bank,170292405,
a54a485bfed0c273,2026,16/01/2026,Drenagem,Alagamentos,Concluído,RUA CHILE,JARDIM BOTANICO,Unidade Regional Matriz,Telefone,True,False,1,pronto_para_geocodificar,none,"Candidato a geocodificacao; nao e coordenada, rotulo ou evidencia de treino.","Nao usar como ground truth, escore ou variavel derivada do rotulo.","RUA CHILE, JARDIM BOTANICO, Curitiba, PR, Brasil",strong,-25.4449881,-49.2512021,"Rua Chile, Jardim Botânico, Curitiba, Paraná, Região Sul, 80215-090, Brasil",,secondary,158958944,
24120d58cb3215d7,2026,26/01/2026,Drenagem,Alagamentos,Concluído,RUA DESEMBARGADOR WESTPHALEN,REBOUCAS,Unidade Regional Matriz,Telefone,True,False,1,pronto_para_geocodificar,none,"Candidato a geocodificacao; nao e coordenada, rotulo ou evidencia de treino.","Nao usar como ground truth, escore ou variavel derivada do rotulo.","RUA DESEMBARGADOR WESTPHALEN, REBOUCAS, Curitiba, PR, Brasil",strong,-25.4469018,-49.2662796,"Rua Desembargador Westphalen, Rebouças, Curitiba, Paraná, Região Sul, 80230-050, Brasil",,primary,316394251,
7672528908ca60f6,2026,03/02/2026,Drenagem,Alagamentos,Concluído,ALAMEDA JÚLIA DA COSTA,SAO FRANCISCO,Unidade Regional Matriz,Telefone,True,False,1,pronto_para_geocodificar,none,"Candidato a geocodificacao; nao e coordenada, rotulo ou evidencia de treino.","Nao usar como ground truth, escore ou variavel derivada do rotulo.","ALAMEDA JÚLIA DA COSTA, SAO FRANCISCO, Curitiba, PR, Brasil",strong,-25.4280591,-49.2803913,"Alameda Júlia da Costa, Centro Histórico, Mercês, Curitiba, Paraná, Região Sul, 80410-001, Brasil",,residential,29422711,
e2d453d2593c994d,2026,06/02/2026,Drenagem,Alagamentos,Concluído,RUA HENRIQUE ITIBERÊ DA CUNHA,BOM RETIRO,Unidade Regional Matriz,Telefone,True,False,1,pronto_para_geocodificar,none,"Candidato a geocodificacao; nao e coordenada, rotulo ou evidencia de treino.","Nao usar como ground truth, escore ou variavel derivada do rotulo.","RUA HENRIQUE ITIBERÊ DA CUNHA, BOM RETIRO, Curitiba, PR, Brasil",strong,-25.4136595,-49.27655,"Rua Henrique Itiberê da Cunha, Bom Retiro, Curitiba, Paraná, Região Sul, 80520-176, Brasil",,residential,32943949,
29d9095bc5db14bf,2026,10/02/2026,Drenagem,Alagamentos,Concluído,Presidente Taunay,BATEL,Unidade Regional Matriz,Portal,True,False,1,pronto_para_geocodificar,none,"Candidato a geocodificacao; nao e coordenada, rotulo ou evidencia de treino.","Nao usar como ground truth, escore ou variavel derivada do rotulo.","Presidente Taunay, BATEL, Curitiba, PR, Brasil",strong,-25.4353238,-49.2854831,"Alameda Presidente Taunay, Batel, Curitiba, Paraná, Região Sul, 80240-240, Brasil",,residential,1214386936,
33d6c0a527847d0d,2026,14/01/2026,Drenagem,Alagamentos,Concluído,AVENIDA JUSCELINO KUBITSCHEK DE OLIVEIRA,CIDADE INDUSTRIAL,Unidade Regional CIC,Telefone,True,False,1,pronto_para_geocodificar,none,"Candidato a geocodificacao; nao e coordenada, rotulo ou evidencia de treino.","Nao usar como ground truth, escore ou variavel derivada do rotulo.","AVENIDA JUSCELINO KUBITSCHEK DE OLIVEIRA, CIDADE INDUSTRIAL, Curitiba, PR, Brasil",strong,-25.4895782,-49.3459345,"Avenida Juscelino Kubitschek de Oliveira (Marginal Oeste), Cidade Industrial de Curitiba, Curitiba, Paraná, Região Sul, 81250-460, Brasil",,secondary,1259147529,
ec519b123eea9121,2026,29/01/2026,Drenagem,Alagamentos,Concluído,São João Bosco,CIDADE INDUSTRIAL,Unidade Regional CIC,Portal,True,False,1,pronto_para_geocodificar,none,"Candidato a geocodificacao; nao e coordenada, rotulo ou evidencia de treino.","Nao usar como ground truth, escore ou variavel derivada do rotulo.","São João Bosco, CIDADE INDUSTRIAL, Curitiba, PR, Brasil",strong,-25.5077044,-49.3259984,"Rua São João Bosco, Núcleo Habitacional Nossa Senhora da Luz dos Pinhais, Cidade Industrial de Curitiba, Curitiba, Paraná, Região Sul, 81305-185, Brasil",,residential,129112991,
95b6ee9f39f6fde7,2026,29/01/2026,Drenagem,Alagamentos,Concluído,Rua Aldo Laval,CIDADE INDUSTRIAL,Unidade Regional CIC,Telefone,True,False,1,pronto_para_geocodificar,none,"Candidato a geocodificacao; nao e coordenada, rotulo ou evidencia de treino.","Nao usar como ground truth, escore ou variavel derivada do rotulo.","Rua Aldo Laval, CIDADE INDUSTRIAL, Curitiba, PR, Brasil",strong,-25.4961524,-49.3387369,"Rua Aldo Laval, Cidade Industrial de Curitiba, Curitiba, Paraná, Região Sul, 81350-260, Brasil",,residential,138705729,
ea0a6e6de7f45544,2026,03/02/2026,Drenagem,Alagamentos,Concluído,Rua Michajlo Pantschenko,CIDADE INDUSTRIAL,Unidade Regional CIC,Telefone,True,False,1,pronto_para_geocodificar,none,"Candidato a geocodificacao; nao e coordenada, rotulo ou evidencia de treino.","Nao usar como ground truth, escore ou variavel derivada do rotulo.","Rua Michajlo Pantschenko, CIDADE INDUSTRIAL, Curitiba, PR, Brasil",strong,-25.4861907,-49.3386935,"Rua Michajlo Pantschenko, Cidade Industrial de Curitiba, Curitiba, Paraná, Região Sul, 81250-460, Brasil",,residential,83705714,
9bc596ca1963718a,2026,06/02/2026,Drenagem,Alagamentos,Concluído,Santa Águeda,CIDADE INDUSTRIAL,Unidade Regional CIC,Portal,True,False,1,pronto_para_geocodificar,none,"Candidato a geocodificacao; nao e coordenada, rotulo ou evidencia de treino.","Nao usar como ground truth, escore ou variavel derivada do rotulo.","Santa Águeda, CIDADE INDUSTRIAL, Curitiba, PR, Brasil",strong,-25.5005658,-49.3191731,"Rua Santa Águeda, Núcleo Habitacional Nossa Senhora da Luz dos Pinhais, Cidade Industrial de Curitiba, Curitiba, Paraná, Região Sul, 81310-026, Brasil",,residential,48288651,
3c0ba96dbe5a9961,2026,07/02/2026,Drenagem,Alagamentos,Concluído,Rua São João Bosco,CIDADE INDUSTRIAL,Unidade Regional CIC,Telefone,True,False,1,pronto_para_geocodificar,none,"Candidato a geocodificacao; nao e coordenada, rotulo ou evidencia de treino.","Nao usar como ground truth, escore ou variavel derivada do rotulo.","Rua São João Bosco, CIDADE INDUSTRIAL, Curitiba, PR, Brasil",strong,-25.5077044,-49.3259984,"Rua São João Bosco, Núcleo Habitacional Nossa Senhora da Luz dos Pinhais, Cidade Industrial de Curitiba, Curitiba, Paraná, Região Sul, 81305-185, Brasil",,residential,129112991,
d950e97276a625cb,2026,24/02/2026,Drenagem,Alagamentos,Concluído,RUA LUIZ CASAGRANDE,CIDADE INDUSTRIAL,Unidade Regional CIC,Telefone,True,False,1,pronto_para_geocodificar,none,"Candidato a geocodificacao; nao e coordenada, rotulo ou evidencia de treino.","Nao usar como ground truth, escore ou variavel derivada do rotulo.","RUA LUIZ CASAGRANDE, CIDADE INDUSTRIAL, Curitiba, PR, Brasil",medium,-25.497993,-49.334522,"Cidade Industrial de Curitiba, Curitiba, Paraná, Região Sul, 81350-260, Brasil",,suburb,3012156952,fallback_bairro_apos_rua_sem_resultado_em_bbox
03e6a632f5484fc5,2026,24/02/2026,Drenagem,Alagamentos,Concluído,RUA ARNAUD FERREIRA VELLOSO,CIDADE INDUSTRIAL,Unidade Regional CIC,Telefone,True,False,1,pronto_para_geocodificar,none,"Candidato a geocodificacao; nao e coordenada, rotulo ou evidencia de treino.","Nao usar como ground truth, escore ou variavel derivada do rotulo.","RUA ARNAUD FERREIRA VELLOSO, CIDADE INDUSTRIAL, Curitiba, PR, Brasil",strong,-25.4813814,-49.3505771,"Rua Arnaud Ferreira Velloso, Cidade Industrial de Curitiba, Curitiba, Paraná, Região Sul, 81265-310, Brasil",,tertiary,1259147530,
afe1c9b9f6632e13,2026,09/05/2026,Drenagem,Alagamentos,Concluído,Rua Desembargador Cid Campelo,CIDADE INDUSTRIAL,Unidade Regional CIC,Telefone,True,False,1,pronto_para_geocodificar,none,"Candidato a geocodificacao; nao e coordenada, rotulo ou evidencia de treino.","Nao usar como ground truth, escore ou variavel derivada do rotulo.","Rua Desembargador Cid Campelo, CIDADE INDUSTRIAL, Curitiba, PR, Brasil",strong,-25.5151173,-49.3284145,"Rua Desembargador Cid Campelo, Cidade Industrial de Curitiba, Curitiba, Paraná, Região Sul, 81305-185, Brasil",,secondary,121815348,
f9d53e8bff7264e0,2026,20/06/2026,Drenagem,Alagamentos,Concluído,Rua Orestes Thá,CIDADE INDUSTRIAL,Unidade Regional CIC,Chat,True,False,1,pronto_para_geocodificar,none,"Candidato a geocodificacao; nao e coordenada, rotulo ou evidencia de treino.","Nao usar como ground truth, escore ou variavel derivada do rotulo.","Rua Orestes Thá, CIDADE INDUSTRIAL, Curitiba, PR, Brasil",strong,-25.5057873,-49.3269801,"Rua Orestes Thá, Núcleo Habitacional Nossa Senhora da Luz dos Pinhais, Cidade Industrial de Curitiba, Curitiba, Paraná, Região Sul, 81305-185, Brasil",,residential,48288652,
46fffd598ebb2bb8,2026,20/06/2026,Drenagem,Alagamentos,Concluído,Rua Sérgio Carlos Martins Leal,CIDADE INDUSTRIAL,Unidade Regional CIC,Telefone,True,False,2,pronto_para_geocodificar,none,"Candidato a geocodificacao; nao e coordenada, rotulo ou evidencia de treino.","Nao usar como ground truth, escore ou variavel derivada do rotulo.","Rua Sérgio Carlos Martins Leal, CIDADE INDUSTRIAL, Curitiba, PR, Brasil",strong,-25.5103737,-49.3268427,"Rua Sérgio Carlos Martins Leal, Cidade Industrial de Curitiba, Curitiba, Paraná, Região Sul, 81305-185, Brasil",,residential,129113038,
a05bac47cd43b956,2026,20/06/2026,Proteção ao cidadão - GM,"Enchentes, inundações ou alagamentos",Concluído,RUA ANTÔNIO JOSÉ BONATO,GANCHINHO,Unidade Regional Bairro Novo,Telefone,True,False,1,pronto_para_geocodificar,none,"Candidato a geocodificacao; nao e coordenada, rotulo ou evidencia de treino.","Nao usar como ground truth, escore ou variavel derivada do rotulo.","RUA ANTÔNIO JOSÉ BONATO, GANCHINHO, Curitiba, PR, Brasil",strong,-25.558634,-49.2475656,"Rua Antônio José Bonato, Moradias São José, Ganchinho, Curitiba, Paraná, Região Sul, 81935-446, Brasil",,residential,164975515,
7407d1b00de61d59,2026,23/07/2026,Drenagem,Alagamentos,Respondido,RUA AGENOR ANTONIO RODRIGUES,SITIO CERCADO,Unidade Regional Bairro Novo,Telefone,True,False,1,pronto_para_geocodificar,none,"Candidato a geocodificacao; nao e coordenada, rotulo ou evidencia de treino.","Nao usar como ground truth, escore ou variavel derivada do rotulo.","RUA AGENOR ANTONIO RODRIGUES, SITIO CERCADO, Curitiba, PR, Brasil",strong,-25.5430269,-49.2569532,"Rua Agenor Antônio Rodrigues, Sítio Cercado, Curitiba, Paraná, Região Sul, 81920-500, Brasil",,tertiary,127245312,
b414db0b1ab46c78,2026,03/02/2026,Proteção ao cidadão - GM,"Enchentes, inundações ou alagamentos",Aberto,Rua Itaúna do Sul,ALTO BOQUEIRAO,Unidade Regional Boqueirao,Telefone,True,False,2,pronto_para_geocodificar,none,"Candidato a geocodificacao; nao e coordenada, rotulo ou evidencia de treino.","Nao usar como ground truth, escore ou variavel derivada do rotulo.","Rua Itaúna do Sul, ALTO BOQUEIRAO, Curitiba, PR, Brasil",strong,-25.530914,-49.2342574,"Rua Itaúna do Sul, Alto Boqueirão, Curitiba, Paraná, Região Sul, 81770-440, Brasil",,residential,126814876,
f16fae43ec9e6927,2026,15/01/2026,Drenagem,Alagamentos,Concluído,Desembargador Aristóxenes Bittencourt,TARUMA,Unidade Regional Cajuru,Portal,True,False,1,pronto_para_geocodificar,none,"Candidato a geocodificacao; nao e coordenada, rotulo ou evidencia de treino.","Nao usar como ground truth, escore ou variavel derivada do rotulo.","Desembargador Aristóxenes Bittencourt, TARUMA, Curitiba, PR, Brasil",strong,-25.4297656,-49.2255342,"Rua Desembargador Aristóxenes Bittencourt, Tarumã, Curitiba, Paraná, Região Sul, 82800-030, Brasil",,residential,36059564,
a51bcc1350faa1da,2026,03/02/2026,Drenagem,Alagamentos,Concluído,Júlio Wischral,UBERABA,Unidade Regional Cajuru,Portal,True,False,1,pronto_para_geocodificar,none,"Candidato a geocodificacao; nao e coordenada, rotulo ou evidencia de treino.","Nao usar como ground truth, escore ou variavel derivada do rotulo.","Júlio Wischral, UBERABA, Curitiba, PR, Brasil",strong,-25.4741294,-49.2234054,"Rua Júlio Wischral, Uberaba, Curitiba, Paraná, Região Sul, 81540-590, Brasil",,residential,125389841,
a62a9b1a7afe79ab,2026,03/02/2026,Drenagem,Alagamentos,Concluído,RUA PADRE ESTANISLAU CEBULA,CAJURU,Unidade Regional Cajuru,Telefone,True,False,1,pronto_para_geocodificar,none,"Candidato a geocodificacao; nao e coordenada, rotulo ou evidencia de treino.","Nao usar como ground truth, escore ou variavel derivada do rotulo.","RUA PADRE ESTANISLAU CEBULA, CAJURU, Curitiba, PR, Brasil",strong,-25.4718975,-49.1943514,"Rua Padre Estanislau Cebula, Cajuru, Curitiba, Paraná, Região Sul, 82980-130, Brasil",,residential,163153920,
200ace32f6458ad6,2026,03/02/2026,Drenagem,Alagamentos,Concluído,Rua Osmário de Lima,CAPAO DA IMBUIA,Unidade Regional Cajuru,Telefone,True,False,1,pronto_para_geocodificar,none,"Candidato a geocodificacao; nao e coordenada, rotulo ou evidencia de treino.","Nao usar como ground truth, escore ou variavel derivada do rotulo.","Rua Osmário de Lima, CAPAO DA IMBUIA, Curitiba, PR, Brasil",strong,-25.438382,-49.2087847,"Rua Osmário de Lima, Capão da Imbuia, Curitiba, Paraná, Região Sul, 82810-460, Brasil",,tertiary,1318008491,
6296277f01637202,2026,29/06/2026,Drenagem,Alagamentos,Respondido,RUA MIGUEL KOLTUN,NOVO MUNDO,Unidade Regional Pinheirinho,Telefone,True,False,1,pronto_para_geocodificar,none,"Candidato a geocodificacao; nao e coordenada, rotulo ou evidencia de treino.","Nao usar como ground truth, escore ou variavel derivada do rotulo.","RUA MIGUEL KOLTUN, NOVO MUNDO, Curitiba, PR, Brasil",strong,-25.4868299,-49.3045088,"Rua Miguel Koltun, Novo Mundo, Curitiba, Paraná, Região Sul, 81050-424, Brasil",,residential,129142022,
b8946a59c1eeee33,2026,04/06/2026,Drenagem,Alagamentos,Aberto,Zonardy Ribas,BOQUEIRAO,Unidade Regional Boqueirao,Portal,True,False,1,pronto_para_geocodificar,none,"Candidato a geocodificacao; nao e coordenada, rotulo ou evidencia de treino.","Nao usar como ground truth, escore ou variavel derivada do rotulo.","Zonardy Ribas, BOQUEIRAO, Curitiba, PR, Brasil",strong,-25.5126786,-49.2333756,"Rua Zonardy Ribas, Boqueirão, Curitiba, Paraná, Região Sul, 81750-420, Brasil",,residential,73109896,
5d7c37211432abd8,2026,20/06/2026,Drenagem,Alagamentos,Aberto,RUA OLIVEIRA VIANA,BOQUEIRAO,Unidade Regional Boqueirao,Telefone,True,False,1,pronto_para_geocodificar,none,"Candidato a geocodificacao; nao e coordenada, rotulo ou evidencia de treino.","Nao usar como ground truth, escore ou variavel derivada do rotulo.","RUA OLIVEIRA VIANA, BOQUEIRAO, Curitiba, PR, Brasil",strong,-25.492991,-49.24997,"Rua Oliveira Viana, Boqueirão, Curitiba, Paraná, Região Sul, 81670-080, Brasil",,secondary,1157825359,
862a9d62cc0a777f,2026,10/07/2026,Drenagem,Alagamentos,Aberto,Rua Antônio Schiebel,BOQUEIRAO,Unidade Regional Boqueirao,Portal,True,False,1,pronto_para_geocodificar,none,"Candidato a geocodificacao; nao e coordenada, rotulo ou evidencia de treino.","Nao usar como ground truth, escore ou variavel derivada do rotulo.","Rua Antônio Schiebel, BOQUEIRAO, Curitiba, PR, Brasil",strong,-25.4981935,-49.2356566,"Rua Antônio Schiebel, Boqueirão, Curitiba, Paraná, Região Sul, 81650-040, Brasil",,tertiary,361401825,
15e7edc3e3814009,2026,14/01/2026,Drenagem,Alagamentos,Concluído,Tenente Francisco Ferreira de Souza,HAUER,Unidade Regional Boqueirao,Portal,True,False,1,pronto_para_geocodificar,none,"Candidato a geocodificacao; nao e coordenada, rotulo ou evidencia de treino.","Nao usar como ground truth, escore ou variavel derivada do rotulo.","Tenente Francisco Ferreira de Souza, HAUER, Curitiba, PR, Brasil",medium,-25.4786086,-49.2534651,"Hauer, Curitiba, Paraná, Região Sul, Brasil",,administrative,4141957,fallback_bairro_apos_rua_sem_resultado_em_bbox
74af4bae3b8223b2,2026,04/02/2026,Drenagem,Alagamentos,Concluído,Francisco Derosso,XAXIM,Unidade Regional Boqueirao,Portal,True,False,1,pronto_para_geocodificar,none,"Candidato a geocodificacao; nao e coordenada, rotulo ou evidencia de treino.","Nao usar como ground truth, escore ou variavel derivada do rotulo.","Francisco Derosso, XAXIM, Curitiba, PR, Brasil",strong,-25.5148399,-49.257534,"Rua Francisco Derosso, Xaxim, Curitiba, Paraná, Região Sul, 81830-285, Brasil",,secondary,663339803,
b022365438d6cb6b,2026,05/02/2026,Drenagem,Alagamentos,Concluído,RUA JACOB ROMANICHEN,XAXIM,Unidade Regional Boqueirao,Telefone,True,False,1,pronto_para_geocodificar,none,"Candidato a geocodificacao; nao e coordenada, rotulo ou evidencia de treino.","Nao usar como ground truth, escore ou variavel derivada do rotulo.","RUA JACOB ROMANICHEN, XAXIM, Curitiba, PR, Brasil",strong,-25.4999871,-49.2591315,"Rua Jacob Romanichen, Xaxim, Curitiba, Paraná, Região Sul, 81710-410, Brasil",,residential,84883109,
d848940e8ef5b283,2026,01/01/2026,Drenagem,Alagamentos,Concluído,RUA ARTHUR MARTINS FRANCO,FAZENDINHA,Unidade Regional Portao,Telefone,True,False,1,pronto_para_geocodificar,none,"Candidato a geocodificacao; nao e coordenada, rotulo ou evidencia de treino.","Nao usar como ground truth, escore ou variavel derivada do rotulo.","RUA ARTHUR MARTINS FRANCO, FAZENDINHA, Curitiba, PR, Brasil",strong,-25.4809627,-49.3342819,"Rua Arthur Martins Franco, Fazendinha, Curitiba, Paraná, Região Sul, 81330-300, Brasil",,residential,390306687,
0d4f9229f709e069,2026,12/01/2026,Drenagem,Alagamentos,Concluído,Rua Aristides Borsato,FAZENDINHA,Unidade Regional Portao,Telefone,True,False,1,pronto_para_geocodificar,none,"Candidato a geocodificacao; nao e coordenada, rotulo ou evidencia de treino.","Nao usar como ground truth, escore ou variavel derivada do rotulo.","Rua Aristides Borsato, FAZENDINHA, Curitiba, PR, Brasil",strong,-25.4799129,-49.3164199,"Rua Aristides Borsato, Fazendinha, Curitiba, Paraná, Região Sul, 81070-001, Brasil",,residential,1019293825,
1c7453c21cb1f504,2026,03/02/2026,Drenagem,Alagamentos,Concluído,Rosamélia de Oliveira,CAMPO COMPRIDO,Unidade Regional Portao,Portal,True,False,1,pronto_para_geocodificar,none,"Candidato a geocodificacao; nao e coordenada, rotulo ou evidencia de treino.","Nao usar como ground truth, escore ou variavel derivada do rotulo.","Rosamélia de Oliveira, CAMPO COMPRIDO, Curitiba, PR, Brasil",strong,-25.4581123,-49.3299862,"Rua Rosamélia de Oliveira, Campo Comprido, Curitiba, Paraná, Região Sul, 81230-162, Brasil",,residential,158243350,
246a77f31875378f,2026,03/02/2026,Drenagem,Alagamentos,Concluído,RUA SILVEIRA NETO,AGUA VERDE,Unidade Regional Portao,Telefone,True,False,1,pronto_para_geocodificar,none,"Candidato a geocodificacao; nao e coordenada, rotulo ou evidencia de treino.","Nao usar como ground truth, escore ou variavel derivada do rotulo.","RUA SILVEIRA NETO, AGUA VERDE, Curitiba, PR, Brasil",strong,-25.4544394,-49.2755038,"Rua Silveira Neto, Água Verde, Curitiba, Paraná, Região Sul, 80620-400, Brasil",,secondary,39483155,
dd40865251dd09c4,2026,06/02/2026,Drenagem,Alagamentos,Concluído,RUA REZALA SIMÃO,SANTA QUITERIA,Unidade Regional Portao,Telefone,True,False,1,pronto_para_geocodificar,none,"Candidato a geocodificacao; nao e coordenada, rotulo ou evidencia de treino.","Nao usar como ground truth, escore ou variavel derivada do rotulo.","RUA REZALA SIMÃO, SANTA QUITERIA, Curitiba, PR, Brasil",strong,-25.4656603,-49.3128695,"Rua Rezala Simão, Santa Quitéria, Curitiba, Paraná, Região Sul, 80310-310, Brasil",,secondary,162096199,
ec0db3ee8e929a79,2026,06/02/2026,Drenagem,Alagamentos,Concluído,Eugênio José de Souza,AGUA VERDE,Unidade Regional Portao,Portal,True,False,2,pronto_para_geocodificar,none,"Candidato a geocodificacao; nao e coordenada, rotulo ou evidencia de treino.","Nao usar como ground truth, escore ou variavel derivada do rotulo.","Eugênio José de Souza, AGUA VERDE, Curitiba, PR, Brasil",strong,-25.4642589,-49.2803828,"Rua Eugênio José de Souza, Água Verde, Curitiba, Paraná, Região Sul, 80610-020, Brasil",,tertiary,231807299,
b50c7256eb278fda,2026,17/06/2026,Drenagem,Alagamentos,Concluído,Rua Guilherme Pugsley,AGUA VERDE,Unidade Regional Portao,Telefone,True,False,1,pronto_para_geocodificar,none,"Candidato a geocodificacao; nao e coordenada, rotulo ou evidencia de treino.","Nao usar como ground truth, escore ou variavel derivada do rotulo.","Rua Guilherme Pugsley, AGUA VERDE, Curitiba, PR, Brasil",strong,-25.4580449,-49.2867562,"Rua Guilherme Pugsley, Água Verde, Curitiba, Paraná, Região Sul, 80620-120, Brasil",,primary,249539950,
370c07973861b2e2,2026,20/06/2026,Drenagem,Alagamentos,Concluído,Rua Gamaliel Bueno Galvão,GUAIRA,Unidade Regional Portao,Telefone,True,False,1,pronto_para_geocodificar,none,"Candidato a geocodificacao; nao e coordenada, rotulo ou evidencia de treino.","Nao usar como ground truth, escore ou variavel derivada do rotulo.","Rua Gamaliel Bueno Galvão, GUAIRA, Curitiba, PR, Brasil",strong,-25.4718732,-49.2688453,"Rua Gamaliel Bueno Galvão, Guaíra, Curitiba, Paraná, Região Sul, 80630-280, Brasil",,residential,53815392,
8f29bd2c2eedc173,2026,01/07/2026,Drenagem,Alagamentos,Concluído,RUA SÃO PAULO,GUAIRA,Unidade Regional Portao,Telefone,True,False,1,pronto_para_geocodificar,none,"Candidato a geocodificacao; nao e coordenada, rotulo ou evidencia de treino.","Nao usar como ground truth, escore ou variavel derivada do rotulo.","RUA SÃO PAULO, GUAIRA, Curitiba, PR, Brasil",strong,-25.4701084,-49.2761145,"Rua São Paulo, Guaíra, Curitiba, Paraná, Região Sul, 80630-150, Brasil",,residential,52710257,
f57b9ea24d3d503b,2026,03/02/2026,Drenagem,Alagamentos,Concluído,Rua Dos Dominicanos,BOA VISTA,Unidade Regional Boa Vista,Telefone,True,False,1,pronto_para_geocodificar,none,"Candidato a geocodificacao; nao e coordenada, rotulo ou evidencia de treino.","Nao usar como ground truth, escore ou variavel derivada do rotulo.","Rua Dos Dominicanos, BOA VISTA, Curitiba, PR, Brasil",strong,-25.3934612,-49.2497051,"Rua dos Dominicanos, Boa Vista, Curitiba, Paraná, Região Sul, 82540-115, Brasil",,residential,35971436,
9d4c0f60f4a1a4cf,2026,26/05/2026,Drenagem,Alagamentos,Concluído,RUA JOVINO DO ROSÁRIO,BOA VISTA,Unidade Regional Boa Vista,Telefone,True,False,1,pronto_para_geocodificar,none,"Candidato a geocodificacao; nao e coordenada, rotulo ou evidencia de treino.","Nao usar como ground truth, escore ou variavel derivada do rotulo.","RUA JOVINO DO ROSÁRIO, BOA VISTA, Curitiba, PR, Brasil",strong,-25.3949235,-49.2432334,"Rua Jovino do Rosário, Boa Vista, Curitiba, Paraná, Região Sul, 82510-000, Brasil",,primary,232898660,
faeb33e2ac1f8f63,2026,10/07/2026,Drenagem,Alagamentos,Concluído,RUA MUSTAPHA FRANCISCO LEMES,BARREIRINHA,Unidade Regional Boa Vista,Telefone,True,False,1,pronto_para_geocodificar,none,"Candidato a geocodificacao; nao e coordenada, rotulo ou evidencia de treino.","Nao usar como ground truth, escore ou variavel derivada do rotulo.","RUA MUSTAPHA FRANCISCO LEMES, BARREIRINHA, Curitiba, PR, Brasil",strong,-25.3709681,-49.2633732,"Rua Mustaphá Francisco Lemes, Barreirinha, Curitiba, Paraná, Região Sul, 82700-110, Brasil",,residential,161237408,
ab54840dc77e308c,2026,08/05/2026,Drenagem,Alagamentos,Concluído,Rua Deputado Néo Martins,NOVO MUNDO,Unidade Regional Pinheirinho,Telefone,True,False,1,pronto_para_geocodificar,none,"Candidato a geocodificacao; nao e coordenada, rotulo ou evidencia de treino.","Nao usar como ground truth, escore ou variavel derivada do rotulo.","Rua Deputado Néo Martins, NOVO MUNDO, Curitiba, PR, Brasil",strong,-25.4925178,-49.2797759,"Rua Deputado Néo Martins, Novo Mundo, Curitiba, Paraná, Região Sul, 81030-470, Brasil",,residential,126284359,
2697f4e6adb23426,2026,16/01/2026,Drenagem,Alagamentos,Concluído,Rua Waldemar Bona,ATUBA,Unidade Regional Boa Vista,Telefone,True,False,1,pronto_para_geocodificar,none,"Candidato a geocodificacao; nao e coordenada, rotulo ou evidencia de treino.","Nao usar como ground truth, escore ou variavel derivada do rotulo.","Rua Waldemar Bona, ATUBA, Curitiba, PR, Brasil",strong,-25.3881036,-49.1960279,"Rua Waldemar Bona, Atuba, Curitiba, Paraná, Região Sul, 83326-220, Brasil",,residential,295278078,
40db72f5cff3f946,2026,13/02/2026,Drenagem,Alagamentos,Concluído,Rua São Carlos,SANTA FELICIDADE,Unidade Regional Santa Felicidade,Telefone,True,False,1,pronto_para_geocodificar,none,"Candidato a geocodificacao; nao e coordenada, rotulo ou evidencia de treino.","Nao usar como ground truth, escore ou variavel derivada do rotulo.","Rua São Carlos, SANTA FELICIDADE, Curitiba, PR, Brasil",strong,-25.3791299,-49.331552,"Rua São Carlos, Santa Felicidade, Curitiba, Paraná, Região Sul, 82410-220, Brasil",,residential,161364281,
89097250d723cd30,2026,10/04/2026,Drenagem,Alagamentos,Concluído,RUA ANGELO PIANARO,BUTIATUVINHA,Unidade Regional Santa Felicidade,Telefone,True,False,1,pronto_para_geocodificar,none,"Candidato a geocodificacao; nao e coordenada, rotulo ou evidencia de treino.","Nao usar como ground truth, escore ou variavel derivada do rotulo.","RUA ANGELO PIANARO, BUTIATUVINHA, Curitiba, PR, Brasil",strong,-25.3990622,-49.3671298,"Rua Ângelo Pianaro, Butiatuvinha, Curitiba, Paraná, Região Sul, 82310-110, Brasil",,unclassified,383054232,
c600c62efc2a3105,2026,03/02/2026,Drenagem,Alagamentos,Concluído,RUA IZAAC FERREIRA DA CRUZ,SITIO CERCADO,Unidade Regional Bairro Novo,Telefone,True,False,2,pronto_para_geocodificar,none,"Candidato a geocodificacao; nao e coordenada, rotulo ou evidencia de treino.","Nao usar como ground truth, escore ou variavel derivada do rotulo.","RUA IZAAC FERREIRA DA CRUZ, SITIO CERCADO, Curitiba, PR, Brasil",strong,-25.5368567,-49.2815855,"Rua Izaac Ferreira da Cruz, Sítio Cercado, Curitiba, Paraná, Região Sul, 81880-320, Brasil",,secondary,727608199,
a752e4ebf6245040,2026,03/02/2026,Drenagem,Alagamentos,Concluído,Rua Izaac Ferreira da Cruz,SITIO CERCADO,Unidade Regional Bairro Novo,Telefone,True,False,2,pronto_para_geocodificar,none,"Candidato a geocodificacao; nao e coordenada, rotulo ou evidencia de treino.","Nao usar como ground truth, escore ou variavel derivada do rotulo.","Rua Izaac Ferreira da Cruz, SITIO CERCADO, Curitiba, PR, Brasil",strong,-25.5368567,-49.2815855,"Rua Izaac Ferreira da Cruz, Sítio Cercado, Curitiba, Paraná, Região Sul, 81880-320, Brasil",,secondary,727608199,
0986c0ace1bc4587,2026,16/02/2026,Drenagem,Alagamentos,Concluído,RUA LONDRINA,SITIO CERCADO,Unidade Regional Bairro Novo,Telefone,True,False,1,pronto_para_geocodificar,none,"Candidato a geocodificacao; nao e coordenada, rotulo ou evidencia de treino.","Nao usar como ground truth, escore ou variavel derivada do rotulo.","RUA LONDRINA, SITIO CERCADO, Curitiba, PR, Brasil",strong,-25.5397481,-49.2849082,"Rua Londrina, Sítio Cercado, Curitiba, Paraná, Região Sul, 81880-320, Brasil",,tertiary,377365648,
8b711cf97ee6c46f,2026,30/03/2026,Drenagem,Alagamentos,Concluído,RUA CAMBÉ,SITIO CERCADO,Unidade Regional Bairro Novo,Telefone,True,False,1,pronto_para_geocodificar,none,"Candidato a geocodificacao; nao e coordenada, rotulo ou evidencia de treino.","Nao usar como ground truth, escore ou variavel derivada do rotulo.","RUA CAMBÉ, SITIO CERCADO, Curitiba, PR, Brasil",strong,-25.5426473,-49.2861397,"Rua Cambé, Sítio Cercado, Curitiba, Paraná, Região Sul, 81900-460, Brasil",,residential,377365640,
6ccdce51bdb2dfe0,2026,22/04/2026,Drenagem,Alagamentos,Concluído,ESTRADA DO GANCHINHO- LD,SITIO CERCADO,Unidade Regional Bairro Novo,Telefone,True,False,1,pronto_para_geocodificar,none,"Candidato a geocodificacao; nao e coordenada, rotulo ou evidencia de treino.","Nao usar como ground truth, escore ou variavel derivada do rotulo.","ESTRADA DO GANCHINHO- LD, SITIO CERCADO, Curitiba, PR, Brasil",medium,-25.5427012,-49.2691056,"Sítio Cercado, Curitiba, Paraná, Região Sul, Brasil",,administrative,5622123,fallback_bairro_apos_rua_sem_resultado_em_bbox
77dcce3062e03c95,2026,06/07/2026,Drenagem,Alagamentos,Concluído,RUA REYNALDO CONTIN,UMBARA,Unidade Regional Bairro Novo,Telefone,True,False,1,pronto_para_geocodificar,none,"Candidato a geocodificacao; nao e coordenada, rotulo ou evidencia de treino.","Nao usar como ground truth, escore ou variavel derivada do rotulo.","RUA REYNALDO CONTIN, UMBARA, Curitiba, PR, Brasil",strong,-25.5601455,-49.2732024,"Rua Reynaldo Contin, Moradias Fratelli, Umbará, Curitiba, Paraná, Região Sul, 81930-350, Brasil",,residential,300943178,
81cd5d4d39708632,2026,05/02/2026,Drenagem,Alagamentos,Concluído,AVENIDA VICENTE MACHADO,BATEL,Unidade Regional Matriz,Telefone,True,False,1,pronto_para_geocodificar,none,"Candidato a geocodificacao; nao e coordenada, rotulo ou evidencia de treino.","Nao usar como ground truth, escore ou variavel derivada do rotulo.","AVENIDA VICENTE MACHADO, BATEL, Curitiba, PR, Brasil",strong,-25.4375508,-49.2877229,"Avenida Vicente Machado, Batel, Curitiba, Paraná, Região Sul, 80240-240, Brasil",,tertiary,429543355,
a7b9d34a8ff07a09,2026,01/01/2026,Drenagem,Alagamentos,Concluído,RUA PROFESSORA MARIA DO BELÉM FRANÇA,SAO MIGUEL,Unidade Regional CIC,Telefone,True,False,1,pronto_para_geocodificar,none,"Candidato a geocodificacao; nao e coordenada, rotulo ou evidencia de treino.","Nao usar como ground truth, escore ou variavel derivada do rotulo.","RUA PROFESSORA MARIA DO BELÉM FRANÇA, SAO MIGUEL, Curitiba, PR, Brasil",strong,-25.5048685,-49.3535316,"Rua Professora Maria do Belém França, São Miguel, Curitiba, Paraná, Região Sul, 81452-070, Brasil",,residential,405461137,
8b1e12967560023a,2026,07/02/2026,Drenagem,Alagamentos,Concluído,Professor Osvaldo Ormiamin,CIDADE INDUSTRIAL,Unidade Regional CIC,Portal,True,False,1,pronto_para_geocodificar,none,"Candidato a geocodificacao; nao e coordenada, rotulo ou evidencia de treino.","Nao usar como ground truth, escore ou variavel derivada do rotulo.","Professor Osvaldo Ormiamin, CIDADE INDUSTRIAL, Curitiba, PR, Brasil",medium,-25.497993,-49.334522,"Cidade Industrial de Curitiba, Curitiba, Paraná, Região Sul, 81350-260, Brasil",,suburb,3012156952,fallback_bairro_apos_rua_sem_resultado_em_bbox
9e24aef6073bed92,2026,25/02/2026,Drenagem,Alagamentos,Concluído,Inácio Wolski,CIDADE INDUSTRIAL,Unidade Regional CIC,Portal,True,False,1,pronto_para_geocodificar,none,"Candidato a geocodificacao; nao e coordenada, rotulo ou evidencia de treino.","Nao usar como ground truth, escore ou variavel derivada do rotulo.","Inácio Wolski, CIDADE INDUSTRIAL, Curitiba, PR, Brasil",medium,-25.497993,-49.334522,"Cidade Industrial de Curitiba, Curitiba, Paraná, Região Sul, 81350-260, Brasil",,suburb,3012156952,fallback_bairro_apos_rua_sem_resultado_em_bbox
b9dd60977e473956,2026,26/02/2026,Drenagem,Alagamentos,Concluído,Inácio Wolski,CIDADE INDUSTRIAL,Unidade Regional CIC,Portal,True,False,1,pronto_para_geocodificar,none,"Candidato a geocodificacao; nao e coordenada, rotulo ou evidencia de treino.","Nao usar como ground truth, escore ou variavel derivada do rotulo.","Inácio Wolski, CIDADE INDUSTRIAL, Curitiba, PR, Brasil",medium,-25.497993,-49.334522,"Cidade Industrial de Curitiba, Curitiba, Paraná, Região Sul, 81350-260, Brasil",,suburb,3012156952,fallback_bairro_apos_rua_sem_resultado_em_bbox
47fb14b0b901141e,2026,03/03/2026,Drenagem,Alagamentos,Concluído,RUA PROFESSOR FERNANDO CARNEIRO,CIDADE INDUSTRIAL,Unidade Regional CIC,Telefone,True,False,1,pronto_para_geocodificar,none,"Candidato a geocodificacao; nao e coordenada, rotulo ou evidencia de treino.","Nao usar como ground truth, escore ou variavel derivada do rotulo.","RUA PROFESSOR FERNANDO CARNEIRO, CIDADE INDUSTRIAL, Curitiba, PR, Brasil",medium,-25.497993,-49.334522,"Cidade Industrial de Curitiba, Curitiba, Paraná, Região Sul, 81350-260, Brasil",,suburb,3012156952,fallback_bairro_apos_rua_sem_resultado_em_bbox
372b0f60962c778c,2026,16/04/2026,Drenagem,Alagamentos,Concluído,Maria Aparecida Negrão Oliva,CIDADE INDUSTRIAL,Unidade Regional CIC,Portal,True,False,1,pronto_para_geocodificar,none,"Candidato a geocodificacao; nao e coordenada, rotulo ou evidencia de treino.","Nao usar como ground truth, escore ou variavel derivada do rotulo.","Maria Aparecida Negrão Oliva, CIDADE INDUSTRIAL, Curitiba, PR, Brasil",medium,-25.497993,-49.334522,"Cidade Industrial de Curitiba, Curitiba, Paraná, Região Sul, 81350-260, Brasil",,suburb,3012156952,fallback_bairro_apos_rua_sem_resultado_em_bbox
0fcfb66c4c62c197,2026,19/03/2026,Drenagem,Alagamentos,Concluído,RUA AUGUSTO OLESKOWICZ,CAMPO DE SANTANA,Unidade Regional Tatuquara,Telefone,True,False,1,pronto_para_geocodificar,none,"Candidato a geocodificacao; nao e coordenada, rotulo ou evidencia de treino.","Nao usar como ground truth, escore ou variavel derivada do rotulo.","RUA AUGUSTO OLESKOWICZ, CAMPO DE SANTANA, Curitiba, PR, Brasil",strong,-25.5859003,-49.3280231,"Rua Augusto Oleskowicz, Campo de Santana, Aldeia Kakane Porã, Curitiba, Paraná, Região Sul, 81490-270, Brasil",,residential,1191925965,
b949298a9278b71e,2026,09/05/2026,Drenagem,Alagamentos,Concluído,Rua Jaime José Vojciechovski,TATUQUARA,Unidade Regional Tatuquara,Portal,True,False,1,pronto_para_geocodificar,none,"Candidato a geocodificacao; nao e coordenada, rotulo ou evidencia de treino.","Nao usar como ground truth, escore ou variavel derivada do rotulo.","Rua Jaime José Vojciechovski, TATUQUARA, Curitiba, PR, Brasil",strong,-25.559663,-49.3139568,"Rua Jaime José Vojciechovski, Vila Pompéia, Tatuquara, Curitiba, Paraná, Região Sul, 81480-160, Brasil",,residential,125207599,
1368efba145253ba,2026,10/06/2026,Drenagem,Alagamentos,Concluído,RUA JAIME JOSÉ VOJCIECHOVSKI,TATUQUARA,Unidade Regional Tatuquara,Telefone,True,False,1,pronto_para_geocodificar,none,"Candidato a geocodificacao; nao e coordenada, rotulo ou evidencia de treino.","Nao usar como ground truth, escore ou variavel derivada do rotulo.","RUA JAIME JOSÉ VOJCIECHOVSKI, TATUQUARA, Curitiba, PR, Brasil",strong,-25.559663,-49.3139568,"Rua Jaime José Vojciechovski, Vila Pompéia, Tatuquara, Curitiba, Paraná, Região Sul, 81480-160, Brasil",,residential,125207599,
39f2901d9ef3af23,2026,29/06/2026,Drenagem,Alagamentos,Concluído,RUA FRANCISCA BERALDE PAOLINI,CAXIMBA,Unidade Regional Tatuquara,Chat,True,False,1,pronto_para_geocodificar,none,"Candidato a geocodificacao; nao e coordenada, rotulo ou evidencia de treino.","Nao usar como ground truth, escore ou variavel derivada do rotulo.","RUA FRANCISCA BERALDE PAOLINI, CAXIMBA, Curitiba, PR, Brasil",strong,-25.6171177,-49.3521364,"Rua Francisca Beralde Paolini, Caximba, Aldeia Kakane Porã, Curitiba, Paraná, Região Sul, 81495-010, Brasil",,secondary,160218410,
1bc981ab1fae354f,2026,02/03/2026,Drenagem,Alagamentos,Falta de dados,RUA BARÃO DO RIO BRANCO,CENTRO,Unidade Regional Matriz,Telefone,True,False,1,pronto_para_geocodificar,none,"Candidato a geocodificacao; nao e coordenada, rotulo ou evidencia de treino.","Nao usar como ground truth, escore ou variavel derivada do rotulo.","RUA BARÃO DO RIO BRANCO, CENTRO, Curitiba, PR, Brasil",strong,-25.4334964,-49.2676786,"Rua Barão do Rio Branco, Centro, Curitiba, Paraná, Região Sul, 80010-180, Brasil",,residential,380939609,
b1efa5d623241313,2026,20/06/2026,Drenagem,Alagamentos,Concluído,RUA SÉRGIO CARLOS MARTINS LEAL,CIDADE INDUSTRIAL,Unidade Regional CIC,Telefone,True,False,2,pronto_para_geocodificar,none,"Candidato a geocodificacao; nao e coordenada, rotulo ou evidencia de treino.","Nao usar como ground truth, escore ou variavel derivada do rotulo.","RUA SÉRGIO CARLOS MARTINS LEAL, CIDADE INDUSTRIAL, Curitiba, PR, Brasil",strong,-25.5103737,-49.3268427,"Rua Sérgio Carlos Martins Leal, Cidade Industrial de Curitiba, Curitiba, Paraná, Região Sul, 81305-185, Brasil",,residential,129113038,
bcfdaa8aba6f0418,2026,16/07/2026,Drenagem,Alagamentos,Concluído,Antônio Reinaldo Zanon,CIDADE INDUSTRIAL,Unidade Regional CIC,Portal,True,False,1,pronto_para_geocodificar,none,"Candidato a geocodificacao; nao e coordenada, rotulo ou evidencia de treino.","Nao usar como ground truth, escore ou variavel derivada do rotulo.","Antônio Reinaldo Zanon, CIDADE INDUSTRIAL, Curitiba, PR, Brasil",medium,-25.497993,-49.334522,"Cidade Industrial de Curitiba, Curitiba, Paraná, Região Sul, 81350-260, Brasil",,suburb,3012156952,fallback_bairro_apos_rua_sem_resultado_em_bbox
edd757801851bf82,2026,22/07/2026,Drenagem,Alagamentos,Aberto,RUA MATEUS LEME,SAO LOURENCO,Unidade Regional Boa Vista,Telefone,True,False,1,pronto_para_geocodificar,none,"Candidato a geocodificacao; nao e coordenada, rotulo ou evidencia de treino.","Nao usar como ground truth, escore ou variavel derivada do rotulo.","RUA MATEUS LEME, SAO LOURENCO, Curitiba, PR, Brasil",strong,-25.3929078,-49.2695016,"Rua Mateus Leme, São Lourenço, Curitiba, Paraná, Região Sul, 82200-000, Brasil",,primary,289829639,
92b9eeb4c0de9f31,2026,20/06/2026,Drenagem,Alagamentos,Concluído,Coronel Alfredo Ferreira da Costa,JARDIM DAS AMERICAS,Unidade Regional Cajuru,Telefone,True,False,1,pronto_para_geocodificar,none,"Candidato a geocodificacao; nao e coordenada, rotulo ou evidencia de treino.","Nao usar como ground truth, escore ou variavel derivada do rotulo.","Coronel Alfredo Ferreira da Costa, JARDIM DAS AMERICAS, Curitiba, PR, Brasil",medium,-25.4579236,-49.2296277,"Jardim das Américas, Curitiba, Paraná, Região Sul, Brasil",,administrative,4146392,fallback_bairro_apos_rua_sem_resultado_em_bbox
c68a68512df87696,2026,01/05/2026,Drenagem,Alagamentos,Concluído,Roque Lazarotto,BOA VISTA,Unidade Regional Boa Vista,Portal,True,False,1,pronto_para_geocodificar,none,"Candidato a geocodificacao; nao e coordenada, rotulo ou evidencia de treino.","Nao usar como ground truth, escore ou variavel derivada do rotulo.","Roque Lazarotto, BOA VISTA, Curitiba, PR, Brasil",strong,-25.3911882,-49.2437742,"Rua Roque Lazarotto, Boa Vista, Curitiba, Paraná, Região Sul, 82560-040, Brasil",,residential,38230515,
05a49e3415b6f0b0,2026,12/05/2026,Drenagem,Alagamentos,Concluído,Rua Joaquim da Costa Ribeiro,BAIRRO ALTO,Unidade Regional Boa Vista,Portal,True,False,1,pronto_para_geocodificar,none,"Candidato a geocodificacao; nao e coordenada, rotulo ou evidencia de treino.","Nao usar como ground truth, escore ou variavel derivada do rotulo.","Rua Joaquim da Costa Ribeiro, BAIRRO ALTO, Curitiba, PR, Brasil",strong,-25.4073624,-49.200963,"Rua Joaquim da Costa Ribeiro, Bairro Alto, Curitiba, Paraná, Região Sul, 82840-200, Brasil",,residential,1207324243,
af31702f9ceb7507,2026,29/04/2026,Drenagem,Alagamentos,Concluído,RUA MAJOR FABRICIANO DO REGO BARROS,HAUER,Unidade Regional Boqueirao,Telefone,True,False,1,pronto_para_geocodificar,none,"Candidato a geocodificacao; nao e coordenada, rotulo ou evidencia de treino.","Nao usar como ground truth, escore ou variavel derivada do rotulo.","RUA MAJOR FABRICIANO DO REGO BARROS, HAUER, Curitiba, PR, Brasil",strong,-25.4760978,-49.2555642,"Rua Major Fabriciano do Rêgo Barros, Hauer, Curitiba, Paraná, Região Sul, 81630-050, Brasil",,tertiary,333068570,
45b3e31aa2998f64,2026,14/01/2026,Drenagem,Alagamentos,Concluído,Henry Ford,LINDOIA,Unidade Regional Pinheirinho,Portal,True,False,1,pronto_para_geocodificar,none,"Candidato a geocodificacao; nao e coordenada, rotulo ou evidencia de treino.","Nao usar como ground truth, escore ou variavel derivada do rotulo.","Henry Ford, LINDOIA, Curitiba, PR, Brasil",medium,-25.4754532,-49.2667944,"Córrego Henry Ford, Lindóia, Curitiba, Paraná, Região Sul, 80630-280, Brasil",,stream,916254391,
948a5de181ba445e,2026,22/04/2026,Drenagem,Alagamentos,Concluído,Frederico Stadler Júnior,CAPAO DA IMBUIA,Unidade Regional Cajuru,Portal,True,False,1,pronto_para_geocodificar,none,"Candidato a geocodificacao; nao e coordenada, rotulo ou evidencia de treino.","Nao usar como ground truth, escore ou variavel derivada do rotulo.","Frederico Stadler Júnior, CAPAO DA IMBUIA, Curitiba, PR, Brasil",strong,-25.4388513,-49.2104492,"Rua Frederico Stadler Júnior, Capão da Imbuia, Curitiba, Paraná, Região Sul, 82810-460, Brasil",,residential,152131289,
a006f2b9732ccc53,2026,20/02/2026,Drenagem,Alagamentos,Concluído,Sargento Carlos Argemiro de Camargo,UBERABA,Unidade Regional Cajuru,Portal,True,False,1,pronto_para_geocodificar,none,"Candidato a geocodificacao; nao e coordenada, rotulo ou evidencia de treino.","Nao usar como ground truth, escore ou variavel derivada do rotulo.","Sargento Carlos Argemiro de Camargo, UBERABA, Curitiba, PR, Brasil",medium,-25.4849252,-49.2153133,"Uberaba, Curitiba, Paraná, Região Sul, Brasil",,administrative,4146395,fallback_bairro_apos_rua_sem_resultado_em_bbox
31535ba0fa999043,2026,24/02/2026,Drenagem,Alagamentos,Concluído,Frederico Stadler Júnior,CAPAO DA IMBUIA,Unidade Regional Cajuru,Portal,True,False,1,pronto_para_geocodificar,none,"Candidato a geocodificacao; nao e coordenada, rotulo ou evidencia de treino.","Nao usar como ground truth, escore ou variavel derivada do rotulo.","Frederico Stadler Júnior, CAPAO DA IMBUIA, Curitiba, PR, Brasil",strong,-25.4388513,-49.2104492,"Rua Frederico Stadler Júnior, Capão da Imbuia, Curitiba, Paraná, Região Sul, 82810-460, Brasil",,residential,152131289,
f04997e9941ccb81,2026,26/02/2026,Drenagem,Alagamentos,Concluído,RUA SANTO ANÍBAL MARIA DI FRANCIA,UBERABA,Unidade Regional Cajuru,Telefone,True,False,1,pronto_para_geocodificar,none,"Candidato a geocodificacao; nao e coordenada, rotulo ou evidencia de treino.","Nao usar como ground truth, escore ou variavel derivada do rotulo.","RUA SANTO ANÍBAL MARIA DI FRANCIA, UBERABA, Curitiba, PR, Brasil",strong,-25.497987,-49.212359,"Rua Santo Aníbal Maria Di Francia, Uberaba, Curitiba, Paraná, Região Sul, 81560-615, Brasil",,residential,125391986,
5a52262047b4269d,2026,26/03/2026,Drenagem,Alagamentos,Concluído,RUA JOÃO PEREIRA DA SILVA,PILARZINHO,Unidade Regional Boa Vista,Telefone,True,False,1,pronto_para_geocodificar,none,"Candidato a geocodificacao; nao e coordenada, rotulo ou evidencia de treino.","Nao usar como ground truth, escore ou variavel derivada do rotulo.","RUA JOÃO PEREIRA DA SILVA, PILARZINHO, Curitiba, PR, Brasil",strong,-25.3988388,-49.2934052,"Rua João Pereira da Silva, Pilarzinho, Curitiba, Paraná, Região Sul, 82100-380, Brasil",,residential,32944287,
05956214c012d02b,2026,20/07/2026,Drenagem,Alagamentos,Aberto,Bernardo Leinig,VILA IZABEL,Unidade Regional Portao,Portal,True,False,1,pronto_para_geocodificar,none,"Candidato a geocodificacao; nao e coordenada, rotulo ou evidencia de treino.","Nao usar como ground truth, escore ou variavel derivada do rotulo.","Bernardo Leinig, VILA IZABEL, Curitiba, PR, Brasil",strong,-25.4540011,-49.2986516,"Rua Bernardo Leinig, Vila Izabel, Curitiba, Paraná, Região Sul, 80240-074, Brasil",,residential,91868259,
2283818aef20a9d3,2026,24/07/2026,Drenagem,Alagamentos,Aberto,Nossa Senhora Aparecida,SEMINARIO,Unidade Regional Portao,Portal,True,False,1,pronto_para_geocodificar,none,"Candidato a geocodificacao; nao e coordenada, rotulo ou evidencia de treino.","Nao usar como ground truth, escore ou variavel derivada do rotulo.","Nossa Senhora Aparecida, SEMINARIO, Curitiba, PR, Brasil",strong,-25.4500016,-49.3137048,"Avenida Nossa Senhora Aparecida, Seminário, Curitiba, Paraná, Região Sul, 80310-430, Brasil",,secondary,121817684,
25963a373c85f627,2026,04/02/2026,Drenagem,Alagamentos,Aberto,Hugo Kinzelmann,CAMPINA DO SIQUEIRA,Unidade Regional Santa Felicidade,Portal,True,False,1,pronto_para_geocodificar,none,"Candidato a geocodificacao; nao e coordenada, rotulo ou evidencia de treino.","Nao usar como ground truth, escore ou variavel derivada do rotulo.","Hugo Kinzelmann, CAMPINA DO SIQUEIRA, Curitiba, PR, Brasil",strong,-25.4396953,-49.3126611,"Rua Hugo Kinzelmann, Campina do Siqueira, Curitiba, Paraná, Região Sul, 80740-050, Brasil",,tertiary,125763636,
70f84d080f00341a,2026,25/05/2026,Drenagem,Alagamentos,Aberto,RUA ARTHUR BELACHE,SANTA FELICIDADE,Unidade Regional Santa Felicidade,Telefone,True,False,1,pronto_para_geocodificar,none,"Candidato a geocodificacao; nao e coordenada, rotulo ou evidencia de treino.","Nao usar como ground truth, escore ou variavel derivada do rotulo.","RUA ARTHUR BELACHE, SANTA FELICIDADE, Curitiba, PR, Brasil",strong,-25.382091,-49.3285957,"Rua Arthur Belache, Vila Jardim Pinheiros, Santa Felicidade, Curitiba, Paraná, Região Sul, 82410-220, Brasil",,residential,357823433,
a7b9d34a8ff07a09,2026,01/01/2026,Proteção ao cidadão - GM,"Enchentes, inundações ou alagamentos",Concluído,RUA PROFESSORA MARIA DO BELÉM FRANÇA,SAO MIGUEL,Unidade Regional CIC,Telefone,True,False,1,pronto_para_geocodificar,none,"Candidato a geocodificacao; nao e coordenada, rotulo ou evidencia de treino.","Nao usar como ground truth, escore ou variavel derivada do rotulo.","RUA PROFESSORA MARIA DO BELÉM FRANÇA, SAO MIGUEL, Curitiba, PR, Brasil",strong,-25.5048685,-49.3535316,"Rua Professora Maria do Belém França, São Miguel, Curitiba, Paraná, Região Sul, 81452-070, Brasil",,residential,405461137,
3e98b85b16245c62,2026,14/01/2026,Proteção ao cidadão - GM,"Enchentes, inundações ou alagamentos",Concluído,Rua Professor Ulisses Vieira,PORTAO,Unidade Regional Portao,Telefone,True,False,1,pronto_para_geocodificar,none,"Candidato a geocodificacao; nao e coordenada, rotulo ou evidencia de treino.","Nao usar como ground truth, escore ou variavel derivada do rotulo.","Rua Professor Ulisses Vieira, PORTAO, Curitiba, PR, Brasil",strong,-25.4604099,-49.2995982,"Rua Professor Ulisses Vieira, Portão, Curitiba, Paraná, Região Sul, 80320-120, Brasil",,tertiary,698981471,
42086b98b874b88b,2026,14/01/2026,Proteção ao cidadão - GM,"Enchentes, inundações ou alagamentos",Concluído,RUA VINTE E QUATRO DE MAIO,PAROLIN,Unidade Regional Portao,Telefone,True,False,1,pronto_para_geocodificar,none,"Candidato a geocodificacao; nao e coordenada, rotulo ou evidencia de treino.","Nao usar como ground truth, escore ou variavel derivada do rotulo.","RUA VINTE E QUATRO DE MAIO, PAROLIN, Curitiba, PR, Brasil",strong,-25.465653,-49.2602814,"Rua 24 de Maio, Parolin, Curitiba, Paraná, Região Sul, 80220-390, Brasil",,residential,46208598,
33d6c0a527847d0d,2026,14/01/2026,Proteção ao cidadão - GM,"Enchentes, inundações ou alagamentos",Concluído,AVENIDA JUSCELINO KUBITSCHEK DE OLIVEIRA,CIDADE INDUSTRIAL,Unidade Regional CIC,Telefone,True,False,1,pronto_para_geocodificar,none,"Candidato a geocodificacao; nao e coordenada, rotulo ou evidencia de treino.","Nao usar como ground truth, escore ou variavel derivada do rotulo.","AVENIDA JUSCELINO KUBITSCHEK DE OLIVEIRA, CIDADE INDUSTRIAL, Curitiba, PR, Brasil",strong,-25.4895782,-49.3459345,"Avenida Juscelino Kubitschek de Oliveira (Marginal Oeste), Cidade Industrial de Curitiba, Curitiba, Paraná, Região Sul, 81250-460, Brasil",,secondary,1259147529,
a755860dd0717583,2026,03/02/2026,Proteção ao cidadão - GM,"Enchentes, inundações ou alagamentos",Concluído,RUA RICHARD WAGNER,VISTA ALEGRE,Unidade Regional Santa Felicidade,Telefone,True,False,1,pronto_para_geocodificar,none,"Candidato a geocodificacao; nao e coordenada, rotulo ou evidencia de treino.","Nao usar como ground truth, escore ou variavel derivada do rotulo.","RUA RICHARD WAGNER, VISTA ALEGRE, Curitiba, PR, Brasil",strong,-25.4049077,-49.2838145,"Rua Richard Wagner, Vista Alegre, Curitiba, Paraná, Região Sul, 80820-240, Brasil",,residential,995308944,
18049b81e248932d,2026,03/02/2026,Proteção ao cidadão - GM,"Enchentes, inundações ou alagamentos",Concluído,RUA ITAÚNA DO SUL,ALTO BOQUEIRAO,Unidade Regional Boqueirao,Telefone,True,False,2,pronto_para_geocodificar,none,"Candidato a geocodificacao; nao e coordenada, rotulo ou evidencia de treino.","Nao usar como ground truth, escore ou variavel derivada do rotulo.","RUA ITAÚNA DO SUL, ALTO BOQUEIRAO, Curitiba, PR, Brasil",strong,-25.530914,-49.2342574,"Rua Itaúna do Sul, Alto Boqueirão, Curitiba, Paraná, Região Sul, 81770-440, Brasil",,residential,126814876,
adb2a31ee323a9bd,2026,03/02/2026,Proteção ao cidadão - GM,"Enchentes, inundações ou alagamentos",Concluído,RUA BOM JESUS DE IGUAPE,BOQUEIRAO,Unidade Regional Boqueirao,Telefone,True,False,1,pronto_para_geocodificar,none,"Candidato a geocodificacao; nao e coordenada, rotulo ou evidencia de treino.","Nao usar como ground truth, escore ou variavel derivada do rotulo.","RUA BOM JESUS DE IGUAPE, BOQUEIRAO, Curitiba, PR, Brasil",strong,-25.508604,-49.231456,"Rua Bom Jesus de Iguape, Boqueirão, Curitiba, Paraná, Região Sul, 81730-360, Brasil",,residential,55204874,
7a8c4e1bdfde86a4,2026,03/02/2026,Proteção ao cidadão - GM,"Enchentes, inundações ou alagamentos",Concluído,Rua Engenheiro Oswaldo Siqueira,TABOAO,Unidade Regional Boa Vista,Telefone,True,False,1,pronto_para_geocodificar,none,"Candidato a geocodificacao; nao e coordenada, rotulo ou evidencia de treino.","Nao usar como ground truth, escore ou variavel derivada do rotulo.","Rua Engenheiro Oswaldo Siqueira, TABOAO, Curitiba, PR, Brasil",strong,-25.3716482,-49.2781897,"Rua Engenheiro Oswaldo Siqueira, Taboão, Curitiba, Paraná, Região Sul, 82220-320, Brasil",,residential,162043349,
c61f287a13cb541c,2026,03/02/2026,Proteção ao cidadão - GM,"Enchentes, inundações ou alagamentos",Concluído,Rua Coronel Herculano de Araújo,NOVO MUNDO,Unidade Regional Pinheirinho,Telefone,True,False,1,pronto_para_geocodificar,none,"Candidato a geocodificacao; nao e coordenada, rotulo ou evidencia de treino.","Nao usar como ground truth, escore ou variavel derivada do rotulo.","Rua Coronel Herculano de Araújo, NOVO MUNDO, Curitiba, PR, Brasil",strong,-25.4872945,-49.3038891,"Rua Coronel Herculano de Araújo, Novo Mundo, Curitiba, Paraná, Região Sul, 81050-380, Brasil",,residential,42803010,
a19a677d679c6b8d,2026,03/02/2026,Proteção ao cidadão - GM,"Enchentes, inundações ou alagamentos",Concluído,Zires Pereira Ribas,ALTO BOQUEIRAO,Unidade Regional Boqueirao,Telefone,True,False,1,pronto_para_geocodificar,none,"Candidato a geocodificacao; nao e coordenada, rotulo ou evidencia de treino.","Nao usar como ground truth, escore ou variavel derivada do rotulo.","Zires Pereira Ribas, ALTO BOQUEIRAO, Curitiba, PR, Brasil",medium,-25.532668,-49.2390629,"Alto Boqueirão, Curitiba, Paraná, Região Sul, Brasil",,administrative,5622007,fallback_bairro_apos_rua_sem_resultado_em_bbox
06437bdf624b5f9f,2026,03/02/2026,Proteção ao cidadão - GM,"Enchentes, inundações ou alagamentos",Concluído,RUA LEÓPOLIS,ALTO BOQUEIRAO,Unidade Regional Boqueirao,Telefone,True,False,1,pronto_para_geocodificar,none,"Candidato a geocodificacao; nao e coordenada, rotulo ou evidencia de treino.","Nao usar como ground truth, escore ou variavel derivada do rotulo.","RUA LEÓPOLIS, ALTO BOQUEIRAO, Curitiba, PR, Brasil",strong,-25.5307466,-49.2329187,"Rua Leópolis, Alto Boqueirão, Curitiba, Paraná, Região Sul, 81770-440, Brasil",,residential,701216330,
06c3aa22fcd5889b,2026,03/02/2026,Proteção ao cidadão - GM,"Enchentes, inundações ou alagamentos",Concluído,Rua Laércio Nakashima,UBERABA,Unidade Regional Cajuru,Telefone,True,False,1,pronto_para_geocodificar,none,"Candidato a geocodificacao; nao e coordenada, rotulo ou evidencia de treino.","Nao usar como ground truth, escore ou variavel derivada do rotulo.","Rua Laércio Nakashima, UBERABA, Curitiba, PR, Brasil",strong,-25.49658,-49.2036207,"Rua Laércio Nakashima, Vila Jardim Icaray, Uberaba, Curitiba, Paraná, Região Sul, 81560-615, Brasil",,residential,125624693,
a62a9b1a7afe79ab,2026,03/02/2026,Proteção ao cidadão - GM,"Enchentes, inundações ou alagamentos",Concluído,RUA PADRE ESTANISLAU CEBULA,CAJURU,Unidade Regional Cajuru,Telefone,True,False,1,pronto_para_geocodificar,none,"Candidato a geocodificacao; nao e coordenada, rotulo ou evidencia de treino.","Nao usar como ground truth, escore ou variavel derivada do rotulo.","RUA PADRE ESTANISLAU CEBULA, CAJURU, Curitiba, PR, Brasil",strong,-25.4718975,-49.1943514,"Rua Padre Estanislau Cebula, Cajuru, Curitiba, Paraná, Região Sul, 82980-130, Brasil",,residential,163153920,
4a420a1e4ac7b30d,2026,03/02/2026,Proteção ao cidadão - GM,"Enchentes, inundações ou alagamentos",Concluído,Rua Reskala Snege,ALTO BOQUEIRAO,Unidade Regional Boqueirao,Telefone,True,False,1,pronto_para_geocodificar,none,"Candidato a geocodificacao; nao e coordenada, rotulo ou evidencia de treino.","Nao usar como ground truth, escore ou variavel derivada do rotulo.","Rua Reskala Snege, ALTO BOQUEIRAO, Curitiba, PR, Brasil",strong,-25.5287333,-49.2515773,"Rua Reskala Snege, teste, Alto Boqueirão, Curitiba, Paraná, Região Sul, 81850-724, Brasil",,residential,126822532,
200ace32f6458ad6,2026,03/02/2026,Proteção ao cidadão - GM,"Enchentes, inundações ou alagamentos",Concluído,Rua Osmário de Lima,CAPAO DA IMBUIA,Unidade Regional Cajuru,Telefone,True,False,1,pronto_para_geocodificar,none,"Candidato a geocodificacao; nao e coordenada, rotulo ou evidencia de treino.","Nao usar como ground truth, escore ou variavel derivada do rotulo.","Rua Osmário de Lima, CAPAO DA IMBUIA, Curitiba, PR, Brasil",strong,-25.438382,-49.2087847,"Rua Osmário de Lima, Capão da Imbuia, Curitiba, Paraná, Região Sul, 82810-460, Brasil",,tertiary,1318008491,
a752e4ebf6245040,2026,03/02/2026,Proteção ao cidadão - GM,"Enchentes, inundações ou alagamentos",Concluído,Rua Izaac Ferreira da Cruz,SITIO CERCADO,Unidade Regional Bairro Novo,Telefone,True,False,1,pronto_para_geocodificar,none,"Candidato a geocodificacao; nao e coordenada, rotulo ou evidencia de treino.","Nao usar como ground truth, escore ou variavel derivada do rotulo.","Rua Izaac Ferreira da Cruz, SITIO CERCADO, Curitiba, PR, Brasil",strong,-25.5368567,-49.2815855,"Rua Izaac Ferreira da Cruz, Sítio Cercado, Curitiba, Paraná, Região Sul, 81880-320, Brasil",,secondary,727608199,
931417e768392f49,2026,03/02/2026,Proteção ao cidadão - GM,"Enchentes, inundações ou alagamentos",Concluído,Rua Menino Jesus,XAXIM,Unidade Regional Boqueirao,Telefone,True,False,1,pronto_para_geocodificar,none,"Candidato a geocodificacao; nao e coordenada, rotulo ou evidencia de treino.","Nao usar como ground truth, escore ou variavel derivada do rotulo.","Rua Menino Jesus, XAXIM, Curitiba, PR, Brasil",strong,-25.4966225,-49.265087,"Rua Menino Jesus, Xaxim, Curitiba, Paraná, Região Sul, 81710-210, Brasil",,residential,84881075,
40db72f5cff3f946,2026,13/02/2026,Proteção ao cidadão - GM,"Enchentes, inundações ou alagamentos",Concluído,Rua São Carlos,SANTA FELICIDADE,Unidade Regional Santa Felicidade,Telefone,True,False,1,pronto_para_geocodificar,none,"Candidato a geocodificacao; nao e coordenada, rotulo ou evidencia de treino.","Nao usar como ground truth, escore ou variavel derivada do rotulo.","Rua São Carlos, SANTA FELICIDADE, Curitiba, PR, Brasil",strong,-25.3791299,-49.331552,"Rua São Carlos, Santa Felicidade, Curitiba, Paraná, Região Sul, 82410-220, Brasil",,residential,161364281,
5e64dd8b5e471cea,2026,13/02/2026,Proteção ao cidadão - GM,"Enchentes, inundações ou alagamentos",Concluído,Rua Jandira Ferreira Dos Santos,FAZENDINHA,Unidade Regional Portao,Telefone,True,False,1,pronto_para_geocodificar,none,"Candidato a geocodificacao; nao e coordenada, rotulo ou evidencia de treino.","Nao usar como ground truth, escore ou variavel derivada do rotulo.","Rua Jandira Ferreira Dos Santos, FAZENDINHA, Curitiba, PR, Brasil",strong,-25.4788131,-49.320056,"Rua Jandira Ferreira dos Santos, Fazendinha, Curitiba, Paraná, Região Sul, 81330-600, Brasil",,residential,924760848,
3280d955c0d654bb,2026,20/06/2026,Proteção ao cidadão - GM,"Enchentes, inundações ou alagamentos",Concluído,RUA HELLEN KELLER,CAPAO RASO,Unidade Regional Pinheirinho,Telefone,True,False,3,pronto_para_geocodificar,none,"Candidato a geocodificacao; nao e coordenada, rotulo ou evidencia de treino.","Nao usar como ground truth, escore ou variavel derivada do rotulo.","RUA HELLEN KELLER, CAPAO RASO, Curitiba, PR, Brasil",strong,-25.4954228,-49.2793815,"Rua Hellen Keller, Capão Raso, Curitiba, Paraná, Região Sul, 81020-590, Brasil",,residential,24781514,
f9d53e8bff7264e0,2026,20/06/2026,Proteção ao cidadão - GM,"Enchentes, inundações ou alagamentos",Concluído,Rua Orestes Thá,CIDADE INDUSTRIAL,Unidade Regional CIC,Chat,True,False,1,pronto_para_geocodificar,none,"Candidato a geocodificacao; nao e coordenada, rotulo ou evidencia de treino.","Nao usar como ground truth, escore ou variavel derivada do rotulo.","Rua Orestes Thá, CIDADE INDUSTRIAL, Curitiba, PR, Brasil",strong,-25.5057873,-49.3269801,"Rua Orestes Thá, Núcleo Habitacional Nossa Senhora da Luz dos Pinhais, Cidade Industrial de Curitiba, Curitiba, Paraná, Região Sul, 81305-185, Brasil",,residential,48288652,
3280d955c0d654bb,2026,20/06/2026,Proteção ao cidadão - GM,"Enchentes, inundações ou alagamentos",Concluído,RUA HELLEN KELLER,CAPAO RASO,Unidade Regional Pinheirinho,Telefone,True,False,3,pronto_para_geocodificar,none,"Candidato a geocodificacao; nao e coordenada, rotulo ou evidencia de treino.","Nao usar como ground truth, escore ou variavel derivada do rotulo.","RUA HELLEN KELLER, CAPAO RASO, Curitiba, PR, Brasil",strong,-25.4954228,-49.2793815,"Rua Hellen Keller, Capão Raso, Curitiba, Paraná, Região Sul, 81020-590, Brasil",,residential,24781514,
822b5e031d09cc86,2026,20/06/2026,Proteção ao cidadão - GM,"Enchentes, inundações ou alagamentos",Concluído,Rua Hellen Keller,CAPAO RASO,Unidade Regional Pinheirinho,Telefone,True,False,3,pronto_para_geocodificar,none,"Candidato a geocodificacao; nao e coordenada, rotulo ou evidencia de treino.","Nao usar como ground truth, escore ou variavel derivada do rotulo.","Rua Hellen Keller, CAPAO RASO, Curitiba, PR, Brasil",strong,-25.4954228,-49.2793815,"Rua Hellen Keller, Capão Raso, Curitiba, Paraná, Região Sul, 81020-590, Brasil",,residential,24781514,
2951a35284decb4c,2026,20/06/2026,Proteção ao cidadão - GM,"Enchentes, inundações ou alagamentos",Concluído,RUA JEREMIAS MACIEL PERRETTO,CAMPO COMPRIDO,Unidade Regional Portao,Telefone,True,False,1,pronto_para_geocodificar,none,"Candidato a geocodificacao; nao e coordenada, rotulo ou evidencia de treino.","Nao usar como ground truth, escore ou variavel derivada do rotulo.","RUA JEREMIAS MACIEL PERRETTO, CAMPO COMPRIDO, Curitiba, PR, Brasil",strong,-25.4427793,-49.3382724,"Rua Jeremias Maciel Perretto, Campo Comprido, Curitiba, Paraná, Região Sul, 81200-528, Brasil",,residential,158627891,
14228f2b4ea866bb,2026,20/06/2026,Proteção ao cidadão - GM,"Enchentes, inundações ou alagamentos",Concluído,Rua Clementina Kulik,SANTA CANDIDA,Unidade Regional Boa Vista,Telefone,True,False,1,pronto_para_geocodificar,none,"Candidato a geocodificacao; nao e coordenada, rotulo ou evidencia de treino.","Nao usar como ground truth, escore ou variavel derivada do rotulo.","Rua Clementina Kulik, SANTA CANDIDA, Curitiba, PR, Brasil",strong,-25.3648938,-49.2235846,"Rua Clementina Kulik, Santa Cândida, Curitiba, Paraná, Região Sul, 82620-360, Brasil",,residential,166726775,
370c07973861b2e2,2026,20/06/2026,Proteção ao cidadão - GM,"Enchentes, inundações ou alagamentos",Concluído,Rua Gamaliel Bueno Galvão,GUAIRA,Unidade Regional Portao,Telefone,True,False,1,pronto_para_geocodificar,none,"Candidato a geocodificacao; nao e coordenada, rotulo ou evidencia de treino.","Nao usar como ground truth, escore ou variavel derivada do rotulo.","Rua Gamaliel Bueno Galvão, GUAIRA, Curitiba, PR, Brasil",strong,-25.4718732,-49.2688453,"Rua Gamaliel Bueno Galvão, Guaíra, Curitiba, Paraná, Região Sul, 80630-280, Brasil",,residential,53815392,
92b9eeb4c0de9f31,2026,20/06/2026,Proteção ao cidadão - GM,"Enchentes, inundações ou alagamentos",Concluído,Coronel Alfredo Ferreira da Costa,JARDIM DAS AMERICAS,Unidade Regional Cajuru,Telefone,True,False,1,pronto_para_geocodificar,none,"Candidato a geocodificacao; nao e coordenada, rotulo ou evidencia de treino.","Nao usar como ground truth, escore ou variavel derivada do rotulo.","Coronel Alfredo Ferreira da Costa, JARDIM DAS AMERICAS, Curitiba, PR, Brasil",medium,-25.4579236,-49.2296277,"Jardim das Américas, Curitiba, Paraná, Região Sul, Brasil",,administrative,4146392,fallback_bairro_apos_rua_sem_resultado_em_bbox
46fffd598ebb2bb8,2026,20/06/2026,Proteção ao cidadão - GM,"Enchentes, inundações ou alagamentos",Concluído,Rua Sérgio Carlos Martins Leal,CIDADE INDUSTRIAL,Unidade Regional CIC,Telefone,True,False,1,pronto_para_geocodificar,none,"Candidato a geocodificacao; nao e coordenada, rotulo ou evidencia de treino.","Nao usar como ground truth, escore ou variavel derivada do rotulo.","Rua Sérgio Carlos Martins Leal, CIDADE INDUSTRIAL, Curitiba, PR, Brasil",strong,-25.5103737,-49.3268427,"Rua Sérgio Carlos Martins Leal, Cidade Industrial de Curitiba, Curitiba, Paraná, Região Sul, 81305-185, Brasil",,residential,129113038,
6ffa1e976bad34f2,2026,29/06/2026,Proteção ao cidadão - GM,"Enchentes, inundações ou alagamentos",Concluído,RUA JOSÉ RIBEIRO DE CRISTO,PILARZINHO,Unidade Regional Boa Vista,Telefone,True,False,1,pronto_para_geocodificar,none,"Candidato a geocodificacao; nao e coordenada, rotulo ou evidencia de treino.","Nao usar como ground truth, escore ou variavel derivada do rotulo.","RUA JOSÉ RIBEIRO DE CRISTO, PILARZINHO, Curitiba, PR, Brasil",strong,-25.3811003,-49.2962864,"Rua José Ribeiro de Cristo, Vila Bracatinga, Pilarzinho, Curitiba, Paraná, Região Sul, 82110-350, Brasil",,residential,150298869,
39f2901d9ef3af23,2026,29/06/2026,Proteção ao cidadão - GM,"Enchentes, inundações ou alagamentos",Concluído,RUA FRANCISCA BERALDE PAOLINI,CAXIMBA,Unidade Regional Tatuquara,Chat,True,False,1,pronto_para_geocodificar,none,"Candidato a geocodificacao; nao e coordenada, rotulo ou evidencia de treino.","Nao usar como ground truth, escore ou variavel derivada do rotulo.","RUA FRANCISCA BERALDE PAOLINI, CAXIMBA, Curitiba, PR, Brasil",strong,-25.6171177,-49.3521364,"Rua Francisca Beralde Paolini, Caximba, Aldeia Kakane Porã, Curitiba, Paraná, Região Sul, 81495-010, Brasil",,secondary,160218410,
