Tipo,Orgao,DataCriacao,Assunto,Subdivisao,Situacao,Logradouro,Bairro,Regional,DataResposta,Origem,source_year
Solicitação,SECRETARIA MUNICIPAL DE OBRAS PÚBLICAS,24/01/2023,Drenagem,Alagamentos,Concluído,RUA SCHILLER,ALTO DA RUA XV,Unidade Regional Matriz,06/03/2023,Telefone,2023
Solicitação,SECRETARIA DO GOVERNO MUNICIPAL,07/07/2023,Drenagem,Alagamentos,Concluído,RUA PEDRO GUSSO,CIDADE INDUSTRIAL,Unidade Regional CIC,20/07/2023,Telefone,2023
Solicitação,SECRETARIA DO GOVERNO MUNICIPAL,18/04/2023,Drenagem,Alagamentos,Concluído,Rua Monte Hermom,PINHEIRINHO,Unidade Regional Pinheirinho,25/04/2023,Telefone,2023
Solicitação,SECRETARIA DO GOVERNO MUNICIPAL,17/02/2023,Drenagem,Alagamentos,Concluído,RUA OSWALDO FERREIRA DOS SANTOS,CIDADE INDUSTRIAL,Unidade Regional CIC,24/02/2023,Telefone,2023
Solicitação,SECRETARIA DO GOVERNO MUNICIPAL,09/05/2023,Drenagem,Alagamentos,Concluído,RUA ITAGUAJÉ,SITIO CERCADO,Unidade Regional Bairro Novo,22/05/2023,Telefone,2023
Solicitação,SECRETARIA DO GOVERNO MUNICIPAL,18/05/2023,Drenagem,Alagamentos,Concluído,RUA ANTONIO MOREIRA LOPES,CAJURU,Unidade Regional Cajuru,19/05/2023,Telefone,2023
Solicitação,SECRETARIA DO GOVERNO MUNICIPAL,17/03/2023,Drenagem,Alagamentos,Concluído,RUA FERNANDO DE NORONHA,BARREIRINHA,Unidade Regional Boa Vista,19/04/2023,Telefone,2023
Solicitação,SECRETARIA DO GOVERNO MUNICIPAL,02/10/2023,Drenagem,Alagamentos,Concluído,ESTRADA GUILHERME WEIGERT,SANTA CANDIDA,Unidade Regional Boa Vista,12/04/2024,Telefone,2023
Solicitação,SECRETARIA DO GOVERNO MUNICIPAL,07/10/2023,Drenagem,Alagamentos,Concluído,RUA EXPEDICIONARIO ANELIO DA LUZ,ALTO BOQUEIRAO,Unidade Regional Boqueirao,31/10/2023,Telefone,2023
Solicitação,SECRETARIA DO GOVERNO MUNICIPAL,07/10/2023,Drenagem,Alagamentos,Concluído,RUA CORONEL CARLOS VIEIRA DE CAMARGO,SANTA FELICIDADE,Unidade Regional Santa Felicidade,09/10/2023,Telefone,2023
Solicitação,SECRETARIA MUNICIPAL DE OBRAS PÚBLICAS,18/10/2023,Drenagem,Alagamentos,Concluído,RUA ALCIDES MUNHOZ,MERCES,Unidade Regional Matriz,23/10/2023,Telefone,2023
Solicitação,SECRETARIA DO GOVERNO MUNICIPAL,30/10/2023,Drenagem,Alagamentos,Concluído,RUA NATÁLIO SCUSSIATO,FAZENDINHA,Unidade Regional Portao,14/12/2023,Telefone,2023
Solicitação,SECRETARIA DO GOVERNO MUNICIPAL,27/10/2023,Drenagem,Alagamentos,Concluído,Rua Mário Zanlorenzi,CAMPO COMPRIDO,Unidade Regional Portao,24/01/2024,Telefone,2023
Solicitação,SECRETARIA DO GOVERNO MUNICIPAL,10/06/2023,Drenagem,Alagamentos,Concluído,RUA CARLOS DIETZSCH,PORTAO,Unidade Regional Portao,30/06/2023,Telefone,2023
Solicitação,SECRETARIA DO GOVERNO MUNICIPAL,29/10/2023,Drenagem,Alagamentos,Concluído,RUA CATHARINA PRODLIK,ABRANCHES,Unidade Regional Boa Vista,30/10/2023,Telefone,2023
Solicitação,SECRETARIA DO GOVERNO MUNICIPAL,27/10/2023,Drenagem,Alagamentos,Concluído,Avenida Juscelino Kubitschek de Oliveira,CIDADE INDUSTRIAL,Unidade Regional CIC,27/10/2023,Portal,2023
Solicitação,SECRETARIA DO GOVERNO MUNICIPAL,29/10/2023,Drenagem,Alagamentos,Concluído,Rua Rômulo César Alves,SANTA FELICIDADE,Unidade Regional Santa Felicidade,30/10/2023,Telefone,2023
Solicitação,SECRETARIA DO GOVERNO MUNICIPAL,23/10/2023,Drenagem,Alagamentos,Concluído,Rua Nossa Senhora de Monte Claro,CIDADE INDUSTRIAL,Unidade Regional CIC,27/10/2023,Telefone,2023
Solicitação,SECRETARIA DO GOVERNO MUNICIPAL,29/10/2023,Drenagem,Alagamentos,Concluído,RUA SERGIPE,GUAIRA,Unidade Regional Portao,30/10/2023,Telefone,2023
Solicitação,SECRETARIA DO GOVERNO MUNICIPAL,29/10/2023,Drenagem,Alagamentos,Concluído,Rua Victorio Celli,CAJURU,Unidade Regional Cajuru,30/10/2023,Telefone,2023
Solicitação,SECRETARIA DO GOVERNO MUNICIPAL,03/11/2023,Drenagem,Alagamentos,Concluído,Felisbino Passos,TINGUI,Unidade Regional Boa Vista,06/11/2023,Telefone,2023
Solicitação,SECRETARIA DO GOVERNO MUNICIPAL,29/10/2023,Drenagem,Alagamentos,Concluído,Leonor Cardoso,CAMPO COMPRIDO,Unidade Regional Portao,25/03/2024,Telefone,2023
Solicitação,SECRETARIA DO GOVERNO MUNICIPAL,26/10/2023,Drenagem,Alagamentos,Concluído,RUA FRANCISCO FRISCHMANN,PORTAO,Unidade Regional Portao,21/12/2023,Telefone,2023
Solicitação,SECRETARIA DO GOVERNO MUNICIPAL,03/11/2023,Drenagem,Alagamentos,Concluído,RUA DAS CARMELITAS,BOQUEIRAO,Unidade Regional Boqueirao,28/11/2023,Telefone,2023
Solicitação,SECRETARIA DO GOVERNO MUNICIPAL,29/10/2023,Drenagem,Alagamentos,Concluído,Rua Afonso Gonçalves Arantes,PILARZINHO,Unidade Regional Boa Vista,30/10/2023,Telefone,2023
Solicitação,SECRETARIA DO GOVERNO MUNICIPAL,31/10/2023,Drenagem,Alagamentos,Concluído,Miguel Piekarski,BOA VISTA,Unidade Regional Boa Vista,19/12/2023,Telefone,2023
Solicitação,SECRETARIA DO GOVERNO MUNICIPAL,29/10/2023,Drenagem,Alagamentos,Concluído,RUA PARAÍBA,GUAIRA,Unidade Regional Portao,19/02/2024,Telefone,2023
Solicitação,SECRETARIA DO GOVERNO MUNICIPAL,29/10/2023,Drenagem,Alagamentos,Concluído,RUA FREI NICODEMUS GRUNHOFF,TINGUI,Unidade Regional Boa Vista,30/10/2023,Telefone,2023
Solicitação,SECRETARIA DO GOVERNO MUNICIPAL,27/10/2023,Drenagem,Alagamentos,Concluído,RUA MARIO ZANLORENZI,CAMPO COMPRIDO,Unidade Regional Portao,24/01/2024,Telefone,2023
Solicitação,SECRETARIA DO GOVERNO MUNICIPAL,16/01/2023,Drenagem,Alagamentos,Concluído,RUA PADRE JACINTO MIENSOPUST,CIDADE INDUSTRIAL,Unidade Regional CIC,25/01/2023,Telefone,2023
Solicitação,SECRETARIA DO GOVERNO MUNICIPAL,01/12/2023,Drenagem,Alagamentos,Concluído,Avenida Manoel Ribas,BUTIATUVINHA,Unidade Regional Santa Felicidade,10/04/2024,Portal,2023
Solicitação,SECRETARIA DO GOVERNO MUNICIPAL,19/11/2023,Drenagem,Alagamentos,Concluído,rio negro ,BAIRRO ALTO,Unidade Regional Boa Vista,20/11/2023,Telefone,2023
Solicitação,SECRETARIA DO GOVERNO MUNICIPAL,05/12/2023,Drenagem,Alagamentos,Concluído,RUA LUIZ STIVAL,SANTA FELICIDADE,Unidade Regional Santa Felicidade,,Telefone,2023
Solicitação,SECRETARIA DO GOVERNO MUNICIPAL,05/12/2023,Drenagem,Alagamentos,Concluído,RUA SATURNINO MIRANDA,SANTA FELICIDADE,Unidade Regional Santa Felicidade,,Telefone,2023
Solicitação,SECRETARIA DO GOVERNO MUNICIPAL,23/11/2023,Drenagem,Alagamentos,Concluído,Rua Sebastião Marcos Luiz,CAJURU,Unidade Regional Cajuru,23/11/2023,Chat,2023
Solicitação,SECRETARIA DO GOVERNO MUNICIPAL,23/12/2023,Drenagem,Alagamentos,Concluído,Rua São Maximiliano Maria Kolbe,TATUQUARA,Unidade Regional Tatuquara,17/01/2024,Telefone,2023
Solicitação,SECRETARIA DO GOVERNO MUNICIPAL,05/12/2023,Drenagem,Alagamentos,Concluído,RUA ANGELO PIANARO,BUTIATUVINHA,Unidade Regional Santa Felicidade,01/02/2024,Telefone,2023
Solicitação,SECRETARIA DO GOVERNO MUNICIPAL,29/10/2023,Drenagem,Alagamentos,Concluído,Rua Deputado Vidal Vanhoni,TATUQUARA,Unidade Regional Tatuquara,31/10/2023,Telefone,2023
Solicitação,SECRETARIA MUNICIPAL DA DEFESA SOCIAL E TRÂNSITO,25/12/2023,Proteção ao cidadão - GM,"Enchentes, inundações ou alagamentos",Concluído,Rua Tenente Antônio Emílio Vaz Lobo,TATUQUARA,Unidade Regional Tatuquara,,Telefone,2023
Solicitação,SECRETARIA MUNICIPAL DE OBRAS PÚBLICAS,22/11/2023,Drenagem,Alagamentos,Concluído,Rua Alcides Munhoz,MERCES,Unidade Regional Matriz,07/12/2023,Portal,2023
Solicitação,SECRETARIA DO GOVERNO MUNICIPAL,29/10/2023,Drenagem,Alagamentos,Concluído,Rua Maria Gusso Sforza,PILARZINHO,Unidade Regional Boa Vista,07/11/2023,Telefone,2023
Solicitação,SECRETARIA DO GOVERNO MUNICIPAL,26/10/2023,Drenagem,Alagamentos,Concluído,Rua Waldemiro Ry,NOVO MUNDO,Unidade Regional Pinheirinho,23/01/2024,Portal,2023
Solicitação,SECRETARIA DO GOVERNO MUNICIPAL,11/10/2023,Drenagem,Alagamentos,Concluído,RUA RAIMUNDO NINA RODRIGUES,CAJURU,Unidade Regional Cajuru,,Telefone,2023
Solicitação,SECRETARIA DO GOVERNO MUNICIPAL,23/11/2023,Drenagem,Alagamentos,Concluído,Rua Lívio Petterle,ATUBA,Unidade Regional Boa Vista,16/02/2024,Portal,2023
Solicitação,SECRETARIA DO GOVERNO MUNICIPAL,10/11/2023,Drenagem,Alagamentos,Concluído,Rua Professor Pedro Viriato Parigot de Souza,CIDADE INDUSTRIAL,Unidade Regional CIC,16/11/2023,Portal,2023
Solicitação,SECRETARIA DO GOVERNO MUNICIPAL,23/11/2023,Drenagem,Alagamentos,Concluído,RUA JERÔNIMO DE SOUZA SOBRINHO,CIDADE INDUSTRIAL,Unidade Regional CIC,27/11/2023,Telefone,2023
Solicitação,SECRETARIA MUNICIPAL DE OBRAS PÚBLICAS,23/11/2023,Drenagem,Alagamentos,Concluído,Imaculada Conceição,PRADO VELHO,Unidade Regional Matriz,27/12/2023,Telefone,2023
Solicitação,SECRETARIA DO GOVERNO MUNICIPAL,10/08/2023,Drenagem,Alagamentos,Concluído,RUA OSVALDO PFUTZENREUTER- VADICO,PILARZINHO,Unidade Regional Boa Vista,11/08/2023,Telefone,2023
Denúncia,SECRETARIA DO GOVERNO MUNICIPAL,29/11/2023,Drenagem,Alagamentos,Concluído,Rua Moacir Vieira Gomes,CAMPO COMPRIDO,Unidade Regional Portao,15/12/2023,Portal,2023
Solicitação,SECRETARIA DO GOVERNO MUNICIPAL,23/11/2023,Drenagem,Alagamentos,Concluído,Rua Rutildo Pulido,CAJURU,Unidade Regional Cajuru,27/11/2023,Chat,2023
Solicitação,SECRETARIA DO GOVERNO MUNICIPAL,05/12/2023,Drenagem,Alagamentos,Concluído,RUA ODILON NEGRÃO,SANTA FELICIDADE,Unidade Regional Santa Felicidade,,Telefone,2023
Solicitação,SECRETARIA DO GOVERNO MUNICIPAL,20/11/2023,Drenagem,Alagamentos,Concluído,Rua Ana Berta Roskamp,JARDIM DAS AMERICAS,Unidade Regional Cajuru,23/11/2023,Portal,2023
Denúncia,SECRETARIA MUNICIPAL DE OBRAS PÚBLICAS,23/11/2023,Drenagem,Alagamentos,Concluído,Rua Flávio Dallegrave,ALTO DA RUA XV,Unidade Regional Matriz,04/01/2024,Portal,2023
Solicitação,SECRETARIA DO GOVERNO MUNICIPAL,30/11/2023,Drenagem,Alagamentos,Concluído,Avenida Manoel Ribas,BUTIATUVINHA,Unidade Regional Santa Felicidade,10/04/2024,Portal,2023
Solicitação,SECRETARIA DO GOVERNO MUNICIPAL,29/11/2023,Drenagem,Alagamentos,Concluído,RUA AUGUSTO DOS ANJOS,BARREIRINHA,Unidade Regional Boa Vista,05/12/2023,Telefone,2023
Solicitação,SECRETARIA MUNICIPAL DE OBRAS PÚBLICAS,23/11/2023,Drenagem,Alagamentos,Concluído,RUA NUNES MACHADO,REBOUCAS,Unidade Regional Matriz,13/12/2023,Telefone,2023
Solicitação,SECRETARIA DO GOVERNO MUNICIPAL,29/10/2023,Drenagem,Alagamentos,Concluído,Rua Maria Gusso Sforza,PILARZINHO,Unidade Regional Boa Vista,30/10/2023,Telefone,2023
Solicitação,SECRETARIA DO GOVERNO MUNICIPAL,12/10/2023,Drenagem,Alagamentos,Concluído,Rua Dante Honório,XAXIM,Unidade Regional Boqueirao,19/10/2023,Telefone,2023
Solicitação,SECRETARIA DO GOVERNO MUNICIPAL,23/11/2023,Drenagem,Alagamentos,Concluído,RUA RODRIGO FAIÇAL ZENI,CIDADE INDUSTRIAL,Unidade Regional CIC,24/11/2023,Telefone,2023
Solicitação,SECRETARIA DO GOVERNO MUNICIPAL,04/12/2023,Drenagem,Alagamentos,Concluído,RUA FLÁVIO DALLEGRAVE,BARREIRINHA,Unidade Regional Boa Vista,04/12/2023,Telefone,2023
Solicitação,SECRETARIA DO GOVERNO MUNICIPAL,12/08/2023,Drenagem,Alagamentos,Concluído,RUA DOUTOR BRASÍLIO FERREIRA DA LUZ,JARDIM DAS AMERICAS,Unidade Regional Cajuru,14/08/2023,Telefone,2023
Solicitação,SECRETARIA DO GOVERNO MUNICIPAL,29/10/2023,Drenagem,Alagamentos,Concluído,RUA DAS CARMELITAS,BOQUEIRAO,Unidade Regional Boqueirao,27/11/2023,Telefone,2023
Solicitação,SECRETARIA DO GOVERNO MUNICIPAL,25/12/2023,Drenagem,Alagamentos,Concluído,Rua Tenente Antônio Emílio Vaz Lobo,TATUQUARA,Unidade Regional Tatuquara,09/01/2024,Telefone,2023
Solicitação,SECRETARIA DO GOVERNO MUNICIPAL,30/10/2023,Drenagem,Alagamentos,Concluído,RUA MARIA GABARDO DORIGO,GANCHINHO,Unidade Regional Bairro Novo,30/10/2023,Telefone,2023
Solicitação,SECRETARIA DO GOVERNO MUNICIPAL,29/10/2023,Drenagem,Alagamentos,Concluído,RUA JOAQUIM DE FREITAS,BOQUEIRAO,Unidade Regional Boqueirao,28/11/2023,Telefone,2023
Solicitação,SECRETARIA DO GOVERNO MUNICIPAL,28/10/2023,Drenagem,Alagamentos,Concluído,Rua Amilton Dalledone,SAO LOURENCO,Unidade Regional Boa Vista,30/10/2023,Telefone,2023
Solicitação,SECRETARIA DO GOVERNO MUNICIPAL,17/01/2023,Drenagem,Alagamentos,Concluído,RUA PROFESSOR FÁBIO DE SOUZA,PORTAO,Unidade Regional Portao,27/01/2023,Telefone,2023
Solicitação,SECRETARIA DO GOVERNO MUNICIPAL,23/01/2023,Drenagem,Alagamentos,Concluído,RUA ANTONIO BOZA,SITIO CERCADO,Unidade Regional Bairro Novo,28/02/2023,Telefone,2023
Solicitação,SECRETARIA DO GOVERNO MUNICIPAL,06/12/2023,Drenagem,Alagamentos,Concluído,RUA BARTOLOMEU LOURENÇO DE GUSMÃO,BOQUEIRAO,Unidade Regional Boqueirao,11/12/2023,Telefone,2023
Solicitação,SECRETARIA DO GOVERNO MUNICIPAL,27/04/2023,Drenagem,Alagamentos,Concluído,RUA JURANT CVINTAL,BUTIATUVINHA,Unidade Regional Santa Felicidade,03/05/2023,Telefone,2023
Solicitação,SECRETARIA DO GOVERNO MUNICIPAL,03/05/2023,Drenagem,Alagamentos,Concluído,RUA MONSENHOR ISIDORO MIKOSZ,CACHOEIRA,Unidade Regional Boa Vista,04/05/2023,Telefone,2023
Solicitação,SECRETARIA DO GOVERNO MUNICIPAL,27/03/2023,Drenagem,Alagamentos,Concluído,RUA WALDEMIRO DAVID GERONASSO,BOA VISTA,Unidade Regional Boa Vista,30/03/2023,Telefone,2023
Solicitação,SECRETARIA DO GOVERNO MUNICIPAL,24/11/2023,Drenagem,Alagamentos,Concluído,RUA MARIA GUSSO SFORZA,PILARZINHO,Unidade Regional Boa Vista,24/11/2023,Telefone,2023
Solicitação,SECRETARIA DO GOVERNO MUNICIPAL,22/11/2023,Drenagem,Alagamentos,Concluído,RUA AGOSTINHO ANGELO TREVISAN,UBERABA,Unidade Regional Cajuru,27/11/2023,Telefone,2023
Solicitação,SECRETARIA DO GOVERNO MUNICIPAL,16/01/2023,Drenagem,Alagamentos,Concluído,Waldemar Orso,CAMPO DE SANTANA,Unidade Regional Tatuquara,05/04/2023,Telefone,2023
Solicitação,SECRETARIA DO GOVERNO MUNICIPAL,29/10/2023,Drenagem,Alagamentos,Concluído,RUA MARIA GUSSO SFORZA,PILARZINHO,Unidade Regional Boa Vista,30/10/2023,Telefone,2023
Solicitação,SECRETARIA DO GOVERNO MUNICIPAL,23/11/2023,Drenagem,Alagamentos,Concluído,RUA DR FRANCISCO ALEXANDRE GUEDES CHAGAS,CAMPINA DO SIQUEIRA,Unidade Regional Santa Felicidade,28/11/2023,Telefone,2023
Solicitação,SECRETARIA MUNICIPAL DA DEFESA SOCIAL E TRÂNSITO,24/12/2023,Proteção ao cidadão - GM,"Enchentes, inundações ou alagamentos",Concluído,Rua Vereadora Laís Peretti,TATUQUARA,Unidade Regional Tatuquara,25/12/2023,Telefone,2023
Solicitação,SECRETARIA DO GOVERNO MUNICIPAL,16/01/2023,Drenagem,Alagamentos,Concluído,RUA SOLDADO HUDSON JAIR MENDES DE MORAES,CIDADE INDUSTRIAL,Unidade Regional CIC,25/01/2023,Telefone,2023
Solicitação,SECRETARIA DO GOVERNO MUNICIPAL,23/11/2023,Drenagem,Alagamentos,Concluído,Rua Paulo Turkiewicz,TARUMA,Unidade Regional Cajuru,27/11/2023,Portal,2023
Solicitação,SECRETARIA MUNICIPAL DE OBRAS PÚBLICAS,26/10/2023,Drenagem,Alagamentos,Concluído,RUA ALFERES POLI,CENTRO,Unidade Regional Matriz,31/10/2023,Telefone,2023
Solicitação,SECRETARIA DO GOVERNO MUNICIPAL,23/12/2023,Drenagem,Alagamentos,Concluído,Rua São Maximiliano Maria Kolbe,TATUQUARA,Unidade Regional Tatuquara,10/01/2024,Telefone,2023
Solicitação,SECRETARIA DO GOVERNO MUNICIPAL,16/10/2023,Drenagem,Alagamentos,Concluído,RUA FRANCISCO JOSÉ LOBO,SITIO CERCADO,Unidade Regional Bairro Novo,08/11/2023,Telefone,2023
Solicitação,SECRETARIA DO GOVERNO MUNICIPAL,29/10/2023,Drenagem,Alagamentos,Concluído,RUA SERGIPE,GUAIRA,Unidade Regional Portao,30/10/2023,Telefone,2023
Solicitação,SECRETARIA DO GOVERNO MUNICIPAL,12/05/2023,Drenagem,Alagamentos,Concluído,RUA PEDRO CRUZETTA,AUGUSTA,Unidade Regional CIC,15/05/2023,Telefone,2023
Solicitação,SECRETARIA DO GOVERNO MUNICIPAL,22/11/2023,Drenagem,Alagamentos,Concluído,Alberico Flores Bueno,BAIRRO ALTO,Unidade Regional Boa Vista,06/05/2024,Telefone,2023
Solicitação,SECRETARIA MUNICIPAL DE OBRAS PÚBLICAS,23/11/2023,Drenagem,Alagamentos,Concluído,Rua Professor Lycio Grein de Castro Vellozo,MERCES,Unidade Regional Matriz,07/12/2023,Telefone,2023
Solicitação,SECRETARIA MUNICIPAL DE OBRAS PÚBLICAS,13/11/2023,Drenagem,Alagamentos,Concluído,Rua do Herval,CRISTO REI,Unidade Regional Matriz,14/11/2023,Portal,2023
Solicitação,SECRETARIA DO GOVERNO MUNICIPAL,03/11/2023,Drenagem,Alagamentos,Concluído,RUA JOAQUIM DE FREITAS,BOQUEIRAO,Unidade Regional Boqueirao,28/11/2023,Telefone,2023
Solicitação,SECRETARIA DO GOVERNO MUNICIPAL,31/10/2023,Drenagem,Alagamentos,Concluído,Rua Antenor Pereira,PILARZINHO,Unidade Regional Boa Vista,01/11/2023,Telefone,2023
Solicitação,SECRETARIA DO GOVERNO MUNICIPAL,22/02/2023,Drenagem,Alagamentos,Concluído,RUA JÚLIO EDUARDO GINESTE,SANTA QUITERIA,Unidade Regional Portao,02/03/2023,Telefone,2023
Solicitação,SECRETARIA DO GOVERNO MUNICIPAL,23/11/2023,Drenagem,Alagamentos,Concluído,RUA AUGUSTO DOS ANJOS,BARREIRINHA,Unidade Regional Boa Vista,28/11/2023,Portal,2023
Solicitação,SECRETARIA DO GOVERNO MUNICIPAL,22/11/2023,Drenagem,Alagamentos,Concluído,RUA NICOLAU VOROBI,CIDADE INDUSTRIAL,Unidade Regional CIC,24/11/2023,Telefone,2023
Solicitação,SECRETARIA MUNICIPAL DE OBRAS PÚBLICAS,11/02/2023,Drenagem,Alagamentos,Concluído,RUA TREZE DE MAIO,CENTRO,Unidade Regional Matriz,15/02/2023,Telefone,2023
Solicitação,SECRETARIA DO GOVERNO MUNICIPAL,24/11/2023,Drenagem,Alagamentos,Concluído,RUA MARIA GUSSO SFORZA,PILARZINHO,Unidade Regional Boa Vista,24/11/2023,Telefone,2023
Solicitação,SECRETARIA DO GOVERNO MUNICIPAL,06/11/2023,Drenagem,Alagamentos,Concluído,Rua Augusto Dias Paredes,BOQUEIRAO,Unidade Regional Boqueirao,16/11/2023,Portal,2023
Solicitação,SECRETARIA DO GOVERNO MUNICIPAL,16/10/2023,Drenagem,Alagamentos,Concluído,RUA ALBERTO POTIER,BOA VISTA,Unidade Regional Boa Vista,20/10/2023,Telefone,2023
Solicitação,SECRETARIA DO GOVERNO MUNICIPAL,29/10/2023,Drenagem,Alagamentos,Concluído,Rua Basílio Fuck,XAXIM,Unidade Regional Boqueirao,13/11/2023,Chat,2023
Solicitação,SECRETARIA DO GOVERNO MUNICIPAL,16/01/2023,Drenagem,Alagamentos,Concluído,Rua José Ribeiro Baptista,CAMPO DE SANTANA,Unidade Regional Tatuquara,17/01/2023,Telefone,2023
Solicitação,SECRETARIA DO GOVERNO MUNICIPAL,16/01/2023,Drenagem,Alagamentos,Concluído,Cyro Correia Pereira,CIDADE INDUSTRIAL,Unidade Regional CIC,25/01/2023,Telefone,2023
Solicitação,SECRETARIA DO GOVERNO MUNICIPAL,21/06/2023,Drenagem,Alagamentos,Concluído,RUA HENRIQUE CORREIA,BAIRRO ALTO,Unidade Regional Boa Vista,22/06/2023,Telefone,2023
Solicitação,SECRETARIA DO GOVERNO MUNICIPAL,18/04/2023,Drenagem,Alagamentos,Concluído,Rua Monte Hermom,PINHEIRINHO,Unidade Regional Pinheirinho,10/05/2023,Telefone,2023
Solicitação,SECRETARIA MUNICIPAL DE OBRAS PÚBLICAS,23/11/2023,Drenagem,Alagamentos,Concluído,RUA 24 DE MAIO,REBOUCAS,Unidade Regional Matriz,13/12/2023,Telefone,2023
Solicitação,SECRETARIA DO GOVERNO MUNICIPAL,29/10/2023,Drenagem,Alagamentos,Concluído,RUA JOSE ANICETO,CIDADE INDUSTRIAL,Unidade Regional CIC,31/10/2023,Telefone,2023
Solicitação,SECRETARIA DO GOVERNO MUNICIPAL,23/11/2023,Drenagem,Alagamentos,Concluído,RUA MIGUEL OZÓRIO DE ALMEIDA,FAZENDINHA,Unidade Regional Portao,08/03/2024,Telefone,2023
Solicitação,SECRETARIA MUNICIPAL DE OBRAS PÚBLICAS,12/03/2023,Drenagem,Alagamentos,Concluído,AVENIDA JAIME REIS,SAO FRANCISCO,Unidade Regional Matriz,14/03/2023,Telefone,2023
Solicitação,SECRETARIA DO GOVERNO MUNICIPAL,29/10/2023,Drenagem,Alagamentos,Concluído,RUA DAVENIR MARQUES VIANA,CAMPO DE SANTANA,Unidade Regional Tatuquara,09/11/2023,Telefone,2023
Solicitação,SECRETARIA DO GOVERNO MUNICIPAL,28/10/2023,Drenagem,Alagamentos,Concluído,RUA OLÍMPIO DE PAULA XAVIER,ALTO BOQUEIRAO,Unidade Regional Boqueirao,21/11/2023,Telefone,2023
Solicitação,SECRETARIA DO GOVERNO MUNICIPAL,09/10/2023,Drenagem,Alagamentos,Concluído,RUA JOSÉ PILOTO,PINHEIRINHO,Unidade Regional Pinheirinho,19/10/2023,Telefone,2023
Solicitação,SECRETARIA DO GOVERNO MUNICIPAL,03/11/2023,Drenagem,Alagamentos,Concluído,Delegado Bruno de Almeida,CAMPO DE SANTANA,Unidade Regional Tatuquara,13/11/2023,Telefone,2023
Solicitação,SECRETARIA DO GOVERNO MUNICIPAL,23/11/2023,Drenagem,Alagamentos,Concluído,Rua Rio Bom,SAO BRAZ,Unidade Regional Santa Felicidade,24/11/2023,Portal,2023
Solicitação,SECRETARIA DO GOVERNO MUNICIPAL,16/01/2023,Drenagem,Alagamentos,Concluído,Rua Bernardo Meyer,CIDADE INDUSTRIAL,Unidade Regional CIC,01/02/2023,Telefone,2023
Solicitação,SECRETARIA DO GOVERNO MUNICIPAL,07/10/2023,Drenagem,Alagamentos,Concluído,RUA MANOELA STIER REISS,UBERABA,Unidade Regional Cajuru,11/10/2023,Telefone,2023
Solicitação,SECRETARIA DO GOVERNO MUNICIPAL,29/10/2023,Drenagem,Alagamentos,Concluído,Rua Joaquim de Freitas,BOQUEIRAO,Unidade Regional Boqueirao,28/11/2023,Telefone,2023
Solicitação,SECRETARIA DO GOVERNO MUNICIPAL,09/08/2023,Drenagem,Alagamentos,Concluído,RUA CORONEL ALFREDO FERREIRA DA COSTA,JARDIM DAS AMERICAS,Unidade Regional Cajuru,14/08/2023,Telefone,2023
Solicitação,SECRETARIA DO GOVERNO MUNICIPAL,09/10/2023,Drenagem,Alagamentos,Concluído,RUA BENJAMIN GELINSKI,UBERABA,Unidade Regional Cajuru,11/10/2023,Telefone,2023
Solicitação,SECRETARIA DO GOVERNO MUNICIPAL,26/09/2023,Drenagem,Alagamentos,Concluído,RUA ARTHUR MANOEL IWERSEN,BOQUEIRAO,Unidade Regional Boqueirao,27/09/2023,Telefone,2023
Solicitação,SECRETARIA DO GOVERNO MUNICIPAL,16/01/2023,Drenagem,Alagamentos,Concluído,Rua Doutor José Guilherme Loyola,CIDADE INDUSTRIAL,Unidade Regional CIC,01/02/2023,Telefone,2023
Solicitação,SECRETARIA DO GOVERNO MUNICIPAL,16/01/2023,Drenagem,Alagamentos,Concluído,Rua Heron Wanderley,TATUQUARA,Unidade Regional Tatuquara,19/01/2023,Telefone,2023
Solicitação,SECRETARIA DO GOVERNO MUNICIPAL,29/11/2023,Drenagem,Alagamentos,Concluído,Rua Doutor Faruk Abrão Kalil,BUTIATUVINHA,Unidade Regional Santa Felicidade,30/11/2023,Telefone,2023
Solicitação,SECRETARIA DO GOVERNO MUNICIPAL,27/10/2023,Drenagem,Alagamentos,Concluído,Rua Dona Eleusina Plaisant,SANTA QUITERIA,Unidade Regional Portao,11/12/2023,Portal,2023
Solicitação,SECRETARIA DO GOVERNO MUNICIPAL,23/11/2023,Drenagem,Alagamentos,Concluído,RUA SYLSEU PEREIRA ALVES,PILARZINHO,Unidade Regional Boa Vista,07/02/2024,Telefone,2023
Solicitação,SECRETARIA DO GOVERNO MUNICIPAL,23/11/2023,Drenagem,Alagamentos,Concluído,TRAV. 26,CIDADE INDUSTRIAL,Unidade Regional CIC,24/11/2023,Telefone,2023
Solicitação,SECRETARIA MUNICIPAL DA DEFESA SOCIAL E TRÂNSITO,07/12/2023,Proteção ao cidadão - GM,"Enchentes, inundações ou alagamentos",Concluído,ESTRADA DAS OLARIAS,ATUBA,Unidade Regional Boa Vista,07/12/2023,Telefone,2023
Solicitação,SECRETARIA MUNICIPAL DE OBRAS PÚBLICAS,23/11/2023,Drenagem,Alagamentos,Concluído,RUA JOSÉ DE ALENCAR,CRISTO REI,Unidade Regional Matriz,27/12/2023,Telefone,2023
Solicitação,SECRETARIA DO GOVERNO MUNICIPAL,23/11/2023,Drenagem,Alagamentos,Concluído,RUA BARTOLOMEU LOURENÇO DE GUSMÃO,BOQUEIRAO,Unidade Regional Boqueirao,29/11/2023,Telefone,2023
Solicitação,SECRETARIA DO GOVERNO MUNICIPAL,31/10/2023,Drenagem,Alagamentos,Concluído,Rua Herbert Neal,SANTA QUITERIA,Unidade Regional Portao,30/11/2023,Portal,2023
Solicitação,SECRETARIA DO GOVERNO MUNICIPAL,13/11/2023,Drenagem,Alagamentos,Concluído,RUA PEDRO ANTONIO DA COSTA,BOA VISTA,Unidade Regional Boa Vista,14/11/2023,Telefone,2023
Solicitação,SECRETARIA DO GOVERNO MUNICIPAL,22/11/2023,Drenagem,Alagamentos,Concluído,RUA PADRE ESTANISLAU CEBULA,CAJURU,Unidade Regional Cajuru,27/11/2023,Telefone,2023
Solicitação,SECRETARIA DO GOVERNO MUNICIPAL,27/09/2023,Drenagem,Alagamentos,Concluído,RUA ALBERTO BALHANA,SANTA FELICIDADE,Unidade Regional Santa Felicidade,27/09/2023,Telefone,2023
Solicitação,SECRETARIA MUNICIPAL DE OBRAS PÚBLICAS,04/05/2023,Drenagem,Alagamentos,Concluído,Rua Professor Brandão,ALTO DA RUA XV,Unidade Regional Matriz,30/05/2023,Telefone,2023
Solicitação,SECRETARIA DO GOVERNO MUNICIPAL,10/03/2023,Drenagem,Alagamentos,Concluído,RUA PADRE ISAÍAS DE ANDRADE,PAROLIN,Unidade Regional Portao,15/03/2023,Telefone,2023
Solicitação,SECRETARIA DO GOVERNO MUNICIPAL,23/11/2023,Drenagem,Alagamentos,Concluído,AVENIDA JUSCELINO KUBITSCHEK DE OLIVEIRA,CIDADE INDUSTRIAL,Unidade Regional CIC,23/11/2023,Telefone,2023
Solicitação,SECRETARIA MUNICIPAL DA DEFESA SOCIAL E TRÂNSITO,10/12/2023,Proteção ao cidadão - GM,"Enchentes, inundações ou alagamentos",Concluído,Rua João Crysóstomo da Rosa,CAJURU,Unidade Regional Cajuru,10/12/2023,Telefone,2023
Solicitação,SECRETARIA DO GOVERNO MUNICIPAL,29/11/2023,Drenagem,Alagamentos,Concluído,RUA PEDRO CORRÊA DA CRUZ,SAO BRAZ,Unidade Regional Santa Felicidade,18/12/2023,Telefone,2023
Solicitação,SECRETARIA MUNICIPAL DE OBRAS PÚBLICAS,23/11/2023,Drenagem,Alagamentos,Concluído,Rua João Negrão,CENTRO,Unidade Regional Matriz,11/12/2023,Portal,2023
Solicitação,SECRETARIA DO GOVERNO MUNICIPAL,29/10/2023,Drenagem,Alagamentos,Concluído,Rua Maria Gusso Sforza,PILARZINHO,Unidade Regional Boa Vista,30/10/2023,Telefone,2023
Solicitação,SECRETARIA DO GOVERNO MUNICIPAL,16/10/2023,Drenagem,Alagamentos,Concluído,RUA JÚLIO PEREIRA SOBRINHO,CAMPO DE SANTANA,Unidade Regional Tatuquara,23/10/2023,Telefone,2023
Solicitação,SECRETARIA DO GOVERNO MUNICIPAL,29/10/2023,Drenagem,Alagamentos,Concluído,Rua João Kryzanowski,CACHOEIRA,Unidade Regional Boa Vista,01/11/2023,Telefone,2023
Solicitação,SECRETARIA DO GOVERNO MUNICIPAL,19/12/2023,Drenagem,Alagamentos,Concluído,Rua Professor Manoel de Oliveira Franco Sobrinho,CAMPO DE SANTANA,Unidade Regional Tatuquara,21/12/2023,Portal,2023
Solicitação,SECRETARIA DO GOVERNO MUNICIPAL,16/01/2023,Drenagem,Alagamentos,Concluído,RUA ELOY CARLI,TATUQUARA,Unidade Regional Tatuquara,19/01/2023,Telefone,2023
Solicitação,SECRETARIA DO GOVERNO MUNICIPAL,27/01/2023,Drenagem,Alagamentos,Concluído,RUA SANTA CATARINA,GUAIRA,Unidade Regional Portao,23/02/2023,Telefone,2023
Solicitação,SECRETARIA DO GOVERNO MUNICIPAL,16/01/2023,Drenagem,Alagamentos,Concluído,Rua da Graça,CIDADE INDUSTRIAL,Unidade Regional CIC,20/01/2023,Telefone,2023
Solicitação,SECRETARIA DO GOVERNO MUNICIPAL,27/11/2023,Drenagem,Alagamentos,Concluído,Rua Isac de Oliveira,UBERABA,Unidade Regional Cajuru,28/11/2023,Portal,2023
Solicitação,SECRETARIA DO GOVERNO MUNICIPAL,22/11/2023,Drenagem,Alagamentos,Concluído,RUA JOSE ANICETO,CIDADE INDUSTRIAL,Unidade Regional CIC,27/11/2023,Telefone,2023
Solicitação,SECRETARIA DO GOVERNO MUNICIPAL,03/11/2023,Drenagem,Alagamentos,Concluído,Tenente-Coronel Vilagran Cabrita,ALTO BOQUEIRAO,Unidade Regional Boqueirao,05/02/2024,Telefone,2023
Solicitação,SECRETARIA DO GOVERNO MUNICIPAL,29/05/2023,Drenagem,Alagamentos,Concluído,RUA NOVA CANTU,SITIO CERCADO,Unidade Regional Bairro Novo,29/05/2023,Telefone,2023
Solicitação,SECRETARIA DO GOVERNO MUNICIPAL,19/11/2023,Drenagem,Alagamentos,Concluído,Vicente Geronasso,BOA VISTA,Unidade Regional Boa Vista,20/11/2023,Telefone,2023
Solicitação,SECRETARIA MUNICIPAL DE OBRAS PÚBLICAS,23/11/2023,Drenagem,Alagamentos,Concluído,RUA VISCONDE DO RIO BRANCO,MERCES,Unidade Regional Matriz,11/12/2023,Telefone,2023
Solicitação,SECRETARIA DO GOVERNO MUNICIPAL,16/01/2023,Drenagem,Alagamentos,Concluído,RUA JORNALISTA EMÍLIO ZOLA FLORENZANO,TATUQUARA,Unidade Regional Tatuquara,17/01/2023,Telefone,2023
Solicitação,SECRETARIA DO GOVERNO MUNICIPAL,28/02/2023,Drenagem,Alagamentos,Concluído,AVENIDA JUSCELINO KUBITSCHEK DE OLIVEIRA LE,CIDADE INDUSTRIAL,Unidade Regional CIC,01/03/2023,Telefone,2023
Solicitação,SECRETARIA DO GOVERNO MUNICIPAL,23/11/2023,Drenagem,Alagamentos,Concluído,Emílio Nichele,CIDADE INDUSTRIAL,Unidade Regional CIC,23/11/2023,Telefone,2023
Solicitação,SECRETARIA DO GOVERNO MUNICIPAL,20/07/2023,Drenagem,Alagamentos,Concluído,RUA REZALA SIMÃO,PORTAO,Unidade Regional Portao,01/08/2023,Telefone,2023
Solicitação,SECRETARIA DO GOVERNO MUNICIPAL,30/08/2023,Drenagem,Alagamentos,Concluído,ESTRADA VELHA DO BARIGUI,CIDADE INDUSTRIAL,Unidade Regional CIC,31/08/2023,Telefone,2023
Solicitação,SECRETARIA DO GOVERNO MUNICIPAL,12/08/2023,Drenagem,Alagamentos,Concluído,RUA CORONEL ALFREDO FERREIRA DA COSTA,JARDIM DAS AMERICAS,Unidade Regional Cajuru,14/08/2023,Telefone,2023
Informação,SECRETARIA DO GOVERNO MUNICIPAL,24/11/2023,Drenagem,Alagamentos,Concluído,Rua Capitão Tenente Maris de Barros,PORTAO,Unidade Regional Portao,08/02/2024,Portal,2023
Solicitação,SECRETARIA DO GOVERNO MUNICIPAL,27/10/2023,Drenagem,Alagamentos,Concluído,RUA EDUARDO CARLOS PEREIRA,PORTAO,Unidade Regional Portao,12/03/2024,Telefone,2023
Solicitação,SECRETARIA DO GOVERNO MUNICIPAL,06/10/2023,Drenagem,Alagamentos,Concluído,RUA DOUTOR DANILO GOMES,BOQUEIRAO,Unidade Regional Boqueirao,19/10/2023,Telefone,2023
Solicitação,SECRETARIA DO GOVERNO MUNICIPAL,05/12/2023,Drenagem,Alagamentos,Respondido pelo responsável,RUA ORLANDO DESTEFANI,SAO BRAZ,Unidade Regional Santa Felicidade,05/12/2023,Telefone,2023
Solicitação,SECRETARIA DO GOVERNO MUNICIPAL,15/03/2023,Drenagem,Alagamentos,Concluído,RUA DAVID TOWS,SITIO CERCADO,Unidade Regional Bairro Novo,16/03/2023,Telefone,2023
Solicitação,SECRETARIA DO GOVERNO MUNICIPAL,23/12/2023,Drenagem,Alagamentos,Concluído,RUA PROFESSOR ERBO STENZEL,SITIO CERCADO,Unidade Regional Bairro Novo,03/01/2024,Telefone,2023
Solicitação,SECRETARIA DO GOVERNO MUNICIPAL,29/11/2023,Drenagem,Alagamentos,Concluído,RUA FLAVIO DALLEGRAVE,BARREIRINHA,Unidade Regional Boa Vista,05/12/2023,Telefone,2023
Solicitação,SECRETARIA DO GOVERNO MUNICIPAL,23/11/2023,Drenagem,Alagamentos,Concluído,RUA JOSÉ ALVES PINTO,PILARZINHO,Unidade Regional Boa Vista,28/11/2023,Telefone,2023
Solicitação,SECRETARIA DO GOVERNO MUNICIPAL,23/11/2023,Drenagem,Alagamentos,Concluído,RUA CLODOMIRO AVELLEDA,CAMPINA DO SIQUEIRA,Unidade Regional Santa Felicidade,28/11/2023,Telefone,2023
Solicitação,SECRETARIA DO GOVERNO MUNICIPAL,16/01/2023,Drenagem,Alagamentos,Concluído,Rua Desembargador Ernâni Almeida de Abreu,TATUQUARA,Unidade Regional Tatuquara,18/01/2023,Telefone,2023
Solicitação,SECRETARIA DO GOVERNO MUNICIPAL,22/11/2023,Drenagem,Alagamentos,Concluído,Rua Dovico Dalprá,ABRANCHES,Unidade Regional Boa Vista,19/12/2023,Telefone,2023
Solicitação,SECRETARIA MUNICIPAL DE OBRAS PÚBLICAS,23/11/2023,Drenagem,Alagamentos,Concluído,RUA HERMES FONTES,BATEL,Unidade Regional Matriz,20/12/2023,Telefone,2023
Solicitação,SECRETARIA DO GOVERNO MUNICIPAL,16/10/2023,Drenagem,Alagamentos,Concluído,RUA JÚLIO PEREIRA SOBRINHO ,CAMPO DE SANTANA,Unidade Regional Tatuquara,23/10/2023,Telefone,2023
Solicitação,SECRETARIA DO GOVERNO MUNICIPAL,27/01/2023,Drenagem,Alagamentos,Concluído,RUA LUDOVICO BAUML,CIDADE INDUSTRIAL,Unidade Regional CIC,06/02/2023,Telefone,2023
Solicitação,SECRETARIA DO GOVERNO MUNICIPAL,28/10/2023,Drenagem,Alagamentos,Concluído,RUA BORRAZÓPOLIS,ALTO BOQUEIRAO,Unidade Regional Boqueirao,07/03/2024,Telefone,2023
Solicitação,SECRETARIA DO GOVERNO MUNICIPAL,29/11/2023,Drenagem,Alagamentos,Concluído,Rua Manoel Borba Gato,BARREIRINHA,Unidade Regional Boa Vista,12/04/2024,Telefone,2023
Solicitação,SECRETARIA DO GOVERNO MUNICIPAL,16/01/2023,Drenagem,Alagamentos,Concluído,Rua Edgard Moutinho Zandoná,CIDADE INDUSTRIAL,Unidade Regional CIC,20/01/2023,Telefone,2023
Reclamação,SECRETARIA DO GOVERNO MUNICIPAL,24/11/2023,Drenagem,Alagamentos,Concluído,Rua Antenor Mallin,PILARZINHO,Unidade Regional Boa Vista,29/11/2023,Telefone,2023
Solicitação,SECRETARIA MUNICIPAL DA DEFESA SOCIAL E TRÂNSITO,13/07/2024,Proteção ao cidadão - GM,"Enchentes, inundações ou alagamentos",Concluído,RUA MARECHAL TROMPOWSKI,BACACHERI,Unidade Regional Boa Vista,13/07/2024,Telefone,2024
Solicitação,SECRETARIA DO GOVERNO MUNICIPAL,20/03/2024,Drenagem,Alagamentos,Concluído,RUA SERAFIM LUCCA,SAO BRAZ,Unidade Regional Santa Felicidade,02/04/2024,Portal,2024
Solicitação,SECRETARIA DO GOVERNO MUNICIPAL,19/03/2024,Drenagem,Alagamentos,Concluído,RUA CAPITÃO AMIN MOSSE,ALTO BOQUEIRAO,Unidade Regional Boqueirao,11/04/2024,Telefone,2024
Solicitação,SECRETARIA DO GOVERNO MUNICIPAL,19/03/2024,Drenagem,Alagamentos,Concluído,RUA CORONEL HUGO DE MATTOS MOURA,ALTO BOQUEIRAO,Unidade Regional Boqueirao,11/04/2024,Telefone,2024
Solicitação,SECRETARIA DO GOVERNO MUNICIPAL,19/03/2024,Drenagem,Alagamentos,Concluído,RUA CAPITÃO AMIN MOSSE,ALTO BOQUEIRAO,Unidade Regional Boqueirao,11/04/2024,Telefone,2024
Solicitação,SECRETARIA DO GOVERNO MUNICIPAL,19/03/2024,Drenagem,Alagamentos,Concluído,RUA DINARTE CAPRILHONE,SAO JOAO,Unidade Regional Santa Felicidade,21/03/2024,Telefone,2024
Solicitação,SECRETARIA DO GOVERNO MUNICIPAL,11/10/2024,Drenagem,Alagamentos,Concluído,RUA VEREADOR ANTENOR PAMPHILO DOS SANTOS,VISTA ALEGRE,Unidade Regional Santa Felicidade,14/10/2024,Telefone,2024
Solicitação,SECRETARIA DO GOVERNO MUNICIPAL,11/10/2024,Drenagem,Alagamentos,Concluído,RUA JOÃO BATISTA ZAGONEL PASSOS,XAXIM,Unidade Regional Boqueirao,11/10/2024,Telefone,2024
Solicitação,SECRETARIA DO GOVERNO MUNICIPAL,11/10/2024,Drenagem,Alagamentos,Concluído,RUA VEREADOR ANTENOR PAMPHILO DOS SANTOS,VISTA ALEGRE,Unidade Regional Santa Felicidade,14/10/2024,Telefone,2024
Solicitação,SECRETARIA DO GOVERNO MUNICIPAL,19/03/2024,Drenagem,Alagamentos,Concluído,RUA OLÍMPIO DE PAULA XAVIER,ALTO BOQUEIRAO,Unidade Regional Boqueirao,15/04/2024,Telefone,2024
Solicitação,SECRETARIA MUNICIPAL DE OBRAS PÚBLICAS,20/03/2024,Drenagem,Alagamentos,Concluído,Rua Henrique Itiberê da Cunha,BOM RETIRO,Unidade Regional Matriz,19/04/2024,Portal,2024
Solicitação,SECRETARIA DO GOVERNO MUNICIPAL,21/03/2024,Drenagem,Alagamentos,Concluído,RUA TIJUCAS DO SUL,SITIO CERCADO,Unidade Regional Bairro Novo,26/03/2024,Telefone,2024
Solicitação,SECRETARIA DO GOVERNO MUNICIPAL,20/03/2024,Drenagem,Alagamentos,Concluído,RUA DAISY LUCI BERNO,GUAIRA,Unidade Regional Portao,19/04/2024,Telefone,2024
Solicitação,SECRETARIA DO GOVERNO MUNICIPAL,18/03/2024,Drenagem,Alagamentos,Concluído,RUA ALFERES MARCILIO MACHADO,BACACHERI,Unidade Regional Boa Vista,10/04/2024,Portal,2024
Solicitação,SECRETARIA DO GOVERNO MUNICIPAL,18/03/2024,Drenagem,Alagamentos,Concluído,Rua Ata,UBERABA,Unidade Regional Cajuru,26/03/2024,Portal,2024
Solicitação,SECRETARIA DO GOVERNO MUNICIPAL,19/03/2024,Drenagem,Alagamentos,Concluído,Rua Padre João Rzemelka,CIDADE INDUSTRIAL,Unidade Regional CIC,26/03/2024,Telefone,2024
Solicitação,SECRETARIA DO GOVERNO MUNICIPAL,19/03/2024,Drenagem,Alagamentos,Concluído,Orlando Peruci,BUTIATUVINHA,Unidade Regional Santa Felicidade,22/03/2024,Telefone,2024
Solicitação,SECRETARIA MUNICIPAL DE OBRAS PÚBLICAS,19/03/2024,Drenagem,Alagamentos,Concluído,Rua Professor Lycio Grein de Castro Vellozo,MERCES,Unidade Regional Matriz,26/03/2024,Portal,2024
Solicitação,SECRETARIA MUNICIPAL DA DEFESA SOCIAL E TRÂNSITO,19/03/2024,Proteção ao cidadão - GM,"Enchentes, inundações ou alagamentos",Aberto,RUA PEDRO FERRARI,BUTIATUVINHA,Unidade Regional Santa Felicidade,,Telefone,2024
Solicitação,SECRETARIA DO GOVERNO MUNICIPAL,19/03/2024,Drenagem,Alagamentos,Concluído,RUA BERNARDO STAVISKI,CAMPINA DO SIQUEIRA,Unidade Regional Santa Felicidade,27/03/2024,Telefone,2024
Solicitação,SECRETARIA MUNICIPAL DA DEFESA SOCIAL E TRÂNSITO,19/03/2024,Proteção ao cidadão - GM,"Enchentes, inundações ou alagamentos",Aberto,RUA DINARTE CAPRILHONE,SAO JOAO,Unidade Regional Santa Felicidade,,Telefone,2024
Solicitação,SECRETARIA DO GOVERNO MUNICIPAL,18/03/2024,Drenagem,Alagamentos,Concluído,Rua Hermínio Cardoso,TINGUI,Unidade Regional Boa Vista,10/04/2024,Portal,2024
Solicitação,SECRETARIA MUNICIPAL DA DEFESA SOCIAL E TRÂNSITO,04/06/2024,Proteção ao cidadão - GM,"Enchentes, inundações ou alagamentos",Concluído,RUA MARECHAL OCTÁVIO SALDANHA MAZZA,CAPAO RASO,Unidade Regional Pinheirinho,07/06/2024,Telefone,2024
Solicitação,SECRETARIA DO GOVERNO MUNICIPAL,16/07/2024,Drenagem,Alagamentos,Concluído,Rua Jornalista Rubens Ávila,CIDADE INDUSTRIAL,Unidade Regional CIC,18/07/2024,Portal,2024
Solicitação,SECRETARIA DO GOVERNO MUNICIPAL,07/06/2024,Drenagem,Alagamentos,Concluído,Rua Maria Rosa de Castro Hecke,CACHOEIRA,Unidade Regional Boa Vista,07/06/2024,Portal,2024
Solicitação,SECRETARIA DO GOVERNO MUNICIPAL,27/03/2024,Drenagem,Alagamentos,Concluído,Rua Desembargador Segismundo Gradowski,CIDADE INDUSTRIAL,Unidade Regional CIC,02/04/2024,Portal,2024
Solicitação,SECRETARIA MUNICIPAL DE OBRAS PÚBLICAS,25/03/2024,Drenagem,Alagamentos,Concluído,Rua Atílio Bório,CRISTO REI,Unidade Regional Matriz,26/03/2024,Portal,2024
Solicitação,SECRETARIA DO GOVERNO MUNICIPAL,29/11/2024,Drenagem,Alagamentos,Concluído,Rua Professor Fernando Carneiro,CIDADE INDUSTRIAL,Unidade Regional CIC,05/12/2024,Telefone,2024
Solicitação,SECRETARIA DO GOVERNO MUNICIPAL,29/11/2024,Drenagem,Alagamentos,Concluído,Rua Antenor Gomes Camargo,XAXIM,Unidade Regional Boqueirao,02/12/2024,Telefone,2024
Solicitação,SECRETARIA DO GOVERNO MUNICIPAL,29/11/2024,Drenagem,Alagamentos,Aberto,Rua Jacob de Rosso,XAXIM,Unidade Regional Boqueirao,,Telefone,2024
Solicitação,SECRETARIA DO GOVERNO MUNICIPAL,29/11/2024,Drenagem,Alagamentos,Concluído,Rua Antenor Gomes Camargo,XAXIM,Unidade Regional Boqueirao,02/12/2024,Telefone,2024
Solicitação,SECRETARIA DO GOVERNO MUNICIPAL,29/11/2024,Drenagem,Alagamentos,Aberto,Rua Voltaire,BARREIRINHA,Unidade Regional Boa Vista,,Telefone,2024
Solicitação,SECRETARIA DO GOVERNO MUNICIPAL,29/11/2024,Drenagem,Alagamentos,Concluído,RUA BILLY GARMATTER,SITIO CERCADO,Unidade Regional Bairro Novo,13/12/2024,Telefone,2024
Reclamação,SECRETARIA MUNICIPAL DE OBRAS PÚBLICAS,29/11/2024,Drenagem,Alagamentos,Aberto,Rua Padre Camargo,ALTO DA GLORIA,Unidade Regional Matriz,,Telefone,2024
Solicitação,SECRETARIA DO GOVERNO MUNICIPAL,29/11/2024,Drenagem,Alagamentos,Concluído,RUA JOÃO CARLOS DE SOUZA CASTRO,GUABIROTUBA,Unidade Regional Cajuru,06/12/2024,Telefone,2024
Solicitação,SECRETARIA MUNICIPAL DE OBRAS PÚBLICAS,30/11/2024,Drenagem,Alagamentos,Concluído,José de Alencar,CRISTO REI,Unidade Regional Matriz,23/12/2024,Portal,2024
Reclamação,SECRETARIA DO GOVERNO MUNICIPAL,30/11/2024,Drenagem,Alagamentos,Concluído,Procópio Ferreira Martins,CAJURU,Unidade Regional Cajuru,04/12/2024,Portal,2024
Solicitação,SECRETARIA DO GOVERNO MUNICIPAL,11/06/2024,Drenagem,Alagamentos,Concluído,Rua Raul Leite,BAIRRO ALTO,Unidade Regional Boa Vista,12/06/2024,Portal,2024
Solicitação,SECRETARIA DO GOVERNO MUNICIPAL,27/07/2024,Drenagem,Alagamentos,Concluído,Rua Professor Rubens Gomes de Souza,TARUMA,Unidade Regional Cajuru,30/07/2024,Portal,2024
Solicitação,SECRETARIA DO GOVERNO MUNICIPAL,22/07/2024,Drenagem,Alagamentos,Concluído,Rua Pastor Carlos Frank,BOQUEIRAO,Unidade Regional Boqueirao,01/08/2024,Portal,2024
Solicitação,SECRETARIA MUNICIPAL DE OBRAS PÚBLICAS,23/10/2024,Drenagem,Alagamentos,Concluído,Rua Reinaldino Schaffenberg de Quadros,CRISTO REI,Unidade Regional Matriz,25/11/2024,Chat,2024
Reclamação,SECRETARIA DO GOVERNO MUNICIPAL,24/10/2024,Drenagem,Alagamentos,Concluído,Rua Colômbia,BACACHERI,Unidade Regional Boa Vista,04/11/2024,Telefone,2024
Solicitação,SECRETARIA DO GOVERNO MUNICIPAL,05/04/2024,Drenagem,Alagamentos,Concluído,RUA SALVADOR FERRANTE,BOQUEIRAO,Unidade Regional Boqueirao,12/04/2024,Telefone,2024
Solicitação,SECRETARIA DO GOVERNO MUNICIPAL,01/04/2024,Drenagem,Alagamentos,Concluído,Rua Agudos do Sul,SITIO CERCADO,Unidade Regional Bairro Novo,08/04/2024,Portal,2024
Solicitação,SECRETARIA DO GOVERNO MUNICIPAL,01/04/2024,Drenagem,Alagamentos,Concluído,Rua Professor João Duck Filho,XAXIM,Unidade Regional Boqueirao,13/06/2024,Portal,2024
Solicitação,SECRETARIA MUNICIPAL DE OBRAS PÚBLICAS,21/10/2024,Drenagem,Alagamentos,Concluído,Rua Celeste Santi,AHU,Unidade Regional Matriz,25/11/2024,Telefone,2024
Solicitação,SECRETARIA DO GOVERNO MUNICIPAL,01/04/2024,Drenagem,Alagamentos,Concluído,Rua Agudos do Sul,SITIO CERCADO,Unidade Regional Bairro Novo,04/04/2024,Portal,2024
Solicitação,SECRETARIA DO GOVERNO MUNICIPAL,23/10/2024,Drenagem,Alagamentos,Concluído,RUA COLOMBIA,BACACHERI,Unidade Regional Boa Vista,04/11/2024,Telefone,2024
Solicitação,SECRETARIA DO GOVERNO MUNICIPAL,23/10/2024,Drenagem,Alagamentos,Concluído,Rua Padre Estanislau Piasecki,CIDADE INDUSTRIAL,Unidade Regional CIC,30/10/2024,Telefone,2024
Solicitação,SECRETARIA MUNICIPAL DA DEFESA SOCIAL E TRÂNSITO,08/12/2024,Proteção ao cidadão - GM,"Enchentes, inundações ou alagamentos",Concluído,Rua Getúlio Pires de Arruda,CIDADE INDUSTRIAL,Unidade Regional CIC,18/12/2024,Chat,2024
Solicitação,SECRETARIA DO GOVERNO MUNICIPAL,08/12/2024,Drenagem,Alagamentos,Concluído,Edelzina de Jesus Santiago,CIDADE INDUSTRIAL,Unidade Regional CIC,11/12/2024,Telefone,2024
Solicitação,SECRETARIA MUNICIPAL DA DEFESA SOCIAL E TRÂNSITO,08/12/2024,Proteção ao cidadão - GM,"Enchentes, inundações ou alagamentos",Concluído,RUA BISPO DOM JOSÉ,BATEL,Unidade Regional Matriz,18/12/2024,Telefone,2024
Solicitação,SECRETARIA DO GOVERNO MUNICIPAL,02/12/2024,Drenagem,Alagamentos,Concluído,Coronel Baeta de Faria,JARDIM DAS AMERICAS,Unidade Regional Cajuru,09/12/2024,Portal,2024
Solicitação,SECRETARIA DO GOVERNO MUNICIPAL,02/12/2024,Drenagem,Alagamentos,Concluído,RUA ABELARDO MARTINS,SITIO CERCADO,Unidade Regional Bairro Novo,19/12/2024,Telefone,2024
Solicitação,SECRETARIA DO GOVERNO MUNICIPAL,02/12/2024,Drenagem,Alagamentos,Concluído,Rua Professor Fernando Carneiro,CIDADE INDUSTRIAL,Unidade Regional CIC,05/12/2024,Telefone,2024
Solicitação,SECRETARIA DO GOVERNO MUNICIPAL,07/12/2024,Drenagem,Alagamentos,Concluído,RUA WALDOMIRO DALDIGAN,UBERABA,Unidade Regional Cajuru,10/12/2024,Telefone,2024
Solicitação,SECRETARIA MUNICIPAL DA DEFESA SOCIAL E TRÂNSITO,07/12/2024,Proteção ao cidadão - GM,"Enchentes, inundações ou alagamentos",Concluído,Rua da Bandeira,CABRAL,Unidade Regional Matriz,18/12/2024,Telefone,2024
Solicitação,SECRETARIA DO GOVERNO MUNICIPAL,07/12/2024,Drenagem,Alagamentos,Concluído,RUA PRESIDENTE WILSON,UBERABA,Unidade Regional Cajuru,12/12/2024,Telefone,2024
Solicitação,SECRETARIA DO GOVERNO MUNICIPAL,04/12/2024,Drenagem,Alagamentos,Aberto,Professor João Duck Filho,XAXIM,Unidade Regional Boqueirao,,Portal,2024
Solicitação,SECRETARIA DO GOVERNO MUNICIPAL,04/12/2024,Drenagem,Alagamentos,Aberto,Theodorus Maria Gerardus Bon,CAMPO DE SANTANA,Unidade Regional Tatuquara,,Portal,2024
Solicitação,SECRETARIA MUNICIPAL DA DEFESA SOCIAL E TRÂNSITO,07/12/2024,Proteção ao cidadão - GM,"Enchentes, inundações ou alagamentos",Concluído,Rua Antenor Gomes Camargo,XAXIM,Unidade Regional Boqueirao,07/12/2024,Telefone,2024
Solicitação,SECRETARIA DO GOVERNO MUNICIPAL,07/12/2024,Drenagem,Alagamentos,Aberto,AVENIDA SANTA BERNADETHE,FANNY,Unidade Regional Pinheirinho,,Telefone,2024
Solicitação,SECRETARIA DO GOVERNO MUNICIPAL,07/12/2024,Drenagem,Alagamentos,Concluído,RUA ODILON DE SANTA RITA BORBA,BACACHERI,Unidade Regional Boa Vista,10/12/2024,Telefone,2024
Solicitação,SECRETARIA DO GOVERNO MUNICIPAL,07/12/2024,Drenagem,Alagamentos,Aberto,Carlos Benato,SAO BRAZ,Unidade Regional Santa Felicidade,,Portal,2024
Solicitação,SECRETARIA MUNICIPAL DA DEFESA SOCIAL E TRÂNSITO,07/12/2024,Proteção ao cidadão - GM,"Enchentes, inundações ou alagamentos",Concluído,RUA STEFAN KIDA,CIDADE INDUSTRIAL,Unidade Regional CIC,07/12/2024,Telefone,2024
Solicitação,SECRETARIA MUNICIPAL DA DEFESA SOCIAL E TRÂNSITO,07/12/2024,Proteção ao cidadão - GM,"Enchentes, inundações ou alagamentos",Concluído,RUA ANTERO DE QUENTAL,LINDOIA,Unidade Regional Pinheirinho,07/12/2024,Telefone,2024
Solicitação,SECRETARIA DO GOVERNO MUNICIPAL,07/12/2024,Drenagem,Alagamentos,Concluído,Rua Mercedes Stresser,BAIRRO ALTO,Unidade Regional Boa Vista,11/12/2024,Telefone,2024
Solicitação,SECRETARIA MUNICIPAL DA DEFESA SOCIAL E TRÂNSITO,07/12/2024,Proteção ao cidadão - GM,"Enchentes, inundações ou alagamentos",Concluído,RUA MARILEI CARVALHO,UBERABA,Unidade Regional Cajuru,07/12/2024,Telefone,2024
Solicitação,SECRETARIA DO GOVERNO MUNICIPAL,07/12/2024,Drenagem,Alagamentos,Concluído,Rua Ana Raimunda de Souza,CIDADE INDUSTRIAL,Unidade Regional CIC,11/12/2024,Telefone,2024
Solicitação,SECRETARIA DO GOVERNO MUNICIPAL,07/12/2024,Drenagem,Alagamentos,Concluído,Rua Antenor Gomes Camargo,XAXIM,Unidade Regional Boqueirao,13/12/2024,Telefone,2024
Solicitação,SECRETARIA DO GOVERNO MUNICIPAL,07/12/2024,Drenagem,Alagamentos,Concluído,Rua France Mara de Campos,CAJURU,Unidade Regional Cajuru,10/12/2024,Telefone,2024
Solicitação,SECRETARIA DO GOVERNO MUNICIPAL,07/12/2024,Drenagem,Alagamentos,Concluído,RUA MARILEI CARVALHO,UBERABA,Unidade Regional Cajuru,10/12/2024,Telefone,2024
Solicitação,SECRETARIA MUNICIPAL DA DEFESA SOCIAL E TRÂNSITO,07/12/2024,Proteção ao cidadão - GM,"Enchentes, inundações ou alagamentos",Concluído,RUA GUILHERME MARTINI,SANTA QUITERIA,Unidade Regional Portao,07/12/2024,Telefone,2024
Reclamação,SECRETARIA DO GOVERNO MUNICIPAL,07/12/2024,Drenagem,Alagamentos,Concluído,João Kania,SANTA CANDIDA,Unidade Regional Boa Vista,11/12/2024,Portal,2024
Solicitação,SECRETARIA MUNICIPAL DA DEFESA SOCIAL E TRÂNSITO,07/12/2024,Proteção ao cidadão - GM,"Enchentes, inundações ou alagamentos",Concluído,Rua General Álvaro Braga,PILARZINHO,Unidade Regional Boa Vista,07/12/2024,Telefone,2024
Solicitação,SECRETARIA DO GOVERNO MUNICIPAL,07/12/2024,Drenagem,Alagamentos,Concluído,Afrânio Peixoto,FAZENDINHA,Unidade Regional Portao,11/12/2024,Portal,2024
Solicitação,SECRETARIA DO GOVERNO MUNICIPAL,07/12/2024,Drenagem,Alagamentos,Concluído,RUA JESUS FRANCISCO DA ROCHA,TATUQUARA,Unidade Regional Tatuquara,10/12/2024,Telefone,2024
Solicitação,SECRETARIA DO GOVERNO MUNICIPAL,07/12/2024,Drenagem,Alagamentos,Concluído,Rua General Álvaro Braga,PILARZINHO,Unidade Regional Boa Vista,12/12/2024,Telefone,2024
Solicitação,SECRETARIA MUNICIPAL DA DEFESA SOCIAL E TRÂNSITO,07/12/2024,Proteção ao cidadão - GM,"Enchentes, inundações ou alagamentos",Concluído,AVENIDA HENRY FORD,LINDOIA,Unidade Regional Pinheirinho,18/12/2024,Telefone,2024
Solicitação,SECRETARIA MUNICIPAL DA DEFESA SOCIAL E TRÂNSITO,07/12/2024,Proteção ao cidadão - GM,"Enchentes, inundações ou alagamentos",Concluído,Rua Mercedes Stresser,BAIRRO ALTO,Unidade Regional Boa Vista,07/12/2024,Telefone,2024
Solicitação,SECRETARIA MUNICIPAL DA DEFESA SOCIAL E TRÂNSITO,07/12/2024,Proteção ao cidadão - GM,"Enchentes, inundações ou alagamentos",Concluído,RUA FREI VICENTE SALVADOR,JARDIM DAS AMERICAS,Unidade Regional Cajuru,07/12/2024,Telefone,2024
Solicitação,SECRETARIA MUNICIPAL DA DEFESA SOCIAL E TRÂNSITO,07/12/2024,Proteção ao cidadão - GM,"Enchentes, inundações ou alagamentos",Concluído,RUA LA SALLE,PINHEIRINHO,Unidade Regional Pinheirinho,07/12/2024,Telefone,2024
Solicitação,SECRETARIA MUNICIPAL DA DEFESA SOCIAL E TRÂNSITO,07/12/2024,Proteção ao cidadão - GM,"Enchentes, inundações ou alagamentos",Concluído,AVENIDA SANTA BERNADETHE,FANNY,Unidade Regional Pinheirinho,07/12/2024,Telefone,2024
Solicitação,SECRETARIA MUNICIPAL DA DEFESA SOCIAL E TRÂNSITO,07/12/2024,Proteção ao cidadão - GM,"Enchentes, inundações ou alagamentos",Concluído,RUA JESUS FRANCISCO DA ROCHA,TATUQUARA,Unidade Regional Tatuquara,07/12/2024,Telefone,2024
Solicitação,SECRETARIA DO GOVERNO MUNICIPAL,07/12/2024,Drenagem,Alagamentos,Concluído,RUA JESUS FRANCISCO DA ROCHA,TATUQUARA,Unidade Regional Tatuquara,10/12/2024,Telefone,2024
Solicitação,SECRETARIA DO GOVERNO MUNICIPAL,07/12/2024,Drenagem,Alagamentos,Concluído,RUA FREI VICENTE SALVADOR,JARDIM DAS AMERICAS,Unidade Regional Cajuru,12/12/2024,Telefone,2024
Solicitação,SECRETARIA DO GOVERNO MUNICIPAL,08/04/2024,Drenagem,Alagamentos,Concluído,Avenida Vereador Toaldo Túlio,SAO BRAZ,Unidade Regional Santa Felicidade,09/04/2024,Portal,2024
Reclamação,SECRETARIA DO GOVERNO MUNICIPAL,08/04/2024,Drenagem,Alagamentos,Concluído,Henry Ford,LINDOIA,Unidade Regional Pinheirinho,,Portal,2024
Solicitação,SECRETARIA DO GOVERNO MUNICIPAL,08/04/2024,Drenagem,Alagamentos,Concluído,Avenida República Argentina,AGUA VERDE,Unidade Regional Portao,12/07/2024,Portal,2024
Solicitação,SECRETARIA MUNICIPAL DE OBRAS PÚBLICAS,09/12/2024,Drenagem,Alagamentos,Concluído,Comendador Araújo,CENTRO,Unidade Regional Matriz,17/12/2024,Portal,2024
Solicitação,SECRETARIA MUNICIPAL DE OBRAS PÚBLICAS,09/12/2024,Drenagem,Alagamentos,Aberto,RUA MÉXICO,JARDIM SOCIAL,Unidade Regional Matriz,,Telefone,2024
Solicitação,SECRETARIA DO GOVERNO MUNICIPAL,25/06/2024,Drenagem,Alagamentos,Concluído,RUA EDUARDO COUTURE,JARDIM DAS AMERICAS,Unidade Regional Cajuru,26/06/2024,Telefone,2024
Solicitação,SECRETARIA DO GOVERNO MUNICIPAL,09/12/2024,Drenagem,Alagamentos,Concluído,Maria Bauer Siegmund,PILARZINHO,Unidade Regional Boa Vista,11/12/2024,Telefone,2024
Solicitação,SECRETARIA DO GOVERNO MUNICIPAL,09/12/2024,Drenagem,Alagamentos,Aberto,Rua Catarina Goossen,XAXIM,Unidade Regional Boqueirao,,Telefone,2024
Solicitação,SECRETARIA MUNICIPAL DA DEFESA SOCIAL E TRÂNSITO,09/12/2024,Proteção ao cidadão - GM,"Enchentes, inundações ou alagamentos",Concluído,AVENIDA MANOEL RIBAS,MERCES,Unidade Regional Matriz,18/12/2024,Telefone,2024
Solicitação,SECRETARIA MUNICIPAL DE OBRAS PÚBLICAS,09/12/2024,Drenagem,Alagamentos,Concluído,AVENIDA MANOEL RIBAS,MERCES,Unidade Regional Matriz,10/12/2024,Telefone,2024
Solicitação,SECRETARIA DO GOVERNO MUNICIPAL,10/12/2024,Drenagem,Alagamentos,Aberto,Benedito França,CAPAO DA IMBUIA,Unidade Regional Cajuru,,Portal,2024
Solicitação,SECRETARIA DO GOVERNO MUNICIPAL,10/12/2024,Drenagem,Alagamentos,Concluído,Manoela Stier Reiss,UBERABA,Unidade Regional Cajuru,19/12/2024,Portal,2024
Solicitação,SECRETARIA DO GOVERNO MUNICIPAL,10/12/2024,Drenagem,Alagamentos,Concluído,Manoela Stier Reiss,UBERABA,Unidade Regional Cajuru,19/12/2024,Portal,2024
Solicitação,SECRETARIA DO GOVERNO MUNICIPAL,11/12/2024,Drenagem,Alagamentos,Aberto,Rua Iporã,ALTO BOQUEIRAO,Unidade Regional Boqueirao,,Telefone,2024
Solicitação,SECRETARIA MUNICIPAL DA DEFESA SOCIAL E TRÂNSITO,10/12/2024,Proteção ao cidadão - GM,"Enchentes, inundações ou alagamentos",Concluído,RUA DOUTOR WALDEMIRO PEREIRA,CAPAO RASO,Unidade Regional Pinheirinho,10/12/2024,Telefone,2024
Solicitação,SECRETARIA MUNICIPAL DE OBRAS PÚBLICAS,25/06/2024,Drenagem,Alagamentos,Concluído,RUA FRANCISCO ROCHA,BIGORRILHO,Unidade Regional Matriz,26/06/2024,Telefone,2024
Solicitação,SECRETARIA DO GOVERNO MUNICIPAL,28/06/2024,Drenagem,Alagamentos,Concluído,RUA ROSIANE JACOMEL,CIDADE INDUSTRIAL,Unidade Regional CIC,05/07/2024,Telefone,2024
Solicitação,SECRETARIA DO GOVERNO MUNICIPAL,13/12/2024,Drenagem,Alagamentos,Concluído,Dona Eleusina Plaisant,SANTA QUITERIA,Unidade Regional Portao,18/12/2024,Portal,2024
Denúncia,SECRETARIA DO GOVERNO MUNICIPAL,08/08/2024,Drenagem,Alagamentos,Concluído,Senador Nereu Ramos,GUABIROTUBA,Unidade Regional Cajuru,12/08/2024,Portal,2024
Solicitação,SECRETARIA MUNICIPAL DA DEFESA SOCIAL E TRÂNSITO,08/12/2024,Proteção ao cidadão - GM,"Enchentes, inundações ou alagamentos",Concluído,Edelzina de Jesus Santiago,CIDADE INDUSTRIAL,Unidade Regional CIC,18/12/2024,Telefone,2024
Solicitação,SECRETARIA DO GOVERNO MUNICIPAL,09/12/2024,Drenagem,Alagamentos,Concluído,Esper Jorge Chueri,CAJURU,Unidade Regional Cajuru,11/12/2024,Portal,2024
Solicitação,SECRETARIA MUNICIPAL DA DEFESA SOCIAL E TRÂNSITO,09/12/2024,Proteção ao cidadão - GM,"Enchentes, inundações ou alagamentos",Concluído,Rua Catarina Goossen,XAXIM,Unidade Regional Boqueirao,09/12/2024,Telefone,2024
Solicitação,SECRETARIA DO GOVERNO MUNICIPAL,24/06/2024,Drenagem,Alagamentos,Concluído,Rua Jorge Gazal,CIDADE INDUSTRIAL,Unidade Regional CIC,27/06/2024,Portal,2024
Solicitação,SECRETARIA DO GOVERNO MUNICIPAL,24/06/2024,Drenagem,Alagamentos,Concluído,Rua Jorge Gazal,CIDADE INDUSTRIAL,Unidade Regional CIC,01/07/2024,Telefone,2024
Solicitação,SECRETARIA DO GOVERNO MUNICIPAL,26/06/2024,Drenagem,Alagamentos,Concluído,RUA MARECHAL OCTÁVIO SALDANHA MAZZA,PINHEIRINHO,Unidade Regional Pinheirinho,24/07/2024,Telefone,2024
Solicitação,SECRETARIA DO GOVERNO MUNICIPAL,07/11/2024,Drenagem,Alagamentos,Concluído,Antônio Pastre,CIDADE INDUSTRIAL,Unidade Regional CIC,22/11/2024,Portal,2024
Solicitação,SECRETARIA MUNICIPAL DE OBRAS PÚBLICAS,07/11/2024,Drenagem,Alagamentos,Aberto,Presidente Faria,CENTRO,Unidade Regional Matriz,,Portal,2024
Elogio,SECRETARIA DO GOVERNO MUNICIPAL,03/11/2024,Drenagem,Alagamentos,Concluído,RUA COLOMBIA,BACACHERI,Unidade Regional Boa Vista,04/11/2024,Telefone,2024
Solicitação,SECRETARIA DO GOVERNO MUNICIPAL,07/07/2024,Drenagem,Alagamentos,Concluído,RUA GUILHERME DE SOUZA VALENTE,ABRANCHES,Unidade Regional Boa Vista,08/07/2024,Portal,2024
Solicitação,SECRETARIA DO GOVERNO MUNICIPAL,24/04/2024,Drenagem,Alagamentos,Concluído,Rua Francisco Derosso,XAXIM,Unidade Regional Boqueirao,08/05/2024,Portal,2024
Solicitação,SECRETARIA DO GOVERNO MUNICIPAL,02/07/2024,Drenagem,Alagamentos,Concluído,Rua Diogo Mugiatti,BOQUEIRAO,Unidade Regional Boqueirao,08/08/2024,Portal,2024
Solicitação,SECRETARIA DO GOVERNO MUNICIPAL,24/04/2024,Drenagem,Alagamentos,Concluído,Avenida Presidente Getúlio Vargas,VILA IZABEL,Unidade Regional Portao,10/05/2024,Portal,2024
Solicitação,SECRETARIA DO GOVERNO MUNICIPAL,26/04/2024,Drenagem,Alagamentos,Concluído,RUA DESEMBARGADOR JOSÉ CARLOS RIBEIRO RIBAS,ABRANCHES,Unidade Regional Boa Vista,26/04/2024,Telefone,2024
Solicitação,SECRETARIA DO GOVERNO MUNICIPAL,02/07/2024,Drenagem,Alagamentos,Concluído,RUA MILTON MIRAMIR VISINONI,SITIO CERCADO,Unidade Regional Bairro Novo,03/07/2024,Telefone,2024
Reclamação,SECRETARIA DO GOVERNO MUNICIPAL,16/12/2024,Drenagem,Alagamentos,Concluído,RUA ODILON DE SANTA RITA BORBA,BACACHERI,Unidade Regional Boa Vista,19/12/2024,Telefone,2024
Solicitação,SECRETARIA DO GOVERNO MUNICIPAL,17/12/2024,Drenagem,Alagamentos,Aberto,Padre Júlio Saavedra,UBERABA,Unidade Regional Cajuru,,Portal,2024
Solicitação,SECRETARIA DO GOVERNO MUNICIPAL,13/11/2024,Drenagem,Alagamentos,Concluído,Doutor Petrônio Romero de Souza,CAJURU,Unidade Regional Cajuru,18/11/2024,Portal,2024
Solicitação,SECRETARIA MUNICIPAL DE OBRAS PÚBLICAS,11/11/2024,Drenagem,Alagamentos,Concluído,RUA XV DE NOVEMBRO,CENTRO,Unidade Regional Matriz,17/12/2024,Telefone,2024
Solicitação,SECRETARIA DO GOVERNO MUNICIPAL,11/07/2024,Drenagem,Alagamentos,Concluído,Rua Coronel Irazê Paes Brasil,TARUMA,Unidade Regional Cajuru,16/07/2024,Portal,2024
Solicitação,SECRETARIA DO GOVERNO MUNICIPAL,11/07/2024,Drenagem,Alagamentos,Concluído,Rua General Polli Coelho,TARUMA,Unidade Regional Cajuru,16/07/2024,Portal,2024
Solicitação,SECRETARIA DO GOVERNO MUNICIPAL,09/07/2024,Drenagem,Alagamentos,Concluído,Rua Bororós,VILA IZABEL,Unidade Regional Portao,18/07/2024,Telefone,2024
Solicitação,SECRETARIA DO GOVERNO MUNICIPAL,09/07/2024,Drenagem,Alagamentos,Concluído,RUA BOROROS,PORTAO,Unidade Regional Portao,18/07/2024,Portal,2024
Solicitação,SECRETARIA DO GOVERNO MUNICIPAL,28/12/2024,Drenagem,Alagamentos,Aberto,Hussein Ibrahim Omairy,SITIO CERCADO,Unidade Regional Bairro Novo,,Portal,2024
Solicitação,SECRETARIA MUNICIPAL DA DEFESA SOCIAL E TRÂNSITO,31/12/2024,Proteção ao cidadão - GM,"Enchentes, inundações ou alagamentos",Respondido,Rua Iporã,ALTO BOQUEIRAO,Unidade Regional Boqueirao,31/12/2024,Telefone,2024
Solicitação,SECRETARIA MUNICIPAL DA DEFESA SOCIAL E TRÂNSITO,31/12/2024,Proteção ao cidadão - GM,"Enchentes, inundações ou alagamentos",Respondido,Rua Santa Amélia,XAXIM,Unidade Regional Boqueirao,31/12/2024,Telefone,2024
Solicitação,SECRETARIA DO GOVERNO MUNICIPAL,31/12/2024,Drenagem,Alagamentos,Aberto,Rua Santa Amélia,XAXIM,Unidade Regional Boqueirao,,Telefone,2024
Solicitação,SECRETARIA DO GOVERNO MUNICIPAL,10/05/2024,Drenagem,Alagamentos,Concluído,Rua José Zaleski,CAPAO RASO,Unidade Regional Pinheirinho,13/05/2024,Portal,2024
Solicitação,SECRETARIA DO GOVERNO MUNICIPAL,06/05/2024,Drenagem,Alagamentos,Concluído,Rua Isaías Régis de Miranda,BOQUEIRAO,Unidade Regional Boqueirao,05/06/2024,Portal,2024
Solicitação,SECRETARIA DO GOVERNO MUNICIPAL,22/05/2024,Drenagem,Alagamentos,Concluído,RUA CONDE DOS ARCOS,NOVO MUNDO,Unidade Regional Pinheirinho,29/05/2024,Portal,2024
Solicitação,SECRETARIA DO GOVERNO MUNICIPAL,20/05/2024,Drenagem,Alagamentos,Concluído,RUA ALCIDES THERÉZIO DE CARVALHO,GUABIROTUBA,Unidade Regional Cajuru,03/06/2024,Portal,2024
Solicitação,SECRETARIA DO GOVERNO MUNICIPAL,20/05/2024,Drenagem,Alagamentos,Concluído,Rua José Zaleski,CAPAO RASO,Unidade Regional Pinheirinho,23/05/2024,Portal,2024
Solicitação,SECRETARIA MUNICIPAL DA DEFESA SOCIAL E TRÂNSITO,24/05/2024,Proteção ao cidadão - GM,"Enchentes, inundações ou alagamentos",Concluído,AVENIDA PRESIDENTE WENCESLAU BRAZ,PAROLIN,Unidade Regional Portao,07/06/2024,Telefone,2024
Solicitação,SECRETARIA DO GOVERNO MUNICIPAL,24/05/2024,Drenagem,Alagamentos,Concluído,Rua Padre Estanislau Piasecki,CIDADE INDUSTRIAL,Unidade Regional CIC,24/05/2024,Telefone,2024
Solicitação,SECRETARIA MUNICIPAL DE OBRAS PÚBLICAS,16/09/2024,Drenagem,Alagamentos,Concluído,RUA PROFESSOR LYCIO GREIN DE CASTRO VELLOZO,MERCES,Unidade Regional Matriz,23/09/2024,Telefone,2024
Solicitação,SECRETARIA DO GOVERNO MUNICIPAL,20/09/2024,Drenagem,Alagamentos,Concluído,Pérola do Oeste,SITIO CERCADO,Unidade Regional Bairro Novo,24/09/2024,Portal,2024
Solicitação,SECRETARIA DO GOVERNO MUNICIPAL,18/09/2024,Drenagem,Alagamentos,Concluído,Inácio Wolski,CIDADE INDUSTRIAL,Unidade Regional CIC,23/09/2024,Portal,2024
Solicitação,SECRETARIA DO GOVERNO MUNICIPAL,24/09/2024,Drenagem,Alagamentos,Concluído,Anne Frank,BOQUEIRAO,Unidade Regional Boqueirao,31/10/2024,Portal,2024
Solicitação,SECRETARIA DO GOVERNO MUNICIPAL,06/10/2024,Drenagem,Alagamentos,Concluído,Albino Kaminski,BAIRRO ALTO,Unidade Regional Boa Vista,07/10/2024,Portal,2024
Solicitação,SECRETARIA DO GOVERNO MUNICIPAL,03/10/2024,Drenagem,Alagamentos,Concluído,Rua Vereador Antenor Pamphilo dos Santos,VISTA ALEGRE,Unidade Regional Santa Felicidade,14/10/2024,Telefone,2024
Solicitação,SECRETARIA MUNICIPAL DA DEFESA SOCIAL E TRÂNSITO,02/10/2024,Proteção ao cidadão - GM,"Enchentes, inundações ou alagamentos",Aberto,Olímpio Dos Santos,PORTAO,Unidade Regional Portao,,Telefone,2024
Solicitação,SECRETARIA DO GOVERNO MUNICIPAL,02/10/2024,Drenagem,Alagamentos,Concluído,Rua Izolina Moletta Maurer,CIDADE INDUSTRIAL,Unidade Regional CIC,10/10/2024,Telefone,2024
Solicitação,SECRETARIA DO GOVERNO MUNICIPAL,02/10/2024,Drenagem,Alagamentos,Concluído,Afrânio Peixoto,FAZENDINHA,Unidade Regional Portao,11/11/2024,Portal,2024
Solicitação,SECRETARIA MUNICIPAL DE OBRAS PÚBLICAS,02/10/2024,Drenagem,Alagamentos,Concluído,Padre Antônio,CENTRO,Unidade Regional Matriz,05/11/2024,Portal,2024
Solicitação,SECRETARIA DO GOVERNO MUNICIPAL,02/10/2024,Drenagem,Alagamentos,Concluído,RUA COLOMBIA,BACACHERI,Unidade Regional Boa Vista,11/10/2024,Telefone,2024
Solicitação,SECRETARIA DO GOVERNO MUNICIPAL,02/10/2024,Drenagem,Alagamentos,Concluído,das Carmelitas,BOQUEIRAO,Unidade Regional Boqueirao,09/10/2024,Portal,2024
Solicitação,SECRETARIA DO GOVERNO MUNICIPAL,18/05/2024,Drenagem,Alagamentos,Concluído,Rua Lodovico Geronazzo,BOA VISTA,Unidade Regional Boa Vista,07/08/2024,Portal,2024
Solicitação,SECRETARIA DO GOVERNO MUNICIPAL,18/05/2024,Drenagem,Alagamentos,Concluído,Rua Paranaguá,PORTAO,Unidade Regional Portao,04/06/2024,Portal,2024
Solicitação,SECRETARIA DO GOVERNO MUNICIPAL,18/05/2024,Drenagem,Alagamentos,Concluído,RUA RAYMUNDO NINA RODRIGUES,CAJURU,Unidade Regional Cajuru,21/05/2024,Telefone,2024
Solicitação,SECRETARIA DO GOVERNO MUNICIPAL,18/05/2024,Drenagem,Alagamentos,Concluído,Rua Waldemar Orso,CAMPO DE SANTANA,Unidade Regional Tatuquara,22/05/2024,Telefone,2024
Solicitação,SECRETARIA MUNICIPAL DA DEFESA SOCIAL E TRÂNSITO,18/05/2024,Proteção ao cidadão - GM,"Enchentes, inundações ou alagamentos",Concluído,Rua Waldemar Orso,CAMPO DE SANTANA,Unidade Regional Tatuquara,,Telefone,2024
Solicitação,SECRETARIA DO GOVERNO MUNICIPAL,18/05/2024,Drenagem,Alagamentos,Concluído,Rua Baldur Magnus Grubba,NOVO MUNDO,Unidade Regional Pinheirinho,20/05/2024,Telefone,2024
Solicitação,SECRETARIA DO GOVERNO MUNICIPAL,14/05/2024,Drenagem,Alagamentos,Concluído,Rua General Daltro Filho,SEMINARIO,Unidade Regional Portao,20/05/2024,Portal,2024
Solicitação,SECRETARIA DO GOVERNO MUNICIPAL,10/01/2024,Drenagem,Alagamentos,Concluído,Rua Doutor Augusto Lobo de Moura,FAZENDINHA,Unidade Regional Portao,09/02/2024,Portal,2024
Solicitação,SECRETARIA DO GOVERNO MUNICIPAL,09/01/2024,Drenagem,Alagamentos,Concluído,Rua Município de Eneas Marques,CIDADE INDUSTRIAL,Unidade Regional CIC,16/01/2024,Telefone,2024
Solicitação,SECRETARIA DO GOVERNO MUNICIPAL,09/01/2024,Drenagem,Alagamentos,Concluído,Rua Izolina Moletta Maurer,CIDADE INDUSTRIAL,Unidade Regional CIC,19/01/2024,Telefone,2024
Solicitação,SECRETARIA DO GOVERNO MUNICIPAL,09/01/2024,Drenagem,Alagamentos,Concluído,RUA NICOLAU VOROBI,CIDADE INDUSTRIAL,Unidade Regional CIC,16/01/2024,Telefone,2024
Solicitação,SECRETARIA MUNICIPAL DA DEFESA SOCIAL E TRÂNSITO,09/01/2024,Proteção ao cidadão - GM,"Enchentes, inundações ou alagamentos",Concluído,RUA NICOLAU VOROBI,CIDADE INDUSTRIAL,Unidade Regional CIC,09/01/2024,Telefone,2024
Solicitação,SECRETARIA DO GOVERNO MUNICIPAL,10/01/2024,Drenagem,Alagamentos,Concluído,Rua Doutor Augusto Lobo de Moura,FAZENDINHA,Unidade Regional Portao,09/02/2024,Portal,2024
Solicitação,SECRETARIA DO GOVERNO MUNICIPAL,11/01/2024,Drenagem,Alagamentos,Concluído,Rua Maria Luiza Ribeiro Puchalski,CAJURU,Unidade Regional Cajuru,16/01/2024,Portal,2024
Solicitação,SECRETARIA DO GOVERNO MUNICIPAL,11/01/2024,Drenagem,Alagamentos,Concluído,Rua Jaime Rodrigues da Rocha,CAPAO RASO,Unidade Regional Pinheirinho,22/03/2024,Portal,2024
Solicitação,SECRETARIA DO GOVERNO MUNICIPAL,17/01/2024,Drenagem,Alagamentos,Concluído,Avenida Vereador Toaldo Túlio,SAO BRAZ,Unidade Regional Santa Felicidade,17/01/2024,Portal,2024
Solicitação,SECRETARIA DO GOVERNO MUNICIPAL,17/01/2024,Drenagem,Alagamentos,Concluído,Rua José Rossetim,SANTO INACIO,Unidade Regional Santa Felicidade,24/01/2024,Portal,2024
Solicitação,SECRETARIA DO GOVERNO MUNICIPAL,17/01/2024,Drenagem,Alagamentos,Concluído,Rua Guilherme Pugsley,AGUA VERDE,Unidade Regional Portao,06/02/2024,Telefone,2024
Reclamação,SECRETARIA DO GOVERNO MUNICIPAL,17/01/2024,Drenagem,Alagamentos,Concluído,Rua Salustiano Cordeiro,AGUA VERDE,Unidade Regional Portao,29/02/2024,Telefone,2024
Solicitação,SECRETARIA DO GOVERNO MUNICIPAL,17/01/2024,Drenagem,Alagamentos,Concluído,Rua Salustiano Cordeiro,AGUA VERDE,Unidade Regional Portao,14/02/2024,Chat,2024
Solicitação,SECRETARIA DO GOVERNO MUNICIPAL,18/01/2024,Drenagem,Alagamentos,Concluído,Rua José Risseto,SANTA FELICIDADE,Unidade Regional Santa Felicidade,21/02/2024,Portal,2024
Solicitação,SECRETARIA DO GOVERNO MUNICIPAL,19/01/2024,Drenagem,Alagamentos,Concluído,Rua Flávio Dallegrave,BARREIRINHA,Unidade Regional Boa Vista,25/04/2024,Portal,2024
Solicitação,SECRETARIA MUNICIPAL DA DEFESA SOCIAL E TRÂNSITO,18/01/2024,Proteção ao cidadão - GM,"Enchentes, inundações ou alagamentos",Concluído,Travessa José Aníbal Dutra Lamin,TATUQUARA,Unidade Regional Tatuquara,18/01/2024,Telefone,2024
Solicitação,SECRETARIA MUNICIPAL DE OBRAS PÚBLICAS,19/01/2024,Drenagem,Alagamentos,Concluído,Rua Brigadeiro Franco,MERCES,Unidade Regional Matriz,28/02/2024,Portal,2024
Solicitação,SECRETARIA DO GOVERNO MUNICIPAL,19/01/2024,Drenagem,Alagamentos,Concluído,Rua Antônio Turíbio Teixeira Braga,BUTIATUVINHA,Unidade Regional Santa Felicidade,02/02/2024,Telefone,2024
Solicitação,SECRETARIA DO GOVERNO MUNICIPAL,19/01/2024,Drenagem,Alagamentos,Concluído,Rua José Risseto,SANTA FELICIDADE,Unidade Regional Santa Felicidade,29/01/2024,Portal,2024
Solicitação,SECRETARIA DO GOVERNO MUNICIPAL,24/01/2024,Drenagem,Alagamentos,Concluído,Rua Alvin Tiboni,CIDADE INDUSTRIAL,Unidade Regional CIC,31/01/2024,Portal,2024
Sugestão,SECRETARIA MUNICIPAL DE OBRAS PÚBLICAS,21/01/2024,Drenagem,Alagamentos,Concluído,AVENIDA CÂNDIDO DE ABREU,CENTRO CIVICO,Unidade Regional Matriz,25/01/2024,Telefone,2024
Solicitação,SECRETARIA DO GOVERNO MUNICIPAL,22/01/2024,Drenagem,Alagamentos,Concluído,Rua Esper Jorge Chueri,CAJURU,Unidade Regional Cajuru,24/01/2024,Portal,2024
Solicitação,SECRETARIA DO GOVERNO MUNICIPAL,26/01/2024,Drenagem,Alagamentos,Concluído,Rua General Potiguara,NOVO MUNDO,Unidade Regional Pinheirinho,01/02/2024,Portal,2024
Solicitação,SECRETARIA DO GOVERNO MUNICIPAL,17/01/2024,Drenagem,Alagamentos,Concluído,Rua Major Vicente de Castro,FANNY,Unidade Regional Pinheirinho,19/01/2024,Portal,2024
Solicitação,SECRETARIA DO GOVERNO MUNICIPAL,03/02/2024,Drenagem,Alagamentos,Concluído,RUA REINALDO THÁ,CAJURU,Unidade Regional Cajuru,06/02/2024,Telefone,2024
Solicitação,SECRETARIA MUNICIPAL DA DEFESA SOCIAL E TRÂNSITO,03/02/2024,Proteção ao cidadão - GM,"Enchentes, inundações ou alagamentos",Concluído,RUA REINALDO THÁ,CAJURU,Unidade Regional Cajuru,07/02/2024,Telefone,2024
Reclamação,SECRETARIA DO GOVERNO MUNICIPAL,03/02/2024,Drenagem,Alagamentos,Concluído,Rua Antônio Boza,SITIO CERCADO,Unidade Regional Bairro Novo,28/02/2024,Portal,2024
Solicitação,SECRETARIA MUNICIPAL DA DEFESA SOCIAL E TRÂNSITO,03/02/2024,Proteção ao cidadão - GM,"Enchentes, inundações ou alagamentos",Concluído,Rua Professora Olga Balster,CAJURU,Unidade Regional Cajuru,20/02/2024,Telefone,2024
Solicitação,SECRETARIA DO GOVERNO MUNICIPAL,03/02/2024,Drenagem,Alagamentos,Concluído,Rua Rosa Tortato,PINHEIRINHO,Unidade Regional Pinheirinho,28/02/2024,Telefone,2024
Solicitação,SECRETARIA DO GOVERNO MUNICIPAL,01/02/2024,Drenagem,Alagamentos,Concluído,Rua Danilo Pedro Schreiner,ALTO BOQUEIRAO,Unidade Regional Boqueirao,07/02/2024,Portal,2024
Solicitação,SECRETARIA DO GOVERNO MUNICIPAL,03/02/2024,Drenagem,Alagamentos,Concluído,RUA RODOLPHO SENFF JUNIOR,CAPAO RASO,Unidade Regional Pinheirinho,26/04/2024,Telefone,2024
Solicitação,SECRETARIA MUNICIPAL DA DEFESA SOCIAL E TRÂNSITO,03/02/2024,Proteção ao cidadão - GM,"Enchentes, inundações ou alagamentos",Concluído,RUA RODOLPHO SENFF JUNIOR,CAPAO RASO,Unidade Regional Pinheirinho,18/12/2024,Telefone,2024
Solicitação,SECRETARIA MUNICIPAL DA DEFESA SOCIAL E TRÂNSITO,03/02/2024,Proteção ao cidadão - GM,"Enchentes, inundações ou alagamentos",Concluído,Rua João Carlos de Souza Castro,GUABIROTUBA,Unidade Regional Cajuru,23/02/2024,Telefone,2024
Solicitação,SECRETARIA DO GOVERNO MUNICIPAL,03/02/2024,Drenagem,Alagamentos,Concluído,Rua Brasílio Ribas,NOVO MUNDO,Unidade Regional Pinheirinho,26/04/2024,Telefone,2024
Solicitação,SECRETARIA MUNICIPAL DA DEFESA SOCIAL E TRÂNSITO,03/02/2024,Proteção ao cidadão - GM,"Enchentes, inundações ou alagamentos",Concluído,Rua Expedicionário Francisco Pereira dos Santos,ALTO BOQUEIRAO,Unidade Regional Boqueirao,02/04/2024,Telefone,2024
Solicitação,SECRETARIA MUNICIPAL DA DEFESA SOCIAL E TRÂNSITO,03/02/2024,Proteção ao cidadão - GM,"Enchentes, inundações ou alagamentos",Concluído,RUA JOÃO CARLOS DE SOUZA CASTRO,GUABIROTUBA,Unidade Regional Cajuru,07/02/2024,Telefone,2024
Solicitação,SECRETARIA MUNICIPAL DA DEFESA SOCIAL E TRÂNSITO,03/02/2024,Proteção ao cidadão - GM,"Enchentes, inundações ou alagamentos",Concluído,Professora Olga Balster,CAJURU,Unidade Regional Cajuru,20/02/2024,Telefone,2024
Solicitação,SECRETARIA MUNICIPAL DA DEFESA SOCIAL E TRÂNSITO,03/02/2024,Proteção ao cidadão - GM,"Enchentes, inundações ou alagamentos",Concluído,Rua Professor Milton Vianna,SITIO CERCADO,Unidade Regional Bairro Novo,18/12/2024,Telefone,2024
Solicitação,SECRETARIA MUNICIPAL DE OBRAS PÚBLICAS,03/02/2024,Drenagem,Alagamentos,Concluído,Rua Oyapock,CRISTO REI,Unidade Regional Matriz,16/02/2024,Portal,2024
Solicitação,SECRETARIA DO GOVERNO MUNICIPAL,03/02/2024,Drenagem,Alagamentos,Concluído,João Crysóstomo da Rosa,CAJURU,Unidade Regional Cajuru,06/02/2024,Telefone,2024
Solicitação,SECRETARIA DO GOVERNO MUNICIPAL,03/02/2024,Drenagem,Alagamentos,Concluído,RUA BILLY GARMATTER,SITIO CERCADO,Unidade Regional Bairro Novo,07/02/2024,Telefone,2024
Solicitação,SECRETARIA DO GOVERNO MUNICIPAL,03/02/2024,Drenagem,Alagamentos,Concluído,RUA EDMUNDO ANGELY,JARDIM DAS AMERICAS,Unidade Regional Cajuru,05/02/2024,Telefone,2024
Solicitação,SECRETARIA DO GOVERNO MUNICIPAL,03/02/2024,Drenagem,Alagamentos,Concluído,Rua Doutor Estevam Ribeiro de Souza Netto,CAJURU,Unidade Regional Cajuru,06/02/2024,Telefone,2024
Solicitação,SECRETARIA DO GOVERNO MUNICIPAL,03/02/2024,Drenagem,Alagamentos,Concluído,RUA MINAS GERAIS,GUAIRA,Unidade Regional Portao,15/02/2024,Telefone,2024
Solicitação,SECRETARIA DO GOVERNO MUNICIPAL,03/02/2024,Drenagem,Alagamentos,Concluído,RUA JOSÉ AUGUSTO DA SILVA,SITIO CERCADO,Unidade Regional Bairro Novo,07/02/2024,Telefone,2024
Reclamação,SECRETARIA MUNICIPAL DE OBRAS PÚBLICAS,03/02/2024,Drenagem,Alagamentos,Concluído,Rua Oyapock,CRISTO REI,Unidade Regional Matriz,14/03/2024,Portal,2024
Solicitação,SECRETARIA DO GOVERNO MUNICIPAL,03/02/2024,Drenagem,Alagamentos,Concluído,RUA DOUTOR JOAQUIM IGNÁCIO SILVEIRA DA MOTTA,UBERABA,Unidade Regional Cajuru,19/02/2024,Telefone,2024
Solicitação,SECRETARIA DO GOVERNO MUNICIPAL,03/02/2024,Drenagem,Alagamentos,Concluído,Rua Expedicionário Francisco Pereira Dos Santos,ALTO BOQUEIRAO,Unidade Regional Boqueirao,13/02/2024,Telefone,2024
Solicitação,SECRETARIA DO GOVERNO MUNICIPAL,03/02/2024,Drenagem,Alagamentos,Concluído,RUA JOÃO CARLOS DE SOUZA CASTRO,GUABIROTUBA,Unidade Regional Cajuru,06/02/2024,Telefone,2024
Solicitação,SECRETARIA DO GOVERNO MUNICIPAL,31/01/2024,Drenagem,Alagamentos,Concluído,RUA ITAÚNA DO SUL,ALTO BOQUEIRAO,Unidade Regional Boqueirao,11/03/2024,Telefone,2024
Solicitação,SECRETARIA DO GOVERNO MUNICIPAL,31/01/2024,Drenagem,Alagamentos,Concluído,Rua Doutor Heleno da Silveira,BOQUEIRAO,Unidade Regional Boqueirao,02/07/2024,Portal,2024
Solicitação,SECRETARIA MUNICIPAL DA DEFESA SOCIAL E TRÂNSITO,31/01/2024,Proteção ao cidadão - GM,"Enchentes, inundações ou alagamentos",Concluído,RUA MATHIAS DE ANDRADE ROCHA,ALTO BOQUEIRAO,Unidade Regional Boqueirao,02/04/2024,Telefone,2024
Solicitação,SECRETARIA DO GOVERNO MUNICIPAL,31/01/2024,Drenagem,Alagamentos,Concluído,Rua José Peixoto de Lacerda Wernek,BOQUEIRAO,Unidade Regional Boqueirao,11/03/2024,Portal,2024
Solicitação,SECRETARIA DO GOVERNO MUNICIPAL,01/02/2024,Drenagem,Alagamentos,Concluído,RUA ITAUNA DO SUL,ALTO BOQUEIRAO,Unidade Regional Boqueirao,11/03/2024,Portal,2024
Solicitação,SECRETARIA DO GOVERNO MUNICIPAL,05/02/2024,Drenagem,Alagamentos,Concluído,Rua Desembargador Aristóxenes Bittencourt,TARUMA,Unidade Regional Cajuru,20/03/2024,Portal,2024
Solicitação,SECRETARIA DO GOVERNO MUNICIPAL,04/02/2024,Drenagem,Alagamentos,Concluído,Rua Doutor Hamilton Dybowicz,UBERABA,Unidade Regional Cajuru,06/02/2024,Portal,2024
Solicitação,SECRETARIA MUNICIPAL DA DEFESA SOCIAL E TRÂNSITO,04/02/2024,Proteção ao cidadão - GM,"Enchentes, inundações ou alagamentos",Concluído,RUA GOVERNADOR AGAMENON MAGALHÃES,TARUMA,Unidade Regional Cajuru,07/02/2024,Telefone,2024
Solicitação,SECRETARIA DO GOVERNO MUNICIPAL,05/02/2024,Drenagem,Alagamentos,Concluído,RUA AMAURI MAUAD GUÉRIOS,UBERABA,Unidade Regional Cajuru,06/02/2024,Telefone,2024
Solicitação,SECRETARIA DO GOVERNO MUNICIPAL,05/02/2024,Drenagem,Alagamentos,Concluído,RUA VELCY BOLÍVAR GRANDÓ,UBERABA,Unidade Regional Cajuru,06/02/2024,Telefone,2024
Solicitação,SECRETARIA DO GOVERNO MUNICIPAL,10/02/2024,Drenagem,Alagamentos,Concluído,RUA NICOLAU VOROBI,CIDADE INDUSTRIAL,Unidade Regional CIC,16/02/2024,Telefone,2024
Solicitação,SECRETARIA MUNICIPAL DA DEFESA SOCIAL E TRÂNSITO,10/02/2024,Proteção ao cidadão - GM,"Enchentes, inundações ou alagamentos",Concluído,RUA NICOLAU VOROBI,CIDADE INDUSTRIAL,Unidade Regional CIC,23/02/2024,Telefone,2024
Solicitação,SECRETARIA DO GOVERNO MUNICIPAL,07/02/2024,Drenagem,Alagamentos,Concluído,Rua Padre João Rzemelka,CIDADE INDUSTRIAL,Unidade Regional CIC,16/02/2024,Telefone,2024
Solicitação,SECRETARIA DO GOVERNO MUNICIPAL,08/02/2024,Drenagem,Alagamentos,Concluído,Rua Professor Antônio Martins Franco,NOVO MUNDO,Unidade Regional Pinheirinho,26/04/2024,Portal,2024
Solicitação,SECRETARIA MUNICIPAL DA DEFESA SOCIAL E TRÂNSITO,07/02/2024,Proteção ao cidadão - GM,"Enchentes, inundações ou alagamentos",Aberto,Rua Padre João Rzemelka,CIDADE INDUSTRIAL,Unidade Regional CIC,,Telefone,2024
Solicitação,SECRETARIA DO GOVERNO MUNICIPAL,07/02/2024,Drenagem,Alagamentos,Concluído,AVENIDA PRESIDENTE WENCESLAU BRAZ,PAROLIN,Unidade Regional Portao,29/02/2024,Portal,2024
Solicitação,SECRETARIA DO GOVERNO MUNICIPAL,16/02/2024,Drenagem,Alagamentos,Concluído,AVENIDA SETE DE SETEMBRO,SEMINARIO,Unidade Regional Portao,23/02/2024,Telefone,2024
Solicitação,SECRETARIA DO GOVERNO MUNICIPAL,15/02/2024,Drenagem,Alagamentos,Concluído,RUA ADYR PAROLIM,PINHEIRINHO,Unidade Regional Pinheirinho,04/04/2024,Telefone,2024
Solicitação,SECRETARIA DO GOVERNO MUNICIPAL,15/02/2024,Drenagem,Alagamentos,Concluído,RUA AGUDOS DO SUL,SITIO CERCADO,Unidade Regional Bairro Novo,08/04/2024,Telefone,2024
Solicitação,SECRETARIA MUNICIPAL DA DEFESA SOCIAL E TRÂNSITO,19/02/2024,Proteção ao cidadão - GM,"Enchentes, inundações ou alagamentos",Concluído,Rua Dante Honório,XAXIM,Unidade Regional Boqueirao,19/02/2024,Telefone,2024
Solicitação,SECRETARIA DO GOVERNO MUNICIPAL,19/02/2024,Drenagem,Alagamentos,Concluído,Rua Evaristo da Veiga,BOQUEIRAO,Unidade Regional Boqueirao,26/02/2024,Telefone,2024
Solicitação,SECRETARIA DO GOVERNO MUNICIPAL,19/02/2024,Drenagem,Alagamentos,Concluído,Rua Nicolau Kresko,HAUER,Unidade Regional Boqueirao,20/03/2024,Portal,2024
Solicitação,SECRETARIA DO GOVERNO MUNICIPAL,19/02/2024,Drenagem,Alagamentos,Concluído,Rua Tenente Francisco Ferreira de Souza,HAUER,Unidade Regional Boqueirao,17/05/2024,Portal,2024
Solicitação,SECRETARIA MUNICIPAL DA DEFESA SOCIAL E TRÂNSITO,19/02/2024,Proteção ao cidadão - GM,"Enchentes, inundações ou alagamentos",Concluído,RUA JOÃO CARLOS DE SOUZA CASTRO,GUABIROTUBA,Unidade Regional Cajuru,20/02/2024,Telefone,2024
Solicitação,SECRETARIA DO GOVERNO MUNICIPAL,18/02/2024,Drenagem,Alagamentos,Concluído,RUA PROFESSOR OMAR GONÇALVES DA MOTTA,BOA VISTA,Unidade Regional Boa Vista,02/05/2024,Telefone,2024
Solicitação,SECRETARIA DO GOVERNO MUNICIPAL,18/02/2024,Drenagem,Alagamentos,Concluído,Travessa José Aníbal Dutra Lamin,TATUQUARA,Unidade Regional Tatuquara,15/03/2024,Portal,2024
Solicitação,SECRETARIA DO GOVERNO MUNICIPAL,18/02/2024,Drenagem,Alagamentos,Concluído,Travessa José Aníbal Dutra Lamin,TATUQUARA,Unidade Regional Tatuquara,15/03/2024,Portal,2024
Solicitação,SECRETARIA DO GOVERNO MUNICIPAL,19/02/2024,Drenagem,Alagamentos,Concluído,RUA SARGENTO LUIZ GONZAGA MARTINS RIBAS,UBERABA,Unidade Regional Cajuru,23/02/2024,Telefone,2024
Solicitação,SECRETARIA DO GOVERNO MUNICIPAL,18/02/2024,Drenagem,Alagamentos,Concluído,RUA CARLOS AUGUSTO ALDENUCCI,SITIO CERCADO,Unidade Regional Bairro Novo,22/02/2024,Telefone,2024
Solicitação,SECRETARIA DO GOVERNO MUNICIPAL,18/02/2024,Drenagem,Alagamentos,Concluído,Rua Diogo Mugiatti,BOQUEIRAO,Unidade Regional Boqueirao,11/03/2024,Telefone,2024
Solicitação,SECRETARIA DO GOVERNO MUNICIPAL,18/02/2024,Drenagem,Alagamentos,Concluído,Rua Das Carmelitas,BOQUEIRAO,Unidade Regional Boqueirao,04/04/2024,Telefone,2024
Solicitação,SECRETARIA DO GOVERNO MUNICIPAL,18/02/2024,Drenagem,Alagamentos,Concluído,Rua Daniel Cândido de Carvalho,UBERABA,Unidade Regional Cajuru,19/02/2024,Telefone,2024
Solicitação,SECRETARIA DO GOVERNO MUNICIPAL,18/02/2024,Drenagem,Alagamentos,Concluído,Rua Enette Dubard,TATUQUARA,Unidade Regional Tatuquara,11/03/2024,Telefone,2024
Solicitação,SECRETARIA MUNICIPAL DA DEFESA SOCIAL E TRÂNSITO,18/02/2024,Proteção ao cidadão - GM,"Enchentes, inundações ou alagamentos",Concluído,RUA CARLOS AUGUSTO ALDENUCCI,SITIO CERCADO,Unidade Regional Bairro Novo,18/02/2024,Telefone,2024
Solicitação,SECRETARIA MUNICIPAL DA DEFESA SOCIAL E TRÂNSITO,18/02/2024,Proteção ao cidadão - GM,"Enchentes, inundações ou alagamentos",Concluído,AVENIDA SANTA RITA DE CASSIA DOS IMPOSSÍVEIS,TATUQUARA,Unidade Regional Tatuquara,18/02/2024,Telefone,2024
Solicitação,SECRETARIA DO GOVERNO MUNICIPAL,18/02/2024,Drenagem,Alagamentos,Concluído,Rua João Azolin,SANTA FELICIDADE,Unidade Regional Santa Felicidade,12/04/2024,Portal,2024
Solicitação,SECRETARIA DO GOVERNO MUNICIPAL,18/02/2024,Drenagem,Alagamentos,Concluído,RUA JORNALISTA EMÍLIO ZOLA FLORENZANO,TATUQUARA,Unidade Regional Tatuquara,03/04/2024,Telefone,2024
Solicitação,SECRETARIA DO GOVERNO MUNICIPAL,18/02/2024,Drenagem,Alagamentos,Concluído,Cid José dos Santos,UBERABA,Unidade Regional Cajuru,19/02/2024,Telefone,2024
Solicitação,SECRETARIA DO GOVERNO MUNICIPAL,18/02/2024,Drenagem,Alagamentos,Concluído,RUA JOSÉ ANIBAL DUTRA LAMIM,TATUQUARA,Unidade Regional Tatuquara,15/03/2024,Telefone,2024
Solicitação,SECRETARIA MUNICIPAL DA DEFESA SOCIAL E TRÂNSITO,18/02/2024,Proteção ao cidadão - GM,"Enchentes, inundações ou alagamentos",Concluído,RUA JORNALISTA EMÍLIO ZOLA FLORENZANO,TATUQUARA,Unidade Regional Tatuquara,18/02/2024,Telefone,2024
Solicitação,SECRETARIA MUNICIPAL DA DEFESA SOCIAL E TRÂNSITO,18/02/2024,Proteção ao cidadão - GM,"Enchentes, inundações ou alagamentos",Concluído,Enette Dubard,TATUQUARA,Unidade Regional Tatuquara,18/02/2024,Telefone,2024
Solicitação,SECRETARIA DO GOVERNO MUNICIPAL,18/02/2024,Drenagem,Alagamentos,Concluído,Rua João Malucelli Neto,CIDADE INDUSTRIAL,Unidade Regional CIC,23/02/2024,Telefone,2024
Solicitação,SECRETARIA DO GOVERNO MUNICIPAL,18/02/2024,Drenagem,Alagamentos,Concluído,Rua Engenheiro Eduardo Afonso Nadolny,CIDADE INDUSTRIAL,Unidade Regional CIC,23/02/2024,Telefone,2024
Solicitação,SECRETARIA DO GOVERNO MUNICIPAL,18/02/2024,Drenagem,Alagamentos,Concluído,Rua João Malucelli Neto,CIDADE INDUSTRIAL,Unidade Regional CIC,21/02/2024,Telefone,2024
Solicitação,SECRETARIA DO GOVERNO MUNICIPAL,18/02/2024,Drenagem,Alagamentos,Concluído,Rua Delegado Ruy Rebello Vieira,SITIO CERCADO,Unidade Regional Bairro Novo,22/02/2024,Telefone,2024
Solicitação,SECRETARIA DO GOVERNO MUNICIPAL,18/02/2024,Drenagem,Alagamentos,Concluído,RUA DIOGO MUGIATTI,BOQUEIRAO,Unidade Regional Boqueirao,08/05/2024,Telefone,2024
Solicitação,SECRETARIA MUNICIPAL DA DEFESA SOCIAL E TRÂNSITO,18/02/2024,Proteção ao cidadão - GM,"Enchentes, inundações ou alagamentos",Concluído,Florindo José Moreschi,GUAIRA,Unidade Regional Portao,18/02/2024,Telefone,2024
Solicitação,SECRETARIA MUNICIPAL DA DEFESA SOCIAL E TRÂNSITO,18/02/2024,Proteção ao cidadão - GM,"Enchentes, inundações ou alagamentos",Concluído,Rua Waldemiro Ziliotto,NOVO MUNDO,Unidade Regional Pinheirinho,18/02/2024,Telefone,2024
Solicitação,SECRETARIA DO GOVERNO MUNICIPAL,18/02/2024,Drenagem,Alagamentos,Concluído,Rua Carlos Essenfelder,BOQUEIRAO,Unidade Regional Boqueirao,04/04/2024,Telefone,2024
Solicitação,SECRETARIA MUNICIPAL DA DEFESA SOCIAL E TRÂNSITO,18/02/2024,Proteção ao cidadão - GM,"Enchentes, inundações ou alagamentos",Concluído,RUA MARANHÃO,AGUA VERDE,Unidade Regional Portao,18/02/2024,Telefone,2024
Solicitação,SECRETARIA MUNICIPAL DA DEFESA SOCIAL E TRÂNSITO,18/02/2024,Proteção ao cidadão - GM,"Enchentes, inundações ou alagamentos",Concluído,Rua Das Carmelitas,BOQUEIRAO,Unidade Regional Boqueirao,18/02/2024,Telefone,2024
Solicitação,SECRETARIA DO GOVERNO MUNICIPAL,18/02/2024,Drenagem,Alagamentos,Concluído,Rua Ivaiporã,ALTO BOQUEIRAO,Unidade Regional Boqueirao,29/02/2024,Telefone,2024
Solicitação,SECRETARIA DO GOVERNO MUNICIPAL,18/02/2024,Drenagem,Alagamentos,Concluído,RUA ARTHUR MANOEL IWERSEN,BOQUEIRAO,Unidade Regional Boqueirao,05/04/2024,Telefone,2024
Solicitação,SECRETARIA DO GOVERNO MUNICIPAL,18/02/2024,Drenagem,Alagamentos,Concluído,Laranjeiras do Sul,ALTO BOQUEIRAO,Unidade Regional Boqueirao,07/03/2024,Telefone,2024
Solicitação,SECRETARIA DO GOVERNO MUNICIPAL,19/02/2024,Drenagem,Alagamentos,Concluído,RUA LUCIANO PAVAROTTI,CACHOEIRA,Unidade Regional Boa Vista,19/02/2024,Telefone,2024
Solicitação,SECRETARIA MUNICIPAL DE OBRAS PÚBLICAS,24/02/2024,Drenagem,Alagamentos,Concluído,RUA ALFERES POLI,CENTRO,Unidade Regional Matriz,02/04/2024,Telefone,2024
Reclamação,SECRETARIA DO GOVERNO MUNICIPAL,22/02/2024,Drenagem,Alagamentos,Concluído,Rua Antônio Rebelatto,BOQUEIRAO,Unidade Regional Boqueirao,08/05/2024,Portal,2024
Solicitação,SECRETARIA DO GOVERNO MUNICIPAL,19/02/2024,Drenagem,Alagamentos,Concluído,Rua Rodolpho Senff Júnior,CAPAO RASO,Unidade Regional Pinheirinho,08/03/2024,Telefone,2024
Solicitação,SECRETARIA DO GOVERNO MUNICIPAL,23/02/2024,Drenagem,Alagamentos,Concluído,Rua Simão Guebur,UBERABA,Unidade Regional Cajuru,01/03/2024,Portal,2024
Solicitação,SECRETARIA DO GOVERNO MUNICIPAL,19/02/2024,Drenagem,Alagamentos,Concluído,RUA JOSÉ ANIBAL DUTRA LAMIM,TATUQUARA,Unidade Regional Tatuquara,23/02/2024,Telefone,2024
Solicitação,SECRETARIA DO GOVERNO MUNICIPAL,19/02/2024,Drenagem,Alagamentos,Concluído,RUA ANNE FRANK,BOQUEIRAO,Unidade Regional Boqueirao,08/05/2024,Telefone,2024
Solicitação,SECRETARIA DO GOVERNO MUNICIPAL,19/02/2024,Drenagem,Alagamentos,Concluído,RUA JOSÉ AUGUSTO DA SILVA,SITIO CERCADO,Unidade Regional Bairro Novo,23/02/2024,Telefone,2024
Solicitação,SECRETARIA DO GOVERNO MUNICIPAL,19/02/2024,Drenagem,Alagamentos,Concluído,RUA VALPARAIZO,BACACHERI,Unidade Regional Boa Vista,23/04/2024,Telefone,2024
Solicitação,SECRETARIA DO GOVERNO MUNICIPAL,19/02/2024,Drenagem,Alagamentos,Concluído,Rua Jacob Brandalise,UBERABA,Unidade Regional Cajuru,23/02/2024,Telefone,2024
Solicitação,SECRETARIA DO GOVERNO MUNICIPAL,19/02/2024,Drenagem,Alagamentos,Concluído,Rua Jacob Brandalise,UBERABA,Unidade Regional Cajuru,23/02/2024,Telefone,2024
Solicitação,SECRETARIA DO GOVERNO MUNICIPAL,20/02/2024,Drenagem,Alagamentos,Concluído,RUA BITURUNA,XAXIM,Unidade Regional Boqueirao,04/03/2024,Telefone,2024
Solicitação,SECRETARIA DO GOVERNO MUNICIPAL,22/02/2024,Drenagem,Alagamentos,Concluído,Rua Salvador Evangelista,ALTO BOQUEIRAO,Unidade Regional Boqueirao,18/04/2024,Telefone,2024
Solicitação,SECRETARIA MUNICIPAL DE OBRAS PÚBLICAS,22/02/2024,Drenagem,Alagamentos,Concluído,RUA LOURENÇO PINTO,CENTRO,Unidade Regional Matriz,01/04/2024,Telefone,2024
Solicitação,SECRETARIA DO GOVERNO MUNICIPAL,27/02/2024,Drenagem,Alagamentos,Concluído,Rua Professora Kloldi Jane Assis,SITIO CERCADO,Unidade Regional Bairro Novo,06/03/2024,Portal,2024
Solicitação,SECRETARIA DO GOVERNO MUNICIPAL,29/02/2024,Drenagem,Alagamentos,Concluído,Rua General Polli Coelho,TARUMA,Unidade Regional Cajuru,11/03/2024,Portal,2024
Solicitação,SECRETARIA DO GOVERNO MUNICIPAL,29/02/2024,Drenagem,Alagamentos,Concluído,Rua Rio do Sul,CAMPO COMPRIDO,Unidade Regional Portao,11/03/2024,Portal,2024
Denúncia,SECRETARIA DO GOVERNO MUNICIPAL,29/02/2024,Drenagem,Alagamentos,Concluído,Rua Olegário Maciel,FAZENDINHA,Unidade Regional Portao,01/04/2024,Portal,2024
Solicitação,SECRETARIA DO GOVERNO MUNICIPAL,21/02/2024,Drenagem,Alagamentos,Concluído,RUA DESEMBARGADOR JOÃO ANTONIO DE BARROS JÚNIOR,XAXIM,Unidade Regional Boqueirao,07/03/2024,Portal,2024
Solicitação,SECRETARIA DO GOVERNO MUNICIPAL,02/03/2024,Drenagem,Alagamentos,Concluído,RUA EDMUNDO ANGELY,JARDIM DAS AMERICAS,Unidade Regional Cajuru,22/03/2024,Portal,2024
Solicitação,SECRETARIA DO GOVERNO MUNICIPAL,05/03/2024,Drenagem,Alagamentos,Concluído,Rua João Socha,SITIO CERCADO,Unidade Regional Bairro Novo,13/03/2024,Portal,2024
Solicitação,SECRETARIA DO GOVERNO MUNICIPAL,05/03/2024,Drenagem,Alagamentos,Concluído,RUA CELESTE TORTATO GABARDO,SITIO CERCADO,Unidade Regional Bairro Novo,07/03/2024,Telefone,2024
Solicitação,SECRETARIA DO GOVERNO MUNICIPAL,05/03/2024,Drenagem,Alagamentos,Concluído,RUA PROFESSOR JOSÉ MAURÍCIO HIGGINS,BOQUEIRAO,Unidade Regional Boqueirao,10/06/2024,Telefone,2024
Solicitação,SECRETARIA DO GOVERNO MUNICIPAL,05/03/2024,Drenagem,Alagamentos,Concluído,Rua Tenente José Mendes Magno,SITIO CERCADO,Unidade Regional Bairro Novo,14/03/2024,Portal,2024
Solicitação,SECRETARIA DO GOVERNO MUNICIPAL,06/03/2024,Drenagem,Alagamentos,Concluído,RUA SWAMI VIVEKANANDA,UBERABA,Unidade Regional Cajuru,20/03/2024,Portal,2024
Solicitação,SECRETARIA DO GOVERNO MUNICIPAL,06/03/2024,Drenagem,Alagamentos,Concluído,Rua Swami Vivekananda,UBERABA,Unidade Regional Cajuru,20/03/2024,Portal,2024
Solicitação,SECRETARIA MUNICIPAL DE OBRAS PÚBLICAS,23/02/2024,Drenagem,Alagamentos,Concluído,Avenida Cândido de Abreu,CENTRO CIVICO,Unidade Regional Matriz,14/03/2024,Portal,2024
Solicitação,SECRETARIA DO GOVERNO MUNICIPAL,05/03/2024,Drenagem,Alagamentos,Concluído,RUA NOVA CANTU,SITIO CERCADO,Unidade Regional Bairro Novo,07/03/2024,Telefone,2024
Solicitação,SECRETARIA DO GOVERNO MUNICIPAL,04/03/2024,Drenagem,Alagamentos,Concluído,Rua Professor Assis Gonçalves,AGUA VERDE,Unidade Regional Portao,04/03/2024,Portal,2024
Solicitação,SECRETARIA DO GOVERNO MUNICIPAL,04/03/2024,Drenagem,Alagamentos,Concluído,Rua Nova Aurora,SITIO CERCADO,Unidade Regional Bairro Novo,14/03/2024,Portal,2024
Solicitação,SECRETARIA DO GOVERNO MUNICIPAL,04/03/2024,Drenagem,Alagamentos,Concluído,Rua Guaçuí,SITIO CERCADO,Unidade Regional Bairro Novo,27/03/2024,Telefone,2024
Solicitação,Secretaria do Governo Municipal,20/10/2025,Drenagem,Alagamentos,Respondido,RUA BARTOLOMEU LOURENÇO DE GUSMÃO,BOQUEIRAO,Unidade Regional Boqueirao,30/10/2025,Telefone,2025
Solicitação,Secretaria do Governo Municipal,25/12/2025,Drenagem,Alagamentos,Aberto,Ponta Grossa,PORTAO,Unidade Regional Portao,,Portal,2025
Solicitação,Secretaria do Governo Municipal,31/12/2025,Drenagem,Alagamentos,Aberto,Doutor Carvalho Chaves,PAROLIN,Unidade Regional Portao,,Portal,2025
Solicitação,Secretaria do Governo Municipal,31/12/2025,Drenagem,Alagamentos,Aberto,Doutor Carvalho Chaves,PAROLIN,Unidade Regional Portao,,Portal,2025
Solicitação,Secretaria do Governo Municipal,31/12/2025,Drenagem,Alagamentos,Aberto,Francisco Parolin,PAROLIN,Unidade Regional Portao,,Portal,2025
Solicitação,Secretaria do Governo Municipal,09/09/2025,Drenagem,Alagamentos,Aberto,João Volpe,BUTIATUVINHA,Unidade Regional Santa Felicidade,,Portal,2025
Solicitação,Secretaria do Governo Municipal,30/10/2025,Drenagem,Alagamentos,Aberto,Jaçanã,SAO BRAZ,Unidade Regional Santa Felicidade,,Portal,2025
Solicitação,Secretaria do Governo Municipal,04/12/2025,Drenagem,Alagamentos,Aberto,RUA SOLEDADE REGINA SANZOVO MOURÃO,BUTIATUVINHA,Unidade Regional Santa Felicidade,,Telefone,2025
Solicitação,Secretaria Municipal de Obras Públicas,29/10/2025,Drenagem,Alagamentos,Concluído,PRACA PADRE AGOSTINHO LEGROS,BIGORRILHO,Unidade Regional Matriz,06/11/2025,Telefone,2025
Reclamação,Secretaria Municipal de Obras Públicas,19/11/2025,Drenagem,Alagamentos,Concluído,Comendador Franco,JARDIM BOTANICO,Unidade Regional Matriz,25/11/2025,Portal,2025
Solicitação,Secretaria Municipal de Obras Públicas,11/12/2025,Drenagem,Alagamentos,Concluído,Júlia Wanderley,MERCES,Unidade Regional Matriz,18/12/2025,Portal,2025
Solicitação,Secretaria Municipal de Obras Públicas,11/12/2025,Drenagem,Alagamentos,Concluído,RUA DESEMBARGADOR MOTTA,CENTRO,Unidade Regional Matriz,18/12/2025,Portal,2025
Solicitação,Secretaria do Governo Municipal,23/11/2025,Drenagem,Alagamentos,Aberto,Presidente Pádua Fleury,HAUER,Unidade Regional Boqueirao,,Portal,2025
Solicitação,Secretaria do Governo Municipal,30/11/2025,Drenagem,Alagamentos,Aberto,Eugênio José de Souza,AGUA VERDE,Unidade Regional Portao,,Portal,2025
Solicitação,Secretaria do Governo Municipal,10/12/2025,Drenagem,Alagamentos,Aberto,Ary Rolim Costa,FAZENDINHA,Unidade Regional Portao,,Portal,2025
Solicitação,Secretaria do Governo Municipal,16/12/2025,Drenagem,Alagamentos,Aberto,Amazonas,AGUA VERDE,Unidade Regional Portao,,Portal,2025
Reclamação,Secretaria do Governo Municipal,16/12/2025,Drenagem,Alagamentos,Aberto,Eugênio José de Souza,AGUA VERDE,Unidade Regional Portao,,Portal,2025
Reclamação,Secretaria do Governo Municipal,16/12/2025,Drenagem,Alagamentos,Aberto,Eugênio José de Souza,AGUA VERDE,Unidade Regional Portao,,Portal,2025
Solicitação,Secretaria do Governo Municipal,26/08/2025,Drenagem,Alagamentos,Aberto,José Ferreira Barros,FANNY,Unidade Regional Pinheirinho,,Portal,2025
Solicitação,Secretaria do Governo Municipal,23/09/2025,Drenagem,Alagamentos,Aberto,RUA DORACI DOLORES KERETCH,PINHEIRINHO,Unidade Regional Pinheirinho,,Telefone,2025
Solicitação,Secretaria do Governo Municipal,22/12/2025,Drenagem,Alagamentos,Aberto,Rua Luiz Nichele,UMBARA,Unidade Regional Bairro Novo,,Telefone,2025
Solicitação,SECRETARIA MUNICIPAL DA DEFESA SOCIAL E TRÂNSITO,18/02/2025,Proteção ao cidadão - GM,"Enchentes, inundações ou alagamentos",Aberto,RUA JORGE KOZAKA,CAJURU,Unidade Regional Cajuru,,Telefone,2025
Solicitação,SECRETARIA MUNICIPAL DA DEFESA SOCIAL E TRÂNSITO,21/02/2025,Proteção ao cidadão - GM,"Enchentes, inundações ou alagamentos",Aberto,RUA ALMIRANTE GONÇALVES,REBOUCAS,Unidade Regional Matriz,,Telefone,2025
Solicitação,SECRETARIA MUNICIPAL DA DEFESA SOCIAL E TRÂNSITO,21/02/2025,Proteção ao cidadão - GM,"Enchentes, inundações ou alagamentos",Aberto,AVENIDA MARECHAL FLORIANO PEIXOTO,HAUER,Unidade Regional Boqueirao,,Telefone,2025
Solicitação,SECRETARIA MUNICIPAL DA DEFESA SOCIAL E TRÂNSITO,21/02/2025,Proteção ao cidadão - GM,"Enchentes, inundações ou alagamentos",Aberto,RUA BRIGADEIRO FRANCO,CENTRO,Unidade Regional Matriz,,Telefone,2025
Solicitação,SECRETARIA MUNICIPAL DA DEFESA SOCIAL E TRÂNSITO,24/02/2025,Proteção ao cidadão - GM,"Enchentes, inundações ou alagamentos",Aberto,RUA IRATI,SANTA QUITERIA,Unidade Regional Portao,,Telefone,2025
Solicitação,Secretaria do Governo Municipal,25/12/2025,Drenagem,Alagamentos,Aberto,RUA LAMENHA LINS,PAROLIN,Unidade Regional Portao,,Portal,2025
Solicitação,Secretaria do Governo Municipal,05/12/2025,Drenagem,Alagamentos,Respondido,RUA DANTE MELARA,CAJURU,Unidade Regional Cajuru,08/12/2025,Telefone,2025
Solicitação,Secretaria do Governo Municipal,07/11/2025,Drenagem,Alagamentos,Respondido,RUA JOVINO DO ROSÁRIO,BOA VISTA,Unidade Regional Boa Vista,07/11/2025,Telefone,2025
Solicitação,Secretaria do Governo Municipal,12/12/2025,Drenagem,Alagamentos,Respondido,RUA JOÃO KANIA,SANTA CANDIDA,Unidade Regional Boa Vista,12/12/2025,Telefone,2025
Solicitação,Secretaria do Governo Municipal,27/11/2025,Drenagem,Alagamentos,Respondido,AVENIDA JUSCELINO KUBITSCHEK DE OLIVEIRA LD,CIDADE INDUSTRIAL,Unidade Regional CIC,05/12/2025,Telefone,2025
Solicitação,Secretaria do Governo Municipal,25/11/2025,Drenagem,Alagamentos,Em andamento,Anna Garcia de Moura,PILARZINHO,Unidade Regional Boa Vista,01/12/2025,Portal,2025
Solicitação,Secretaria do Governo Municipal,09/06/2025,Drenagem,Alagamentos,Concluído,Rua Bento Viana,AGUA VERDE,Unidade Regional Portao,,Telefone,2025
Solicitação,Secretaria do Governo Municipal,24/06/2025,Drenagem,Alagamentos,Concluído,RUA JOSÉ AUGUSTO DOS SANTOS,VISTA ALEGRE,Unidade Regional Santa Felicidade,,Telefone,2025
Solicitação,Secretaria do Governo Municipal,01/09/2025,Drenagem,Alagamentos,Concluído,Rua Santa Joana D'Arc,LINDOIA,Unidade Regional Pinheirinho,,Telefone,2025
Solicitação,Secretaria do Governo Municipal,01/09/2025,Drenagem,Alagamentos,Concluído,AVENIDA PRESIDENTE WENCESLAU BRAZ,LINDOIA,Unidade Regional Pinheirinho,,Telefone,2025
Solicitação,Secretaria do Governo Municipal,28/01/2025,Drenagem,Alagamentos,Concluído,Rua Francisco de Paula Gonzaga,UBERABA,Unidade Regional Cajuru,,Telefone,2025
Solicitação,SECRETARIA MUNICIPAL DA DEFESA SOCIAL E TRÂNSITO,18/02/2025,Proteção ao cidadão - GM,"Enchentes, inundações ou alagamentos",Concluído,RUA DESEMBARGADOR SEGISMUNDO GRADOWSKI,CIDADE INDUSTRIAL,Unidade Regional CIC,,Telefone,2025
Solicitação,SECRETARIA MUNICIPAL DA DEFESA SOCIAL E TRÂNSITO,18/02/2025,Proteção ao cidadão - GM,"Enchentes, inundações ou alagamentos",Concluído,Rua Professor Pedro Viriato Parigot de Souza,CAMPO COMPRIDO,Unidade Regional Portao,,Telefone,2025
Solicitação,SECRETARIA MUNICIPAL DA DEFESA SOCIAL E TRÂNSITO,18/02/2025,Proteção ao cidadão - GM,"Enchentes, inundações ou alagamentos",Concluído,RUA CANAL BELEM,HAUER,Unidade Regional Boqueirao,,Telefone,2025
Solicitação,SECRETARIA MUNICIPAL DA DEFESA SOCIAL E TRÂNSITO,18/02/2025,Proteção ao cidadão - GM,"Enchentes, inundações ou alagamentos",Concluído,Rua Marquês de Beccaria,PINHEIRINHO,Unidade Regional Pinheirinho,,Telefone,2025
Solicitação,SECRETARIA MUNICIPAL DA DEFESA SOCIAL E TRÂNSITO,18/02/2025,Proteção ao cidadão - GM,"Enchentes, inundações ou alagamentos",Concluído,RUA BARTOLOMEU LOURENÇO DE GUSMÃO,BOQUEIRAO,Unidade Regional Boqueirao,,Telefone,2025
Solicitação,Secretaria do Governo Municipal,29/05/2025,Drenagem,Alagamentos,Concluído,RUA SOFIA DUBIELLA,ABRANCHES,Unidade Regional Boa Vista,30/05/2025,Telefone,2025
Solicitação,Secretaria do Governo Municipal,09/06/2025,Drenagem,Alagamentos,Concluído,Rua Pedro Antônio da Costa,BOA VISTA,Unidade Regional Boa Vista,11/06/2025,Telefone,2025
Solicitação,Secretaria do Governo Municipal,05/11/2025,Drenagem,Alagamentos,Concluído,RUA MATEUS LEME,SAO LOURENCO,Unidade Regional Boa Vista,18/11/2025,Portal,2025
Solicitação,Secretaria do Governo Municipal,12/12/2025,Drenagem,Alagamentos,Concluído,RUA GAGO COUTINHO,BACACHERI,Unidade Regional Boa Vista,12/12/2025,Telefone,2025
Solicitação,Secretaria do Governo Municipal,16/12/2025,Drenagem,Alagamentos,Concluído,RUA GAGO COUTINHO,BACACHERI,Unidade Regional Boa Vista,16/12/2025,Telefone,2025
Reclamação,Secretaria do Governo Municipal,08/01/2025,Drenagem,Alagamentos,Concluído,Manoel Ordones,ALTO BOQUEIRAO,Unidade Regional Boqueirao,14/01/2025,Portal,2025
Solicitação,Secretaria do Governo Municipal,21/01/2025,Drenagem,Alagamentos,Concluído,Oliveira Viana,HAUER,Unidade Regional Boqueirao,24/01/2025,Portal,2025
Solicitação,Secretaria do Governo Municipal,22/01/2025,Drenagem,Alagamentos,Concluído,Augusto Dias Paredes,ALTO BOQUEIRAO,Unidade Regional Boqueirao,31/07/2025,Portal,2025
Solicitação,Secretaria do Governo Municipal,27/01/2025,Drenagem,Alagamentos,Concluído,RUA KLEVERSON LOPES DE PAULA,ALTO BOQUEIRAO,Unidade Regional Boqueirao,07/02/2025,Telefone,2025
Solicitação,Secretaria do Governo Municipal,31/01/2025,Drenagem,Alagamentos,Concluído,Bartolomeu Lourenço de Gusmão,HAUER,Unidade Regional Boqueirao,28/02/2025,Portal,2025
Solicitação,Secretaria do Governo Municipal,03/02/2025,Drenagem,Alagamentos,Concluído,RUA PAULO SETUBAL,HAUER,Unidade Regional Boqueirao,17/02/2025,Telefone,2025
Solicitação,Secretaria do Governo Municipal,03/02/2025,Drenagem,Alagamentos,Concluído,RUA HELCIO DA CUNHA AJUZ,XAXIM,Unidade Regional Boqueirao,07/02/2025,Telefone,2025
Solicitação,Secretaria do Governo Municipal,03/02/2025,Drenagem,Alagamentos,Concluído,Rua Rodolfo Amoedo,XAXIM,Unidade Regional Boqueirao,10/02/2025,Telefone,2025
Solicitação,Secretaria do Governo Municipal,03/02/2025,Drenagem,Alagamentos,Concluído,RUA DOLORES DURAN,XAXIM,Unidade Regional Boqueirao,10/02/2025,Telefone,2025
Solicitação,Secretaria do Governo Municipal,03/02/2025,Drenagem,Alagamentos,Concluído,RUA CARLOS DE LAET,ALTO BOQUEIRAO,Unidade Regional Boqueirao,07/02/2025,Telefone,2025
Solicitação,Secretaria do Governo Municipal,03/02/2025,Drenagem,Alagamentos,Concluído,RUA CATARINA GOOSSEN,XAXIM,Unidade Regional Boqueirao,07/02/2025,Telefone,2025
Solicitação,Secretaria do Governo Municipal,03/02/2025,Drenagem,Alagamentos,Concluído,Rua Expedicionário Francisco Pereira Dos Santos,ALTO BOQUEIRAO,Unidade Regional Boqueirao,12/02/2025,Telefone,2025
Solicitação,Secretaria do Governo Municipal,03/02/2025,Drenagem,Alagamentos,Concluído,RUA RODOLFO AMOEDO,XAXIM,Unidade Regional Boqueirao,10/02/2025,Telefone,2025
Solicitação,Secretaria do Governo Municipal,03/02/2025,Drenagem,Alagamentos,Concluído,RUA CARLOS DE LAET,ALTO BOQUEIRAO,Unidade Regional Boqueirao,12/03/2025,Telefone,2025
Solicitação,Secretaria do Governo Municipal,03/02/2025,Drenagem,Alagamentos,Concluído,RUA 25 DE AGOSTO,ALTO BOQUEIRAO,Unidade Regional Boqueirao,07/02/2025,Telefone,2025
Solicitação,Secretaria do Governo Municipal,03/02/2025,Drenagem,Alagamentos,Concluído,Oliveira Viana,HAUER,Unidade Regional Boqueirao,19/02/2025,Portal,2025
Solicitação,Secretaria do Governo Municipal,04/02/2025,Drenagem,Alagamentos,Concluído,Rua Conde de São João Das Duas Barras,ALTO BOQUEIRAO,Unidade Regional Boqueirao,28/02/2025,Telefone,2025
Solicitação,Secretaria do Governo Municipal,05/02/2025,Drenagem,Alagamentos,Concluído,Carlos de Laet,HAUER,Unidade Regional Boqueirao,28/02/2025,Portal,2025
Solicitação,Secretaria do Governo Municipal,18/02/2025,Drenagem,Alagamentos,Concluído,William Booth,BOQUEIRAO,Unidade Regional Boqueirao,13/03/2025,Portal,2025
Solicitação,Secretaria do Governo Municipal,18/02/2025,Drenagem,Alagamentos,Concluído,RUA EXPEDICIONÁRIO FRANCISCO PEREIRA DOS SANTOS,ALTO BOQUEIRAO,Unidade Regional Boqueirao,07/05/2025,Telefone,2025
Solicitação,Secretaria do Governo Municipal,18/02/2025,Drenagem,Alagamentos,Concluído,Rua Bartolomeu Lourenço de Gusmão,BOQUEIRAO,Unidade Regional Boqueirao,19/03/2025,Telefone,2025
Solicitação,Secretaria do Governo Municipal,18/02/2025,Drenagem,Alagamentos,Concluído,Rua Bom Jesus de Iguape,HAUER,Unidade Regional Boqueirao,07/04/2025,Telefone,2025
Solicitação,Secretaria do Governo Municipal,18/02/2025,Drenagem,Alagamentos,Concluído,RUA ELTON ROBERTO DE MOURA TORRES,BOQUEIRAO,Unidade Regional Boqueirao,21/03/2025,Telefone,2025
Solicitação,Secretaria do Governo Municipal,18/02/2025,Drenagem,Alagamentos,Concluído,Rua Bom Jesus de Iguape,HAUER,Unidade Regional Boqueirao,07/04/2025,Telefone,2025
Solicitação,Secretaria do Governo Municipal,18/02/2025,Drenagem,Alagamentos,Concluído,RUA CARLOS DE LAET,HAUER,Unidade Regional Boqueirao,13/03/2025,Telefone,2025
Solicitação,Secretaria do Governo Municipal,18/02/2025,Drenagem,Alagamentos,Concluído,RUA BARTOLOMEU LOURENÇO DE GUSMÃO,BOQUEIRAO,Unidade Regional Boqueirao,12/03/2025,Telefone,2025
Solicitação,Secretaria do Governo Municipal,22/02/2025,Drenagem,Alagamentos,Concluído,José Peixoto de Lacerda Wernek,BOQUEIRAO,Unidade Regional Boqueirao,11/04/2025,Portal,2025
Solicitação,Secretaria do Governo Municipal,27/02/2025,Drenagem,Alagamentos,Concluído,RUA ANGÉLICA MARIA TABORDA SANTOS,BOQUEIRAO,Unidade Regional Boqueirao,01/04/2025,Telefone,2025
Solicitação,Secretaria do Governo Municipal,27/02/2025,Drenagem,Alagamentos,Concluído,RUA WILLIAM BOOTH,BOQUEIRAO,Unidade Regional Boqueirao,07/04/2025,Telefone,2025
Solicitação,Secretaria do Governo Municipal,27/02/2025,Drenagem,Alagamentos,Concluído,RUA DESEMBARGADOR ANTÔNIO DE PAULA,BOQUEIRAO,Unidade Regional Boqueirao,24/07/2025,Telefone,2025
Solicitação,Secretaria do Governo Municipal,27/02/2025,Drenagem,Alagamentos,Concluído,RUA DESEMBARGADOR ANTÔNIO DE PAULA,BOQUEIRAO,Unidade Regional Boqueirao,24/07/2025,Telefone,2025
Solicitação,Secretaria do Governo Municipal,27/02/2025,Drenagem,Alagamentos,Concluído,AVENIDA MARECHAL FLORIANO PEIXOTO,BOQUEIRAO,Unidade Regional Boqueirao,10/03/2025,Telefone,2025
Reclamação,Secretaria do Governo Municipal,28/02/2025,Drenagem,Alagamentos,Concluído,RUA ITAÚNA DO SUL,ALTO BOQUEIRAO,Unidade Regional Boqueirao,23/04/2025,Telefone,2025
Solicitação,Secretaria do Governo Municipal,12/03/2025,Drenagem,Alagamentos,Concluído,Professora Joanita Bernett Passos,BOQUEIRAO,Unidade Regional Boqueirao,17/03/2025,Portal,2025
Solicitação,Secretaria do Governo Municipal,17/03/2025,Drenagem,Alagamentos,Concluído,Bartolomeu Lourenço de Gusmão,HAUER,Unidade Regional Boqueirao,30/04/2025,Portal,2025
Solicitação,Secretaria do Governo Municipal,26/03/2025,Drenagem,Alagamentos,Concluído,José Brum,XAXIM,Unidade Regional Boqueirao,05/05/2025,Portal,2025
Solicitação,Secretaria do Governo Municipal,15/04/2025,Drenagem,Alagamentos,Concluído,RUA RODOLFO AMOEDO,XAXIM,Unidade Regional Boqueirao,08/07/2025,Telefone,2025
Sugestão,Secretaria do Governo Municipal,18/04/2025,Drenagem,Alagamentos,Concluído,RODOVIA BR-476,HAUER,Unidade Regional Boqueirao,10/06/2025,Portal,2025
Solicitação,Secretaria do Governo Municipal,06/05/2025,Drenagem,Alagamentos,Concluído,Arthur Manoel Iwersen,BOQUEIRAO,Unidade Regional Boqueirao,18/06/2025,Portal,2025
Solicitação,Secretaria do Governo Municipal,08/05/2025,Drenagem,Alagamentos,Concluído,RUA DESEMBARGADOR JOÃO ANTONIO DE BARROS JÚNIOR,XAXIM,Unidade Regional Boqueirao,02/06/2025,Telefone,2025
Solicitação,Secretaria do Governo Municipal,09/06/2025,Drenagem,Alagamentos,Concluído,Diogo Mugiatti,BOQUEIRAO,Unidade Regional Boqueirao,01/08/2025,Portal,2025
Solicitação,Secretaria do Governo Municipal,22/09/2025,Drenagem,Alagamentos,Concluído,RUA DULCE TOTTI MARQUES,ALTO BOQUEIRAO,Unidade Regional Boqueirao,27/11/2025,Telefone,2025
Solicitação,Secretaria do Governo Municipal,03/10/2025,Drenagem,Alagamentos,Concluído,Irineu Prevedello Tedesco,ALTO BOQUEIRAO,Unidade Regional Boqueirao,08/10/2025,Portal,2025
Solicitação,Secretaria do Governo Municipal,14/10/2025,Drenagem,Alagamentos,Concluído,Coronel Cypriano Gomes da Silveira,XAXIM,Unidade Regional Boqueirao,22/10/2025,Portal,2025
Solicitação,Secretaria do Governo Municipal,04/11/2025,Drenagem,Alagamentos,Concluído,Abrão Winter,XAXIM,Unidade Regional Boqueirao,19/11/2025,Portal,2025
Solicitação,Secretaria do Governo Municipal,07/11/2025,Drenagem,Alagamentos,Concluído,RUA PROFESSOR JOSÉ NOGUEIRA DOS SANTOS,HAUER,Unidade Regional Boqueirao,17/11/2025,Telefone,2025
Solicitação,Secretaria do Governo Municipal,03/02/2025,Drenagem,Alagamentos,Concluído,Rua Abrahão Kalil Fadel,SEMINARIO,Unidade Regional Portao,21/02/2025,Telefone,2025
Solicitação,Secretaria do Governo Municipal,03/02/2025,Drenagem,Alagamentos,Concluído,Minas Gerais,GUAIRA,Unidade Regional Portao,10/02/2025,Portal,2025
Denúncia,Secretaria do Governo Municipal,14/02/2025,Drenagem,Alagamentos,Concluído,Pará,AGUA VERDE,Unidade Regional Portao,26/02/2025,Portal,2025
Solicitação,Secretaria do Governo Municipal,18/02/2025,Drenagem,Alagamentos,Concluído,RUA JOSÉ SCUISSIATO,SEMINARIO,Unidade Regional Portao,25/04/2025,Telefone,2025
Solicitação,Secretaria do Governo Municipal,18/02/2025,Drenagem,Alagamentos,Concluído,Rua Waldemar Cavanha,CAMPO COMPRIDO,Unidade Regional Portao,26/03/2025,Telefone,2025
Solicitação,Secretaria do Governo Municipal,18/02/2025,Drenagem,Alagamentos,Concluído,Pará,AGUA VERDE,Unidade Regional Portao,27/02/2025,Portal,2025
Solicitação,Secretaria do Governo Municipal,19/02/2025,Drenagem,Alagamentos,Concluído,RUA PEDRO KOSCHLA,CAMPO COMPRIDO,Unidade Regional Portao,27/02/2025,Telefone,2025
Solicitação,Secretaria do Governo Municipal,25/02/2025,Drenagem,Alagamentos,Concluído,AVENIDA PRESIDENTE GETÚLIO VARGAS,AGUA VERDE,Unidade Regional Portao,29/04/2025,Telefone,2025
Solicitação,Secretaria do Governo Municipal,16/04/2025,Drenagem,Alagamentos,Concluído,RUA REINALDO PAZELLO,SANTA QUITERIA,Unidade Regional Portao,20/05/2025,Telefone,2025
Solicitação,Secretaria do Governo Municipal,26/08/2025,Drenagem,Alagamentos,Concluído,RUA ALFERES POLI,PAROLIN,Unidade Regional Portao,29/09/2025,Portal,2025
Solicitação,Secretaria do Governo Municipal,26/08/2025,Drenagem,Alagamentos,Concluído,Santo Amaro,AGUA VERDE,Unidade Regional Portao,29/08/2025,Portal,2025
Solicitação,Secretaria do Governo Municipal,22/09/2025,Drenagem,Alagamentos,Concluído,RUA BRIGADEIRO FRANCO,PAROLIN,Unidade Regional Portao,29/09/2025,Portal,2025
Solicitação,Secretaria do Governo Municipal,22/09/2025,Drenagem,Alagamentos,Concluído,Professor Assis Gonçalves,AGUA VERDE,Unidade Regional Portao,29/09/2025,Portal,2025
Solicitação,Secretaria do Governo Municipal,05/10/2025,Drenagem,Alagamentos,Concluído,Nossa Senhora Aparecida,SEMINARIO,Unidade Regional Portao,08/10/2025,Portal,2025
Solicitação,Secretaria do Governo Municipal,11/10/2025,Drenagem,Alagamentos,Concluído,Santo Amaro,AGUA VERDE,Unidade Regional Portao,15/10/2025,Portal,2025
Solicitação,Secretaria do Governo Municipal,19/10/2025,Drenagem,Alagamentos,Concluído,Francisco Parolin,PAROLIN,Unidade Regional Portao,30/10/2025,Portal,2025
Solicitação,Secretaria do Governo Municipal,22/11/2025,Drenagem,Alagamentos,Concluído,Santo Amaro,AGUA VERDE,Unidade Regional Portao,28/11/2025,Portal,2025
Solicitação,Secretaria do Governo Municipal,23/11/2025,Drenagem,Alagamentos,Concluído,RUA BRIGADEIRO FRANCO,PAROLIN,Unidade Regional Portao,01/12/2025,Portal,2025
Solicitação,Secretaria do Governo Municipal,30/11/2025,Drenagem,Alagamentos,Concluído,RUA PAULO GORSKI,CAMPO COMPRIDO,Unidade Regional Portao,05/12/2025,Portal,2025
Solicitação,Secretaria do Governo Municipal,30/11/2025,Drenagem,Alagamentos,Concluído,Eugênio José de Souza,AGUA VERDE,Unidade Regional Portao,05/12/2025,Portal,2025
Solicitação,Secretaria do Governo Municipal,30/11/2025,Drenagem,Alagamentos,Concluído,Palmeiras,AGUA VERDE,Unidade Regional Portao,15/12/2025,Portal,2025
Solicitação,Secretaria do Governo Municipal,30/11/2025,Drenagem,Alagamentos,Concluído,Professor Luiz César,AGUA VERDE,Unidade Regional Portao,15/12/2025,Portal,2025
Solicitação,Secretaria do Governo Municipal,30/11/2025,Drenagem,Alagamentos,Concluído,RUA 24 DE MAIO,PAROLIN,Unidade Regional Portao,04/12/2025,Portal,2025
Solicitação,Secretaria do Governo Municipal,30/11/2025,Drenagem,Alagamentos,Concluído,RUA JOÃO PAROLIN,PAROLIN,Unidade Regional Portao,15/12/2025,Portal,2025
Solicitação,Secretaria do Governo Municipal,02/12/2025,Drenagem,Alagamentos,Concluído,RUA BRIGADEIRO FRANCO,PAROLIN,Unidade Regional Portao,15/12/2025,Portal,2025
Solicitação,Secretaria do Governo Municipal,06/12/2025,Drenagem,Alagamentos,Concluído,Nossa Senhora Aparecida,SEMINARIO,Unidade Regional Portao,12/12/2025,Portal,2025
Solicitação,Secretaria do Governo Municipal,09/12/2025,Drenagem,Alagamentos,Concluído,RUA BRIGADEIRO FRANCO,PAROLIN,Unidade Regional Portao,15/12/2025,Portal,2025
Solicitação,Secretaria do Governo Municipal,27/01/2025,Drenagem,Alagamentos,Concluído,Rua José Boiko,SANTO INACIO,Unidade Regional Santa Felicidade,30/01/2025,Telefone,2025
Solicitação,Secretaria do Governo Municipal,30/01/2025,Drenagem,Alagamentos,Concluído,RUA BASÍLIO KOWALCZUK,SAO BRAZ,Unidade Regional Santa Felicidade,31/01/2025,Telefone,2025
Solicitação,Secretaria do Governo Municipal,25/02/2025,Drenagem,Alagamentos,Concluído,Ari José Valle,SAO JOAO,Unidade Regional Santa Felicidade,17/03/2025,Portal,2025
Solicitação,Secretaria do Governo Municipal,08/04/2025,Drenagem,Alagamentos,Concluído,Rua José Boiko,SANTO INACIO,Unidade Regional Santa Felicidade,04/11/2025,Telefone,2025
Solicitação,Secretaria do Governo Municipal,09/06/2025,Drenagem,Alagamentos,Concluído,RUA UBALDO BRUNATTI,ORLEANS,Unidade Regional Santa Felicidade,13/06/2025,Telefone,2025
Solicitação,Secretaria do Governo Municipal,09/06/2025,Drenagem,Alagamentos,Concluído,RUA FRANCISCO KLEICHEVICZ,ORLEANS,Unidade Regional Santa Felicidade,16/06/2025,Telefone,2025
Solicitação,Secretaria do Governo Municipal,09/06/2025,Drenagem,Alagamentos,Concluído,Carlos Leinig Júnior,VISTA ALEGRE,Unidade Regional Santa Felicidade,13/06/2025,Portal,2025
Reclamação,Secretaria do Governo Municipal,10/06/2025,Drenagem,Alagamentos,Concluído,Ângelo Domingos Durigan,CASCATINHA,Unidade Regional Santa Felicidade,10/07/2025,Portal,2025
Solicitação,Secretaria do Governo Municipal,11/06/2025,Drenagem,Alagamentos,Concluído,Ruy de Santis,SANTA FELICIDADE,Unidade Regional Santa Felicidade,13/06/2025,Portal,2025
Solicitação,Secretaria do Governo Municipal,07/07/2025,Drenagem,Alagamentos,Concluído,RUA SAO JOSE DA BOA VISTA,SAO BRAZ,Unidade Regional Santa Felicidade,12/08/2025,Telefone,2025
Solicitação,Secretaria do Governo Municipal,03/02/2025,Drenagem,Alagamentos,Concluído,Rua Conde Dos Arcos,LINDOIA,Unidade Regional Pinheirinho,05/02/2025,Telefone,2025
Solicitação,Secretaria do Governo Municipal,03/02/2025,Drenagem,Alagamentos,Concluído,RUA IZIDORO STAVITZKI,PINHEIRINHO,Unidade Regional Pinheirinho,31/07/2025,Telefone,2025
Solicitação,Secretaria do Governo Municipal,03/02/2025,Drenagem,Alagamentos,Concluído,RUA CONDE DOS ARCOS,LINDOIA,Unidade Regional Pinheirinho,05/02/2025,Telefone,2025
Solicitação,Secretaria do Governo Municipal,03/02/2025,Drenagem,Alagamentos,Concluído,Nicolau Serrato Sobrinho,NOVO MUNDO,Unidade Regional Pinheirinho,06/02/2025,Portal,2025
Solicitação,Secretaria do Governo Municipal,10/02/2025,Drenagem,Alagamentos,Concluído,RUA ROSA MANFRON FERRO,PINHEIRINHO,Unidade Regional Pinheirinho,10/07/2025,Telefone,2025
Solicitação,Secretaria do Governo Municipal,18/02/2025,Drenagem,Alagamentos,Concluído,RUA JOSÉ SILVA DE LIMA,CAPAO RASO,Unidade Regional Pinheirinho,20/02/2025,Telefone,2025
Solicitação,Secretaria do Governo Municipal,18/02/2025,Drenagem,Alagamentos,Concluído,RUA DELEGADO NABY PARANÁ,CAPAO RASO,Unidade Regional Pinheirinho,31/07/2025,Telefone,2025
Solicitação,Secretaria do Governo Municipal,18/02/2025,Drenagem,Alagamentos,Concluído,RUA JOSÉ FERREIRA DE  BARROS,FANNY,Unidade Regional Pinheirinho,08/07/2025,Chat,2025
Solicitação,Secretaria do Governo Municipal,18/02/2025,Drenagem,Alagamentos,Concluído,Rua Carolina Castelli,NOVO MUNDO,Unidade Regional Pinheirinho,11/03/2025,Chat,2025
Solicitação,Secretaria do Governo Municipal,19/02/2025,Drenagem,Alagamentos,Concluído,Maestro Francisco Antonello,FANNY,Unidade Regional Pinheirinho,24/02/2025,Portal,2025
Reclamação,Secretaria do Governo Municipal,25/02/2025,Drenagem,Alagamentos,Concluído,José Alcides de Lima,NOVO MUNDO,Unidade Regional Pinheirinho,17/03/2025,Portal,2025
Solicitação,Secretaria do Governo Municipal,27/02/2025,Drenagem,Alagamentos,Concluído,RUA MAESTRO FRANCISCO ANTONELLO,FANNY,Unidade Regional Pinheirinho,18/08/2025,Telefone,2025
Solicitação,Secretaria do Governo Municipal,12/03/2025,Drenagem,Alagamentos,Concluído,Jaime Rodrigues da Rocha,CAPAO RASO,Unidade Regional Pinheirinho,20/03/2025,Portal,2025
Reclamação,Secretaria do Governo Municipal,17/03/2025,Drenagem,Alagamentos,Concluído,RUA DOUTOR MANOEL LINHARES DE LACERDA,CAPAO RASO,Unidade Regional Pinheirinho,07/04/2025,Telefone,2025
Reclamação,Secretaria do Governo Municipal,17/03/2025,Drenagem,Alagamentos,Concluído,Rua Araçari,PINHEIRINHO,Unidade Regional Pinheirinho,04/04/2025,Telefone,2025
Solicitação,Secretaria do Governo Municipal,26/05/2025,Drenagem,Alagamentos,Concluído,RUA JOSÉ AFONSO CORDEIRO,PINHEIRINHO,Unidade Regional Pinheirinho,04/06/2025,Telefone,2025
Solicitação,Secretaria do Governo Municipal,07/06/2025,Drenagem,Alagamentos,Concluído,RUA JOSÉ AFONSO CORDEIRO,PINHEIRINHO,Unidade Regional Pinheirinho,25/06/2025,Telefone,2025
Solicitação,Secretaria do Governo Municipal,27/06/2025,Drenagem,Alagamentos,Concluído,RUA ALBERTO KRAMER,CAPAO RASO,Unidade Regional Pinheirinho,10/07/2025,Telefone,2025
Solicitação,Secretaria do Governo Municipal,13/09/2025,Drenagem,Alagamentos,Concluído,Luiz Amora,CAPAO RASO,Unidade Regional Pinheirinho,14/11/2025,Portal,2025
Solicitação,Secretaria do Governo Municipal,22/09/2025,Drenagem,Alagamentos,Concluído,Rua Lufrido Costa,PINHEIRINHO,Unidade Regional Pinheirinho,10/10/2025,Telefone,2025
Reclamação,Secretaria do Governo Municipal,22/09/2025,Drenagem,Alagamentos,Concluído,José Alcides de Lima,NOVO MUNDO,Unidade Regional Pinheirinho,27/10/2025,Portal,2025
Solicitação,Secretaria do Governo Municipal,13/10/2025,Drenagem,Alagamentos,Concluído,RUA DESEMBARGADOR ERNANI GUARITA CARTAXO,CAPAO RASO,Unidade Regional Pinheirinho,23/10/2025,Telefone,2025
Solicitação,Secretaria do Governo Municipal,13/10/2025,Drenagem,Alagamentos,Concluído,RUA OLINDO SEQUINEL,CAPAO RASO,Unidade Regional Pinheirinho,14/11/2025,Telefone,2025
Solicitação,Secretaria do Governo Municipal,11/01/2025,Drenagem,Alagamentos,Concluído,Rio Guaporé,BAIRRO ALTO,Unidade Regional Boa Vista,03/02/2025,Portal,2025
Solicitação,Secretaria do Governo Municipal,24/01/2025,Drenagem,Alagamentos,Concluído,Rua Sofia Dubiella,ABRANCHES,Unidade Regional Boa Vista,25/02/2025,Telefone,2025
Solicitação,Secretaria do Governo Municipal,26/01/2025,Drenagem,Alagamentos,Concluído,Rua Sofia Dubiella,ABRANCHES,Unidade Regional Boa Vista,21/02/2025,Telefone,2025
Solicitação,Secretaria do Governo Municipal,26/01/2025,Drenagem,Alagamentos,Concluído,RUA SOFIA DUBIELLA,ABRANCHES,Unidade Regional Boa Vista,21/02/2025,Telefone,2025
Denúncia,Secretaria do Governo Municipal,28/01/2025,Drenagem,Alagamentos,Concluído,Professor Raul Pinheiro Machado,BACACHERI,Unidade Regional Boa Vista,30/01/2025,Portal,2025
Solicitação,Secretaria do Governo Municipal,28/01/2025,Drenagem,Alagamentos,Concluído,RUA VISCONDE DE ABAETÉ,BAIRRO ALTO,Unidade Regional Boa Vista,30/01/2025,Telefone,2025
Solicitação,Secretaria do Governo Municipal,28/01/2025,Drenagem,Alagamentos,Concluído,RUA ALBERTO DE OLIVEIRA,BAIRRO ALTO,Unidade Regional Boa Vista,31/01/2025,Telefone,2025
Solicitação,Secretaria do Governo Municipal,28/01/2025,Drenagem,Alagamentos,Concluído,Rua Alberico Flores Bueno,BAIRRO ALTO,Unidade Regional Boa Vista,29/01/2025,Telefone,2025
Solicitação,Secretaria do Governo Municipal,30/01/2025,Drenagem,Alagamentos,Concluído,Rua Catharina Prodlik,ABRANCHES,Unidade Regional Boa Vista,20/02/2025,Telefone,2025
Solicitação,Secretaria do Governo Municipal,31/01/2025,Drenagem,Alagamentos,Concluído,RUA CORONEL DOMINGOS SOARES,BAIRRO ALTO,Unidade Regional Boa Vista,04/02/2025,Telefone,2025
Solicitação,Secretaria do Governo Municipal,31/01/2025,Drenagem,Alagamentos,Concluído,RUA MARQUÊS DE ABRANTES,BAIRRO ALTO,Unidade Regional Boa Vista,03/02/2025,Telefone,2025
Solicitação,Secretaria do Governo Municipal,01/02/2025,Drenagem,Alagamentos,Concluído,Rua Rio Xingu,BAIRRO ALTO,Unidade Regional Boa Vista,03/02/2025,Telefone,2025
Solicitação,Secretaria do Governo Municipal,03/02/2025,Drenagem,Alagamentos,Concluído,RUA CORONEL ARY PINHO,BOA VISTA,Unidade Regional Boa Vista,10/03/2025,Telefone,2025
Solicitação,Secretaria do Governo Municipal,05/02/2025,Drenagem,Alagamentos,Concluído,João Krasinski,ABRANCHES,Unidade Regional Boa Vista,23/03/2025,Portal,2025
Solicitação,Secretaria do Governo Municipal,12/02/2025,Drenagem,Alagamentos,Concluído,RUA LODOVICO GERONAZZO,BOA VISTA,Unidade Regional Boa Vista,12/02/2025,Telefone,2025
Solicitação,Secretaria do Governo Municipal,13/02/2025,Drenagem,Alagamentos,Concluído,RUA APOLÔNIO DE TIANA,SANTA CANDIDA,Unidade Regional Boa Vista,20/02/2025,Telefone,2025
Solicitação,Secretaria do Governo Municipal,13/02/2025,Drenagem,Alagamentos,Concluído,RUA SOFIA DUBIELLA,ABRANCHES,Unidade Regional Boa Vista,25/02/2025,Telefone,2025
Solicitação,Secretaria do Governo Municipal,13/02/2025,Drenagem,Alagamentos,Concluído,RUA MUSTAPHA FRANCISCO LEMES,BARREIRINHA,Unidade Regional Boa Vista,21/02/2025,Telefone,2025
Solicitação,Secretaria do Governo Municipal,13/02/2025,Drenagem,Alagamentos,Concluído,RUA GUILHERME IHLENFELDT,BACACHERI,Unidade Regional Boa Vista,20/02/2025,Telefone,2025
Solicitação,Secretaria do Governo Municipal,13/02/2025,Drenagem,Alagamentos,Concluído,Rua Percy Feliciano de Castilho,BAIRRO ALTO,Unidade Regional Boa Vista,20/02/2025,Telefone,2025
Solicitação,Secretaria do Governo Municipal,13/02/2025,Drenagem,Alagamentos,Concluído,RUA JOSE ALCEU BERGER,SANTA CANDIDA,Unidade Regional Boa Vista,21/02/2025,Telefone,2025
Solicitação,Secretaria do Governo Municipal,13/02/2025,Drenagem,Alagamentos,Concluído,RUA CURIÚVA,BARREIRINHA,Unidade Regional Boa Vista,20/02/2025,Telefone,2025
Solicitação,Secretaria do Governo Municipal,13/02/2025,Drenagem,Alagamentos,Concluído,Rua Guilherme Ihlenfeldt,BACACHERI,Unidade Regional Boa Vista,20/02/2025,Telefone,2025
Solicitação,Secretaria do Governo Municipal,13/02/2025,Drenagem,Alagamentos,Concluído,Rua João Reboli,SANTA CANDIDA,Unidade Regional Boa Vista,07/04/2025,Telefone,2025
Solicitação,Secretaria do Governo Municipal,14/02/2025,Drenagem,Alagamentos,Concluído,RUA JOSÉ VERÍSSIMO,BAIRRO ALTO,Unidade Regional Boa Vista,19/02/2025,Telefone,2025
Solicitação,Secretaria do Governo Municipal,14/02/2025,Drenagem,Alagamentos,Concluído,RUA JOSÉ LINS DO REGO,BAIRRO ALTO,Unidade Regional Boa Vista,19/02/2025,Telefone,2025
Reclamação,Secretaria do Governo Municipal,17/02/2025,Drenagem,Alagamentos,Concluído,Santa Gema Galgani,BARREIRINHA,Unidade Regional Boa Vista,24/07/2025,Portal,2025
Solicitação,Secretaria do Governo Municipal,18/02/2025,Drenagem,Alagamentos,Concluído,Ayrton Luciano Franco,SANTA CANDIDA,Unidade Regional Boa Vista,22/04/2025,Portal,2025
Solicitação,Secretaria do Governo Municipal,19/02/2025,Drenagem,Alagamentos,Concluído,RUA SALVADOR DE MAURO,PILARZINHO,Unidade Regional Boa Vista,21/02/2025,Telefone,2025
Solicitação,Secretaria do Governo Municipal,12/03/2025,Drenagem,Alagamentos,Concluído,Rua Colômbia,BACACHERI,Unidade Regional Boa Vista,19/05/2025,Telefone,2025
Solicitação,Secretaria do Governo Municipal,18/03/2025,Drenagem,Alagamentos,Concluído,Rio Tietê,BAIRRO ALTO,Unidade Regional Boa Vista,21/05/2025,Portal,2025
Solicitação,Secretaria do Governo Municipal,19/03/2025,Drenagem,Alagamentos,Concluído,RUA ANTONIO CANDIDO CAVALIM,BAIRRO ALTO,Unidade Regional Boa Vista,21/03/2025,Telefone,2025
Solicitação,Secretaria do Governo Municipal,20/03/2025,Drenagem,Alagamentos,Concluído,RUA DAVID GERONASSO,BOA VISTA,Unidade Regional Boa Vista,21/03/2025,Telefone,2025
Solicitação,Secretaria do Governo Municipal,21/03/2025,Drenagem,Alagamentos,Concluído,Doutor Benedito Amorim,SANTA CANDIDA,Unidade Regional Boa Vista,02/06/2025,Portal,2025
Solicitação,Secretaria do Governo Municipal,08/06/2025,Drenagem,Alagamentos,Concluído,RUA COLÔMBIA,BACACHERI,Unidade Regional Boa Vista,16/06/2025,Telefone,2025
Solicitação,Secretaria do Governo Municipal,26/06/2025,Drenagem,Alagamentos,Concluído,RUA DINARTE DE JESUS,PILARZINHO,Unidade Regional Boa Vista,26/06/2025,Telefone,2025
Solicitação,Secretaria do Governo Municipal,07/07/2025,Drenagem,Alagamentos,Concluído,RUA ODETE FATUCH,BACACHERI,Unidade Regional Boa Vista,08/07/2025,Telefone,2025
Solicitação,Secretaria do Governo Municipal,08/07/2025,Drenagem,Alagamentos,Concluído,Rua Patativa,SANTA CANDIDA,Unidade Regional Boa Vista,09/07/2025,Telefone,2025
Solicitação,Secretaria do Governo Municipal,25/07/2025,Drenagem,Alagamentos,Concluído,RUA ODILON SANTANA GOMES,PILARZINHO,Unidade Regional Boa Vista,25/07/2025,Telefone,2025
Solicitação,Secretaria do Governo Municipal,06/08/2025,Drenagem,Alagamentos,Concluído,RUA ODETE FATUCH,BACACHERI,Unidade Regional Boa Vista,08/08/2025,Telefone,2025
Solicitação,Secretaria do Governo Municipal,08/08/2025,Drenagem,Alagamentos,Concluído,RUA JACOB PAYKALA,ATUBA,Unidade Regional Boa Vista,08/08/2025,Telefone,2025
Solicitação,Secretaria do Governo Municipal,20/10/2025,Drenagem,Alagamentos,Concluído,RUA DESEMBARGADOR MANOEL DE LACERDA PINTO,BACACHERI,Unidade Regional Boa Vista,22/10/2025,Telefone,2025
Denúncia,Secretaria do Governo Municipal,11/01/2025,Drenagem,Alagamentos,Concluído,Jordânia,CAJURU,Unidade Regional Cajuru,14/01/2025,Portal,2025
Solicitação,Secretaria do Governo Municipal,20/01/2025,Drenagem,Alagamentos,Concluído,Sofia Bora,UBERABA,Unidade Regional Cajuru,07/04/2025,Portal,2025
Solicitação,Secretaria do Governo Municipal,22/01/2025,Drenagem,Alagamentos,Concluído,Rua Manoela Stier Reiss,UBERABA,Unidade Regional Cajuru,28/01/2025,Telefone,2025
Solicitação,Secretaria do Governo Municipal,22/01/2025,Drenagem,Alagamentos,Concluído,Rua Manoela Stier Reiss,UBERABA,Unidade Regional Cajuru,28/01/2025,Telefone,2025
Solicitação,Secretaria do Governo Municipal,22/01/2025,Drenagem,Alagamentos,Concluído,RUA MANOELA STIER REISS,UBERABA,Unidade Regional Cajuru,28/01/2025,Telefone,2025
Solicitação,Secretaria do Governo Municipal,22/01/2025,Drenagem,Alagamentos,Concluído,RUA MANOELA STIER REISS,UBERABA,Unidade Regional Cajuru,28/01/2025,Telefone,2025
Reclamação,Secretaria do Governo Municipal,22/01/2025,Drenagem,Alagamentos,Concluído,Rua Manoela Stier Reiss,UBERABA,Unidade Regional Cajuru,28/01/2025,Telefone,2025
Solicitação,Secretaria do Governo Municipal,28/01/2025,Drenagem,Alagamentos,Concluído,Rua Arlindo Natal,UBERABA,Unidade Regional Cajuru,05/02/2025,Telefone,2025
Solicitação,Secretaria do Governo Municipal,28/01/2025,Drenagem,Alagamentos,Concluído,Rua Índia,CAJURU,Unidade Regional Cajuru,03/02/2025,Telefone,2025
Solicitação,Secretaria do Governo Municipal,28/01/2025,Drenagem,Alagamentos,Concluído,RUA CELSO CESAR OSTERNACK,CAJURU,Unidade Regional Cajuru,30/01/2025,Telefone,2025
Solicitação,Secretaria do Governo Municipal,28/01/2025,Drenagem,Alagamentos,Concluído,Rua Maceió,CAJURU,Unidade Regional Cajuru,30/01/2025,Telefone,2025
Solicitação,Secretaria do Governo Municipal,28/01/2025,Drenagem,Alagamentos,Concluído,RUA CID JOSÉ DOS SANTOS,UBERABA,Unidade Regional Cajuru,03/02/2025,Telefone,2025
Solicitação,Secretaria do Governo Municipal,28/01/2025,Drenagem,Alagamentos,Concluído,RUA NITEROI,CAJURU,Unidade Regional Cajuru,29/01/2025,Telefone,2025
Solicitação,Secretaria do Governo Municipal,28/01/2025,Drenagem,Alagamentos,Concluído,Salvador,CAJURU,Unidade Regional Cajuru,31/01/2025,Portal,2025
Solicitação,Secretaria do Governo Municipal,28/01/2025,Drenagem,Alagamentos,Concluído,Monsenhor Dunand,UBERABA,Unidade Regional Cajuru,27/02/2025,Telefone,2025
Solicitação,Secretaria do Governo Municipal,28/01/2025,Drenagem,Alagamentos,Concluído,Rua Osmário de Lima,CAPAO DA IMBUIA,Unidade Regional Cajuru,30/01/2025,Telefone,2025
Solicitação,Secretaria do Governo Municipal,28/01/2025,Drenagem,Alagamentos,Concluído,RUA CAJÁ-MANGA,UBERABA,Unidade Regional Cajuru,31/01/2025,Telefone,2025
Solicitação,Secretaria do Governo Municipal,28/01/2025,Drenagem,Alagamentos,Concluído,Rua Etiópia,CAJURU,Unidade Regional Cajuru,05/02/2025,Telefone,2025
Solicitação,Secretaria do Governo Municipal,28/01/2025,Drenagem,Alagamentos,Concluído,RUA PROFESSORA ANTÔNIA REGINATO VIANNA,CAPAO DA IMBUIA,Unidade Regional Cajuru,30/01/2025,Telefone,2025
Solicitação,Secretaria do Governo Municipal,28/01/2025,Drenagem,Alagamentos,Concluído,RUA CAPITÃO VARASSIN,CAPAO DA IMBUIA,Unidade Regional Cajuru,30/01/2025,Telefone,2025
Solicitação,Secretaria do Governo Municipal,28/01/2025,Drenagem,Alagamentos,Concluído,RUA CASIMIRO TOSI,CAPAO DA IMBUIA,Unidade Regional Cajuru,30/01/2025,Telefone,2025
Solicitação,Secretaria do Governo Municipal,28/01/2025,Drenagem,Alagamentos,Concluído,Rua Laurentino Rosa Dos Santos,CAJURU,Unidade Regional Cajuru,11/02/2025,Telefone,2025
Solicitação,Secretaria do Governo Municipal,28/01/2025,Drenagem,Alagamentos,Concluído,Rua Professora Antônia Reginato Vianna,CAPAO DA IMBUIA,Unidade Regional Cajuru,03/02/2025,Telefone,2025
Solicitação,Secretaria do Governo Municipal,28/01/2025,Drenagem,Alagamentos,Concluído,Rua Doutor João Luiz Bettega,CAJURU,Unidade Regional Cajuru,30/01/2025,Telefone,2025
Solicitação,Secretaria do Governo Municipal,28/01/2025,Drenagem,Alagamentos,Concluído,RUA MANOELA STIER REISS - UMS ALVORADA PSF,UBERABA,Unidade Regional Cajuru,13/05/2025,Telefone,2025
Solicitação,Secretaria do Governo Municipal,28/01/2025,Drenagem,Alagamentos,Concluído,RUA DOUTOR JOÃO LUIZ BETTEGA,CAJURU,Unidade Regional Cajuru,31/01/2025,Telefone,2025
Solicitação,Secretaria do Governo Municipal,28/01/2025,Drenagem,Alagamentos,Concluído,Rua Professora Leoni Idazima Fila do Nascimento,CAJURU,Unidade Regional Cajuru,31/01/2025,Telefone,2025
Solicitação,Secretaria do Governo Municipal,28/01/2025,Drenagem,Alagamentos,Concluído,Edgard de Alencar Guimarães,CAJURU,Unidade Regional Cajuru,03/02/2025,Portal,2025
Solicitação,Secretaria do Governo Municipal,31/01/2025,Drenagem,Alagamentos,Concluído,RUA SANTO ANÍBAL MARIA DIFRANCIA,UBERABA,Unidade Regional Cajuru,05/02/2025,Telefone,2025
Solicitação,Secretaria do Governo Municipal,31/01/2025,Drenagem,Alagamentos,Concluído,Rua Tranquilo Saragiotto,CAJURU,Unidade Regional Cajuru,06/02/2025,Telefone,2025
Solicitação,Secretaria do Governo Municipal,31/01/2025,Drenagem,Alagamentos,Concluído,Rua Ladislau Smak,UBERABA,Unidade Regional Cajuru,05/02/2025,Telefone,2025
Solicitação,Secretaria do Governo Municipal,31/01/2025,Drenagem,Alagamentos,Concluído,RUA NATAL,CAJURU,Unidade Regional Cajuru,05/02/2025,Telefone,2025
Solicitação,Secretaria do Governo Municipal,31/01/2025,Drenagem,Alagamentos,Concluído,RUA SALVADOR,CAJURU,Unidade Regional Cajuru,05/02/2025,Chat,2025
Solicitação,Secretaria do Governo Municipal,31/01/2025,Drenagem,Alagamentos,Concluído,Rua Natal,CAJURU,Unidade Regional Cajuru,05/02/2025,Chat,2025
Reclamação,Secretaria do Governo Municipal,01/02/2025,Drenagem,Alagamentos,Concluído,Manoel Máximo dos Santos,CAJURU,Unidade Regional Cajuru,06/02/2025,Portal,2025
Solicitação,Secretaria do Governo Municipal,01/02/2025,Drenagem,Alagamentos,Concluído,Rua Avelino Mantovani,UBERABA,Unidade Regional Cajuru,06/02/2025,Telefone,2025
Solicitação,Secretaria do Governo Municipal,03/02/2025,Drenagem,Alagamentos,Concluído,Nagib da Silva,CAJURU,Unidade Regional Cajuru,06/02/2025,Portal,2025
Solicitação,Secretaria do Governo Municipal,03/02/2025,Drenagem,Alagamentos,Concluído,RUA ALETE DACHEAUX STORI,JARDIM DAS AMERICAS,Unidade Regional Cajuru,06/02/2025,Telefone,2025
Solicitação,Secretaria do Governo Municipal,03/02/2025,Drenagem,Alagamentos,Concluído,RUA ARAGUAIA,CAPAO DA IMBUIA,Unidade Regional Cajuru,06/02/2025,Telefone,2025
Solicitação,Secretaria do Governo Municipal,03/02/2025,Drenagem,Alagamentos,Concluído,RUA CAJA-MANGA,UBERABA,Unidade Regional Cajuru,25/02/2025,Telefone,2025
Solicitação,Secretaria do Governo Municipal,05/02/2025,Drenagem,Alagamentos,Concluído,Aviador Armin Buhrer,UBERABA,Unidade Regional Cajuru,06/02/2025,Portal,2025
Solicitação,Secretaria do Governo Municipal,12/02/2025,Drenagem,Alagamentos,Concluído,RUA JÚLIO WISCHRAL,UBERABA,Unidade Regional Cajuru,21/02/2025,Telefone,2025
Solicitação,Secretaria do Governo Municipal,13/02/2025,Drenagem,Alagamentos,Concluído,RUA PADRE ARNALDO JANSSEN,CAJURU,Unidade Regional Cajuru,20/02/2025,Telefone,2025
Solicitação,Secretaria do Governo Municipal,13/02/2025,Drenagem,Alagamentos,Concluído,RUA PAULO DE FRONTIN,CAJURU,Unidade Regional Cajuru,18/02/2025,Telefone,2025
Solicitação,Secretaria do Governo Municipal,13/02/2025,Drenagem,Alagamentos,Concluído,Rua José Demeterco,CAJURU,Unidade Regional Cajuru,23/05/2025,Telefone,2025
Solicitação,Secretaria do Governo Municipal,13/02/2025,Drenagem,Alagamentos,Concluído,Rua Carlota Pereira de Queiroz,CAJURU,Unidade Regional Cajuru,14/02/2025,Telefone,2025
Solicitação,Secretaria do Governo Municipal,13/02/2025,Drenagem,Alagamentos,Concluído,RUA CUIABÁ,CAJURU,Unidade Regional Cajuru,17/02/2025,Telefone,2025
Recadastro,Secretaria do Governo Municipal,13/02/2025,Drenagem,Alagamentos,Concluído,Rua Etiópia,CAJURU,Unidade Regional Cajuru,27/02/2025,Telefone,2025
Recadastro,Secretaria do Governo Municipal,13/02/2025,Drenagem,Alagamentos,Concluído,RUA ARAGUAIA,CAPAO DA IMBUIA,Unidade Regional Cajuru,25/02/2025,Telefone,2025
Solicitação,Secretaria do Governo Municipal,13/02/2025,Drenagem,Alagamentos,Concluído,Rua Germânia,CAJURU,Unidade Regional Cajuru,17/02/2025,Telefone,2025
Solicitação,Secretaria do Governo Municipal,13/02/2025,Drenagem,Alagamentos,Concluído,RUA NATAL,CAJURU,Unidade Regional Cajuru,17/02/2025,Telefone,2025
Solicitação,Secretaria do Governo Municipal,13/02/2025,Drenagem,Alagamentos,Concluído,Rua Aviador Armin Buhrer,UBERABA,Unidade Regional Cajuru,23/04/2025,Telefone,2025
Solicitação,Secretaria do Governo Municipal,13/02/2025,Drenagem,Alagamentos,Concluído,Rua Pastor Nilson do Amaral Fanin,CAJURU,Unidade Regional Cajuru,19/02/2025,Telefone,2025
Solicitação,Secretaria do Governo Municipal,13/02/2025,Drenagem,Alagamentos,Concluído,Rua Gabirobas,UBERABA,Unidade Regional Cajuru,08/05/2025,Telefone,2025
Solicitação,Secretaria do Governo Municipal,14/02/2025,Drenagem,Alagamentos,Concluído,Rua Doutor Ozéas Saraiva de Araújo,UBERABA,Unidade Regional Cajuru,21/02/2025,Telefone,2025
Solicitação,Secretaria do Governo Municipal,15/02/2025,Drenagem,Alagamentos,Concluído,Fortaleza,CAJURU,Unidade Regional Cajuru,21/02/2025,Portal,2025
Reclamação,Secretaria do Governo Municipal,17/02/2025,Drenagem,Alagamentos,Concluído,AVENIDA COMENDADOR FRANCO,UBERABA,Unidade Regional Cajuru,25/02/2025,Portal,2025
Solicitação,Secretaria do Governo Municipal,18/02/2025,Drenagem,Alagamentos,Concluído,RUA CUIABÁ,CAJURU,Unidade Regional Cajuru,25/02/2025,Telefone,2025
Solicitação,Secretaria do Governo Municipal,18/02/2025,Drenagem,Alagamentos,Concluído,Rua Nicácio Riquelme,CAPAO DA IMBUIA,Unidade Regional Cajuru,10/04/2025,Telefone,2025
Solicitação,Secretaria do Governo Municipal,18/02/2025,Drenagem,Alagamentos,Concluído,Doutor Hamilton Dybowicz,UBERABA,Unidade Regional Cajuru,21/02/2025,Portal,2025
Solicitação,Secretaria do Governo Municipal,18/02/2025,Drenagem,Alagamentos,Concluído,Rua Arlindo Natal,UBERABA,Unidade Regional Cajuru,19/02/2025,Chat,2025
Solicitação,Secretaria do Governo Municipal,18/02/2025,Drenagem,Alagamentos,Concluído,Rua Francisco José Martin,UBERABA,Unidade Regional Cajuru,19/02/2025,Telefone,2025
Solicitação,Secretaria do Governo Municipal,18/02/2025,Drenagem,Alagamentos,Concluído,General Polli Coelho,TARUMA,Unidade Regional Cajuru,27/02/2025,Portal,2025
Solicitação,Secretaria do Governo Municipal,18/02/2025,Drenagem,Alagamentos,Concluído,Armando Della Bianca,CAJURU,Unidade Regional Cajuru,10/06/2025,Portal,2025
Solicitação,Secretaria do Governo Municipal,18/02/2025,Drenagem,Alagamentos,Concluído,Rua José Hauer,UBERABA,Unidade Regional Cajuru,19/02/2025,Telefone,2025
Solicitação,Secretaria do Governo Municipal,18/02/2025,Drenagem,Alagamentos,Concluído,Rua Doutor Urbano Toniolo,CAJURU,Unidade Regional Cajuru,21/02/2025,Telefone,2025
Solicitação,Secretaria do Governo Municipal,18/02/2025,Drenagem,Alagamentos,Concluído,Rua Arlindo Natal,UBERABA,Unidade Regional Cajuru,19/02/2025,Telefone,2025
Solicitação,Secretaria do Governo Municipal,18/02/2025,Drenagem,Alagamentos,Concluído,Rua Pedro Saturnino,UBERABA,Unidade Regional Cajuru,19/02/2025,Telefone,2025
Solicitação,Secretaria do Governo Municipal,18/02/2025,Drenagem,Alagamentos,Concluído,RUA CUIABÁ,CAJURU,Unidade Regional Cajuru,22/05/2025,Telefone,2025
Solicitação,Secretaria do Governo Municipal,18/02/2025,Drenagem,Alagamentos,Concluído,Rua Etiópia,CAJURU,Unidade Regional Cajuru,06/03/2025,Telefone,2025
Reclamação,Secretaria do Governo Municipal,19/02/2025,Drenagem,Alagamentos,Concluído,Reverendo Raul Rodrigues de Castro,CAJURU,Unidade Regional Cajuru,19/02/2025,Portal,2025
Solicitação,Secretaria do Governo Municipal,19/02/2025,Drenagem,Alagamentos,Concluído,RUA ANTONIO MOREIRA LOPES,CAJURU,Unidade Regional Cajuru,16/09/2025,Telefone,2025
Solicitação,Secretaria do Governo Municipal,27/02/2025,Drenagem,Alagamentos,Concluído,RUA SANTO ANÍBAL MARIA DI FRANCIA,UBERABA,Unidade Regional Cajuru,28/02/2025,Telefone,2025
Solicitação,Secretaria do Governo Municipal,27/02/2025,Drenagem,Alagamentos,Concluído,Rua Marechal Cardoso Júnior,JARDIM DAS AMERICAS,Unidade Regional Cajuru,06/03/2025,Telefone,2025
Solicitação,Secretaria do Governo Municipal,06/03/2025,Drenagem,Alagamentos,Concluído,RUA ADÃO LAURO VARGAS,UBERABA,Unidade Regional Cajuru,08/05/2025,Telefone,2025
Solicitação,Secretaria do Governo Municipal,09/03/2025,Drenagem,Alagamentos,Concluído,RUA TENENTE CORONEL BENJAMIN LAGE,UBERABA,Unidade Regional Cajuru,10/03/2025,Telefone,2025
Solicitação,Secretaria do Governo Municipal,18/03/2025,Drenagem,Alagamentos,Concluído,RUA ADY LOBO SOTTO MAIOR,CAJURU,Unidade Regional Cajuru,30/04/2025,Telefone,2025
Solicitação,Secretaria do Governo Municipal,10/04/2025,Drenagem,Alagamentos,Concluído,RUA SILVIO DA MAIA MOREIRA,UBERABA,Unidade Regional Cajuru,14/04/2025,Telefone,2025
Solicitação,Secretaria do Governo Municipal,21/05/2025,Drenagem,Alagamentos,Concluído,Rua Reinaldo Issberner,CAJURU,Unidade Regional Cajuru,23/05/2025,Telefone,2025
Solicitação,Secretaria do Governo Municipal,04/07/2025,Drenagem,Alagamentos,Concluído,Leonardo Gelinski,CAJURU,Unidade Regional Cajuru,14/07/2025,Portal,2025
Solicitação,Secretaria do Governo Municipal,15/08/2025,Drenagem,Alagamentos,Concluído,RUA SANTO AGOSTINHO,CAJURU,Unidade Regional Cajuru,21/08/2025,Telefone,2025
Solicitação,Secretaria do Governo Municipal,24/01/2025,Drenagem,Alagamentos,Concluído,Rua Celeste Tortato Gabardo,SITIO CERCADO,Unidade Regional Bairro Novo,24/02/2025,Telefone,2025
Solicitação,Secretaria do Governo Municipal,28/01/2025,Drenagem,Alagamentos,Concluído,Profeta Elizeu,UMBARA,Unidade Regional Bairro Novo,24/02/2025,Portal,2025
Solicitação,Secretaria do Governo Municipal,29/01/2025,Drenagem,Alagamentos,Concluído,Profeta Elizeu,UMBARA,Unidade Regional Bairro Novo,17/03/2025,Portal,2025
Reclamação,Secretaria do Governo Municipal,30/01/2025,Drenagem,Alagamentos,Concluído,RUA PROFESSOR JOÃO POECK,SITIO CERCADO,Unidade Regional Bairro Novo,24/02/2025,Telefone,2025
Solicitação,Secretaria do Governo Municipal,03/02/2025,Drenagem,Alagamentos,Concluído,Rua Doutor Carlos Franco Ferreira da Costa,SITIO CERCADO,Unidade Regional Bairro Novo,13/03/2025,Telefone,2025
Solicitação,Secretaria do Governo Municipal,13/02/2025,Drenagem,Alagamentos,Concluído,RUA OURIZONA,SITIO CERCADO,Unidade Regional Bairro Novo,19/02/2025,Telefone,2025
Solicitação,Secretaria do Governo Municipal,18/02/2025,Drenagem,Alagamentos,Concluído,RUA CAMBÉ,SITIO CERCADO,Unidade Regional Bairro Novo,28/04/2025,Telefone,2025
Solicitação,Secretaria do Governo Municipal,07/04/2025,Drenagem,Alagamentos,Concluído,RUA AGUDOS DO SUL,SITIO CERCADO,Unidade Regional Bairro Novo,10/04/2025,Telefone,2025
Solicitação,Secretaria do Governo Municipal,13/04/2025,Drenagem,Alagamentos,Concluído,Rua Deputado Sinval Martins Araújo,GANCHINHO,Unidade Regional Bairro Novo,28/04/2025,Telefone,2025
Solicitação,Secretaria do Governo Municipal,13/04/2025,Drenagem,Alagamentos,Concluído,RUA DEPUTADO SINVAL MARTINS ARAÚJO,GANCHINHO,Unidade Regional Bairro Novo,28/04/2025,Telefone,2025
Solicitação,Secretaria do Governo Municipal,31/07/2025,Drenagem,Alagamentos,Concluído,RUA FRANCISCO CLAUDINO FERREIRA,SITIO CERCADO,Unidade Regional Bairro Novo,12/08/2025,Telefone,2025
Solicitação,Secretaria do Governo Municipal,20/08/2025,Drenagem,Alagamentos,Concluído,RUA PROFESSOR MILTON VIANNA,SITIO CERCADO,Unidade Regional Bairro Novo,01/09/2025,Telefone,2025
Solicitação,Secretaria do Governo Municipal,27/08/2025,Drenagem,Alagamentos,Concluído,RUA SANT ANA DO ITARARÉ,SITIO CERCADO,Unidade Regional Bairro Novo,02/09/2025,Telefone,2025
Solicitação,Secretaria do Governo Municipal,29/09/2025,Drenagem,Alagamentos,Concluído,Antônio Schwartz,SITIO CERCADO,Unidade Regional Bairro Novo,13/10/2025,Portal,2025
Solicitação,Secretaria do Governo Municipal,27/10/2025,Drenagem,Alagamentos,Concluído,Rua Vereador Ângelo Burbello,UMBARA,Unidade Regional Bairro Novo,11/11/2025,Telefone,2025
Solicitação,Secretaria Municipal de Obras Públicas,24/01/2025,Drenagem,Alagamentos,Concluído,Rua Frederico Cantarelli,BIGORRILHO,Unidade Regional Matriz,27/01/2025,Chat,2025
Solicitação,Secretaria Municipal de Obras Públicas,28/01/2025,Drenagem,Alagamentos,Concluído,Oyapock,CRISTO REI,Unidade Regional Matriz,07/02/2025,Portal,2025
Solicitação,Secretaria Municipal de Obras Públicas,28/01/2025,Drenagem,Alagamentos,Concluído,RUA CAMÕES,HUGO LANGE,Unidade Regional Matriz,07/02/2025,Telefone,2025
Solicitação,Secretaria Municipal de Obras Públicas,18/02/2025,Drenagem,Alagamentos,Concluído,Rua Professor Brandão,ALTO DA RUA XV,Unidade Regional Matriz,17/03/2025,Telefone,2025
Solicitação,Secretaria Municipal de Obras Públicas,18/02/2025,Drenagem,Alagamentos,Concluído,RUA CHICHORRO JÚNIOR,CABRAL,Unidade Regional Matriz,14/03/2025,Telefone,2025
Solicitação,Secretaria Municipal de Obras Públicas,18/02/2025,Drenagem,Alagamentos,Concluído,Fernandes de Barros,CRISTO REI,Unidade Regional Matriz,12/03/2025,Portal,2025
Reclamação,Secretaria Municipal de Obras Públicas,26/02/2025,Drenagem,Alagamentos,Concluído,Henrique Itiberê da Cunha,BOM RETIRO,Unidade Regional Matriz,08/04/2025,Portal,2025
Reclamação,Secretaria Municipal de Obras Públicas,26/02/2025,Drenagem,Alagamentos,Concluído,Henrique Itiberê da Cunha,BOM RETIRO,Unidade Regional Matriz,08/04/2025,Portal,2025
Solicitação,Secretaria Municipal de Obras Públicas,24/03/2025,Drenagem,Alagamentos,Concluído,Coronel Amazonas Marcondes,CABRAL,Unidade Regional Matriz,31/03/2025,Portal,2025
Solicitação,Secretaria Municipal de Obras Públicas,08/04/2025,Drenagem,Alagamentos,Concluído,RUA LÚCIO RASERA,BIGORRILHO,Unidade Regional Matriz,09/04/2025,Telefone,2025
Solicitação,Secretaria Municipal de Obras Públicas,04/06/2025,Drenagem,Alagamentos,Concluído,RUA DOUTOR MANOEL PEDRO,CABRAL,Unidade Regional Matriz,04/07/2025,Telefone,2025
Solicitação,Secretaria Municipal de Obras Públicas,09/06/2025,Drenagem,Alagamentos,Concluído,LARGO ERASMO DE ROTTERDAM,AHU,Unidade Regional Matriz,17/06/2025,Telefone,2025
Solicitação,SECRETARIA MUNICIPAL DA DEFESA SOCIAL E TRÂNSITO,22/01/2025,Proteção ao cidadão - GM,"Enchentes, inundações ou alagamentos",Concluído,RUA MANOELA STIER REISS,UBERABA,Unidade Regional Cajuru,22/01/2025,Telefone,2025
Solicitação,SECRETARIA MUNICIPAL DA DEFESA SOCIAL E TRÂNSITO,26/01/2025,Proteção ao cidadão - GM,"Enchentes, inundações ou alagamentos",Concluído,Rua Sofia Dubiella,ABRANCHES,Unidade Regional Boa Vista,28/01/2025,Telefone,2025
Solicitação,SECRETARIA MUNICIPAL DA DEFESA SOCIAL E TRÂNSITO,28/01/2025,Proteção ao cidadão - GM,"Enchentes, inundações ou alagamentos",Concluído,Rua Laurentino Rosa Dos Santos,CAJURU,Unidade Regional Cajuru,29/01/2025,Telefone,2025
Solicitação,SECRETARIA MUNICIPAL DA DEFESA SOCIAL E TRÂNSITO,28/01/2025,Proteção ao cidadão - GM,"Enchentes, inundações ou alagamentos",Concluído,RUA MARIA BARCHIKI CHINASSO,CAJURU,Unidade Regional Cajuru,29/01/2025,Telefone,2025
Solicitação,SECRETARIA MUNICIPAL DA DEFESA SOCIAL E TRÂNSITO,28/01/2025,Proteção ao cidadão - GM,"Enchentes, inundações ou alagamentos",Concluído,RUA DOUTOR JOÃO LUIZ BETTEGA,CAJURU,Unidade Regional Cajuru,28/01/2025,Telefone,2025
Solicitação,SECRETARIA MUNICIPAL DA DEFESA SOCIAL E TRÂNSITO,28/01/2025,Proteção ao cidadão - GM,"Enchentes, inundações ou alagamentos",Concluído,Rua Justiniano de Melo Silva,JARDIM SOCIAL,Unidade Regional Matriz,28/01/2025,Telefone,2025
Solicitação,SECRETARIA MUNICIPAL DA DEFESA SOCIAL E TRÂNSITO,31/01/2025,Proteção ao cidadão - GM,"Enchentes, inundações ou alagamentos",Concluído,Rua Douglas Victor Novitzki,CIDADE INDUSTRIAL,Unidade Regional CIC,31/01/2025,Telefone,2025
Solicitação,SECRETARIA MUNICIPAL DA DEFESA SOCIAL E TRÂNSITO,31/01/2025,Proteção ao cidadão - GM,"Enchentes, inundações ou alagamentos",Concluído,RUA BENEDITO FRANCA,CAPAO DA IMBUIA,Unidade Regional Cajuru,31/01/2025,Telefone,2025
Solicitação,SECRETARIA MUNICIPAL DA DEFESA SOCIAL E TRÂNSITO,03/02/2025,Proteção ao cidadão - GM,"Enchentes, inundações ou alagamentos",Concluído,RUA ABRÃO WINTER,XAXIM,Unidade Regional Boqueirao,03/02/2025,Telefone,2025
Solicitação,SECRETARIA MUNICIPAL DA DEFESA SOCIAL E TRÂNSITO,18/02/2025,Proteção ao cidadão - GM,"Enchentes, inundações ou alagamentos",Concluído,RUA CHICHORRO JÚNIOR,CABRAL,Unidade Regional Matriz,18/02/2025,Telefone,2025
Solicitação,SECRETARIA MUNICIPAL DA DEFESA SOCIAL E TRÂNSITO,18/02/2025,Proteção ao cidadão - GM,"Enchentes, inundações ou alagamentos",Concluído,RUA BOM JESUS DE IGUAPE,HAUER,Unidade Regional Boqueirao,18/02/2025,Telefone,2025
Solicitação,SECRETARIA MUNICIPAL DA DEFESA SOCIAL E TRÂNSITO,18/02/2025,Proteção ao cidadão - GM,"Enchentes, inundações ou alagamentos",Concluído,RUA BALDUR MAGNUS GRUBBA,NOVO MUNDO,Unidade Regional Pinheirinho,18/02/2025,Telefone,2025
Solicitação,SECRETARIA MUNICIPAL DA DEFESA SOCIAL E TRÂNSITO,18/02/2025,Proteção ao cidadão - GM,"Enchentes, inundações ou alagamentos",Concluído,RUA WATERLOO MARCHESINI,SEMINARIO,Unidade Regional Portao,18/02/2025,Telefone,2025
Solicitação,SECRETARIA MUNICIPAL DA DEFESA SOCIAL E TRÂNSITO,18/02/2025,Proteção ao cidadão - GM,"Enchentes, inundações ou alagamentos",Concluído,Rua Bom Jesus de Iguape,HAUER,Unidade Regional Boqueirao,18/02/2025,Telefone,2025
Solicitação,SECRETARIA MUNICIPAL DA DEFESA SOCIAL E TRÂNSITO,27/02/2025,Proteção ao cidadão - GM,"Enchentes, inundações ou alagamentos",Concluído,RUA DAS CARMELITAS,BOQUEIRAO,Unidade Regional Boqueirao,27/02/2025,Telefone,2025
Solicitação,SECRETARIA MUNICIPAL DA DEFESA SOCIAL E TRÂNSITO,27/02/2025,Proteção ao cidadão - GM,"Enchentes, inundações ou alagamentos",Concluído,RUA DESEMBARGADOR ANTÔNIO DE PAULA,BOQUEIRAO,Unidade Regional Boqueirao,27/02/2025,Telefone,2025
Solicitação,SECRETARIA MUNICIPAL DA DEFESA SOCIAL E TRÂNSITO,27/02/2025,Proteção ao cidadão - GM,"Enchentes, inundações ou alagamentos",Concluído,RUA CARLOS ESSENFELDER,BOQUEIRAO,Unidade Regional Boqueirao,27/02/2025,Telefone,2025
Solicitação,SECRETARIA MUNICIPAL DA DEFESA SOCIAL E TRÂNSITO,27/02/2025,Proteção ao cidadão - GM,"Enchentes, inundações ou alagamentos",Concluído,Adão Picussa Netto,BOQUEIRAO,Unidade Regional Boqueirao,27/02/2025,Telefone,2025
Solicitação,SECRETARIA MUNICIPAL DA DEFESA SOCIAL E TRÂNSITO,26/08/2025,Proteção ao cidadão - GM,"Enchentes, inundações ou alagamentos",Concluído,Rua Lins de Vasconcelos,CIDADE INDUSTRIAL,Unidade Regional CIC,26/08/2025,Telefone,2025
Solicitação,SECRETARIA MUNICIPAL DA DEFESA SOCIAL E TRÂNSITO,26/09/2025,Proteção ao cidadão - GM,"Enchentes, inundações ou alagamentos",Concluído,RUA BENVENUTO GUSSO,BOA VISTA,Unidade Regional Boa Vista,27/09/2025,Telefone,2025
Solicitação,SECRETARIA MUNICIPAL DA DEFESA SOCIAL E TRÂNSITO,03/11/2025,Proteção ao cidadão - GM,"Enchentes, inundações ou alagamentos",Concluído,Rua Guiroku Gastão Ayabe,UBERABA,Unidade Regional Cajuru,03/11/2025,Telefone,2025
Solicitação,SECRETARIA MUNICIPAL DA DEFESA SOCIAL E TRÂNSITO,03/11/2025,Proteção ao cidadão - GM,"Enchentes, inundações ou alagamentos",Concluído,RUA GUIROKU GASTÃO AYABE,UBERABA,Unidade Regional Cajuru,03/11/2025,Telefone,2025
Solicitação,SECRETARIA MUNICIPAL DA DEFESA SOCIAL E TRÂNSITO,03/11/2025,Proteção ao cidadão - GM,"Enchentes, inundações ou alagamentos",Concluído,Rua Guiroku Gastão Ayabe,UBERABA,Unidade Regional Cajuru,03/11/2025,Telefone,2025
Solicitação,SECRETARIA MUNICIPAL DA DEFESA SOCIAL E TRÂNSITO,08/11/2025,Proteção ao cidadão - GM,"Enchentes, inundações ou alagamentos",Concluído,Rua Osvaldo Felippetto,BUTIATUVINHA,Unidade Regional Santa Felicidade,09/11/2025,Telefone,2025
Solicitação,SECRETARIA MUNICIPAL DA DEFESA SOCIAL E TRÂNSITO,08/11/2025,Proteção ao cidadão - GM,"Enchentes, inundações ou alagamentos",Concluído,Rua Pedro Ferrari,BUTIATUVINHA,Unidade Regional Santa Felicidade,09/11/2025,Telefone,2025
Solicitação,SECRETARIA MUNICIPAL DA DEFESA SOCIAL E TRÂNSITO,01/12/2025,Proteção ao cidadão - GM,"Enchentes, inundações ou alagamentos",Concluído,RUA SOLANGE LUIZ CARLOS,PILARZINHO,Unidade Regional Boa Vista,01/12/2025,Telefone,2025
Solicitação,Secretaria do Governo Municipal,28/01/2025,Drenagem,Alagamentos,Concluído,RUA PADRE ESTANISLAU PIASECKI,CIDADE INDUSTRIAL,Unidade Regional CIC,04/02/2025,Telefone,2025
Solicitação,Secretaria do Governo Municipal,03/02/2025,Drenagem,Alagamentos,Concluído,Doutor Libânio Estanislau Cardoso,CIDADE INDUSTRIAL,Unidade Regional CIC,03/02/2025,Portal,2025
Solicitação,Secretaria do Governo Municipal,07/02/2025,Drenagem,Alagamentos,Concluído,RUA DOUTOR JOSÉ GUILHERME LOYOLA,CIDADE INDUSTRIAL,Unidade Regional CIC,11/02/2025,Telefone,2025
Solicitação,Secretaria do Governo Municipal,18/02/2025,Drenagem,Alagamentos,Concluído,RUA DESEMBARGADOR SEGISMUNDO GRADOWSKI,CIDADE INDUSTRIAL,Unidade Regional CIC,21/02/2025,Telefone,2025
Solicitação,Secretaria do Governo Municipal,18/02/2025,Drenagem,Alagamentos,Concluído,RUA FREI EGÍDIO CARLOTTO,CIDADE INDUSTRIAL,Unidade Regional CIC,19/02/2025,Telefone,2025
Solicitação,Secretaria do Governo Municipal,18/02/2025,Drenagem,Alagamentos,Concluído,RUA MUNICÍPIO DE ENÉAS MARQUES,CIDADE INDUSTRIAL,Unidade Regional CIC,19/02/2025,Telefone,2025
Solicitação,Secretaria do Governo Municipal,19/02/2025,Drenagem,Alagamentos,Concluído,RUA CORONEL NICOLAU BLEY NETO,CIDADE INDUSTRIAL,Unidade Regional CIC,27/02/2025,Telefone,2025
Solicitação,Secretaria do Governo Municipal,20/02/2025,Drenagem,Alagamentos,Concluído,Rogério Pereira de Camargo,CIDADE INDUSTRIAL,Unidade Regional CIC,28/02/2025,Portal,2025
Solicitação,Secretaria do Governo Municipal,26/08/2025,Drenagem,Alagamentos,Concluído,Rua Jacinto Cunha,CIDADE INDUSTRIAL,Unidade Regional CIC,27/08/2025,Telefone,2025
Solicitação,Secretaria do Governo Municipal,26/08/2025,Drenagem,Alagamentos,Concluído,Rua Padre Estanislau Piasecki,CIDADE INDUSTRIAL,Unidade Regional CIC,28/08/2025,Telefone,2025
Solicitação,Secretaria do Governo Municipal,03/11/2025,Drenagem,Alagamentos,Concluído,Rua Jacinto Cunha,CIDADE INDUSTRIAL,Unidade Regional CIC,05/11/2025,Telefone,2025
Solicitação,Secretaria do Governo Municipal,05/11/2025,Drenagem,Alagamentos,Concluído,Jacinto Cunha,CIDADE INDUSTRIAL,Unidade Regional CIC,05/11/2025,Portal,2025
Solicitação,Secretaria do Governo Municipal,28/01/2025,Drenagem,Alagamentos,Concluído,RUA IGNEZ DE SOUZA SOARES,TATUQUARA,Unidade Regional Tatuquara,18/02/2025,Telefone,2025
Solicitação,Secretaria do Governo Municipal,01/02/2025,Drenagem,Alagamentos,Concluído,Rua João Amadeu Pedro Bom,TATUQUARA,Unidade Regional Tatuquara,18/02/2025,Telefone,2025
Solicitação,Secretaria do Governo Municipal,04/02/2025,Drenagem,Alagamentos,Concluído,Paulo Romeiro Marcondes Filho,TATUQUARA,Unidade Regional Tatuquara,18/02/2025,Portal,2025
Solicitação,Secretaria do Governo Municipal,10/02/2025,Drenagem,Alagamentos,Concluído,Marcos Bertoldi,CAMPO DE SANTANA,Unidade Regional Tatuquara,16/09/2025,Portal,2025
Solicitação,Secretaria do Governo Municipal,15/05/2025,Drenagem,Alagamentos,Concluído,Antônio Zanon,TATUQUARA,Unidade Regional Tatuquara,11/07/2025,Portal,2025
Solicitação,Secretaria do Governo Municipal,23/06/2025,Drenagem,Alagamentos,Concluído,José Sosari,TATUQUARA,Unidade Regional Tatuquara,06/08/2025,Portal,2025
Solicitação,Secretaria do Governo Municipal,27/10/2025,Drenagem,Alagamentos,Concluído,RUA EMILE PAUL DECOK,CAMPO DE SANTANA,Unidade Regional Tatuquara,03/11/2025,Telefone,2025
Solicitação,Secretaria do Governo Municipal,11/02/2025,Drenagem,Alagamentos,Concluído,Raggi Izar,HAUER,Unidade Regional Boqueirao,23/04/2025,Portal,2025
Solicitação,Secretaria do Governo Municipal,14/02/2025,Drenagem,Alagamentos,Concluído,Cleto da Silva,BOQUEIRAO,Unidade Regional Boqueirao,18/03/2025,Portal,2025
Solicitação,Secretaria do Governo Municipal,18/02/2025,Drenagem,Alagamentos,Concluído,O Brasil para Cristo,BOQUEIRAO,Unidade Regional Boqueirao,24/02/2025,Mobile,2025
Solicitação,Secretaria do Governo Municipal,27/02/2025,Drenagem,Alagamentos,Concluído,Adão Picussa Netto,BOQUEIRAO,Unidade Regional Boqueirao,10/03/2025,Telefone,2025
Solicitação,Secretaria do Governo Municipal,27/02/2025,Drenagem,Alagamentos,Concluído,RUA ITAÚNA DO SUL,ALTO BOQUEIRAO,Unidade Regional Boqueirao,10/03/2025,Telefone,2025
Solicitação,Secretaria do Governo Municipal,28/02/2025,Drenagem,Alagamentos,Concluído,Doutor Heleno da Silveira,BOQUEIRAO,Unidade Regional Boqueirao,15/04/2025,Portal,2025
Solicitação,Secretaria do Governo Municipal,15/04/2025,Drenagem,Alagamentos,Concluído,RUA FRANCISCO DEROSSO,XAXIM,Unidade Regional Boqueirao,20/08/2025,Telefone,2025
Solicitação,Secretaria do Governo Municipal,22/01/2025,Drenagem,Alagamentos,Concluído,RUA DOUTOR ALEXANDRE GUTIERREZ,AGUA VERDE,Unidade Regional Portao,22/01/2025,Telefone,2025
Solicitação,Secretaria do Governo Municipal,24/01/2025,Drenagem,Alagamentos,Concluído,Rosamélia de Oliveira,CAMPO COMPRIDO,Unidade Regional Portao,10/02/2025,Portal,2025
Solicitação,Secretaria do Governo Municipal,03/02/2025,Drenagem,Alagamentos,Concluído,RUA VICENTE CELESTINO,FAZENDINHA,Unidade Regional Portao,12/05/2025,Telefone,2025
Denúncia,Secretaria do Governo Municipal,03/02/2025,Drenagem,Alagamentos,Concluído,Rosamélia de Oliveira,CAMPO COMPRIDO,Unidade Regional Portao,10/02/2025,Portal,2025
Solicitação,Secretaria do Governo Municipal,04/02/2025,Drenagem,Alagamentos,Concluído,Rosamélia de Oliveira,CAMPO COMPRIDO,Unidade Regional Portao,10/02/2025,Portal,2025
Solicitação,Secretaria do Governo Municipal,04/02/2025,Drenagem,Alagamentos,Concluído,Rosamélia de Oliveira,CAMPO COMPRIDO,Unidade Regional Portao,10/02/2025,Portal,2025
Reclamação,Secretaria do Governo Municipal,04/02/2025,Drenagem,Alagamentos,Concluído,Rosamélia de Oliveira,CAMPO COMPRIDO,Unidade Regional Portao,10/02/2025,Portal,2025
Reclamação,Secretaria do Governo Municipal,05/02/2025,Drenagem,Alagamentos,Concluído,Rosamélia de Oliveira,CAMPO COMPRIDO,Unidade Regional Portao,10/02/2025,Portal,2025
Denúncia,Secretaria do Governo Municipal,05/02/2025,Drenagem,Alagamentos,Concluído,Rosamélia de Oliveira,CAMPO COMPRIDO,Unidade Regional Portao,10/02/2025,Portal,2025
Solicitação,Secretaria do Governo Municipal,05/02/2025,Drenagem,Alagamentos,Concluído,Rosamélia de Oliveira,CAMPO COMPRIDO,Unidade Regional Portao,10/02/2025,Portal,2025
Reclamação,Secretaria do Governo Municipal,06/02/2025,Drenagem,Alagamentos,Concluído,Rosamélia de Oliveira,CAMPO COMPRIDO,Unidade Regional Portao,10/02/2025,Portal,2025
Solicitação,Secretaria do Governo Municipal,25/02/2025,Drenagem,Alagamentos,Concluído,RUA CARLOS KLEMTZ,FAZENDINHA,Unidade Regional Portao,28/02/2025,Telefone,2025
Solicitação,Secretaria do Governo Municipal,11/04/2025,Drenagem,Alagamentos,Concluído,Augusto de Mari,GUAIRA,Unidade Regional Portao,22/05/2025,Portal,2025
Solicitação,Secretaria do Governo Municipal,26/08/2025,Drenagem,Alagamentos,Concluído,Pará,AGUA VERDE,Unidade Regional Portao,29/08/2025,Portal,2025
Solicitação,Secretaria do Governo Municipal,11/09/2025,Drenagem,Alagamentos,Concluído,Delegado Trindade,SANTA QUITERIA,Unidade Regional Portao,13/10/2025,Portal,2025
Solicitação,Secretaria do Governo Municipal,23/11/2025,Drenagem,Alagamentos,Concluído,RUA BRIGADEIRO FRANCO,PAROLIN,Unidade Regional Portao,01/12/2025,Portal,2025
Solicitação,Secretaria do Governo Municipal,19/02/2025,Drenagem,Alagamentos,Concluído,RUA SILVIO PIOTTO,ORLEANS,Unidade Regional Santa Felicidade,24/02/2025,Portal,2025
Solicitação,Secretaria do Governo Municipal,21/05/2025,Drenagem,Alagamentos,Concluído,RUA EMÍLIO BORDENOSKI,VISTA ALEGRE,Unidade Regional Santa Felicidade,22/10/2025,Telefone,2025
Solicitação,Secretaria do Governo Municipal,06/06/2025,Drenagem,Alagamentos,Concluído,AVENIDA MANOEL RIBAS,BUTIATUVINHA,Unidade Regional Santa Felicidade,09/06/2025,Portal,2025
Solicitação,Secretaria do Governo Municipal,12/12/2025,Drenagem,Alagamentos,Concluído,Rua Engenheiro Roberto Guilherme Pereira Leite,VISTA ALEGRE,Unidade Regional Santa Felicidade,15/12/2025,Telefone,2025
Solicitação,Secretaria do Governo Municipal,05/02/2025,Drenagem,Alagamentos,Concluído,RUA JOÃO STENZOWSKI,NOVO MUNDO,Unidade Regional Pinheirinho,04/07/2025,Telefone,2025
Solicitação,Secretaria do Governo Municipal,18/02/2025,Drenagem,Alagamentos,Concluído,Nicolau Serrato Sobrinho,NOVO MUNDO,Unidade Regional Pinheirinho,19/02/2025,Portal,2025
Solicitação,Secretaria do Governo Municipal,18/02/2025,Drenagem,Alagamentos,Concluído,Rua Conde Dos Arcos,LINDOIA,Unidade Regional Pinheirinho,08/07/2025,Telefone,2025
Solicitação,Secretaria do Governo Municipal,06/03/2025,Drenagem,Alagamentos,Concluído,Delegado Naby Paraná,CAPAO RASO,Unidade Regional Pinheirinho,07/03/2025,Portal,2025
Solicitação,Secretaria do Governo Municipal,21/05/2025,Drenagem,Alagamentos,Concluído,José Ferreira Barros,FANNY,Unidade Regional Pinheirinho,08/07/2025,Portal,2025
Solicitação,Secretaria do Governo Municipal,04/06/2025,Drenagem,Alagamentos,Concluído,RUA CAROLINA CASTELLI,NOVO MUNDO,Unidade Regional Pinheirinho,09/06/2025,Telefone,2025
Solicitação,Secretaria do Governo Municipal,29/01/2025,Drenagem,Alagamentos,Concluído,Estrada da Graciosa,BAIRRO ALTO,Unidade Regional Boa Vista,11/03/2025,Portal,2025
Solicitação,Secretaria do Governo Municipal,13/02/2025,Drenagem,Alagamentos,Concluído,David Geronasso,BOA VISTA,Unidade Regional Boa Vista,12/03/2025,Portal,2025
Solicitação,Secretaria do Governo Municipal,13/02/2025,Drenagem,Alagamentos,Concluído,David Geronasso,BOA VISTA,Unidade Regional Boa Vista,12/03/2025,Portal,2025
Solicitação,Secretaria do Governo Municipal,14/02/2025,Drenagem,Alagamentos,Concluído,Monsenhor Isidoro Mikosz,CACHOEIRA,Unidade Regional Boa Vista,23/03/2025,Portal,2025
Solicitação,Secretaria do Governo Municipal,14/02/2025,Drenagem,Alagamentos,Concluído,Monsenhor Isidoro Mikosz,CACHOEIRA,Unidade Regional Boa Vista,23/03/2025,Portal,2025
Solicitação,Secretaria do Governo Municipal,14/02/2025,Drenagem,Alagamentos,Concluído,Monsenhor Isidoro Mikosz,CACHOEIRA,Unidade Regional Boa Vista,23/03/2025,Portal,2025
Solicitação,Secretaria do Governo Municipal,18/02/2025,Drenagem,Alagamentos,Concluído,RUA AUGUSTO DOS ANJOS,ABRANCHES,Unidade Regional Boa Vista,19/02/2025,Telefone,2025
Solicitação,Secretaria do Governo Municipal,12/03/2025,Drenagem,Alagamentos,Concluído,RUA MARECHAL ANOR TEIXEIRA DOS SANTOS,BOA VISTA,Unidade Regional Boa Vista,21/03/2025,Telefone,2025
Solicitação,Secretaria do Governo Municipal,12/03/2025,Drenagem,Alagamentos,Concluído,RUA MERCEDES SEILER ROCHA,BACACHERI,Unidade Regional Boa Vista,18/03/2025,Telefone,2025
Solicitação,Secretaria do Governo Municipal,20/03/2025,Drenagem,Alagamentos,Concluído,RUA JACOB PAYKALA,ATUBA,Unidade Regional Boa Vista,21/03/2025,Telefone,2025
Solicitação,Secretaria do Governo Municipal,21/03/2025,Drenagem,Alagamentos,Concluído,Doutor Benedito Amorim,SANTA CANDIDA,Unidade Regional Boa Vista,21/03/2025,Portal,2025
Solicitação,Secretaria do Governo Municipal,08/05/2025,Drenagem,Alagamentos,Concluído,AVENIDA MARECHAL MASCARENHAS DE MORAES,ATUBA,Unidade Regional Boa Vista,09/05/2025,Telefone,2025
Solicitação,Secretaria do Governo Municipal,10/07/2025,Drenagem,Alagamentos,Concluído,RUA SOFIA DUBIELLA,ABRANCHES,Unidade Regional Boa Vista,10/07/2025,Telefone,2025
Solicitação,Secretaria do Governo Municipal,29/07/2025,Drenagem,Alagamentos,Concluído,RUA THEODORO MAKIOLKA,SANTA CANDIDA,Unidade Regional Boa Vista,29/07/2025,Telefone,2025
Solicitação,Secretaria do Governo Municipal,29/07/2025,Drenagem,Alagamentos,Concluído,RUA DINARTE DE JESUS,PILARZINHO,Unidade Regional Boa Vista,29/07/2025,Telefone,2025
Solicitação,Secretaria do Governo Municipal,31/07/2025,Drenagem,Alagamentos,Concluído,RUA PRIMEIRO MINISTRO BROCHADO DA ROCHA,PILARZINHO,Unidade Regional Boa Vista,01/08/2025,Telefone,2025
Reclamação,Secretaria do Governo Municipal,26/08/2025,Drenagem,Alagamentos,Concluído,João Havro,BOA VISTA,Unidade Regional Boa Vista,26/08/2025,Portal,2025
Solicitação,Secretaria do Governo Municipal,28/08/2025,Drenagem,Alagamentos,Concluído,RUA JORNALISTA GERALDO RUSSE,PILARZINHO,Unidade Regional Boa Vista,01/09/2025,Telefone,2025
Solicitação,Secretaria do Governo Municipal,26/09/2025,Drenagem,Alagamentos,Concluído,RUA BENVENUTO GUSSO,BOA VISTA,Unidade Regional Boa Vista,29/09/2025,Telefone,2025
Solicitação,Secretaria do Governo Municipal,14/11/2025,Drenagem,Alagamentos,Concluído,RUA MATEUS LEME,SAO LOURENCO,Unidade Regional Boa Vista,19/11/2025,Portal,2025
Solicitação,Secretaria do Governo Municipal,28/01/2025,Drenagem,Alagamentos,Concluído,RUA MARIA BARCHIKI CHINASSO,CAJURU,Unidade Regional Cajuru,31/01/2025,Telefone,2025
Solicitação,Secretaria do Governo Municipal,13/02/2025,Drenagem,Alagamentos,Concluído,RUA PADRE ARNALDO JANSSEN,CAJURU,Unidade Regional Cajuru,14/02/2025,Telefone,2025
Solicitação,Secretaria do Governo Municipal,13/02/2025,Drenagem,Alagamentos,Concluído,Rua Aviador Armin Buhrer,UBERABA,Unidade Regional Cajuru,18/02/2025,Telefone,2025
Solicitação,Secretaria do Governo Municipal,18/02/2025,Drenagem,Alagamentos,Concluído,RUA DOUTOR URBANO TONIOLO,CAJURU,Unidade Regional Cajuru,19/02/2025,Telefone,2025
Solicitação,Secretaria do Governo Municipal,21/02/2025,Drenagem,Alagamentos,Concluído,Ayrton Turra,CAJURU,Unidade Regional Cajuru,25/02/2025,Portal,2025
Solicitação,Secretaria do Governo Municipal,27/02/2025,Drenagem,Alagamentos,Concluído,RUA DONA BARBARA CID,UBERABA,Unidade Regional Cajuru,27/02/2025,Telefone,2025
Denúncia,Secretaria do Governo Municipal,07/03/2025,Drenagem,Alagamentos,Concluído,Padre Karol Dworaczek,CAJURU,Unidade Regional Cajuru,10/03/2025,Portal,2025
Solicitação,Secretaria do Governo Municipal,22/04/2025,Drenagem,Alagamentos,Concluído,RUA EDUARDO COUTURE,JARDIM DAS AMERICAS,Unidade Regional Cajuru,06/05/2025,Telefone,2025
Solicitação,Secretaria do Governo Municipal,28/04/2025,Drenagem,Alagamentos,Concluído,AVENIDA CORONEL FRANCISCO H DOS SANTOS,JARDIM DAS AMERICAS,Unidade Regional Cajuru,08/05/2025,Telefone,2025
Solicitação,Secretaria do Governo Municipal,28/04/2025,Drenagem,Alagamentos,Concluído,RUA RODOLPHO SENFF,JARDIM DAS AMERICAS,Unidade Regional Cajuru,08/05/2025,Telefone,2025
Solicitação,Secretaria do Governo Municipal,07/08/2025,Drenagem,Alagamentos,Concluído,RUA ARLINDO ARAÚJO SOBRINHO,GUABIROTUBA,Unidade Regional Cajuru,29/08/2025,Telefone,2025
Solicitação,Secretaria do Governo Municipal,13/10/2025,Drenagem,Alagamentos,Concluído,Custódio Borges de Andrade,CAJURU,Unidade Regional Cajuru,15/10/2025,Portal,2025
Solicitação,Secretaria do Governo Municipal,06/02/2025,Drenagem,Alagamentos,Concluído,RUA TIJUCAS DO SUL,SITIO CERCADO,Unidade Regional Bairro Novo,06/02/2025,Telefone,2025
Solicitação,Secretaria do Governo Municipal,06/02/2025,Drenagem,Alagamentos,Concluído,RUA TIJUCAS DO SUL,SITIO CERCADO,Unidade Regional Bairro Novo,06/02/2025,Telefone,2025
Solicitação,Secretaria do Governo Municipal,11/04/2025,Drenagem,Alagamentos,Concluído,Doutor Lauro Gentio Portugal Tavares,SITIO CERCADO,Unidade Regional Bairro Novo,15/04/2025,Portal,2025
Solicitação,Secretaria do Governo Municipal,05/06/2025,Drenagem,Alagamentos,Concluído,Cypriano Ribeiro Cid,SITIO CERCADO,Unidade Regional Bairro Novo,11/06/2025,Portal,2025
Solicitação,Secretaria do Governo Municipal,05/06/2025,Drenagem,Alagamentos,Concluído,Cypriano Ribeiro Cid,SITIO CERCADO,Unidade Regional Bairro Novo,09/06/2025,Portal,2025
Solicitação,Secretaria do Governo Municipal,29/09/2025,Drenagem,Alagamentos,Concluído,RUA OURIZONA,SITIO CERCADO,Unidade Regional Bairro Novo,30/09/2025,Telefone,2025
Solicitação,Secretaria Municipal de Obras Públicas,20/01/2025,Drenagem,Alagamentos,Concluído,RUA PRESIDENTE FARIA,CENTRO CIVICO,Unidade Regional Matriz,21/01/2025,Telefone,2025
Solicitação,Secretaria Municipal de Obras Públicas,24/01/2025,Drenagem,Alagamentos,Concluído,AVENIDA MUNHOZ DA ROCHA,JUVEVE,Unidade Regional Matriz,05/03/2025,Telefone,2025
Solicitação,Secretaria Municipal de Obras Públicas,24/01/2025,Drenagem,Alagamentos,Concluído,RUA SÃO LUIZ,CABRAL,Unidade Regional Matriz,24/03/2025,Telefone,2025
Solicitação,Secretaria Municipal de Obras Públicas,03/02/2025,Drenagem,Alagamentos,Concluído,Martim Afonso,SAO FRANCISCO,Unidade Regional Matriz,24/03/2025,Portal,2025
Solicitação,Secretaria Municipal de Obras Públicas,04/02/2025,Drenagem,Alagamentos,Concluído,RUA BARÃO DO SERRO AZUL,CENTRO,Unidade Regional Matriz,17/03/2025,Telefone,2025
Solicitação,Secretaria Municipal de Obras Públicas,10/02/2025,Drenagem,Alagamentos,Concluído,Mateus Leme,SAO FRANCISCO,Unidade Regional Matriz,19/03/2025,Portal,2025
Solicitação,Secretaria Municipal de Obras Públicas,10/02/2025,Drenagem,Alagamentos,Concluído,Madre Leonie,JARDIM SOCIAL,Unidade Regional Matriz,19/03/2025,Portal,2025
Solicitação,Secretaria Municipal de Obras Públicas,13/02/2025,Drenagem,Alagamentos,Concluído,RUA SÃO JOAQUIM,JARDIM BOTANICO,Unidade Regional Matriz,24/03/2025,Telefone,2025
Reclamação,Secretaria Municipal de Obras Públicas,13/02/2025,Drenagem,Alagamentos,Concluído,Desembargador Westphalen,CENTRO,Unidade Regional Matriz,28/03/2025,Portal,2025
Solicitação,Secretaria Municipal de Obras Públicas,14/02/2025,Drenagem,Alagamentos,Concluído,RUA DESEMBARGADOR MOTTA,BATEL,Unidade Regional Matriz,24/03/2025,Portal,2025
Solicitação,Secretaria Municipal de Obras Públicas,18/02/2025,Drenagem,Alagamentos,Concluído,Manoel Correia de Freitas,JARDIM SOCIAL,Unidade Regional Matriz,25/03/2025,Portal,2025
Solicitação,Secretaria Municipal de Obras Públicas,18/02/2025,Drenagem,Alagamentos,Concluído,RUA TIBAGI,CENTRO,Unidade Regional Matriz,13/05/2025,Telefone,2025
Solicitação,Secretaria Municipal de Obras Públicas,18/02/2025,Drenagem,Alagamentos,Concluído,RUA CELESTE SANTI,AHU,Unidade Regional Matriz,25/03/2025,Telefone,2025
Solicitação,Secretaria Municipal de Obras Públicas,18/02/2025,Drenagem,Alagamentos,Concluído,Coronel João Guilherme Guimarães,MERCES,Unidade Regional Matriz,28/03/2025,Portal,2025
Solicitação,Secretaria Municipal de Obras Públicas,19/02/2025,Drenagem,Alagamentos,Concluído,São José,CRISTO REI,Unidade Regional Matriz,25/03/2025,Portal,2025
Solicitação,Secretaria Municipal de Obras Públicas,21/02/2025,Drenagem,Alagamentos,Concluído,RUA FRANCISCO ROCHA,BIGORRILHO,Unidade Regional Matriz,28/03/2025,Telefone,2025
Solicitação,Secretaria Municipal de Obras Públicas,21/02/2025,Drenagem,Alagamentos,Concluído,RUA VISCONDE DE NACAR,MERCES,Unidade Regional Matriz,28/03/2025,Telefone,2025
Solicitação,Secretaria Municipal de Obras Públicas,24/02/2025,Drenagem,Alagamentos,Concluído,RUA NUNES MACHADO,CENTRO,Unidade Regional Matriz,31/03/2025,Telefone,2025
Solicitação,Secretaria Municipal de Obras Públicas,25/02/2025,Drenagem,Alagamentos,Concluído,Vicente Machado,CENTRO,Unidade Regional Matriz,31/03/2025,Portal,2025
Solicitação,Secretaria Municipal de Obras Públicas,25/02/2025,Drenagem,Alagamentos,Concluído,Brigadeiro Franco,MERCES,Unidade Regional Matriz,31/03/2025,Portal,2025
Reclamação,Secretaria Municipal de Obras Públicas,25/02/2025,Drenagem,Alagamentos,Concluído,Professora Maria José Godoy,BOM RETIRO,Unidade Regional Matriz,31/03/2025,Portal,2025
Solicitação,Secretaria Municipal de Obras Públicas,18/03/2025,Drenagem,Alagamentos,Concluído,RUA TIBAGI,CENTRO,Unidade Regional Matriz,20/03/2025,Telefone,2025
Solicitação,Secretaria Municipal de Obras Públicas,04/04/2025,Drenagem,Alagamentos,Concluído,RUA DOUTOR MANOEL PEDRO,CABRAL,Unidade Regional Matriz,13/05/2025,Telefone,2025
Solicitação,Secretaria Municipal de Obras Públicas,30/05/2025,Drenagem,Alagamentos,Concluído,RUA CARLOS PIOLI,BOM RETIRO,Unidade Regional Matriz,04/07/2025,Telefone,2025
Solicitação,Secretaria Municipal de Obras Públicas,05/09/2025,Drenagem,Alagamentos,Concluído,RUA TREZE DE MAIO,CENTRO,Unidade Regional Matriz,07/11/2025,Telefone,2025
Solicitação,SECRETARIA MUNICIPAL DA DEFESA SOCIAL E TRÂNSITO,13/02/2025,Proteção ao cidadão - GM,"Enchentes, inundações ou alagamentos",Concluído,RUA PADRE ARNALDO JANSSEN,CAJURU,Unidade Regional Cajuru,13/02/2025,Telefone,2025
Solicitação,SECRETARIA MUNICIPAL DA DEFESA SOCIAL E TRÂNSITO,18/02/2025,Proteção ao cidadão - GM,"Enchentes, inundações ou alagamentos",Concluído,RUA BALDUR MAGNUS GRUBBA,NOVO MUNDO,Unidade Regional Pinheirinho,18/02/2025,Telefone,2025
Solicitação,SECRETARIA MUNICIPAL DA DEFESA SOCIAL E TRÂNSITO,18/02/2025,Proteção ao cidadão - GM,"Enchentes, inundações ou alagamentos",Concluído,AVENIDA PRESIDENTE WENCESLAU BRAZ,PAROLIN,Unidade Regional Portao,18/02/2025,Telefone,2025
Solicitação,SECRETARIA MUNICIPAL DA DEFESA SOCIAL E TRÂNSITO,12/03/2025,Proteção ao cidadão - GM,"Enchentes, inundações ou alagamentos",Concluído,Rua Colômbia,BACACHERI,Unidade Regional Boa Vista,12/03/2025,Telefone,2025
Solicitação,SECRETARIA MUNICIPAL DA DEFESA SOCIAL E TRÂNSITO,13/04/2025,Proteção ao cidadão - GM,"Enchentes, inundações ou alagamentos",Concluído,Rua Deputado Sinval Martins Araújo,GANCHINHO,Unidade Regional Bairro Novo,13/04/2025,Telefone,2025
Solicitação,SECRETARIA MUNICIPAL DA DEFESA SOCIAL E TRÂNSITO,13/10/2025,Proteção ao cidadão - GM,"Enchentes, inundações ou alagamentos",Concluído,RUA DESEMBARGADOR ERNANI GUARITA CARTAXO,CIDADE INDUSTRIAL,Unidade Regional CIC,13/10/2025,Telefone,2025
Solicitação,Secretaria do Governo Municipal,18/02/2025,Drenagem,Alagamentos,Concluído,Rua Município de Eneas Marques,CIDADE INDUSTRIAL,Unidade Regional CIC,20/02/2025,Telefone,2025
Solicitação,Secretaria do Governo Municipal,05/06/2025,Drenagem,Alagamentos,Concluído,AVENIDA JUSCELINO KUBITSCHEK DE OLIVEIRA,CIDADE INDUSTRIAL,Unidade Regional CIC,05/06/2025,Telefone,2025
Solicitação,Secretaria do Governo Municipal,05/06/2025,Drenagem,Alagamentos,Concluído,Juscelino Kubitschek de Oliveira,CIDADE INDUSTRIAL,Unidade Regional CIC,05/06/2025,Portal,2025
Solicitação,Secretaria do Governo Municipal,25/08/2025,Drenagem,Alagamentos,Concluído,AVENIDA JUSCELINO KUBITSCHEK DE OLIVEIRA LD,CIDADE INDUSTRIAL,Unidade Regional CIC,25/08/2025,Telefone,2025
Solicitação,Secretaria do Governo Municipal,26/08/2025,Drenagem,Alagamentos,Concluído,RUA OSMAR ROSA,CIDADE INDUSTRIAL,Unidade Regional CIC,01/09/2025,Telefone,2025
Solicitação,Secretaria do Governo Municipal,27/08/2025,Drenagem,Alagamentos,Concluído,AVENIDA JUSCELINO KUBITSCHEK DE OLIVEIRA LD,CIDADE INDUSTRIAL,Unidade Regional CIC,27/08/2025,Telefone,2025
Solicitação,Secretaria do Governo Municipal,05/09/2025,Drenagem,Alagamentos,Concluído,AVENIDA JUSCELINO KUBITSCHEK DE OLIVEIRA LE,CIDADE INDUSTRIAL,Unidade Regional CIC,09/09/2025,Telefone,2025
Solicitação,Secretaria do Governo Municipal,17/09/2025,Drenagem,Alagamentos,Concluído,RUA LEONOR FIORI GRANATO,CIDADE INDUSTRIAL,Unidade Regional CIC,19/09/2025,Telefone,2025
Solicitação,Secretaria do Governo Municipal,24/11/2025,Drenagem,Alagamentos,Concluído,AVENIDA JUSCELINO KUBITSCHEK DE OLIVEIRA EC,CIDADE INDUSTRIAL,Unidade Regional CIC,05/12/2025,Telefone,2025
Solicitação,Secretaria do Governo Municipal,09/12/2025,Drenagem,Alagamentos,Concluído,Rua Andrelino Pereira da Silva,CAMPO DE SANTANA,Unidade Regional Tatuquara,11/12/2025,Telefone,2025
Solicitação,SECRETARIA MUNICIPAL DA DEFESA SOCIAL E TRÂNSITO,22/01/2025,Proteção ao cidadão - GM,"Enchentes, inundações ou alagamentos",Concluído,Rua Manoela Stier Reiss,UBERABA,Unidade Regional Cajuru,29/01/2025,Telefone,2025
Solicitação,SECRETARIA MUNICIPAL DA DEFESA SOCIAL E TRÂNSITO,24/01/2025,Proteção ao cidadão - GM,"Enchentes, inundações ou alagamentos",Concluído,Rua Celeste Tortato Gabardo,SITIO CERCADO,Unidade Regional Bairro Novo,29/01/2025,Telefone,2025
Solicitação,SECRETARIA MUNICIPAL DA DEFESA SOCIAL E TRÂNSITO,26/01/2025,Proteção ao cidadão - GM,"Enchentes, inundações ou alagamentos",Concluído,RUA BRUNO MERTENS,BARREIRINHA,Unidade Regional Boa Vista,29/01/2025,Telefone,2025
Solicitação,SECRETARIA MUNICIPAL DA DEFESA SOCIAL E TRÂNSITO,27/01/2025,Proteção ao cidadão - GM,"Enchentes, inundações ou alagamentos",Concluído,RUA PATRÍCIO BAGOLIN,CIDADE INDUSTRIAL,Unidade Regional CIC,29/01/2025,Telefone,2025
Solicitação,SECRETARIA MUNICIPAL DA DEFESA SOCIAL E TRÂNSITO,28/01/2025,Proteção ao cidadão - GM,"Enchentes, inundações ou alagamentos",Concluído,RUA IGNEZ DE SOUZA SOARES,TATUQUARA,Unidade Regional Tatuquara,28/01/2025,Telefone,2025
Solicitação,SECRETARIA MUNICIPAL DA DEFESA SOCIAL E TRÂNSITO,28/01/2025,Proteção ao cidadão - GM,"Enchentes, inundações ou alagamentos",Concluído,Rua Arlindo Natal,UBERABA,Unidade Regional Cajuru,29/01/2025,Telefone,2025
Solicitação,SECRETARIA MUNICIPAL DA DEFESA SOCIAL E TRÂNSITO,28/01/2025,Proteção ao cidadão - GM,"Enchentes, inundações ou alagamentos",Concluído,Rua Padre Estanislau Cebula,CAJURU,Unidade Regional Cajuru,29/01/2025,Telefone,2025
Solicitação,SECRETARIA MUNICIPAL DA DEFESA SOCIAL E TRÂNSITO,28/01/2025,Proteção ao cidadão - GM,"Enchentes, inundações ou alagamentos",Concluído,Rua Oyapock,CRISTO REI,Unidade Regional Matriz,29/01/2025,Telefone,2025
Solicitação,SECRETARIA MUNICIPAL DA DEFESA SOCIAL E TRÂNSITO,28/01/2025,Proteção ao cidadão - GM,"Enchentes, inundações ou alagamentos",Concluído,Rua Índia,CAJURU,Unidade Regional Cajuru,29/01/2025,Telefone,2025
Solicitação,SECRETARIA MUNICIPAL DA DEFESA SOCIAL E TRÂNSITO,28/01/2025,Proteção ao cidadão - GM,"Enchentes, inundações ou alagamentos",Concluído,Rua Adelino Alexandrino Marquezini,ATUBA,Unidade Regional Boa Vista,29/01/2025,Telefone,2025
Solicitação,SECRETARIA MUNICIPAL DA DEFESA SOCIAL E TRÂNSITO,28/01/2025,Proteção ao cidadão - GM,"Enchentes, inundações ou alagamentos",Concluído,RUA SANTO ANÍBAL MARIA DI FRANCIA,UBERABA,Unidade Regional Cajuru,29/01/2025,Telefone,2025
Solicitação,SECRETARIA MUNICIPAL DA DEFESA SOCIAL E TRÂNSITO,28/01/2025,Proteção ao cidadão - GM,"Enchentes, inundações ou alagamentos",Concluído,Rua Senador Alô Guimarães,UBERABA,Unidade Regional Cajuru,29/01/2025,Telefone,2025
Solicitação,SECRETARIA MUNICIPAL DA DEFESA SOCIAL E TRÂNSITO,28/01/2025,Proteção ao cidadão - GM,"Enchentes, inundações ou alagamentos",Concluído,Rua Niterói,CAJURU,Unidade Regional Cajuru,29/01/2025,Telefone,2025
Solicitação,SECRETARIA MUNICIPAL DA DEFESA SOCIAL E TRÂNSITO,28/01/2025,Proteção ao cidadão - GM,"Enchentes, inundações ou alagamentos",Concluído,RUA IGNEZ ROMFELD OTTO,UBERABA,Unidade Regional Cajuru,29/01/2025,Telefone,2025
Solicitação,SECRETARIA MUNICIPAL DA DEFESA SOCIAL E TRÂNSITO,28/01/2025,Proteção ao cidadão - GM,"Enchentes, inundações ou alagamentos",Concluído,Rua Capitão Guilherme Bianchi,CAJURU,Unidade Regional Cajuru,29/01/2025,Telefone,2025
Solicitação,SECRETARIA MUNICIPAL DA DEFESA SOCIAL E TRÂNSITO,28/01/2025,Proteção ao cidadão - GM,"Enchentes, inundações ou alagamentos",Concluído,Monsenhor Dunand,UBERABA,Unidade Regional Cajuru,29/01/2025,Telefone,2025
Solicitação,SECRETARIA MUNICIPAL DA DEFESA SOCIAL E TRÂNSITO,28/01/2025,Proteção ao cidadão - GM,"Enchentes, inundações ou alagamentos",Concluído,RUA CAJÁ-MANGA,UBERABA,Unidade Regional Cajuru,29/01/2025,Telefone,2025
Solicitação,SECRETARIA MUNICIPAL DA DEFESA SOCIAL E TRÂNSITO,28/01/2025,Proteção ao cidadão - GM,"Enchentes, inundações ou alagamentos",Concluído,RUA SANTO ANIBAL MARIA DIFRANCIA,UBERABA,Unidade Regional Cajuru,29/01/2025,Telefone,2025
Solicitação,SECRETARIA MUNICIPAL DA DEFESA SOCIAL E TRÂNSITO,28/01/2025,Proteção ao cidadão - GM,"Enchentes, inundações ou alagamentos",Concluído,Rua Etiópia,CAJURU,Unidade Regional Cajuru,29/01/2025,Telefone,2025
Solicitação,SECRETARIA MUNICIPAL DA DEFESA SOCIAL E TRÂNSITO,28/01/2025,Proteção ao cidadão - GM,"Enchentes, inundações ou alagamentos",Concluído,RUA ALBERTO DE OLIVEIRA,BAIRRO ALTO,Unidade Regional Boa Vista,29/01/2025,Telefone,2025
Solicitação,SECRETARIA MUNICIPAL DA DEFESA SOCIAL E TRÂNSITO,28/01/2025,Proteção ao cidadão - GM,"Enchentes, inundações ou alagamentos",Concluído,RUA VISCONDE DE ABAETÉ,BAIRRO ALTO,Unidade Regional Boa Vista,29/01/2025,Telefone,2025
Solicitação,SECRETARIA MUNICIPAL DA DEFESA SOCIAL E TRÂNSITO,28/01/2025,Proteção ao cidadão - GM,"Enchentes, inundações ou alagamentos",Concluído,Rua Paulo Kissula,CAPAO DA IMBUIA,Unidade Regional Cajuru,29/01/2025,Telefone,2025
Solicitação,SECRETARIA MUNICIPAL DA DEFESA SOCIAL E TRÂNSITO,28/01/2025,Proteção ao cidadão - GM,"Enchentes, inundações ou alagamentos",Concluído,RUA ADÍLIO RAMOS,BAIRRO ALTO,Unidade Regional Boa Vista,04/02/2025,Telefone,2025
Solicitação,SECRETARIA MUNICIPAL DA DEFESA SOCIAL E TRÂNSITO,28/01/2025,Proteção ao cidadão - GM,"Enchentes, inundações ou alagamentos",Concluído,RUA JOAQUIM DA COSTA RIBEIRO,BAIRRO ALTO,Unidade Regional Boa Vista,29/01/2025,Telefone,2025
Solicitação,SECRETARIA MUNICIPAL DA DEFESA SOCIAL E TRÂNSITO,28/01/2025,Proteção ao cidadão - GM,"Enchentes, inundações ou alagamentos",Concluído,Rua Niterói,CAJURU,Unidade Regional Cajuru,29/01/2025,Chat,2025
Solicitação,SECRETARIA MUNICIPAL DA DEFESA SOCIAL E TRÂNSITO,30/01/2025,Proteção ao cidadão - GM,"Enchentes, inundações ou alagamentos",Concluído,Rua Catharina Prodlik,ABRANCHES,Unidade Regional Boa Vista,31/01/2025,Telefone,2025
Solicitação,SECRETARIA MUNICIPAL DA DEFESA SOCIAL E TRÂNSITO,31/01/2025,Proteção ao cidadão - GM,"Enchentes, inundações ou alagamentos",Concluído,RUA JOÃO CARLOS DE SOUZA CASTRO,GUABIROTUBA,Unidade Regional Cajuru,31/01/2025,Telefone,2025
Solicitação,SECRETARIA MUNICIPAL DA DEFESA SOCIAL E TRÂNSITO,31/01/2025,Proteção ao cidadão - GM,"Enchentes, inundações ou alagamentos",Concluído,Rua Tranquilo Saragiotto,CAJURU,Unidade Regional Cajuru,31/01/2025,Telefone,2025
Solicitação,SECRETARIA MUNICIPAL DA DEFESA SOCIAL E TRÂNSITO,31/01/2025,Proteção ao cidadão - GM,"Enchentes, inundações ou alagamentos",Concluído,RUA SALVADOR,CAJURU,Unidade Regional Cajuru,04/02/2025,Chat,2025
Solicitação,SECRETARIA MUNICIPAL DA DEFESA SOCIAL E TRÂNSITO,31/01/2025,Proteção ao cidadão - GM,"Enchentes, inundações ou alagamentos",Concluído,RUA AGOSTINHO ÂNGELO TREVISAN,UBERABA,Unidade Regional Cajuru,04/02/2025,Telefone,2025
Solicitação,SECRETARIA MUNICIPAL DA DEFESA SOCIAL E TRÂNSITO,31/01/2025,Proteção ao cidadão - GM,"Enchentes, inundações ou alagamentos",Concluído,Rua Natal,CAJURU,Unidade Regional Cajuru,04/02/2025,Chat,2025
Solicitação,SECRETARIA MUNICIPAL DA DEFESA SOCIAL E TRÂNSITO,31/01/2025,Proteção ao cidadão - GM,"Enchentes, inundações ou alagamentos",Concluído,Rua Agostinho Ângelo Trevisan,UBERABA,Unidade Regional Cajuru,04/02/2025,Chat,2025
Solicitação,SECRETARIA MUNICIPAL DA DEFESA SOCIAL E TRÂNSITO,31/01/2025,Proteção ao cidadão - GM,"Enchentes, inundações ou alagamentos",Concluído,Rua Brasílio Ribas,NOVO MUNDO,Unidade Regional Pinheirinho,31/01/2025,Telefone,2025
Solicitação,SECRETARIA MUNICIPAL DA DEFESA SOCIAL E TRÂNSITO,01/02/2025,Proteção ao cidadão - GM,"Enchentes, inundações ou alagamentos",Concluído,Rua Rio Xingu,BAIRRO ALTO,Unidade Regional Boa Vista,04/02/2025,Telefone,2025
Solicitação,SECRETARIA MUNICIPAL DA DEFESA SOCIAL E TRÂNSITO,03/02/2025,Proteção ao cidadão - GM,"Enchentes, inundações ou alagamentos",Concluído,RUA CORONEL ARY PINHO,BOA VISTA,Unidade Regional Boa Vista,04/02/2025,Telefone,2025
Solicitação,SECRETARIA MUNICIPAL DA DEFESA SOCIAL E TRÂNSITO,03/02/2025,Proteção ao cidadão - GM,"Enchentes, inundações ou alagamentos",Concluído,RUA HAYTON DA SILVA PEREIRA,CAPAO DA IMBUIA,Unidade Regional Cajuru,04/02/2025,Telefone,2025
Solicitação,SECRETARIA MUNICIPAL DA DEFESA SOCIAL E TRÂNSITO,03/02/2025,Proteção ao cidadão - GM,"Enchentes, inundações ou alagamentos",Concluído,RUA ALETE DACHEAUX STORI,JARDIM DAS AMERICAS,Unidade Regional Cajuru,04/02/2025,Telefone,2025
Solicitação,SECRETARIA MUNICIPAL DA DEFESA SOCIAL E TRÂNSITO,03/02/2025,Proteção ao cidadão - GM,"Enchentes, inundações ou alagamentos",Concluído,Rua Abrahão Kalil Fadel,SEMINARIO,Unidade Regional Portao,04/02/2025,Telefone,2025
Solicitação,SECRETARIA MUNICIPAL DA DEFESA SOCIAL E TRÂNSITO,03/02/2025,Proteção ao cidadão - GM,"Enchentes, inundações ou alagamentos",Concluído,RUA HELCIO DA CUNHA AJUZ,XAXIM,Unidade Regional Boqueirao,04/02/2025,Telefone,2025
Solicitação,SECRETARIA MUNICIPAL DA DEFESA SOCIAL E TRÂNSITO,03/02/2025,Proteção ao cidadão - GM,"Enchentes, inundações ou alagamentos",Concluído,RUA MAESTRO FRANCISCO ANTONELLO,NOVO MUNDO,Unidade Regional Pinheirinho,04/02/2025,Telefone,2025
Solicitação,SECRETARIA MUNICIPAL DA DEFESA SOCIAL E TRÂNSITO,03/02/2025,Proteção ao cidadão - GM,"Enchentes, inundações ou alagamentos",Concluído,RUA CARLOS DE LAET,ALTO BOQUEIRAO,Unidade Regional Boqueirao,04/02/2025,Telefone,2025
Solicitação,SECRETARIA MUNICIPAL DA DEFESA SOCIAL E TRÂNSITO,03/02/2025,Proteção ao cidadão - GM,"Enchentes, inundações ou alagamentos",Concluído,Avenida Henry Ford,LINDOIA,Unidade Regional Pinheirinho,04/02/2025,Telefone,2025
Solicitação,SECRETARIA MUNICIPAL DA DEFESA SOCIAL E TRÂNSITO,03/02/2025,Proteção ao cidadão - GM,"Enchentes, inundações ou alagamentos",Concluído,AVENIDA HENRY FORD,LINDOIA,Unidade Regional Pinheirinho,04/02/2025,Telefone,2025
Solicitação,SECRETARIA MUNICIPAL DA DEFESA SOCIAL E TRÂNSITO,03/02/2025,Proteção ao cidadão - GM,"Enchentes, inundações ou alagamentos",Concluído,Rua Dante Honório,XAXIM,Unidade Regional Boqueirao,04/02/2025,Telefone,2025
Solicitação,SECRETARIA MUNICIPAL DA DEFESA SOCIAL E TRÂNSITO,03/02/2025,Proteção ao cidadão - GM,"Enchentes, inundações ou alagamentos",Concluído,RUA IZIDORO STAVITZKI,PINHEIRINHO,Unidade Regional Pinheirinho,04/02/2025,Telefone,2025
Solicitação,SECRETARIA MUNICIPAL DA DEFESA SOCIAL E TRÂNSITO,03/02/2025,Proteção ao cidadão - GM,"Enchentes, inundações ou alagamentos",Concluído,RUA RANDOLFO SERZEDELO,FANNY,Unidade Regional Pinheirinho,04/02/2025,Telefone,2025
Solicitação,SECRETARIA MUNICIPAL DA DEFESA SOCIAL E TRÂNSITO,03/02/2025,Proteção ao cidadão - GM,"Enchentes, inundações ou alagamentos",Concluído,Rua Francisco Klemtz,PORTAO,Unidade Regional Portao,04/02/2025,Telefone,2025
Solicitação,SECRETARIA MUNICIPAL DA DEFESA SOCIAL E TRÂNSITO,03/02/2025,Proteção ao cidadão - GM,"Enchentes, inundações ou alagamentos",Concluído,RUA DA DIVINA PROVIDÊNCIA,SANTA QUITERIA,Unidade Regional Portao,13/02/2025,Telefone,2025
Solicitação,SECRETARIA MUNICIPAL DA DEFESA SOCIAL E TRÂNSITO,03/02/2025,Proteção ao cidadão - GM,"Enchentes, inundações ou alagamentos",Concluído,AVENIDA MARECHAL FLORIANO PEIXOTO,ALTO BOQUEIRAO,Unidade Regional Boqueirao,04/02/2025,Telefone,2025
Solicitação,SECRETARIA MUNICIPAL DA DEFESA SOCIAL E TRÂNSITO,03/02/2025,Proteção ao cidadão - GM,"Enchentes, inundações ou alagamentos",Concluído,Rua Oscar Wilde,LINDOIA,Unidade Regional Pinheirinho,04/02/2025,Telefone,2025
Solicitação,SECRETARIA MUNICIPAL DA DEFESA SOCIAL E TRÂNSITO,03/02/2025,Proteção ao cidadão - GM,"Enchentes, inundações ou alagamentos",Concluído,RUA 25 DE AGOSTO,ALTO BOQUEIRAO,Unidade Regional Boqueirao,04/02/2025,Telefone,2025
Solicitação,SECRETARIA MUNICIPAL DA DEFESA SOCIAL E TRÂNSITO,04/02/2025,Proteção ao cidadão - GM,"Enchentes, inundações ou alagamentos",Concluído,Rua General Teodorico Guimarães,FANNY,Unidade Regional Pinheirinho,04/02/2025,Chat,2025
Solicitação,SECRETARIA MUNICIPAL DA DEFESA SOCIAL E TRÂNSITO,04/02/2025,Proteção ao cidadão - GM,"Enchentes, inundações ou alagamentos",Concluído,Rua Coronel Luiz José Dos Santos,XAXIM,Unidade Regional Boqueirao,04/02/2025,Telefone,2025
Solicitação,SECRETARIA MUNICIPAL DA DEFESA SOCIAL E TRÂNSITO,13/02/2025,Proteção ao cidadão - GM,"Enchentes, inundações ou alagamentos",Concluído,Rua Aguinaldo Dos Santos Pereira,CAJURU,Unidade Regional Cajuru,13/02/2025,Telefone,2025
Solicitação,SECRETARIA MUNICIPAL DA DEFESA SOCIAL E TRÂNSITO,13/02/2025,Proteção ao cidadão - GM,"Enchentes, inundações ou alagamentos",Concluído,RUA SÃO JOAQUIM,JARDIM BOTANICO,Unidade Regional Matriz,13/02/2025,Telefone,2025
Solicitação,SECRETARIA MUNICIPAL DA DEFESA SOCIAL E TRÂNSITO,13/02/2025,Proteção ao cidadão - GM,"Enchentes, inundações ou alagamentos",Concluído,Rua José Demeterco,CAJURU,Unidade Regional Cajuru,13/02/2025,Telefone,2025
Solicitação,SECRETARIA MUNICIPAL DA DEFESA SOCIAL E TRÂNSITO,13/02/2025,Proteção ao cidadão - GM,"Enchentes, inundações ou alagamentos",Concluído,Rua Carlota Pereira de Queiroz,CAJURU,Unidade Regional Cajuru,21/02/2025,Telefone,2025
Solicitação,SECRETARIA MUNICIPAL DA DEFESA SOCIAL E TRÂNSITO,13/02/2025,Proteção ao cidadão - GM,"Enchentes, inundações ou alagamentos",Concluído,Rua Germânia,CAJURU,Unidade Regional Cajuru,13/02/2025,Telefone,2025
Solicitação,SECRETARIA MUNICIPAL DA DEFESA SOCIAL E TRÂNSITO,13/02/2025,Proteção ao cidadão - GM,"Enchentes, inundações ou alagamentos",Concluído,Rua Osmário de Lima,CAPAO DA IMBUIA,Unidade Regional Cajuru,14/02/2025,Telefone,2025
Solicitação,SECRETARIA MUNICIPAL DA DEFESA SOCIAL E TRÂNSITO,13/02/2025,Proteção ao cidadão - GM,"Enchentes, inundações ou alagamentos",Concluído,RUA SOFIA DUBIELLA,ABRANCHES,Unidade Regional Boa Vista,13/02/2025,Telefone,2025
Solicitação,SECRETARIA MUNICIPAL DA DEFESA SOCIAL E TRÂNSITO,13/02/2025,Proteção ao cidadão - GM,"Enchentes, inundações ou alagamentos",Concluído,RUA CLARA KUCHENNY,ABRANCHES,Unidade Regional Boa Vista,13/02/2025,Telefone,2025
Solicitação,SECRETARIA MUNICIPAL DA DEFESA SOCIAL E TRÂNSITO,13/02/2025,Proteção ao cidadão - GM,"Enchentes, inundações ou alagamentos",Concluído,RUA ASSIS BRASIL,BARREIRINHA,Unidade Regional Boa Vista,21/02/2025,Telefone,2025
Solicitação,SECRETARIA MUNICIPAL DA DEFESA SOCIAL E TRÂNSITO,13/02/2025,Proteção ao cidadão - GM,"Enchentes, inundações ou alagamentos",Concluído,RUA NAGIB DA SILVA,CAJURU,Unidade Regional Cajuru,13/02/2025,Telefone,2025
Solicitação,SECRETARIA MUNICIPAL DA DEFESA SOCIAL E TRÂNSITO,13/02/2025,Proteção ao cidadão - GM,"Enchentes, inundações ou alagamentos",Concluído,RUA GUILHERME IHLENFELDT,BACACHERI,Unidade Regional Boa Vista,13/02/2025,Telefone,2025
Solicitação,SECRETARIA MUNICIPAL DA DEFESA SOCIAL E TRÂNSITO,13/02/2025,Proteção ao cidadão - GM,"Enchentes, inundações ou alagamentos",Concluído,Rua Henrique Mehl,UBERABA,Unidade Regional Cajuru,13/02/2025,Telefone,2025
Solicitação,SECRETARIA MUNICIPAL DA DEFESA SOCIAL E TRÂNSITO,13/02/2025,Proteção ao cidadão - GM,"Enchentes, inundações ou alagamentos",Concluído,RUA CURIÚVA,BARREIRINHA,Unidade Regional Boa Vista,13/02/2025,Telefone,2025
Solicitação,SECRETARIA MUNICIPAL DA DEFESA SOCIAL E TRÂNSITO,13/02/2025,Proteção ao cidadão - GM,"Enchentes, inundações ou alagamentos",Concluído,Rua Gabirobas,UBERABA,Unidade Regional Cajuru,13/02/2025,Telefone,2025
Solicitação,SECRETARIA MUNICIPAL DA DEFESA SOCIAL E TRÂNSITO,13/02/2025,Proteção ao cidadão - GM,"Enchentes, inundações ou alagamentos",Concluído,RUA PARÁ,AGUA VERDE,Unidade Regional Portao,14/02/2025,Telefone,2025
Solicitação,SECRETARIA MUNICIPAL DA DEFESA SOCIAL E TRÂNSITO,15/02/2025,Proteção ao cidadão - GM,"Enchentes, inundações ou alagamentos",Concluído,RUA SUDÃO,CAJURU,Unidade Regional Cajuru,21/02/2025,Telefone,2025
Solicitação,SECRETARIA MUNICIPAL DA DEFESA SOCIAL E TRÂNSITO,18/02/2025,Proteção ao cidadão - GM,"Enchentes, inundações ou alagamentos",Concluído,Rua Francisco Klemtz,PORTAO,Unidade Regional Portao,21/02/2025,Telefone,2025
Solicitação,SECRETARIA MUNICIPAL DA DEFESA SOCIAL E TRÂNSITO,18/02/2025,Proteção ao cidadão - GM,"Enchentes, inundações ou alagamentos",Concluído,Rua Vereador Elias Karam,FAZENDINHA,Unidade Regional Portao,21/02/2025,Telefone,2025
Solicitação,SECRETARIA MUNICIPAL DA DEFESA SOCIAL E TRÂNSITO,18/02/2025,Proteção ao cidadão - GM,"Enchentes, inundações ou alagamentos",Concluído,RUA ROSAMÉLIA DE OLIVEIRA,CAMPO COMPRIDO,Unidade Regional Portao,21/02/2025,Telefone,2025
Solicitação,SECRETARIA MUNICIPAL DA DEFESA SOCIAL E TRÂNSITO,18/02/2025,Proteção ao cidadão - GM,"Enchentes, inundações ou alagamentos",Concluído,Rua Lins de Vasconcelos,CIDADE INDUSTRIAL,Unidade Regional CIC,21/02/2025,Telefone,2025
Solicitação,SECRETARIA MUNICIPAL DA DEFESA SOCIAL E TRÂNSITO,18/02/2025,Proteção ao cidadão - GM,"Enchentes, inundações ou alagamentos",Concluído,RUA TIBAGI,CENTRO,Unidade Regional Matriz,21/02/2025,Telefone,2025
Solicitação,SECRETARIA MUNICIPAL DA DEFESA SOCIAL E TRÂNSITO,18/02/2025,Proteção ao cidadão - GM,"Enchentes, inundações ou alagamentos",Concluído,RUA BANDEIRANTES ,SITIO CERCADO,Unidade Regional Bairro Novo,21/02/2025,Telefone,2025
Solicitação,SECRETARIA MUNICIPAL DA DEFESA SOCIAL E TRÂNSITO,18/02/2025,Proteção ao cidadão - GM,"Enchentes, inundações ou alagamentos",Concluído,RUA DAS CARMELITAS,BOQUEIRAO,Unidade Regional Boqueirao,21/02/2025,Telefone,2025
Solicitação,SECRETARIA MUNICIPAL DA DEFESA SOCIAL E TRÂNSITO,18/02/2025,Proteção ao cidadão - GM,"Enchentes, inundações ou alagamentos",Concluído,Rua Olegário Maciel,FAZENDINHA,Unidade Regional Portao,21/02/2025,Telefone,2025
Solicitação,SECRETARIA MUNICIPAL DA DEFESA SOCIAL E TRÂNSITO,18/02/2025,Proteção ao cidadão - GM,"Enchentes, inundações ou alagamentos",Concluído,Rua Olga Baptista Bevilaqua,ALTO BOQUEIRAO,Unidade Regional Boqueirao,21/02/2025,Chat,2025
Solicitação,SECRETARIA MUNICIPAL DA DEFESA SOCIAL E TRÂNSITO,25/02/2025,Proteção ao cidadão - GM,"Enchentes, inundações ou alagamentos",Concluído,RUA FERNANDO SIMAS,MERCES,Unidade Regional Matriz,26/02/2025,Telefone,2025
Solicitação,SECRETARIA MUNICIPAL DA DEFESA SOCIAL E TRÂNSITO,27/02/2025,Proteção ao cidadão - GM,"Enchentes, inundações ou alagamentos",Concluído,AVENIDA MARECHAL FLORIANO PEIXOTO,BOQUEIRAO,Unidade Regional Boqueirao,27/02/2025,Telefone,2025
Solicitação,SECRETARIA MUNICIPAL DA DEFESA SOCIAL E TRÂNSITO,05/03/2025,Proteção ao cidadão - GM,"Enchentes, inundações ou alagamentos",Concluído,TERMINAL BAIRRO ALTO,BOQUEIRAO,Unidade Regional Boqueirao,10/03/2025,Telefone,2025
Solicitação,SECRETARIA MUNICIPAL DA DEFESA SOCIAL E TRÂNSITO,05/03/2025,Proteção ao cidadão - GM,"Enchentes, inundações ou alagamentos",Concluído,RUA ROGERIO PEREIRA DE CAMARGO,CIDADE INDUSTRIAL,Unidade Regional CIC,10/03/2025,Telefone,2025
Solicitação,SECRETARIA MUNICIPAL DA DEFESA SOCIAL E TRÂNSITO,09/03/2025,Proteção ao cidadão - GM,"Enchentes, inundações ou alagamentos",Concluído,Rua Professora Woyslava Trzeciak Ângelotti,SITIO CERCADO,Unidade Regional Bairro Novo,10/03/2025,Telefone,2025
Solicitação,SECRETARIA MUNICIPAL DA DEFESA SOCIAL E TRÂNSITO,09/03/2025,Proteção ao cidadão - GM,"Enchentes, inundações ou alagamentos",Concluído,Rua João Sarot,TATUQUARA,Unidade Regional Tatuquara,10/03/2025,Telefone,2025
Solicitação,SECRETARIA MUNICIPAL DA DEFESA SOCIAL E TRÂNSITO,23/04/2025,Proteção ao cidadão - GM,"Enchentes, inundações ou alagamentos",Concluído,RUA IZOLINA MOLETTA MAURER,CIDADE INDUSTRIAL,Unidade Regional CIC,24/04/2025,Telefone,2025
Solicitação,SECRETARIA MUNICIPAL DA DEFESA SOCIAL E TRÂNSITO,21/05/2025,Proteção ao cidadão - GM,"Enchentes, inundações ou alagamentos",Concluído,RUA EMÍLIO BORDENOSKI,VISTA ALEGRE,Unidade Regional Santa Felicidade,21/05/2025,Telefone,2025
Solicitação,SECRETARIA MUNICIPAL DA DEFESA SOCIAL E TRÂNSITO,21/05/2025,Proteção ao cidadão - GM,"Enchentes, inundações ou alagamentos",Concluído,Rua Rodolfo Bernardelli,UBERABA,Unidade Regional Cajuru,22/05/2025,Telefone,2025
Solicitação,SECRETARIA MUNICIPAL DA DEFESA SOCIAL E TRÂNSITO,07/06/2025,Proteção ao cidadão - GM,"Enchentes, inundações ou alagamentos",Concluído,RUA FRANCISCO KLEICHEVICZ,ORLEANS,Unidade Regional Santa Felicidade,10/06/2025,Telefone,2025
Solicitação,SECRETARIA MUNICIPAL DA DEFESA SOCIAL E TRÂNSITO,07/06/2025,Proteção ao cidadão - GM,"Enchentes, inundações ou alagamentos",Concluído,AVENIDA MANOEL RIBAS,BUTIATUVINHA,Unidade Regional Santa Felicidade,10/06/2025,Telefone,2025
Solicitação,SECRETARIA MUNICIPAL DA DEFESA SOCIAL E TRÂNSITO,08/06/2025,Proteção ao cidadão - GM,"Enchentes, inundações ou alagamentos",Concluído,RUA COLÔMBIA,BACACHERI,Unidade Regional Boa Vista,10/06/2025,Telefone,2025
Solicitação,SECRETARIA MUNICIPAL DA DEFESA SOCIAL E TRÂNSITO,09/06/2025,Proteção ao cidadão - GM,"Enchentes, inundações ou alagamentos",Concluído,Rua Bento Viana,AGUA VERDE,Unidade Regional Portao,10/06/2025,Telefone,2025
Solicitação,SECRETARIA MUNICIPAL DA DEFESA SOCIAL E TRÂNSITO,09/06/2025,Proteção ao cidadão - GM,"Enchentes, inundações ou alagamentos",Concluído,Rua Pedro Antônio da Costa,BOA VISTA,Unidade Regional Boa Vista,10/06/2025,Telefone,2025
Solicitação,SECRETARIA MUNICIPAL DA DEFESA SOCIAL E TRÂNSITO,09/06/2025,Proteção ao cidadão - GM,"Enchentes, inundações ou alagamentos",Concluído,LARGO ERASMO DE ROTTERDAM,AHU,Unidade Regional Matriz,10/06/2025,Telefone,2025
Solicitação,SECRETARIA MUNICIPAL DA DEFESA SOCIAL E TRÂNSITO,20/06/2025,Proteção ao cidadão - GM,"Enchentes, inundações ou alagamentos",Concluído,RUA PALMIRA GLÓRIA DE QUEIROZ,ORLEANS,Unidade Regional Santa Felicidade,23/06/2025,Telefone,2025
Solicitação,SECRETARIA MUNICIPAL DA DEFESA SOCIAL E TRÂNSITO,26/08/2025,Proteção ao cidadão - GM,"Enchentes, inundações ou alagamentos",Concluído,Rua Padre Estanislau Piasecki,CIDADE INDUSTRIAL,Unidade Regional CIC,31/08/2025,Telefone,2025
Solicitação,SECRETARIA MUNICIPAL DA DEFESA SOCIAL E TRÂNSITO,21/09/2025,Proteção ao cidadão - GM,"Enchentes, inundações ou alagamentos",Concluído,RUA EDMUNDO GILLUNG,ALTO BOQUEIRAO,Unidade Regional Boqueirao,16/10/2025,Telefone,2025
Solicitação,SECRETARIA MUNICIPAL DA DEFESA SOCIAL E TRÂNSITO,22/09/2025,Proteção ao cidadão - GM,"Enchentes, inundações ou alagamentos",Concluído,Rua Lufrido Costa,PINHEIRINHO,Unidade Regional Pinheirinho,24/09/2025,Telefone,2025
Solicitação,SECRETARIA MUNICIPAL DA DEFESA SOCIAL E TRÂNSITO,22/09/2025,Proteção ao cidadão - GM,"Enchentes, inundações ou alagamentos",Concluído,Rua Vitório Stevan,CIDADE INDUSTRIAL,Unidade Regional CIC,24/09/2025,Telefone,2025
Solicitação,SECRETARIA MUNICIPAL DA DEFESA SOCIAL E TRÂNSITO,18/10/2025,Proteção ao cidadão - GM,"Enchentes, inundações ou alagamentos",Concluído,RUA OLINDO CAETANI,UBERABA,Unidade Regional Cajuru,24/10/2025,Telefone,2025
Solicitação,SECRETARIA MUNICIPAL DA DEFESA SOCIAL E TRÂNSITO,03/11/2025,Proteção ao cidadão - GM,"Enchentes, inundações ou alagamentos",Concluído,Rua Jacinto Cunha,CIDADE INDUSTRIAL,Unidade Regional CIC,04/11/2025,Telefone,2025
Solicitação,SECRETARIA MUNICIPAL DA DEFESA SOCIAL E TRÂNSITO,08/11/2025,Proteção ao cidadão - GM,"Enchentes, inundações ou alagamentos",Concluído,Avenida Francisco Gulin,SANTA FELICIDADE,Unidade Regional Santa Felicidade,12/11/2025,Telefone,2025
Solicitação,Secretaria do Governo Municipal,29/12/2025,Drenagem,Alagamentos,Aberto,Rua Estados Unidos,BOA VISTA,Unidade Regional Boa Vista,,Telefone,2025
Solicitação,Secretaria do Governo Municipal,29/12/2025,Drenagem,Alagamentos,Aberto,Humberto Cezarino,SANTA CANDIDA,Unidade Regional Boa Vista,,Portal,2025
Solicitação,Secretaria Municipal de Obras Públicas,18/11/2025,Drenagem,Alagamentos,Aberto,Rua Iapó,PRADO VELHO,Unidade Regional Matriz,,Telefone,2025
Reclamação,Secretaria Municipal de Obras Públicas,14/12/2025,Drenagem,Alagamentos,Aberto,Júlia Wanderley,MERCES,Unidade Regional Matriz,,Portal,2025
Solicitação,Secretaria Municipal de Obras Públicas,15/12/2025,Drenagem,Alagamentos,Aberto,RUA DESEMBARGADOR MOTTA,CENTRO,Unidade Regional Matriz,,Telefone,2025
Reclamação,Secretaria Municipal de Obras Públicas,16/12/2025,Drenagem,Alagamentos,Aberto,RUA Desembargador Motta,CENTRO,Unidade Regional Matriz,,Telefone,2025
Solicitação,Secretaria Municipal de Obras Públicas,31/12/2025,Drenagem,Alagamentos,Aberto,Nestor Lopes da Silva,MERCES,Unidade Regional Matriz,,Portal,2025
Solicitação,Secretaria Municipal de Obras Públicas,31/12/2025,Drenagem,Alagamentos,Aberto,Júlia Wanderley,MERCES,Unidade Regional Matriz,,Portal,2025
Solicitação,Secretaria do Governo Municipal,22/07/2026,Drenagem,Alagamentos,Aberto,RUA JEREMIAS MACIEL PERRETTO,MOSSUNGUE,Unidade Regional Santa Felicidade,,Portal,2026
Solicitação,SECRETARIA MUNICIPAL DA DEFESA SOCIAL E TRÂNSITO,03/02/2026,Proteção ao cidadão - GM,"Enchentes, inundações ou alagamentos",Respondido,RUA 25 DE AGOSTO,BOQUEIRAO,Unidade Regional Boqueirao,27/07/2026,Telefone,2026
Solicitação,Secretaria do Governo Municipal,29/07/2026,Drenagem,Alagamentos,Aberto,RUA DESEMBARGADOR ANTÔNIO DE PAULA,BOQUEIRAO,Unidade Regional Boqueirao,,Telefone,2026
Solicitação,Secretaria do Governo Municipal,11/07/2026,Drenagem,Alagamentos,Aberto,Rua Manoela Stier Reiss,UBERABA,Unidade Regional Cajuru,,Portal,2026
Solicitação,Secretaria do Governo Municipal,17/07/2026,Drenagem,Alagamentos,Aberto,RUA PAULINA KAVINSKI PONTAROLLA,TATUQUARA,Unidade Regional Tatuquara,,Telefone,2026
Solicitação,Secretaria do Governo Municipal,29/07/2026,Drenagem,Alagamentos,Aberto,RUA JAIME JOSÉ VOJCIECHOVSKI,TATUQUARA,Unidade Regional Tatuquara,,Telefone,2026
Solicitação,Secretaria Municipal de Obras Públicas,08/06/2026,Drenagem,Alagamentos,Aberto,RUA FLÁVIO DALLEGRAVE,HUGO LANGE,Unidade Regional Matriz,,Telefone,2026
Solicitação,Secretaria Municipal de Obras Públicas,22/07/2026,Drenagem,Alagamentos,Aberto,AVENIDA VICENTE MACHADO,CENTRO,Unidade Regional Matriz,,Telefone,2026
Solicitação,Secretaria Municipal de Obras Públicas,22/07/2026,Drenagem,Alagamentos,Aberto,Brigadeiro Franco,MERCES,Unidade Regional Matriz,,Portal,2026
Solicitação,Secretaria do Governo Municipal,03/02/2026,Drenagem,Alagamentos,Em andamento,Assis Figueiredo,GUAIRA,Unidade Regional Portao,30/03/2026,Portal,2026
Solicitação,Secretaria Municipal de Obras Públicas,15/05/2026,Drenagem,Alagamentos,Concluído,RUA PROFESSOR FERNANDO MOREIRA,MERCES,Unidade Regional Matriz,,Telefone,2026
Solicitação,Secretaria do Governo Municipal,05/01/2026,Drenagem,Alagamentos,Concluído,Santa Catarina,AGUA VERDE,Unidade Regional Portao,15/01/2026,Portal,2026
Reclamação,Secretaria do Governo Municipal,06/01/2026,Drenagem,Alagamentos,Concluído,Professor Assis Gonçalves,AGUA VERDE,Unidade Regional Portao,13/01/2026,Portal,2026
Solicitação,Secretaria do Governo Municipal,11/01/2026,Drenagem,Alagamentos,Concluído,Alcebíades Plaisant,AGUA VERDE,Unidade Regional Portao,20/01/2026,Portal,2026
Reclamação,Secretaria do Governo Municipal,13/01/2026,Drenagem,Alagamentos,Concluído,RUA 24 DE MAIO,PAROLIN,Unidade Regional Portao,23/01/2026,Portal,2026
Solicitação,Secretaria do Governo Municipal,14/01/2026,Drenagem,Alagamentos,Concluído,RUA SÃO PAULO,GUAIRA,Unidade Regional Portao,27/01/2026,Telefone,2026
Solicitação,Secretaria do Governo Municipal,24/01/2026,Drenagem,Alagamentos,Concluído,Professor Assis Gonçalves,AGUA VERDE,Unidade Regional Portao,28/01/2026,Portal,2026
Solicitação,Secretaria do Governo Municipal,29/01/2026,Drenagem,Alagamentos,Concluído,Rua Guapirama,FAZENDINHA,Unidade Regional Portao,06/02/2026,Telefone,2026
Solicitação,Secretaria do Governo Municipal,03/02/2026,Drenagem,Alagamentos,Concluído,RUA BRIGADEIRO FRANCO,PAROLIN,Unidade Regional Portao,27/02/2026,Portal,2026
Solicitação,Secretaria do Governo Municipal,03/02/2026,Drenagem,Alagamentos,Concluído,RUA SANTA CATARINA,AGUA VERDE,Unidade Regional Portao,23/02/2026,Telefone,2026
Solicitação,Secretaria do Governo Municipal,03/02/2026,Drenagem,Alagamentos,Concluído,RUA MARANHÃO,PORTAO,Unidade Regional Portao,02/03/2026,Telefone,2026
Solicitação,Secretaria do Governo Municipal,04/02/2026,Drenagem,Alagamentos,Concluído,Rio de Janeiro,AGUA VERDE,Unidade Regional Portao,18/02/2026,Portal,2026
Solicitação,Secretaria do Governo Municipal,05/02/2026,Drenagem,Alagamentos,Concluído,RUA CARLOS KLEMTZ,FAZENDINHA,Unidade Regional Portao,10/02/2026,Telefone,2026
Solicitação,Secretaria do Governo Municipal,06/02/2026,Drenagem,Alagamentos,Concluído,Eugênio José de Souza,AGUA VERDE,Unidade Regional Portao,27/02/2026,Portal,2026
Solicitação,Secretaria do Governo Municipal,13/02/2026,Drenagem,Alagamentos,Concluído,Rua Jandira Ferreira Dos Santos,FAZENDINHA,Unidade Regional Portao,26/02/2026,Telefone,2026
Solicitação,Secretaria do Governo Municipal,27/04/2026,Drenagem,Alagamentos,Concluído,Marquês do Paraná,AGUA VERDE,Unidade Regional Portao,01/06/2026,Portal,2026
Solicitação,Secretaria do Governo Municipal,06/06/2026,Drenagem,Alagamentos,Concluído,Alagoas,GUAIRA,Unidade Regional Portao,15/06/2026,Portal,2026
Solicitação,Secretaria do Governo Municipal,21/06/2026,Drenagem,Alagamentos,Concluído,Doutor Carvalho Chaves,PAROLIN,Unidade Regional Portao,06/07/2026,Portal,2026
Solicitação,Secretaria do Governo Municipal,03/02/2026,Drenagem,Alagamentos,Concluído,Rua Engenheiro Oswaldo Siqueira,TABOAO,Unidade Regional Boa Vista,16/03/2026,Telefone,2026
Solicitação,Secretaria do Governo Municipal,05/02/2026,Drenagem,Alagamentos,Concluído,RUA OSCAR SPENA,ATUBA,Unidade Regional Boa Vista,25/02/2026,Telefone,2026
Solicitação,Secretaria do Governo Municipal,06/02/2026,Drenagem,Alagamentos,Concluído,RUA LODOVICO GERONAZZO,BACACHERI,Unidade Regional Boa Vista,09/02/2026,Telefone,2026
Solicitação,Secretaria do Governo Municipal,11/02/2026,Drenagem,Alagamentos,Concluído,RUA GUILHERME IHLENFELDT,BACACHERI,Unidade Regional Boa Vista,11/02/2026,Telefone,2026
Solicitação,Secretaria do Governo Municipal,11/02/2026,Drenagem,Alagamentos,Concluído,RUA CAPITÃO CARLOS HENRIQUE CASTOR,PILARZINHO,Unidade Regional Boa Vista,13/04/2026,Telefone,2026
Solicitação,Secretaria do Governo Municipal,05/03/2026,Drenagem,Alagamentos,Concluído,RUA JOSÉ MERHY,BOA VISTA,Unidade Regional Boa Vista,10/03/2026,Telefone,2026
Solicitação,Secretaria do Governo Municipal,09/03/2026,Drenagem,Alagamentos,Concluído,RUA OSCAR SPENA,ATUBA,Unidade Regional Boa Vista,13/03/2026,Telefone,2026
Solicitação,Secretaria do Governo Municipal,12/03/2026,Drenagem,Alagamentos,Concluído,Oscar Spena,ATUBA,Unidade Regional Boa Vista,27/03/2026,Portal,2026
Solicitação,Secretaria do Governo Municipal,16/04/2026,Drenagem,Alagamentos,Concluído,da Nogueira,BARREIRINHA,Unidade Regional Boa Vista,17/04/2026,Portal,2026
Solicitação,Secretaria do Governo Municipal,29/06/2026,Drenagem,Alagamentos,Concluído,RUA APARECIDA CALLEGARINE BARRETO,ATUBA,Unidade Regional Boa Vista,22/07/2026,Telefone,2026
Solicitação,Secretaria do Governo Municipal,10/07/2026,Drenagem,Alagamentos,Concluído,Rua Rei David,SANTA CANDIDA,Unidade Regional Boa Vista,14/07/2026,Telefone,2026
Solicitação,Secretaria do Governo Municipal,13/07/2026,Drenagem,Alagamentos,Concluído,Abrão Calixto,ATUBA,Unidade Regional Boa Vista,17/07/2026,Portal,2026
Solicitação,Secretaria do Governo Municipal,03/02/2026,Drenagem,Alagamentos,Concluído,RUA ZIRES PEREIRA RIBAS,ALTO BOQUEIRAO,Unidade Regional Boqueirao,10/04/2026,Telefone,2026
Solicitação,Secretaria do Governo Municipal,03/02/2026,Drenagem,Alagamentos,Concluído,RUA BOM JESUS DE IGUAPE,BOQUEIRAO,Unidade Regional Boqueirao,23/02/2026,Telefone,2026
Solicitação,Secretaria do Governo Municipal,03/02/2026,Drenagem,Alagamentos,Concluído,Zires Pereira Ribas,ALTO BOQUEIRAO,Unidade Regional Boqueirao,07/04/2026,Telefone,2026
Solicitação,Secretaria do Governo Municipal,03/02/2026,Drenagem,Alagamentos,Concluído,RUA MAJOR THEOLINDO FERREIRA RIBAS,HAUER,Unidade Regional Boqueirao,07/04/2026,Telefone,2026
Solicitação,Secretaria do Governo Municipal,03/02/2026,Drenagem,Alagamentos,Concluído,Rua Reskala Snege,ALTO BOQUEIRAO,Unidade Regional Boqueirao,03/03/2026,Telefone,2026
Solicitação,Secretaria do Governo Municipal,03/02/2026,Drenagem,Alagamentos,Concluído,RUA JOÃO BATISTA ZAGONEL PASSOS,XAXIM,Unidade Regional Boqueirao,27/03/2026,Telefone,2026
Solicitação,Secretaria do Governo Municipal,03/02/2026,Drenagem,Alagamentos,Concluído,RUA ITAÚNA DO SUL,ALTO BOQUEIRAO,Unidade Regional Boqueirao,09/02/2026,Telefone,2026
Solicitação,Secretaria do Governo Municipal,03/02/2026,Drenagem,Alagamentos,Concluído,Rua Menino Jesus,XAXIM,Unidade Regional Boqueirao,10/03/2026,Telefone,2026
Solicitação,Secretaria do Governo Municipal,04/02/2026,Drenagem,Alagamentos,Concluído,Angelina Legat Pasini,ALTO BOQUEIRAO,Unidade Regional Boqueirao,10/02/2026,Portal,2026
Reclamação,Secretaria do Governo Municipal,04/02/2026,Drenagem,Alagamentos,Concluído,Angelina Legat Pasini,ALTO BOQUEIRAO,Unidade Regional Boqueirao,10/02/2026,Portal,2026
Solicitação,Secretaria do Governo Municipal,04/02/2026,Drenagem,Alagamentos,Concluído,Zeferino da Costa,XAXIM,Unidade Regional Boqueirao,27/02/2026,Portal,2026
Solicitação,Secretaria do Governo Municipal,05/02/2026,Drenagem,Alagamentos,Concluído,Desembargador Estanislau Cardoso,XAXIM,Unidade Regional Boqueirao,18/02/2026,Portal,2026
Solicitação,Secretaria do Governo Municipal,06/02/2026,Drenagem,Alagamentos,Concluído,TRAVESSA CÉLIA CARDOZO DOS SANTOS,ALTO BOQUEIRAO,Unidade Regional Boqueirao,27/05/2026,Telefone,2026
Solicitação,Secretaria do Governo Municipal,06/02/2026,Drenagem,Alagamentos,Concluído,RUA RODOLFO AMOEDO,XAXIM,Unidade Regional Boqueirao,27/02/2026,Telefone,2026
Solicitação,Secretaria do Governo Municipal,09/02/2026,Drenagem,Alagamentos,Concluído,RUA MOACIR POTIER,XAXIM,Unidade Regional Boqueirao,27/03/2026,Telefone,2026
Solicitação,Secretaria do Governo Municipal,10/02/2026,Drenagem,Alagamentos,Concluído,RUA ANGELINA LEGAT PASINI,ALTO BOQUEIRAO,Unidade Regional Boqueirao,26/02/2026,Telefone,2026
Solicitação,Secretaria do Governo Municipal,10/02/2026,Drenagem,Alagamentos,Concluído,RUA EXPEDICIONÁRIO ERNESTO GONÇALVES,XAXIM,Unidade Regional Boqueirao,23/04/2026,Telefone,2026
Solicitação,Secretaria do Governo Municipal,13/02/2026,Drenagem,Alagamentos,Concluído,Rua Guilherme Nievola,XAXIM,Unidade Regional Boqueirao,30/03/2026,Telefone,2026
Solicitação,Secretaria do Governo Municipal,13/02/2026,Drenagem,Alagamentos,Concluído,RUA PROFESSOR OSCAR MARTINS GOMES,XAXIM,Unidade Regional Boqueirao,26/02/2026,Telefone,2026
Solicitação,Secretaria do Governo Municipal,15/05/2026,Drenagem,Alagamentos,Concluído,RUA IRMÃ FLÁVIA BORLET,HAUER,Unidade Regional Boqueirao,11/06/2026,Telefone,2026
Solicitação,Secretaria do Governo Municipal,20/06/2026,Drenagem,Alagamentos,Concluído,RUA JEREMIAS MACIEL PERRETTO,MOSSUNGUE,Unidade Regional Santa Felicidade,30/06/2026,Telefone,2026
Solicitação,Secretaria do Governo Municipal,29/01/2026,Drenagem,Alagamentos,Concluído,RUA ALBERTO KRAMER,CAPAO RASO,Unidade Regional Pinheirinho,13/02/2026,Telefone,2026
Solicitação,Secretaria do Governo Municipal,03/02/2026,Drenagem,Alagamentos,Concluído,AVENIDA BRASÍLIA,NOVO MUNDO,Unidade Regional Pinheirinho,03/03/2026,Telefone,2026
Solicitação,Secretaria do Governo Municipal,03/02/2026,Drenagem,Alagamentos,Concluído,João Nogarolli,FANNY,Unidade Regional Pinheirinho,10/02/2026,Telefone,2026
Solicitação,Secretaria do Governo Municipal,03/02/2026,Drenagem,Alagamentos,Concluído,RUA GENERAL TEODORICO GUIMARÃES,FANNY,Unidade Regional Pinheirinho,04/03/2026,Telefone,2026
Solicitação,Secretaria do Governo Municipal,03/02/2026,Drenagem,Alagamentos,Concluído,Rua Madame Curie,PINHEIRINHO,Unidade Regional Pinheirinho,05/02/2026,Telefone,2026
Solicitação,Secretaria do Governo Municipal,04/02/2026,Drenagem,Alagamentos,Concluído,AVENIDA HENRY FORD,FANNY,Unidade Regional Pinheirinho,26/03/2026,Telefone,2026
Solicitação,Secretaria do Governo Municipal,04/02/2026,Drenagem,Alagamentos,Concluído,Rua Francisco Habinovski,CAPAO RASO,Unidade Regional Pinheirinho,05/02/2026,Telefone,2026
Solicitação,Secretaria do Governo Municipal,05/02/2026,Drenagem,Alagamentos,Concluído,RUA HUGO GUSSO,CAPAO RASO,Unidade Regional Pinheirinho,04/03/2026,Telefone,2026
Solicitação,Secretaria do Governo Municipal,09/02/2026,Drenagem,Alagamentos,Concluído,RUA AFFIFE MANSUR,NOVO MUNDO,Unidade Regional Pinheirinho,26/02/2026,Telefone,2026
Reclamação,Secretaria do Governo Municipal,09/03/2026,Drenagem,Alagamentos,Concluído,Rua José Symchack,PINHEIRINHO,Unidade Regional Pinheirinho,09/03/2026,Telefone,2026
Solicitação,Secretaria do Governo Municipal,11/03/2026,Drenagem,Alagamentos,Concluído,Rua Brasílio Ribas,NOVO MUNDO,Unidade Regional Pinheirinho,15/04/2026,Telefone,2026
Solicitação,Secretaria do Governo Municipal,22/04/2026,Drenagem,Alagamentos,Concluído,Brasília,NOVO MUNDO,Unidade Regional Pinheirinho,22/04/2026,Portal,2026
Solicitação,Secretaria do Governo Municipal,29/04/2026,Drenagem,Alagamentos,Concluído,RUA João de Oliveira Franco,FANNY,Unidade Regional Pinheirinho,04/05/2026,Portal,2026
Solicitação,Secretaria do Governo Municipal,04/06/2026,Drenagem,Alagamentos,Concluído,Rua Bernardo Jacintho da Veiga,NOVO MUNDO,Unidade Regional Pinheirinho,10/06/2026,Portal,2026
Solicitação,SECRETARIA MUNICIPAL DA DEFESA SOCIAL E TRÂNSITO,12/06/2026,Proteção ao cidadão - GM,"Enchentes, inundações ou alagamentos",Concluído,RUA ANTÔNIO DE OLIVEIRA,CAJURU,Unidade Regional Cajuru,18/06/2026,Telefone,2026
Denúncia,Secretaria do Governo Municipal,19/07/2026,Drenagem,Alagamentos,Concluído,Rua Guilherme Tragante,TARUMA,Unidade Regional Cajuru,22/07/2026,Portal,2026
Solicitação,Secretaria do Governo Municipal,02/02/2026,Drenagem,Alagamentos,Concluído,Fortaleza,CAJURU,Unidade Regional Cajuru,14/05/2026,Portal,2026
Solicitação,Secretaria do Governo Municipal,02/03/2026,Drenagem,Alagamentos,Concluído,RUA reinaldo pilato,TARUMA,Unidade Regional Cajuru,19/03/2026,Telefone,2026
Solicitação,Secretaria do Governo Municipal,11/03/2026,Drenagem,Alagamentos,Concluído,Jorge Luís Della Coletta,CAPAO DA IMBUIA,Unidade Regional Cajuru,12/03/2026,Portal,2026
Solicitação,Secretaria do Governo Municipal,12/03/2026,Drenagem,Alagamentos,Concluído,Frederico Stadler Júnior,CAPAO DA IMBUIA,Unidade Regional Cajuru,01/04/2026,Portal,2026
Solicitação,Secretaria do Governo Municipal,28/04/2026,Drenagem,Alagamentos,Concluído,Rua Pedro Violani,CAJURU,Unidade Regional Cajuru,05/05/2026,Portal,2026
Solicitação,Secretaria do Governo Municipal,21/05/2026,Drenagem,Alagamentos,Concluído,Júlio Wischral,UBERABA,Unidade Regional Cajuru,25/05/2026,Portal,2026
Solicitação,Secretaria do Governo Municipal,11/06/2026,Drenagem,Alagamentos,Concluído,Serapião Mendes Soares,CAPAO DA IMBUIA,Unidade Regional Cajuru,16/06/2026,Portal,2026
Solicitação,Secretaria do Governo Municipal,12/06/2026,Drenagem,Alagamentos,Concluído,RUA ANTÔNIO DE OLIVEIRA,CAJURU,Unidade Regional Cajuru,19/06/2026,Telefone,2026
Solicitação,Secretaria do Governo Municipal,20/06/2026,Drenagem,Alagamentos,Concluído,RUA ANTÔNIO JOSÉ BONATO,GANCHINHO,Unidade Regional Bairro Novo,26/06/2026,Telefone,2026
Solicitação,Secretaria do Governo Municipal,20/06/2026,Drenagem,Alagamentos,Concluído,RUA ANTÔNIO JOSÉ BONATO,GANCHINHO,Unidade Regional Bairro Novo,30/06/2026,Telefone,2026
Solicitação,Secretaria do Governo Municipal,05/01/2026,Drenagem,Alagamentos,Concluído,RUA JOSÉ BASSA,SITIO CERCADO,Unidade Regional Bairro Novo,08/01/2026,Telefone,2026
Solicitação,Secretaria do Governo Municipal,15/01/2026,Drenagem,Alagamentos,Concluído,Rua Ourizona,SITIO CERCADO,Unidade Regional Bairro Novo,28/01/2026,Telefone,2026
Solicitação,Secretaria do Governo Municipal,15/01/2026,Drenagem,Alagamentos,Concluído,RUA OURIZONA,SITIO CERCADO,Unidade Regional Bairro Novo,28/01/2026,Telefone,2026
Solicitação,Secretaria do Governo Municipal,03/02/2026,Drenagem,Alagamentos,Concluído,Rua Miguel Rossetim,GANCHINHO,Unidade Regional Bairro Novo,06/02/2026,Telefone,2026
Solicitação,Secretaria do Governo Municipal,10/02/2026,Drenagem,Alagamentos,Concluído,João Socha,SITIO CERCADO,Unidade Regional Bairro Novo,19/02/2026,Portal,2026
Solicitação,Secretaria Municipal de Obras Públicas,02/01/2026,Drenagem,Alagamentos,Concluído,Alcides Munhoz,MERCES,Unidade Regional Matriz,09/01/2026,Portal,2026
Solicitação,Secretaria Municipal de Obras Públicas,16/01/2026,Drenagem,Alagamentos,Concluído,RUA CHILE,JARDIM BOTANICO,Unidade Regional Matriz,22/01/2026,Telefone,2026
Solicitação,Secretaria Municipal de Obras Públicas,26/01/2026,Drenagem,Alagamentos,Concluído,RUA DESEMBARGADOR WESTPHALEN,REBOUCAS,Unidade Regional Matriz,09/02/2026,Telefone,2026
Solicitação,Secretaria Municipal de Obras Públicas,03/02/2026,Drenagem,Alagamentos,Concluído,ALAMEDA JÚLIA DA COSTA,SAO FRANCISCO,Unidade Regional Matriz,10/02/2026,Telefone,2026
Solicitação,Secretaria Municipal de Obras Públicas,06/02/2026,Drenagem,Alagamentos,Concluído,RUA HENRIQUE ITIBERÊ DA CUNHA,BOM RETIRO,Unidade Regional Matriz,09/02/2026,Telefone,2026
Solicitação,Secretaria Municipal de Obras Públicas,10/02/2026,Drenagem,Alagamentos,Concluído,Presidente Taunay,BATEL,Unidade Regional Matriz,14/02/2026,Portal,2026
Solicitação,Secretaria do Governo Municipal,14/01/2026,Drenagem,Alagamentos,Concluído,AVENIDA JUSCELINO KUBITSCHEK DE OLIVEIRA,CIDADE INDUSTRIAL,Unidade Regional CIC,19/01/2026,Telefone,2026
Solicitação,Secretaria do Governo Municipal,29/01/2026,Drenagem,Alagamentos,Concluído,São João Bosco,CIDADE INDUSTRIAL,Unidade Regional CIC,30/01/2026,Portal,2026
Solicitação,Secretaria do Governo Municipal,29/01/2026,Drenagem,Alagamentos,Concluído,Rua Aldo Laval,CIDADE INDUSTRIAL,Unidade Regional CIC,02/02/2026,Telefone,2026
Solicitação,Secretaria do Governo Municipal,03/02/2026,Drenagem,Alagamentos,Concluído,Rua Michajlo Pantschenko,CIDADE INDUSTRIAL,Unidade Regional CIC,09/02/2026,Telefone,2026
Solicitação,Secretaria do Governo Municipal,06/02/2026,Drenagem,Alagamentos,Concluído,Santa Águeda,CIDADE INDUSTRIAL,Unidade Regional CIC,09/02/2026,Portal,2026
Solicitação,Secretaria do Governo Municipal,07/02/2026,Drenagem,Alagamentos,Concluído,Rua São João Bosco,CIDADE INDUSTRIAL,Unidade Regional CIC,12/02/2026,Telefone,2026
Solicitação,Secretaria do Governo Municipal,24/02/2026,Drenagem,Alagamentos,Concluído,RUA LUIZ CASAGRANDE,CIDADE INDUSTRIAL,Unidade Regional CIC,26/02/2026,Telefone,2026
Solicitação,Secretaria do Governo Municipal,24/02/2026,Drenagem,Alagamentos,Concluído,RUA ARNAUD FERREIRA VELLOSO,CIDADE INDUSTRIAL,Unidade Regional CIC,27/02/2026,Telefone,2026
Solicitação,Secretaria do Governo Municipal,09/05/2026,Drenagem,Alagamentos,Concluído,Rua Desembargador Cid Campelo,CIDADE INDUSTRIAL,Unidade Regional CIC,18/05/2026,Telefone,2026
Solicitação,Secretaria do Governo Municipal,20/06/2026,Drenagem,Alagamentos,Concluído,Rua Orestes Thá,CIDADE INDUSTRIAL,Unidade Regional CIC,24/06/2026,Chat,2026
Solicitação,Secretaria do Governo Municipal,20/06/2026,Drenagem,Alagamentos,Concluído,Rua Sérgio Carlos Martins Leal,CIDADE INDUSTRIAL,Unidade Regional CIC,03/07/2026,Telefone,2026
Solicitação,SECRETARIA MUNICIPAL DA DEFESA SOCIAL E TRÂNSITO,20/06/2026,Proteção ao cidadão - GM,"Enchentes, inundações ou alagamentos",Concluído,RUA ANTÔNIO JOSÉ BONATO,GANCHINHO,Unidade Regional Bairro Novo,20/06/2026,Telefone,2026
Solicitação,Secretaria do Governo Municipal,23/07/2026,Drenagem,Alagamentos,Respondido,RUA AGENOR ANTONIO RODRIGUES,SITIO CERCADO,Unidade Regional Bairro Novo,23/07/2026,Telefone,2026
Solicitação,SECRETARIA MUNICIPAL DA DEFESA SOCIAL E TRÂNSITO,03/02/2026,Proteção ao cidadão - GM,"Enchentes, inundações ou alagamentos",Aberto,Rua Itaúna do Sul,ALTO BOQUEIRAO,Unidade Regional Boqueirao,,Telefone,2026
Reclamação,Secretaria do Governo Municipal,15/01/2026,Drenagem,Alagamentos,Concluído,Desembargador Aristóxenes Bittencourt,TARUMA,Unidade Regional Cajuru,07/05/2026,Portal,2026
Reclamação,Secretaria do Governo Municipal,03/02/2026,Drenagem,Alagamentos,Concluído,Júlio Wischral,UBERABA,Unidade Regional Cajuru,05/02/2026,Portal,2026
Solicitação,Secretaria do Governo Municipal,03/02/2026,Drenagem,Alagamentos,Concluído,RUA PADRE ESTANISLAU CEBULA,CAJURU,Unidade Regional Cajuru,06/02/2026,Telefone,2026
Solicitação,Secretaria do Governo Municipal,03/02/2026,Drenagem,Alagamentos,Concluído,Rua Osmário de Lima,CAPAO DA IMBUIA,Unidade Regional Cajuru,05/02/2026,Telefone,2026
Solicitação,Secretaria do Governo Municipal,29/06/2026,Drenagem,Alagamentos,Respondido,RUA MIGUEL KOLTUN,NOVO MUNDO,Unidade Regional Pinheirinho,28/07/2026,Telefone,2026
Solicitação,Secretaria do Governo Municipal,04/06/2026,Drenagem,Alagamentos,Aberto,Zonardy Ribas,BOQUEIRAO,Unidade Regional Boqueirao,,Portal,2026
Solicitação,Secretaria do Governo Municipal,20/06/2026,Drenagem,Alagamentos,Aberto,RUA OLIVEIRA VIANA,BOQUEIRAO,Unidade Regional Boqueirao,,Telefone,2026
Solicitação,Secretaria do Governo Municipal,10/07/2026,Drenagem,Alagamentos,Aberto,Rua Antônio Schiebel,BOQUEIRAO,Unidade Regional Boqueirao,,Portal,2026
Solicitação,Secretaria do Governo Municipal,14/01/2026,Drenagem,Alagamentos,Concluído,Tenente Francisco Ferreira de Souza,HAUER,Unidade Regional Boqueirao,30/01/2026,Portal,2026
Solicitação,Secretaria do Governo Municipal,04/02/2026,Drenagem,Alagamentos,Concluído,Francisco Derosso,XAXIM,Unidade Regional Boqueirao,20/02/2026,Portal,2026
Solicitação,Secretaria do Governo Municipal,05/02/2026,Drenagem,Alagamentos,Concluído,RUA JACOB ROMANICHEN,XAXIM,Unidade Regional Boqueirao,10/04/2026,Telefone,2026
Solicitação,Secretaria do Governo Municipal,01/01/2026,Drenagem,Alagamentos,Concluído,RUA ARTHUR MARTINS FRANCO,FAZENDINHA,Unidade Regional Portao,17/03/2026,Telefone,2026
Reclamação,Secretaria do Governo Municipal,12/01/2026,Drenagem,Alagamentos,Concluído,Rua Aristides Borsato,FAZENDINHA,Unidade Regional Portao,16/01/2026,Telefone,2026
Solicitação,Secretaria do Governo Municipal,03/02/2026,Drenagem,Alagamentos,Concluído,Rosamélia de Oliveira,CAMPO COMPRIDO,Unidade Regional Portao,13/02/2026,Portal,2026
Solicitação,Secretaria do Governo Municipal,03/02/2026,Drenagem,Alagamentos,Concluído,RUA SILVEIRA NETO,AGUA VERDE,Unidade Regional Portao,24/02/2026,Telefone,2026
Solicitação,Secretaria do Governo Municipal,06/02/2026,Drenagem,Alagamentos,Concluído,RUA REZALA SIMÃO,SANTA QUITERIA,Unidade Regional Portao,10/02/2026,Telefone,2026
Solicitação,Secretaria do Governo Municipal,06/02/2026,Drenagem,Alagamentos,Concluído,Eugênio José de Souza,AGUA VERDE,Unidade Regional Portao,27/02/2026,Portal,2026
Solicitação,Secretaria do Governo Municipal,17/06/2026,Drenagem,Alagamentos,Concluído,Rua Guilherme Pugsley,AGUA VERDE,Unidade Regional Portao,29/06/2026,Telefone,2026
Solicitação,Secretaria do Governo Municipal,20/06/2026,Drenagem,Alagamentos,Concluído,Rua Gamaliel Bueno Galvão,GUAIRA,Unidade Regional Portao,01/07/2026,Telefone,2026
Solicitação,Secretaria do Governo Municipal,01/07/2026,Drenagem,Alagamentos,Concluído,RUA SÃO PAULO,GUAIRA,Unidade Regional Portao,13/07/2026,Telefone,2026
Solicitação,Secretaria do Governo Municipal,03/02/2026,Drenagem,Alagamentos,Concluído,Rua Dos Dominicanos,BOA VISTA,Unidade Regional Boa Vista,23/02/2026,Telefone,2026
Solicitação,Secretaria do Governo Municipal,26/05/2026,Drenagem,Alagamentos,Concluído,RUA JOVINO DO ROSÁRIO,BOA VISTA,Unidade Regional Boa Vista,26/05/2026,Telefone,2026
Solicitação,Secretaria do Governo Municipal,10/07/2026,Drenagem,Alagamentos,Concluído,RUA MUSTAPHA FRANCISCO LEMES,BARREIRINHA,Unidade Regional Boa Vista,13/07/2026,Telefone,2026
Solicitação,Secretaria do Governo Municipal,08/05/2026,Drenagem,Alagamentos,Concluído,Rua Deputado Néo Martins,NOVO MUNDO,Unidade Regional Pinheirinho,15/05/2026,Telefone,2026
Solicitação,Secretaria do Governo Municipal,16/01/2026,Drenagem,Alagamentos,Concluído,Rua Waldemar Bona,ATUBA,Unidade Regional Boa Vista,19/01/2026,Telefone,2026
Solicitação,Secretaria do Governo Municipal,13/02/2026,Drenagem,Alagamentos,Concluído,Rua São Carlos,SANTA FELICIDADE,Unidade Regional Santa Felicidade,26/02/2026,Telefone,2026
Solicitação,Secretaria do Governo Municipal,10/04/2026,Drenagem,Alagamentos,Concluído,RUA ANGELO PIANARO,BUTIATUVINHA,Unidade Regional Santa Felicidade,13/04/2026,Telefone,2026
Solicitação,Secretaria do Governo Municipal,03/02/2026,Drenagem,Alagamentos,Concluído,RUA IZAAC FERREIRA DA CRUZ,SITIO CERCADO,Unidade Regional Bairro Novo,05/02/2026,Telefone,2026
Solicitação,Secretaria do Governo Municipal,03/02/2026,Drenagem,Alagamentos,Concluído,Rua Izaac Ferreira da Cruz,SITIO CERCADO,Unidade Regional Bairro Novo,05/02/2026,Telefone,2026
Solicitação,Secretaria do Governo Municipal,16/02/2026,Drenagem,Alagamentos,Concluído,RUA LONDRINA,SITIO CERCADO,Unidade Regional Bairro Novo,06/05/2026,Telefone,2026
Solicitação,Secretaria do Governo Municipal,30/03/2026,Drenagem,Alagamentos,Concluído,RUA CAMBÉ,SITIO CERCADO,Unidade Regional Bairro Novo,07/04/2026,Telefone,2026
Solicitação,Secretaria do Governo Municipal,22/04/2026,Drenagem,Alagamentos,Concluído,ESTRADA DO GANCHINHO- LD,SITIO CERCADO,Unidade Regional Bairro Novo,27/04/2026,Telefone,2026
Solicitação,Secretaria do Governo Municipal,06/07/2026,Drenagem,Alagamentos,Concluído,RUA REYNALDO CONTIN,UMBARA,Unidade Regional Bairro Novo,08/07/2026,Telefone,2026
Solicitação,Secretaria Municipal de Obras Públicas,05/02/2026,Drenagem,Alagamentos,Concluído,AVENIDA VICENTE MACHADO,BATEL,Unidade Regional Matriz,02/04/2026,Telefone,2026
Solicitação,Secretaria do Governo Municipal,01/01/2026,Drenagem,Alagamentos,Concluído,RUA PROFESSORA MARIA DO BELÉM FRANÇA,SAO MIGUEL,Unidade Regional CIC,07/01/2026,Telefone,2026
Solicitação,Secretaria do Governo Municipal,07/02/2026,Drenagem,Alagamentos,Concluído,Professor Osvaldo Ormiamin,CIDADE INDUSTRIAL,Unidade Regional CIC,12/02/2026,Portal,2026
Solicitação,Secretaria do Governo Municipal,25/02/2026,Drenagem,Alagamentos,Concluído,Inácio Wolski,CIDADE INDUSTRIAL,Unidade Regional CIC,26/02/2026,Portal,2026
Solicitação,Secretaria do Governo Municipal,26/02/2026,Drenagem,Alagamentos,Concluído,Inácio Wolski,CIDADE INDUSTRIAL,Unidade Regional CIC,26/02/2026,Portal,2026
Solicitação,Secretaria do Governo Municipal,03/03/2026,Drenagem,Alagamentos,Concluído,RUA PROFESSOR FERNANDO CARNEIRO,CIDADE INDUSTRIAL,Unidade Regional CIC,03/03/2026,Telefone,2026
Solicitação,Secretaria do Governo Municipal,16/04/2026,Drenagem,Alagamentos,Concluído,Maria Aparecida Negrão Oliva,CIDADE INDUSTRIAL,Unidade Regional CIC,17/04/2026,Portal,2026
Solicitação,Secretaria do Governo Municipal,19/03/2026,Drenagem,Alagamentos,Concluído,RUA AUGUSTO OLESKOWICZ,CAMPO DE SANTANA,Unidade Regional Tatuquara,12/05/2026,Telefone,2026
Solicitação,Secretaria do Governo Municipal,09/05/2026,Drenagem,Alagamentos,Concluído,Rua Jaime José Vojciechovski,TATUQUARA,Unidade Regional Tatuquara,11/05/2026,Portal,2026
Solicitação,Secretaria do Governo Municipal,10/06/2026,Drenagem,Alagamentos,Concluído,RUA JAIME JOSÉ VOJCIECHOVSKI,TATUQUARA,Unidade Regional Tatuquara,01/07/2026,Telefone,2026
Solicitação,Secretaria do Governo Municipal,29/06/2026,Drenagem,Alagamentos,Concluído,RUA FRANCISCA BERALDE PAOLINI,CAXIMBA,Unidade Regional Tatuquara,01/07/2026,Chat,2026
Solicitação,Secretaria Municipal de Obras Públicas,02/03/2026,Drenagem,Alagamentos,Falta de dados,RUA BARÃO DO RIO BRANCO,CENTRO,Unidade Regional Matriz,,Telefone,2026
Solicitação,Secretaria do Governo Municipal,20/06/2026,Drenagem,Alagamentos,Concluído,RUA SÉRGIO CARLOS MARTINS LEAL,CIDADE INDUSTRIAL,Unidade Regional CIC,22/06/2026,Telefone,2026
Solicitação,Secretaria do Governo Municipal,16/07/2026,Drenagem,Alagamentos,Concluído,Antônio Reinaldo Zanon,CIDADE INDUSTRIAL,Unidade Regional CIC,17/07/2026,Portal,2026
Solicitação,Secretaria do Governo Municipal,22/07/2026,Drenagem,Alagamentos,Aberto,RUA MATEUS LEME,SAO LOURENCO,Unidade Regional Boa Vista,,Telefone,2026
Solicitação,Secretaria do Governo Municipal,20/06/2026,Drenagem,Alagamentos,Concluído,Coronel Alfredo Ferreira da Costa,JARDIM DAS AMERICAS,Unidade Regional Cajuru,25/06/2026,Telefone,2026
Solicitação,Secretaria do Governo Municipal,01/05/2026,Drenagem,Alagamentos,Concluído,Roque Lazarotto,BOA VISTA,Unidade Regional Boa Vista,04/05/2026,Portal,2026
Solicitação,Secretaria do Governo Municipal,12/05/2026,Drenagem,Alagamentos,Concluído,Rua Joaquim da Costa Ribeiro,BAIRRO ALTO,Unidade Regional Boa Vista,14/05/2026,Portal,2026
Solicitação,Secretaria do Governo Municipal,29/04/2026,Drenagem,Alagamentos,Concluído,RUA MAJOR FABRICIANO DO REGO BARROS,HAUER,Unidade Regional Boqueirao,07/05/2026,Telefone,2026
Solicitação,Secretaria do Governo Municipal,14/01/2026,Drenagem,Alagamentos,Concluído,Henry Ford,LINDOIA,Unidade Regional Pinheirinho,15/01/2026,Portal,2026
Solicitação,Secretaria do Governo Municipal,22/04/2026,Drenagem,Alagamentos,Concluído,Frederico Stadler Júnior,CAPAO DA IMBUIA,Unidade Regional Cajuru,12/05/2026,Portal,2026
Solicitação,Secretaria do Governo Municipal,20/02/2026,Drenagem,Alagamentos,Concluído,Sargento Carlos Argemiro de Camargo,UBERABA,Unidade Regional Cajuru,05/03/2026,Portal,2026
Solicitação,Secretaria do Governo Municipal,24/02/2026,Drenagem,Alagamentos,Concluído,Frederico Stadler Júnior,CAPAO DA IMBUIA,Unidade Regional Cajuru,10/03/2026,Portal,2026
Solicitação,Secretaria do Governo Municipal,26/02/2026,Drenagem,Alagamentos,Concluído,RUA SANTO ANÍBAL MARIA DI FRANCIA,UBERABA,Unidade Regional Cajuru,05/03/2026,Telefone,2026
Solicitação,Secretaria do Governo Municipal,26/03/2026,Drenagem,Alagamentos,Concluído,RUA JOÃO PEREIRA DA SILVA,PILARZINHO,Unidade Regional Boa Vista,27/03/2026,Telefone,2026
Solicitação,Secretaria do Governo Municipal,20/07/2026,Drenagem,Alagamentos,Aberto,Bernardo Leinig,VILA IZABEL,Unidade Regional Portao,,Portal,2026
Solicitação,Secretaria do Governo Municipal,24/07/2026,Drenagem,Alagamentos,Aberto,Nossa Senhora Aparecida,SEMINARIO,Unidade Regional Portao,,Portal,2026
Solicitação,Secretaria do Governo Municipal,04/02/2026,Drenagem,Alagamentos,Aberto,Hugo Kinzelmann,CAMPINA DO SIQUEIRA,Unidade Regional Santa Felicidade,,Portal,2026
Solicitação,Secretaria do Governo Municipal,25/05/2026,Drenagem,Alagamentos,Aberto,RUA ARTHUR BELACHE,SANTA FELICIDADE,Unidade Regional Santa Felicidade,,Telefone,2026
Solicitação,SECRETARIA MUNICIPAL DA DEFESA SOCIAL E TRÂNSITO,01/01/2026,Proteção ao cidadão - GM,"Enchentes, inundações ou alagamentos",Concluído,RUA PROFESSORA MARIA DO BELÉM FRANÇA,SAO MIGUEL,Unidade Regional CIC,02/01/2026,Telefone,2026
Solicitação,SECRETARIA MUNICIPAL DA DEFESA SOCIAL E TRÂNSITO,14/01/2026,Proteção ao cidadão - GM,"Enchentes, inundações ou alagamentos",Concluído,Rua Professor Ulisses Vieira,PORTAO,Unidade Regional Portao,15/01/2026,Telefone,2026
Solicitação,SECRETARIA MUNICIPAL DA DEFESA SOCIAL E TRÂNSITO,14/01/2026,Proteção ao cidadão - GM,"Enchentes, inundações ou alagamentos",Concluído,RUA VINTE E QUATRO DE MAIO,PAROLIN,Unidade Regional Portao,15/01/2026,Telefone,2026
Solicitação,SECRETARIA MUNICIPAL DA DEFESA SOCIAL E TRÂNSITO,14/01/2026,Proteção ao cidadão - GM,"Enchentes, inundações ou alagamentos",Concluído,AVENIDA JUSCELINO KUBITSCHEK DE OLIVEIRA,CIDADE INDUSTRIAL,Unidade Regional CIC,15/01/2026,Telefone,2026
Solicitação,SECRETARIA MUNICIPAL DA DEFESA SOCIAL E TRÂNSITO,03/02/2026,Proteção ao cidadão - GM,"Enchentes, inundações ou alagamentos",Concluído,RUA RICHARD WAGNER,VISTA ALEGRE,Unidade Regional Santa Felicidade,05/02/2026,Telefone,2026
Solicitação,SECRETARIA MUNICIPAL DA DEFESA SOCIAL E TRÂNSITO,03/02/2026,Proteção ao cidadão - GM,"Enchentes, inundações ou alagamentos",Concluído,RUA ITAÚNA DO SUL,ALTO BOQUEIRAO,Unidade Regional Boqueirao,04/02/2026,Telefone,2026
Solicitação,SECRETARIA MUNICIPAL DA DEFESA SOCIAL E TRÂNSITO,03/02/2026,Proteção ao cidadão - GM,"Enchentes, inundações ou alagamentos",Concluído,RUA BOM JESUS DE IGUAPE,BOQUEIRAO,Unidade Regional Boqueirao,04/02/2026,Telefone,2026
Solicitação,SECRETARIA MUNICIPAL DA DEFESA SOCIAL E TRÂNSITO,03/02/2026,Proteção ao cidadão - GM,"Enchentes, inundações ou alagamentos",Concluído,Rua Engenheiro Oswaldo Siqueira,TABOAO,Unidade Regional Boa Vista,04/02/2026,Telefone,2026
Solicitação,SECRETARIA MUNICIPAL DA DEFESA SOCIAL E TRÂNSITO,03/02/2026,Proteção ao cidadão - GM,"Enchentes, inundações ou alagamentos",Concluído,Rua Coronel Herculano de Araújo,NOVO MUNDO,Unidade Regional Pinheirinho,04/02/2026,Telefone,2026
Solicitação,SECRETARIA MUNICIPAL DA DEFESA SOCIAL E TRÂNSITO,03/02/2026,Proteção ao cidadão - GM,"Enchentes, inundações ou alagamentos",Concluído,Zires Pereira Ribas,ALTO BOQUEIRAO,Unidade Regional Boqueirao,04/02/2026,Telefone,2026
Solicitação,SECRETARIA MUNICIPAL DA DEFESA SOCIAL E TRÂNSITO,03/02/2026,Proteção ao cidadão - GM,"Enchentes, inundações ou alagamentos",Concluído,RUA LEÓPOLIS,ALTO BOQUEIRAO,Unidade Regional Boqueirao,04/02/2026,Telefone,2026
Solicitação,SECRETARIA MUNICIPAL DA DEFESA SOCIAL E TRÂNSITO,03/02/2026,Proteção ao cidadão - GM,"Enchentes, inundações ou alagamentos",Concluído,Rua Laércio Nakashima,UBERABA,Unidade Regional Cajuru,04/02/2026,Telefone,2026
Solicitação,SECRETARIA MUNICIPAL DA DEFESA SOCIAL E TRÂNSITO,03/02/2026,Proteção ao cidadão - GM,"Enchentes, inundações ou alagamentos",Concluído,RUA PADRE ESTANISLAU CEBULA,CAJURU,Unidade Regional Cajuru,04/02/2026,Telefone,2026
Solicitação,SECRETARIA MUNICIPAL DA DEFESA SOCIAL E TRÂNSITO,03/02/2026,Proteção ao cidadão - GM,"Enchentes, inundações ou alagamentos",Concluído,Rua Reskala Snege,ALTO BOQUEIRAO,Unidade Regional Boqueirao,04/02/2026,Telefone,2026
Solicitação,SECRETARIA MUNICIPAL DA DEFESA SOCIAL E TRÂNSITO,03/02/2026,Proteção ao cidadão - GM,"Enchentes, inundações ou alagamentos",Concluído,Rua Osmário de Lima,CAPAO DA IMBUIA,Unidade Regional Cajuru,04/02/2026,Telefone,2026
Solicitação,SECRETARIA MUNICIPAL DA DEFESA SOCIAL E TRÂNSITO,03/02/2026,Proteção ao cidadão - GM,"Enchentes, inundações ou alagamentos",Concluído,Rua Izaac Ferreira da Cruz,SITIO CERCADO,Unidade Regional Bairro Novo,04/02/2026,Telefone,2026
Solicitação,SECRETARIA MUNICIPAL DA DEFESA SOCIAL E TRÂNSITO,03/02/2026,Proteção ao cidadão - GM,"Enchentes, inundações ou alagamentos",Concluído,Rua Menino Jesus,XAXIM,Unidade Regional Boqueirao,04/02/2026,Telefone,2026
Solicitação,SECRETARIA MUNICIPAL DA DEFESA SOCIAL E TRÂNSITO,13/02/2026,Proteção ao cidadão - GM,"Enchentes, inundações ou alagamentos",Concluído,Rua São Carlos,SANTA FELICIDADE,Unidade Regional Santa Felicidade,19/02/2026,Telefone,2026
Solicitação,SECRETARIA MUNICIPAL DA DEFESA SOCIAL E TRÂNSITO,13/02/2026,Proteção ao cidadão - GM,"Enchentes, inundações ou alagamentos",Concluído,Rua Jandira Ferreira Dos Santos,FAZENDINHA,Unidade Regional Portao,14/02/2026,Telefone,2026
Solicitação,SECRETARIA MUNICIPAL DA DEFESA SOCIAL E TRÂNSITO,20/06/2026,Proteção ao cidadão - GM,"Enchentes, inundações ou alagamentos",Concluído,RUA HELLEN KELLER,CAPAO RASO,Unidade Regional Pinheirinho,22/06/2026,Telefone,2026
Solicitação,SECRETARIA MUNICIPAL DA DEFESA SOCIAL E TRÂNSITO,20/06/2026,Proteção ao cidadão - GM,"Enchentes, inundações ou alagamentos",Concluído,Rua Orestes Thá,CIDADE INDUSTRIAL,Unidade Regional CIC,22/06/2026,Chat,2026
Solicitação,SECRETARIA MUNICIPAL DA DEFESA SOCIAL E TRÂNSITO,20/06/2026,Proteção ao cidadão - GM,"Enchentes, inundações ou alagamentos",Concluído,RUA HELLEN KELLER,CAPAO RASO,Unidade Regional Pinheirinho,22/06/2026,Telefone,2026
Solicitação,SECRETARIA MUNICIPAL DA DEFESA SOCIAL E TRÂNSITO,20/06/2026,Proteção ao cidadão - GM,"Enchentes, inundações ou alagamentos",Concluído,Rua Hellen Keller,CAPAO RASO,Unidade Regional Pinheirinho,22/06/2026,Telefone,2026
Solicitação,SECRETARIA MUNICIPAL DA DEFESA SOCIAL E TRÂNSITO,20/06/2026,Proteção ao cidadão - GM,"Enchentes, inundações ou alagamentos",Concluído,RUA JEREMIAS MACIEL PERRETTO,CAMPO COMPRIDO,Unidade Regional Portao,22/06/2026,Telefone,2026
Solicitação,SECRETARIA MUNICIPAL DA DEFESA SOCIAL E TRÂNSITO,20/06/2026,Proteção ao cidadão - GM,"Enchentes, inundações ou alagamentos",Concluído,Rua Clementina Kulik,SANTA CANDIDA,Unidade Regional Boa Vista,22/06/2026,Telefone,2026
Solicitação,SECRETARIA MUNICIPAL DA DEFESA SOCIAL E TRÂNSITO,20/06/2026,Proteção ao cidadão - GM,"Enchentes, inundações ou alagamentos",Concluído,Rua Gamaliel Bueno Galvão,GUAIRA,Unidade Regional Portao,20/06/2026,Telefone,2026
Solicitação,SECRETARIA MUNICIPAL DA DEFESA SOCIAL E TRÂNSITO,20/06/2026,Proteção ao cidadão - GM,"Enchentes, inundações ou alagamentos",Concluído,Coronel Alfredo Ferreira da Costa,JARDIM DAS AMERICAS,Unidade Regional Cajuru,22/06/2026,Telefone,2026
Solicitação,SECRETARIA MUNICIPAL DA DEFESA SOCIAL E TRÂNSITO,20/06/2026,Proteção ao cidadão - GM,"Enchentes, inundações ou alagamentos",Concluído,Rua Sérgio Carlos Martins Leal,CIDADE INDUSTRIAL,Unidade Regional CIC,22/06/2026,Telefone,2026
Solicitação,SECRETARIA MUNICIPAL DA DEFESA SOCIAL E TRÂNSITO,29/06/2026,Proteção ao cidadão - GM,"Enchentes, inundações ou alagamentos",Concluído,RUA JOSÉ RIBEIRO DE CRISTO,PILARZINHO,Unidade Regional Boa Vista,30/06/2026,Telefone,2026
Solicitação,SECRETARIA MUNICIPAL DA DEFESA SOCIAL E TRÂNSITO,29/06/2026,Proteção ao cidadão - GM,"Enchentes, inundações ou alagamentos",Concluído,RUA FRANCISCA BERALDE PAOLINI,CAXIMBA,Unidade Regional Tatuquara,02/07/2026,Chat,2026
