regiao,rotulo,ponto_id,lat,lon,data_evento,ano_fonte,assunto,subdivisao,logradouro,bairro,nivel_confianca,nominatim_nome_exibicao,nominatim_osm_id,tipo_fonte_negativo,fenomeno_ocorrencia,papel_fonte_dataset,uso_permitido,uso_proibido
Curitiba,0,CUR_SIAC156_NEG_2a1b480b0f9155e3,-25.403682,-49.1995729,18/06/2023,2023,Coleta,Resíduos vegetais de jardim,AVENIDA DA INTEGRAÇÃO,BAIRRO ALTO,strong,"Avenida da Integração, Bairro Alto Paraíso, Bairro Alto, Curitiba, Paraná, Região Sul, 82840-200, Brasil",162130052,siac156_curitiba_non_hydrological_category_v1,"non-flood (Coleta/Resíduos vegetais de jardim) - causally independent of rain, see negative_categories_curitiba.py",siac156_curitiba_negative_v1,"Ponto negativo administrativo geocodificado, pareado por bairro com positivo real, sem colisao <30m. Mesma regra causal do v12 Recife.","Nao usar como escore, threshold ou variavel derivada do rotulo. Ausencia de registro NAO foi usada como criterio -- presenca de outro fenomeno real."
Curitiba,0,CUR_SIAC156_NEG_2a1b480b0f9155e3,-25.403682,-49.1995729,18/06/2023,2023,Coleta,Caliças até 5 carrinhos de mão,AVENIDA DA INTEGRAÇÃO,BAIRRO ALTO,strong,"Avenida da Integração, Bairro Alto Paraíso, Bairro Alto, Curitiba, Paraná, Região Sul, 82840-200, Brasil",162130052,siac156_curitiba_non_hydrological_category_v1,"non-flood (Coleta/Caliças até 5 carrinhos de mão) - causally independent of rain, see negative_categories_curitiba.py",siac156_curitiba_negative_v1,"Ponto negativo administrativo geocodificado, pareado por bairro com positivo real, sem colisao <30m. Mesma regra causal do v12 Recife.","Nao usar como escore, threshold ou variavel derivada do rotulo. Ausencia de registro NAO foi usada como criterio -- presenca de outro fenomeno real."
Curitiba,0,CUR_SIAC156_NEG_27d4497e305c4e41,-25.4299249,-49.2450022,30/03/2023,2023,Coleta,Resíduos vegetais de jardim,RUA PRESIDENTE RODRIGO OTÁVIO,ALTO DA RUA XV,strong,"Rua Presidente Rodrigo Otávio, Cristo Rei, Curitiba, Paraná, Região Sul, 80045-380, Brasil",464380537,siac156_curitiba_non_hydrological_category_v1,"non-flood (Coleta/Resíduos vegetais de jardim) - causally independent of rain, see negative_categories_curitiba.py",siac156_curitiba_negative_v1,"Ponto negativo administrativo geocodificado, pareado por bairro com positivo real, sem colisao <30m. Mesma regra causal do v12 Recife.","Nao usar como escore, threshold ou variavel derivada do rotulo. Ausencia de registro NAO foi usada como criterio -- presenca de outro fenomeno real."
Curitiba,0,CUR_SIAC156_NEG_27d4497e305c4e41,-25.4299249,-49.2450022,30/03/2023,2023,Trânsito,Fiscalização de estacionamento irregular,RUA PRESIDENTE RODRIGO OTÁVIO,ALTO DA RUA XV,strong,"Rua Presidente Rodrigo Otávio, Cristo Rei, Curitiba, Paraná, Região Sul, 80045-380, Brasil",464380537,siac156_curitiba_non_hydrological_category_v1,"non-flood (Trânsito/Fiscalização de estacionamento irregular) - causally independent of rain, see negative_categories_curitiba.py",siac156_curitiba_negative_v1,"Ponto negativo administrativo geocodificado, pareado por bairro com positivo real, sem colisao <30m. Mesma regra causal do v12 Recife.","Nao usar como escore, threshold ou variavel derivada do rotulo. Ausencia de registro NAO foi usada como criterio -- presenca de outro fenomeno real."
Curitiba,0,CUR_SIAC156_NEG_27d4497e305c4e41,-25.4299249,-49.2450022,30/03/2023,2023,Coleta,Resíduos vegetais de jardim,RUA PRESIDENTE RODRIGO OTÁVIO,ALTO DA RUA XV,strong,"Rua Presidente Rodrigo Otávio, Cristo Rei, Curitiba, Paraná, Região Sul, 80045-380, Brasil",464380537,siac156_curitiba_non_hydrological_category_v1,"non-flood (Coleta/Resíduos vegetais de jardim) - causally independent of rain, see negative_categories_curitiba.py",siac156_curitiba_negative_v1,"Ponto negativo administrativo geocodificado, pareado por bairro com positivo real, sem colisao <30m. Mesma regra causal do v12 Recife.","Nao usar como escore, threshold ou variavel derivada do rotulo. Ausencia de registro NAO foi usada como criterio -- presenca de outro fenomeno real."
Curitiba,0,CUR_SIAC156_NEG_8e68933a7e257f4a,-25.4556459,-49.3747554,01/02/2023,2023,Coleta,Entulhos diversos (pequena quantidade),RUA SANTO ANTÔNIO DA PLATINA,AUGUSTA,strong,"Rua Santo Antônio da Platina, Augusta, Curitiba, Paraná, Região Sul, 81290-260, Brasil",127528130,siac156_curitiba_non_hydrological_category_v1,"non-flood (Coleta/Entulhos diversos (pequena quantidade)) - causally independent of rain, see negative_categories_curitiba.py",siac156_curitiba_negative_v1,"Ponto negativo administrativo geocodificado, pareado por bairro com positivo real, sem colisao <30m. Mesma regra causal do v12 Recife.","Nao usar como escore, threshold ou variavel derivada do rotulo. Ausencia de registro NAO foi usada como criterio -- presenca de outro fenomeno real."
Curitiba,0,CUR_SIAC156_NEG_8ff42483589ebd5b,-25.4615221,-49.3374616,14/12/2023,2023,Trânsito,Fiscalização imediata,RUA DOUTOR JOSÉ CLÁUDIO RIBEIRO RENNO,CAMPO COMPRIDO,strong,"Rua Doutor José Cláudio Ribeiro Renno, Campo Comprido, Curitiba, Paraná, Região Sul, 81230-162, Brasil",165356700,siac156_curitiba_non_hydrological_category_v1,"non-flood (Trânsito/Fiscalização imediata) - causally independent of rain, see negative_categories_curitiba.py",siac156_curitiba_negative_v1,"Ponto negativo administrativo geocodificado, pareado por bairro com positivo real, sem colisao <30m. Mesma regra causal do v12 Recife.","Nao usar como escore, threshold ou variavel derivada do rotulo. Ausencia de registro NAO foi usada como criterio -- presenca de outro fenomeno real."
Curitiba,0,CUR_SIAC156_NEG_2611bd13589a607c,-25.4747268,-49.2005683,14/12/2023,2023,Coleta,Caliças até 5 carrinhos de mão,Rua Reverendo Lauro de Castro,CAJURU,strong,"Rua Reverendo Lauro de Castro, Cajuru, Curitiba, Paraná, Região Sul, 82980-190, Brasil",160718228,siac156_curitiba_non_hydrological_category_v1,"non-flood (Coleta/Caliças até 5 carrinhos de mão) - causally independent of rain, see negative_categories_curitiba.py",siac156_curitiba_negative_v1,"Ponto negativo administrativo geocodificado, pareado por bairro com positivo real, sem colisao <30m. Mesma regra causal do v12 Recife.","Nao usar como escore, threshold ou variavel derivada do rotulo. Ausencia de registro NAO foi usada como criterio -- presenca de outro fenomeno real."
Curitiba,0,CUR_SIAC156_NEG_e2ed31dc297889e4,-25.4492834,-49.2809875,11/04/2023,2023,Coleta,Entulhos diversos (pequena quantidade),Rua Tenente Max Wolf Filho,AGUA VERDE,strong,"Rua Tenente Max Wolf Filho, Água Verde, Curitiba, Paraná, Região Sul, 80240-050, Brasil",173546195,siac156_curitiba_non_hydrological_category_v1,"non-flood (Coleta/Entulhos diversos (pequena quantidade)) - causally independent of rain, see negative_categories_curitiba.py",siac156_curitiba_negative_v1,"Ponto negativo administrativo geocodificado, pareado por bairro com positivo real, sem colisao <30m. Mesma regra causal do v12 Recife.","Nao usar como escore, threshold ou variavel derivada do rotulo. Ausencia de registro NAO foi usada como criterio -- presenca de outro fenomeno real."
Curitiba,0,CUR_SIAC156_NEG_17798e70097730a8,-25.5833396,-49.3245778,16/12/2023,2023,Trânsito,Fiscalização de estacionamento irregular,Rua Ângelo Tozim,CAMPO DE SANTANA,strong,"Rua Ângelo Tozim, Vila Rurbana, Campo de Santana, Curitiba, Paraná, Região Sul, 81490-040, Brasil",1191925966,siac156_curitiba_non_hydrological_category_v1,"non-flood (Trânsito/Fiscalização de estacionamento irregular) - causally independent of rain, see negative_categories_curitiba.py",siac156_curitiba_negative_v1,"Ponto negativo administrativo geocodificado, pareado por bairro com positivo real, sem colisao <30m. Mesma regra causal do v12 Recife.","Nao usar como escore, threshold ou variavel derivada do rotulo. Ausencia de registro NAO foi usada como criterio -- presenca de outro fenomeno real."
Curitiba,0,CUR_SIAC156_NEG_17798e70097730a8,-25.5833396,-49.3245778,16/12/2023,2023,Poluição,Sonora - Diurna,Rua Ângelo Tozim,CAMPO DE SANTANA,strong,"Rua Ângelo Tozim, Vila Rurbana, Campo de Santana, Curitiba, Paraná, Região Sul, 81490-040, Brasil",1191925966,siac156_curitiba_non_hydrological_category_v1,"non-flood (Poluição/Sonora - Diurna) - causally independent of rain, see negative_categories_curitiba.py",siac156_curitiba_negative_v1,"Ponto negativo administrativo geocodificado, pareado por bairro com positivo real, sem colisao <30m. Mesma regra causal do v12 Recife.","Nao usar como escore, threshold ou variavel derivada do rotulo. Ausencia de registro NAO foi usada como criterio -- presenca de outro fenomeno real."
Curitiba,0,CUR_SIAC156_NEG_45da2300b5b36ae0,-25.4194922,-49.3424385,27/08/2023,2023,Lombada física,Implantação,Doutor Cerqueira Lima,SAO BRAZ,strong,"Rua Doutor Cerqueira Lima, São Braz, Curitiba, Paraná, Região Sul, 82015-570, Brasil",137976601,siac156_curitiba_non_hydrological_category_v1,"non-flood (Lombada física/Implantação) - causally independent of rain, see negative_categories_curitiba.py",siac156_curitiba_negative_v1,"Ponto negativo administrativo geocodificado, pareado por bairro com positivo real, sem colisao <30m. Mesma regra causal do v12 Recife.","Nao usar como escore, threshold ou variavel derivada do rotulo. Ausencia de registro NAO foi usada como criterio -- presenca de outro fenomeno real."
Curitiba,0,CUR_SIAC156_NEG_b6ae7f82b46355d2,-25.410887,-49.3541959,26/11/2023,2023,Coleta,Resíduos vegetais de jardim,Rua Augusto Fleischfresser,SAO BRAZ,strong,"Rua Augusto Fleischfresser, São Braz, Curitiba, Paraná, Região Sul, 82315-420, Brasil",150296348,siac156_curitiba_non_hydrological_category_v1,"non-flood (Coleta/Resíduos vegetais de jardim) - causally independent of rain, see negative_categories_curitiba.py",siac156_curitiba_negative_v1,"Ponto negativo administrativo geocodificado, pareado por bairro com positivo real, sem colisao <30m. Mesma regra causal do v12 Recife.","Nao usar como escore, threshold ou variavel derivada do rotulo. Ausencia de registro NAO foi usada como criterio -- presenca de outro fenomeno real."
Curitiba,0,CUR_SIAC156_NEG_0578fb5d38b3f7ea,-25.3983586,-49.3467704,19/12/2023,2023,Coleta,Resíduos vegetais de jardim,RUA ANGELO ZANOTTO,BUTIATUVINHA,strong,"Rua Ângelo Zanotto, Butiatuvinha, Curitiba, Paraná, Região Sul, 82320-390, Brasil",158126145,siac156_curitiba_non_hydrological_category_v1,"non-flood (Coleta/Resíduos vegetais de jardim) - causally independent of rain, see negative_categories_curitiba.py",siac156_curitiba_negative_v1,"Ponto negativo administrativo geocodificado, pareado por bairro com positivo real, sem colisao <30m. Mesma regra causal do v12 Recife.","Nao usar como escore, threshold ou variavel derivada do rotulo. Ausencia de registro NAO foi usada como criterio -- presenca de outro fenomeno real."
Curitiba,0,CUR_SIAC156_NEG_b85efec9fa773160,-25.4559114,-49.2250443,03/08/2023,2023,Árvore,Poda de manutenção em árvores,RUA JOSE LUCAS,JARDIM DAS AMERICAS,strong,"Rua José Lucas, Jardim das Américas, Curitiba, Paraná, Região Sul, 81530-150, Brasil",64882235,siac156_curitiba_non_hydrological_category_v1,"non-flood (Árvore/Poda de manutenção em árvores) - causally independent of rain, see negative_categories_curitiba.py",siac156_curitiba_negative_v1,"Ponto negativo administrativo geocodificado, pareado por bairro com positivo real, sem colisao <30m. Mesma regra causal do v12 Recife.","Nao usar como escore, threshold ou variavel derivada do rotulo. Ausencia de registro NAO foi usada como criterio -- presenca de outro fenomeno real."
Curitiba,0,CUR_SIAC156_NEG_dca7e44be040966e,-25.4374442,-49.2122617,25/05/2023,2023,Coleta,Resíduos vegetais de jardim,Rua Humberto Mattana,CAPAO DA IMBUIA,strong,"Rua Humberto Mattana, Capão da Imbuia, Curitiba, Paraná, Região Sul, 82810-460, Brasil",152131325,siac156_curitiba_non_hydrological_category_v1,"non-flood (Coleta/Resíduos vegetais de jardim) - causally independent of rain, see negative_categories_curitiba.py",siac156_curitiba_negative_v1,"Ponto negativo administrativo geocodificado, pareado por bairro com positivo real, sem colisao <30m. Mesma regra causal do v12 Recife.","Nao usar como escore, threshold ou variavel derivada do rotulo. Ausencia de registro NAO foi usada como criterio -- presenca de outro fenomeno real."
Curitiba,0,CUR_SIAC156_NEG_e827c126b7559d61,-25.4944631,-49.3460709,20/09/2023,2023,Lombada física,Implantação,RUA DEPUTADO CUNHA BUENO,CIDADE INDUSTRIAL,strong,"Rua Deputado Cunha Bueno, Cidade Industrial de Curitiba, Curitiba, Paraná, Região Sul, 81350-260, Brasil",127354953,siac156_curitiba_non_hydrological_category_v1,"non-flood (Lombada física/Implantação) - causally independent of rain, see negative_categories_curitiba.py",siac156_curitiba_negative_v1,"Ponto negativo administrativo geocodificado, pareado por bairro com positivo real, sem colisao <30m. Mesma regra causal do v12 Recife.","Nao usar como escore, threshold ou variavel derivada do rotulo. Ausencia de registro NAO foi usada como criterio -- presenca de outro fenomeno real."
Curitiba,0,CUR_SIAC156_NEG_56d1b5421e4fcdf4,-25.426686,-49.2674703,06/02/2023,2023,Cartão transporte,Cartão débito/crédito,RUA PRESIDENTE CARLOS CAVALCANTI,CENTRO,strong,"Rua Presidente Carlos Cavalcanti, Centro, Curitiba, Paraná, Região Sul, 80020-270, Brasil",467435130,siac156_curitiba_non_hydrological_category_v1,"non-flood (Cartão transporte/Cartão débito/crédito) - causally independent of rain, see negative_categories_curitiba.py",siac156_curitiba_negative_v1,"Ponto negativo administrativo geocodificado, pareado por bairro com positivo real, sem colisao <30m. Mesma regra causal do v12 Recife.","Nao usar como escore, threshold ou variavel derivada do rotulo. Ausencia de registro NAO foi usada como criterio -- presenca de outro fenomeno real."
Curitiba,0,CUR_SIAC156_NEG_9ac56858eb76509d,-25.4591348,-49.2758453,11/09/2023,2023,Coleta,Resíduos vegetais de jardim,RUA SAMUEL CEZAR,AGUA VERDE,strong,"Rua Samuel Cézar, Água Verde, Curitiba, Paraná, Região Sul, 80620-220, Brasil",52708905,siac156_curitiba_non_hydrological_category_v1,"non-flood (Coleta/Resíduos vegetais de jardim) - causally independent of rain, see negative_categories_curitiba.py",siac156_curitiba_negative_v1,"Ponto negativo administrativo geocodificado, pareado por bairro com positivo real, sem colisao <30m. Mesma regra causal do v12 Recife.","Nao usar como escore, threshold ou variavel derivada do rotulo. Ausencia de registro NAO foi usada como criterio -- presenca de outro fenomeno real."
Curitiba,0,CUR_SIAC156_NEG_c730d3535fb6b7bb,-25.4566238,-49.2761627,23/10/2023,2023,Árvore,Poda de manutenção em árvores,RUA FRANCISCO NEGRÃO,AGUA VERDE,strong,"Rua Francisco Negrão, Água Verde, Curitiba, Paraná, Região Sul, 80620-400, Brasil",52708908,siac156_curitiba_non_hydrological_category_v1,"non-flood (Árvore/Poda de manutenção em árvores) - causally independent of rain, see negative_categories_curitiba.py",siac156_curitiba_negative_v1,"Ponto negativo administrativo geocodificado, pareado por bairro com positivo real, sem colisao <30m. Mesma regra causal do v12 Recife.","Nao usar como escore, threshold ou variavel derivada do rotulo. Ausencia de registro NAO foi usada como criterio -- presenca de outro fenomeno real."
Curitiba,0,CUR_SIAC156_NEG_83999e706c43bc15,-25.4535901,-49.2758875,08/08/2023,2023,Trânsito,Fiscalização de estacionamento irregular,AVENIDA ÁGUA VERDE,AGUA VERDE,strong,"Avenida Água Verde, Água Verde, Curitiba, Paraná, Região Sul, 80620-400, Brasil",43593224,siac156_curitiba_non_hydrological_category_v1,"non-flood (Trânsito/Fiscalização de estacionamento irregular) - causally independent of rain, see negative_categories_curitiba.py",siac156_curitiba_negative_v1,"Ponto negativo administrativo geocodificado, pareado por bairro com positivo real, sem colisao <30m. Mesma regra causal do v12 Recife.","Nao usar como escore, threshold ou variavel derivada do rotulo. Ausencia de registro NAO foi usada como criterio -- presenca de outro fenomeno real."
Curitiba,0,CUR_SIAC156_NEG_7b5f44a243d552f1,-25.4916079,-49.2846502,25/10/2023,2023,Trânsito,Fiscalização de estacionamento irregular,Rua das Andorinhas,NOVO MUNDO,strong,"Rua das Andorinhas, Novo Mundo, Curitiba, Paraná, Região Sul, 81020-420, Brasil",48310142,siac156_curitiba_non_hydrological_category_v1,"non-flood (Trânsito/Fiscalização de estacionamento irregular) - causally independent of rain, see negative_categories_curitiba.py",siac156_curitiba_negative_v1,"Ponto negativo administrativo geocodificado, pareado por bairro com positivo real, sem colisao <30m. Mesma regra causal do v12 Recife.","Nao usar como escore, threshold ou variavel derivada do rotulo. Ausencia de registro NAO foi usada como criterio -- presenca de outro fenomeno real."
Curitiba,0,CUR_SIAC156_NEG_1de8e7eccdb193f5,-25.4961652,-49.2265428,15/08/2023,2023,Trânsito,Fiscalização de bloqueio de pista,RUA ARISTÓTELES DA SILVA SANTOS,BOQUEIRAO,strong,"Rua Aristóteles da Silva Santos, Boqueirão, Curitiba, Paraná, Região Sul, 81650-140, Brasil",85573769,siac156_curitiba_non_hydrological_category_v1,"non-flood (Trânsito/Fiscalização de bloqueio de pista) - causally independent of rain, see negative_categories_curitiba.py",siac156_curitiba_negative_v1,"Ponto negativo administrativo geocodificado, pareado por bairro com positivo real, sem colisao <30m. Mesma regra causal do v12 Recife.","Nao usar como escore, threshold ou variavel derivada do rotulo. Ausencia de registro NAO foi usada como criterio -- presenca de outro fenomeno real."
Curitiba,0,CUR_SIAC156_NEG_ff1f7cf52d638a3c,-25.4620962,-49.2017923,14/07/2023,2023,Coleta,Entulhos diversos (pequena quantidade),Rua Vila Velha,CAJURU,strong,"Rua Vila Velha, Vila Cajuru VIII B, Cajuru, Curitiba, Paraná, Região Sul, 82960-000, Brasil",164123902,siac156_curitiba_non_hydrological_category_v1,"non-flood (Coleta/Entulhos diversos (pequena quantidade)) - causally independent of rain, see negative_categories_curitiba.py",siac156_curitiba_negative_v1,"Ponto negativo administrativo geocodificado, pareado por bairro com positivo real, sem colisao <30m. Mesma regra causal do v12 Recife.","Nao usar como escore, threshold ou variavel derivada do rotulo. Ausencia de registro NAO foi usada como criterio -- presenca de outro fenomeno real."
Curitiba,0,CUR_SIAC156_NEG_e0daa35d46673de4,-25.400257,-49.2424066,05/12/2023,2023,Trânsito,Fiscalização de estacionamento irregular,RUA DESEMBARGADOR ARTHUR LEME,BACACHERI,strong,"Rua Desembargador Arthur Leme, Bacacheri, Curitiba, Paraná, Região Sul, 82510-180, Brasil",150348503,siac156_curitiba_non_hydrological_category_v1,"non-flood (Trânsito/Fiscalização de estacionamento irregular) - causally independent of rain, see negative_categories_curitiba.py",siac156_curitiba_negative_v1,"Ponto negativo administrativo geocodificado, pareado por bairro com positivo real, sem colisao <30m. Mesma regra causal do v12 Recife.","Nao usar como escore, threshold ou variavel derivada do rotulo. Ausencia de registro NAO foi usada como criterio -- presenca de outro fenomeno real."
Curitiba,0,CUR_SIAC156_NEG_0df5d094ff42c7b3,-25.5181959,-49.2656907,04/02/2023,2023,Coleta,Caliças até 5 carrinhos de mão,RUA JOÃO KASDORF,XAXIM,strong,"Rua João Kasdorf, Vila Mariana, Xaxim, Curitiba, Paraná, Região Sul, 81830-230, Brasil",85022423,siac156_curitiba_non_hydrological_category_v1,"non-flood (Coleta/Caliças até 5 carrinhos de mão) - causally independent of rain, see negative_categories_curitiba.py",siac156_curitiba_negative_v1,"Ponto negativo administrativo geocodificado, pareado por bairro com positivo real, sem colisao <30m. Mesma regra causal do v12 Recife.","Nao usar como escore, threshold ou variavel derivada do rotulo. Ausencia de registro NAO foi usada como criterio -- presenca de outro fenomeno real."
Curitiba,0,CUR_SIAC156_NEG_18f80a4e41512db8,-25.3668777,-49.2295593,16/05/2023,2023,Coleta,Resíduos vegetais de jardim,Rua João Ortolani,SANTA CANDIDA,strong,"Rua João Ortolani, Moradas do Porto, Santa Cândida, Curitiba, Paraná, Região Sul, 82640-010, Brasil",166727302,siac156_curitiba_non_hydrological_category_v1,"non-flood (Coleta/Resíduos vegetais de jardim) - causally independent of rain, see negative_categories_curitiba.py",siac156_curitiba_negative_v1,"Ponto negativo administrativo geocodificado, pareado por bairro com positivo real, sem colisao <30m. Mesma regra causal do v12 Recife.","Nao usar como escore, threshold ou variavel derivada do rotulo. Ausencia de registro NAO foi usada como criterio -- presenca de outro fenomeno real."
Curitiba,0,CUR_SIAC156_NEG_a7f60a15350dc941,-25.4926943,-49.2872919,18/11/2023,2023,Trânsito,Fiscalização de estacionamento irregular,Rua Capitão Ernesto dos Anjos Barbosa,NOVO MUNDO,strong,"Rua Capitão Ernesto dos Anjos Barbosa, Novo Mundo, Curitiba, Paraná, Região Sul, 81020-320, Brasil",48310141,siac156_curitiba_non_hydrological_category_v1,"non-flood (Trânsito/Fiscalização de estacionamento irregular) - causally independent of rain, see negative_categories_curitiba.py",siac156_curitiba_negative_v1,"Ponto negativo administrativo geocodificado, pareado por bairro com positivo real, sem colisao <30m. Mesma regra causal do v12 Recife.","Nao usar como escore, threshold ou variavel derivada do rotulo. Ausencia de registro NAO foi usada como criterio -- presenca de outro fenomeno real."
Curitiba,0,CUR_SIAC156_NEG_160a0b9c2b3f8250,-25.4219933,-49.2325129,21/11/2023,2023,Coleta,Resíduos vegetais de jardim,Rua Arcésio Guimarães,JARDIM SOCIAL,strong,"Rua Arcésio Guimarães, Jardim Social, Curitiba, Paraná, Região Sul, 82520-000, Brasil",173185745,siac156_curitiba_non_hydrological_category_v1,"non-flood (Coleta/Resíduos vegetais de jardim) - causally independent of rain, see negative_categories_curitiba.py",siac156_curitiba_negative_v1,"Ponto negativo administrativo geocodificado, pareado por bairro com positivo real, sem colisao <30m. Mesma regra causal do v12 Recife.","Nao usar como escore, threshold ou variavel derivada do rotulo. Ausencia de registro NAO foi usada como criterio -- presenca de outro fenomeno real."
Curitiba,0,CUR_SIAC156_NEG_0f90823181be3c9d,-25.4259116,-49.2845356,09/08/2024,2024,Trânsito,Fiscalização de estacionamento irregular,ALAMEDA PRUDENTE DE MORAES,MERCES,strong,"Alameda Prudente de Moraes, Mercês, Curitiba, Paraná, Região Sul, 81020-430, Brasil",29429111,siac156_curitiba_non_hydrological_category_v1,"non-flood (Trânsito/Fiscalização de estacionamento irregular) - causally independent of rain, see negative_categories_curitiba.py",siac156_curitiba_negative_v1,"Ponto negativo administrativo geocodificado, pareado por bairro com positivo real, sem colisao <30m. Mesma regra causal do v12 Recife.","Nao usar como escore, threshold ou variavel derivada do rotulo. Ausencia de registro NAO foi usada como criterio -- presenca de outro fenomeno real."
Curitiba,0,CUR_SIAC156_NEG_7407e127fc5c420d,-25.4619037,-49.2545872,28/01/2024,2024,Trânsito,Fiscalização de estacionamento irregular,Rua Aluízio Finzetto,PRADO VELHO,strong,"Rua Aluízio Finzetto, Prado Velho, Curitiba, Paraná, Região Sul, 81610-000, Brasil",1486670646,siac156_curitiba_non_hydrological_category_v1,"non-flood (Trânsito/Fiscalização de estacionamento irregular) - causally independent of rain, see negative_categories_curitiba.py",siac156_curitiba_negative_v1,"Ponto negativo administrativo geocodificado, pareado por bairro com positivo real, sem colisao <30m. Mesma regra causal do v12 Recife.","Nao usar como escore, threshold ou variavel derivada do rotulo. Ausencia de registro NAO foi usada como criterio -- presenca de outro fenomeno real."
Curitiba,0,CUR_SIAC156_NEG_79c5a6d5a66f7c39,-25.4461639,-49.2542402,15/01/2024,2024,Animais domésticos,Remoção de caninos mortos,Rua Chile,REBOUCAS,strong,"Rua Chile, Rebouças, Curitiba, Paraná, Região Sul, 80215-150, Brasil",43547880,siac156_curitiba_non_hydrological_category_v1,"non-flood (Animais domésticos/Remoção de caninos mortos) - causally independent of rain, see negative_categories_curitiba.py",siac156_curitiba_negative_v1,"Ponto negativo administrativo geocodificado, pareado por bairro com positivo real, sem colisao <30m. Mesma regra causal do v12 Recife.","Nao usar como escore, threshold ou variavel derivada do rotulo. Ausencia de registro NAO foi usada como criterio -- presenca de outro fenomeno real."
Curitiba,0,CUR_SIAC156_NEG_7c1f6876f9cf4c31,-25.4143755,-49.2683269,10/11/2024,2024,Trânsito,Fiscalização de estacionamento irregular,Avenida Candi,CENTRO CIVICO,medium,"Centro Cívico, Curitiba, Paraná, Região Sul, Brasil",6204419,siac156_curitiba_non_hydrological_category_v1,"non-flood (Trânsito/Fiscalização de estacionamento irregular) - causally independent of rain, see negative_categories_curitiba.py",siac156_curitiba_negative_v1,"Ponto negativo administrativo geocodificado, pareado por bairro com positivo real, sem colisao <30m. Mesma regra causal do v12 Recife.","Nao usar como escore, threshold ou variavel derivada do rotulo. Ausencia de registro NAO foi usada como criterio -- presenca de outro fenomeno real."
Curitiba,0,CUR_SIAC156_NEG_12349e6e9b90944e,-25.4811815,-49.2098025,31/12/2024,2024,Coleta,Resíduos vegetais de jardim,Rua Arthur José Nísio,UBERABA,strong,"Rua Arthur José Nísio, Uberaba, Curitiba, Paraná, Região Sul, 81550-080, Brasil",187779532,siac156_curitiba_non_hydrological_category_v1,"non-flood (Coleta/Resíduos vegetais de jardim) - causally independent of rain, see negative_categories_curitiba.py",siac156_curitiba_negative_v1,"Ponto negativo administrativo geocodificado, pareado por bairro com positivo real, sem colisao <30m. Mesma regra causal do v12 Recife.","Nao usar como escore, threshold ou variavel derivada do rotulo. Ausencia de registro NAO foi usada como criterio -- presenca de outro fenomeno real."
Curitiba,0,CUR_SIAC156_NEG_77468b164b9e60f0,-25.5005686,-49.2985134,12/02/2024,2024,Coleta,Resíduos vegetais de jardim,RUA DOMINGOS GABARDO,CAPAO RASO,strong,"Rua Domingos Gabardo, Capão Raso, Curitiba, Paraná, Região Sul, 81130-060, Brasil",48294499,siac156_curitiba_non_hydrological_category_v1,"non-flood (Coleta/Resíduos vegetais de jardim) - causally independent of rain, see negative_categories_curitiba.py",siac156_curitiba_negative_v1,"Ponto negativo administrativo geocodificado, pareado por bairro com positivo real, sem colisao <30m. Mesma regra causal do v12 Recife.","Nao usar como escore, threshold ou variavel derivada do rotulo. Ausencia de registro NAO foi usada como criterio -- presenca de outro fenomeno real."
Curitiba,0,CUR_SIAC156_NEG_fab1cf1f08d4880c,-25.4759645,-49.2233974,16/12/2024,2024,Coleta,Entulhos diversos (pequena quantidade),RUA ARATICUM,UBERABA,strong,"Rua Araticum, Uberaba, Curitiba, Paraná, Região Sul, 81540-590, Brasil",125396753,siac156_curitiba_non_hydrological_category_v1,"non-flood (Coleta/Entulhos diversos (pequena quantidade)) - causally independent of rain, see negative_categories_curitiba.py",siac156_curitiba_negative_v1,"Ponto negativo administrativo geocodificado, pareado por bairro com positivo real, sem colisao <30m. Mesma regra causal do v12 Recife.","Nao usar como escore, threshold ou variavel derivada do rotulo. Ausencia de registro NAO foi usada como criterio -- presenca de outro fenomeno real."
Curitiba,0,CUR_SIAC156_NEG_643c04e7da235c4c,-25.498382,-49.2608756,08/02/2024,2024,Coleta,Entulhos diversos (pequena quantidade),RUA ENÉAS ALMEIDA EIDAM,XAXIM,strong,"Rua Enéas Almeida Eidam, Xaxim, Curitiba, Paraná, Região Sul, 81710-380, Brasil",390174020,siac156_curitiba_non_hydrological_category_v1,"non-flood (Coleta/Entulhos diversos (pequena quantidade)) - causally independent of rain, see negative_categories_curitiba.py",siac156_curitiba_negative_v1,"Ponto negativo administrativo geocodificado, pareado por bairro com positivo real, sem colisao <30m. Mesma regra causal do v12 Recife.","Nao usar como escore, threshold ou variavel derivada do rotulo. Ausencia de registro NAO foi usada como criterio -- presenca de outro fenomeno real."
Curitiba,0,CUR_SIAC156_NEG_285ac10fb1d92eda,-25.3835194,-49.2093745,02/10/2024,2024,Coleta,Caliças até 5 carrinhos de mão,RUA ENGENHEIRO JAYME MATZENBACHER,ATUBA,strong,"Rua Engenheiro Jayme Matzenbacher, Atuba, Curitiba, Paraná, Região Sul, 82630-309, Brasil",160681555,siac156_curitiba_non_hydrological_category_v1,"non-flood (Coleta/Caliças até 5 carrinhos de mão) - causally independent of rain, see negative_categories_curitiba.py",siac156_curitiba_negative_v1,"Ponto negativo administrativo geocodificado, pareado por bairro com positivo real, sem colisao <30m. Mesma regra causal do v12 Recife.","Nao usar como escore, threshold ou variavel derivada do rotulo. Ausencia de registro NAO foi usada como criterio -- presenca de outro fenomeno real."
Curitiba,0,CUR_SIAC156_NEG_2b074dfb64a2d5a0,-25.5426076,-49.2970434,12/07/2024,2024,Coleta,Entulhos diversos (pequena quantidade),Rua Professora Augusta Ribas,PINHEIRINHO,strong,"Rua Professora Augusta Ribas, Pinheirinho, Curitiba, Paraná, Região Sul, 81880-000, Brasil",129015216,siac156_curitiba_non_hydrological_category_v1,"non-flood (Coleta/Entulhos diversos (pequena quantidade)) - causally independent of rain, see negative_categories_curitiba.py",siac156_curitiba_negative_v1,"Ponto negativo administrativo geocodificado, pareado por bairro com positivo real, sem colisao <30m. Mesma regra causal do v12 Recife.","Nao usar como escore, threshold ou variavel derivada do rotulo. Ausencia de registro NAO foi usada como criterio -- presenca de outro fenomeno real."
Curitiba,0,CUR_SIAC156_NEG_419f8a0350fa9c35,-25.3811553,-49.2749411,30/04/2024,2024,Coleta,Resíduos vegetais de jardim,RUA BENEDITO CORREIA DE FREITAS,ABRANCHES,strong,"Rua Benedito Correia de Freitas, Abranches, Curitiba, Paraná, Região Sul, 82130-230, Brasil",161997924,siac156_curitiba_non_hydrological_category_v1,"non-flood (Coleta/Resíduos vegetais de jardim) - causally independent of rain, see negative_categories_curitiba.py",siac156_curitiba_negative_v1,"Ponto negativo administrativo geocodificado, pareado por bairro com positivo real, sem colisao <30m. Mesma regra causal do v12 Recife.","Nao usar como escore, threshold ou variavel derivada do rotulo. Ausencia de registro NAO foi usada como criterio -- presenca de outro fenomeno real."
Curitiba,0,CUR_SIAC156_NEG_bd8049d783aeb8e6,-25.5362685,-49.2616497,16/03/2024,2024,Coleta,Resíduos vegetais de jardim,Rua Doutor Lauro Gentio Portugal Tavares,SITIO CERCADO,strong,"Rua Doutor Lauro Gentio Portugal Tavares, Sítio Cercado, Curitiba, Paraná, Região Sul, 81910-470, Brasil",127245296,siac156_curitiba_non_hydrological_category_v1,"non-flood (Coleta/Resíduos vegetais de jardim) - causally independent of rain, see negative_categories_curitiba.py",siac156_curitiba_negative_v1,"Ponto negativo administrativo geocodificado, pareado por bairro com positivo real, sem colisao <30m. Mesma regra causal do v12 Recife.","Nao usar como escore, threshold ou variavel derivada do rotulo. Ausencia de registro NAO foi usada como criterio -- presenca de outro fenomeno real."
Curitiba,0,CUR_SIAC156_NEG_4c69c36788da33a6,-25.4799601,-49.3456184,12/01/2024,2024,Coleta,Entulhos diversos (pequena quantidade),Rua Doutor Nelson Luiz Wolski Velloso,CIDADE INDUSTRIAL,strong,"Rua Doutor Nelson Luiz Wolski Velloso, Cidade Industrial de Curitiba, Curitiba, Paraná, Região Sul, 81250-350, Brasil",83058529,siac156_curitiba_non_hydrological_category_v1,"non-flood (Coleta/Entulhos diversos (pequena quantidade)) - causally independent of rain, see negative_categories_curitiba.py",siac156_curitiba_negative_v1,"Ponto negativo administrativo geocodificado, pareado por bairro com positivo real, sem colisao <30m. Mesma regra causal do v12 Recife.","Nao usar como escore, threshold ou variavel derivada do rotulo. Ausencia de registro NAO foi usada como criterio -- presenca de outro fenomeno real."
Curitiba,0,CUR_SIAC156_NEG_4c69c36788da33a6,-25.4799601,-49.3456184,12/01/2024,2024,Coleta,Resíduos vegetais de jardim,Rua Doutor Nelson Luiz Wolski Velloso,CIDADE INDUSTRIAL,strong,"Rua Doutor Nelson Luiz Wolski Velloso, Cidade Industrial de Curitiba, Curitiba, Paraná, Região Sul, 81250-350, Brasil",83058529,siac156_curitiba_non_hydrological_category_v1,"non-flood (Coleta/Resíduos vegetais de jardim) - causally independent of rain, see negative_categories_curitiba.py",siac156_curitiba_negative_v1,"Ponto negativo administrativo geocodificado, pareado por bairro com positivo real, sem colisao <30m. Mesma regra causal do v12 Recife.","Nao usar como escore, threshold ou variavel derivada do rotulo. Ausencia de registro NAO foi usada como criterio -- presenca de outro fenomeno real."
Curitiba,0,CUR_SIAC156_NEG_bb7afc6993d43655,-25.4046825,-49.3364547,20/02/2024,2024,Árvore,Poda de manutenção em árvores,Rua Inácio Slompo,SANTA FELICIDADE,strong,"Rua Inácio Slompo, Santa Felicidade, Curitiba, Paraná, Região Sul, 82320-040, Brasil",158626309,siac156_curitiba_non_hydrological_category_v1,"non-flood (Árvore/Poda de manutenção em árvores) - causally independent of rain, see negative_categories_curitiba.py",siac156_curitiba_negative_v1,"Ponto negativo administrativo geocodificado, pareado por bairro com positivo real, sem colisao <30m. Mesma regra causal do v12 Recife.","Nao usar como escore, threshold ou variavel derivada do rotulo. Ausencia de registro NAO foi usada como criterio -- presenca de outro fenomeno real."
Curitiba,0,CUR_SIAC156_NEG_5bbccd71b34d39fa,-25.3872682,-49.2927207,29/03/2024,2024,Coleta,Resíduos vegetais de jardim,Rua Jorge Gava,PILARZINHO,strong,"Rua Jorge Gava, Vila Nori - Jardim Cosmos, Pilarzinho, Curitiba, Paraná, Região Sul, 82110-350, Brasil",150296278,siac156_curitiba_non_hydrological_category_v1,"non-flood (Coleta/Resíduos vegetais de jardim) - causally independent of rain, see negative_categories_curitiba.py",siac156_curitiba_negative_v1,"Ponto negativo administrativo geocodificado, pareado por bairro com positivo real, sem colisao <30m. Mesma regra causal do v12 Recife.","Nao usar como escore, threshold ou variavel derivada do rotulo. Ausencia de registro NAO foi usada como criterio -- presenca de outro fenomeno real."
Curitiba,0,CUR_SIAC156_NEG_2d3f679197336ad6,-25.4074031,-49.3445263,07/08/2024,2024,Coleta,Resíduos vegetais de jardim,RUA GIOVANNI DALLA PALMA,SAO BRAZ,strong,"Rua Giovanni Dalla Palma, São Braz, Curitiba, Paraná, Região Sul, 82320-390, Brasil",150298987,siac156_curitiba_non_hydrological_category_v1,"non-flood (Coleta/Resíduos vegetais de jardim) - causally independent of rain, see negative_categories_curitiba.py",siac156_curitiba_negative_v1,"Ponto negativo administrativo geocodificado, pareado por bairro com positivo real, sem colisao <30m. Mesma regra causal do v12 Recife.","Nao usar como escore, threshold ou variavel derivada do rotulo. Ausencia de registro NAO foi usada como criterio -- presenca de outro fenomeno real."
Curitiba,0,CUR_SIAC156_NEG_622b8765e70dc3d1,-25.3889766,-49.2938027,18/04/2024,2024,Coleta,Entulhos diversos (pequena quantidade),Rua Antonio Petruzziello,PILARZINHO,strong,"Rua Antônio Petruzziello, Pilarzinho, Curitiba, Paraná, Região Sul, 82110-350, Brasil",150298939,siac156_curitiba_non_hydrological_category_v1,"non-flood (Coleta/Entulhos diversos (pequena quantidade)) - causally independent of rain, see negative_categories_curitiba.py",siac156_curitiba_negative_v1,"Ponto negativo administrativo geocodificado, pareado por bairro com positivo real, sem colisao <30m. Mesma regra causal do v12 Recife.","Nao usar como escore, threshold ou variavel derivada do rotulo. Ausencia de registro NAO foi usada como criterio -- presenca de outro fenomeno real."
Curitiba,0,CUR_SIAC156_NEG_a317d9f9fbb4f5ec,-25.417762,-49.2975323,01/09/2024,2024,Trânsito,Fiscalização de estacionamento irregular,Rua Paulo Martins,MERCES,strong,"Rua Paulo Martins, Mercês, Curitiba, Paraná, Região Sul, 80810-345, Brasil",29548943,siac156_curitiba_non_hydrological_category_v1,"non-flood (Trânsito/Fiscalização de estacionamento irregular) - causally independent of rain, see negative_categories_curitiba.py",siac156_curitiba_negative_v1,"Ponto negativo administrativo geocodificado, pareado por bairro com positivo real, sem colisao <30m. Mesma regra causal do v12 Recife.","Nao usar como escore, threshold ou variavel derivada do rotulo. Ausencia de registro NAO foi usada como criterio -- presenca de outro fenomeno real."
Curitiba,0,CUR_SIAC156_NEG_0cec881410fa9dab,-25.4154623,-49.359722,16/10/2024,2024,Coleta,Resíduos vegetais de jardim,RUA EDUARDO JARNICKI,SAO BRAZ,strong,"Rua Eduardo Jarnicki, São Braz, Curitiba, Paraná, Região Sul, 82315-420, Brasil",158227367,siac156_curitiba_non_hydrological_category_v1,"non-flood (Coleta/Resíduos vegetais de jardim) - causally independent of rain, see negative_categories_curitiba.py",siac156_curitiba_negative_v1,"Ponto negativo administrativo geocodificado, pareado por bairro com positivo real, sem colisao <30m. Mesma regra causal do v12 Recife.","Nao usar como escore, threshold ou variavel derivada do rotulo. Ausencia de registro NAO foi usada como criterio -- presenca de outro fenomeno real."
Curitiba,0,CUR_SIAC156_NEG_c6e3f9db353b9e91,-25.4128552,-49.2874744,03/09/2024,2024,Coleta,Resíduos vegetais de jardim,Avenida Albino Raschendorfer,VISTA ALEGRE,strong,"Avenida Albino Raschendorfer, Vista Alegre, Curitiba, Paraná, Região Sul, 80810-090, Brasil",754962181,siac156_curitiba_non_hydrological_category_v1,"non-flood (Coleta/Resíduos vegetais de jardim) - causally independent of rain, see negative_categories_curitiba.py",siac156_curitiba_negative_v1,"Ponto negativo administrativo geocodificado, pareado por bairro com positivo real, sem colisao <30m. Mesma regra causal do v12 Recife.","Nao usar como escore, threshold ou variavel derivada do rotulo. Ausencia de registro NAO foi usada como criterio -- presenca de outro fenomeno real."
Curitiba,0,CUR_SIAC156_NEG_a28cd22edcb27fb9,-25.438158,-49.2772774,08/12/2024,2024,Trânsito,Fiscalização de estacionamento irregular,Doutor Pedrosa,CENTRO,strong,"Rua Doutor Pedrosa, Centro, Curitiba, Paraná, Região Sul, 80420-080, Brasil",125542072,siac156_curitiba_non_hydrological_category_v1,"non-flood (Trânsito/Fiscalização de estacionamento irregular) - causally independent of rain, see negative_categories_curitiba.py",siac156_curitiba_negative_v1,"Ponto negativo administrativo geocodificado, pareado por bairro com positivo real, sem colisao <30m. Mesma regra causal do v12 Recife.","Nao usar como escore, threshold ou variavel derivada do rotulo. Ausencia de registro NAO foi usada como criterio -- presenca de outro fenomeno real."
Curitiba,0,CUR_SIAC156_NEG_7bc57bcd86b01151,-25.4167134,-49.2477855,06/03/2024,2024,Coleta,Resíduos vegetais de jardim,Padre Germano Mayer,HUGO LANGE,medium,"Rua Padre Germano Mayer, 2016 - Hugo Lange, Rua Padre Germano Mayer, Hugo Lange, Curitiba, Paraná, Região Sul, 80040-345, Brasil",13736687326,siac156_curitiba_non_hydrological_category_v1,"non-flood (Coleta/Resíduos vegetais de jardim) - causally independent of rain, see negative_categories_curitiba.py",siac156_curitiba_negative_v1,"Ponto negativo administrativo geocodificado, pareado por bairro com positivo real, sem colisao <30m. Mesma regra causal do v12 Recife.","Nao usar como escore, threshold ou variavel derivada do rotulo. Ausencia de registro NAO foi usada como criterio -- presenca de outro fenomeno real."
Curitiba,0,CUR_SIAC156_NEG_5683662c3692490e,-25.4084816,-49.2687393,21/05/2024,2024,Coleta,Caliças até 5 carrinhos de mão,Rua Vieira dos Santos,CENTRO CIVICO,strong,"Rua Vieira dos Santos, Centro Cívico, Curitiba, Paraná, Região Sul, 80530-910, Brasil",86087483,siac156_curitiba_non_hydrological_category_v1,"non-flood (Coleta/Caliças até 5 carrinhos de mão) - causally independent of rain, see negative_categories_curitiba.py",siac156_curitiba_negative_v1,"Ponto negativo administrativo geocodificado, pareado por bairro com positivo real, sem colisao <30m. Mesma regra causal do v12 Recife.","Nao usar como escore, threshold ou variavel derivada do rotulo. Ausencia de registro NAO foi usada como criterio -- presenca de outro fenomeno real."
Curitiba,0,CUR_SIAC156_NEG_52381122d53011cd,-25.4114166,-49.2610834,27/04/2024,2024,Trânsito,Fiscalização de bloqueio de pista,Rua Moysés Marcondes,JUVEVE,strong,"Rua Moysés Marcondes, Juvevê, Curitiba, Paraná, Região Sul, 80530-290, Brasil",32944156,siac156_curitiba_non_hydrological_category_v1,"non-flood (Trânsito/Fiscalização de bloqueio de pista) - causally independent of rain, see negative_categories_curitiba.py",siac156_curitiba_negative_v1,"Ponto negativo administrativo geocodificado, pareado por bairro com positivo real, sem colisao <30m. Mesma regra causal do v12 Recife.","Nao usar como escore, threshold ou variavel derivada do rotulo. Ausencia de registro NAO foi usada como criterio -- presenca de outro fenomeno real."
Curitiba,0,CUR_SIAC156_NEG_5d1ac59824549c46,-25.4727523,-49.2421951,04/01/2024,2024,Coleta,Resíduos vegetais de jardim,RUA DOUTOR DJALMA FERREIRA LOPES,GUABIROTUBA,strong,"Rua Doutor Djalma Ferreira Lopes, Guabirotuba, Curitiba, Paraná, Região Sul, 81510-001, Brasil",125387401,siac156_curitiba_non_hydrological_category_v1,"non-flood (Coleta/Resíduos vegetais de jardim) - causally independent of rain, see negative_categories_curitiba.py",siac156_curitiba_negative_v1,"Ponto negativo administrativo geocodificado, pareado por bairro com positivo real, sem colisao <30m. Mesma regra causal do v12 Recife.","Nao usar como escore, threshold ou variavel derivada do rotulo. Ausencia de registro NAO foi usada como criterio -- presenca de outro fenomeno real."
Curitiba,0,CUR_SIAC156_NEG_85211affa53c8e59,-25.4106311,-49.3103833,09/02/2024,2024,Coleta,Caliças até 5 carrinhos de mão,Rua Genoveva Simões Falcão,CASCATINHA,strong,"Rua Genoveva Simões Falcão, Cascatinha, Curitiba, Paraná, Região Sul, 82020-250, Brasil",158626631,siac156_curitiba_non_hydrological_category_v1,"non-flood (Coleta/Caliças até 5 carrinhos de mão) - causally independent of rain, see negative_categories_curitiba.py",siac156_curitiba_negative_v1,"Ponto negativo administrativo geocodificado, pareado por bairro com positivo real, sem colisao <30m. Mesma regra causal do v12 Recife.","Nao usar como escore, threshold ou variavel derivada do rotulo. Ausencia de registro NAO foi usada como criterio -- presenca de outro fenomeno real."
Curitiba,0,CUR_SIAC156_NEG_32682c44e6e7d065,-25.4432019,-49.3504576,13/09/2024,2024,Trânsito,Fiscalização de estacionamento irregular,Rua Monsenhor Ivo Zanlorenzi,CAMPO COMPRIDO,strong,"Rua Monsenhor Ivo Zanlorenzi, Campo Comprido, Curitiba, Paraná, Região Sul, 81280-430, Brasil",776929902,siac156_curitiba_non_hydrological_category_v1,"non-flood (Trânsito/Fiscalização de estacionamento irregular) - causally independent of rain, see negative_categories_curitiba.py",siac156_curitiba_negative_v1,"Ponto negativo administrativo geocodificado, pareado por bairro com positivo real, sem colisao <30m. Mesma regra causal do v12 Recife.","Nao usar como escore, threshold ou variavel derivada do rotulo. Ausencia de registro NAO foi usada como criterio -- presenca de outro fenomeno real."
Curitiba,0,CUR_SIAC156_NEG_b45954633379eeaf,-25.3976752,-49.3271931,17/04/2024,2024,Árvore,Poda de manutenção em árvores,Egídio Antônio Zamilian,SANTA FELICIDADE,strong,"Rua Egídio Antônio Zamilian, Santa Felicidade, Curitiba, Paraná, Região Sul, 82020-470, Brasil",158126152,siac156_curitiba_non_hydrological_category_v1,"non-flood (Árvore/Poda de manutenção em árvores) - causally independent of rain, see negative_categories_curitiba.py",siac156_curitiba_negative_v1,"Ponto negativo administrativo geocodificado, pareado por bairro com positivo real, sem colisao <30m. Mesma regra causal do v12 Recife.","Nao usar como escore, threshold ou variavel derivada do rotulo. Ausencia de registro NAO foi usada como criterio -- presenca de outro fenomeno real."
Curitiba,0,CUR_SIAC156_NEG_9d32d640ce922416,-25.4125261,-49.2617747,18/04/2024,2024,Coleta,Resíduos vegetais de jardim,RUA ROCHA POMBO,JUVEVE,strong,"Rua Rocha Pombo, Juvevê, Curitiba, Paraná, Região Sul, 80530-290, Brasil",32944157,siac156_curitiba_non_hydrological_category_v1,"non-flood (Coleta/Resíduos vegetais de jardim) - causally independent of rain, see negative_categories_curitiba.py",siac156_curitiba_negative_v1,"Ponto negativo administrativo geocodificado, pareado por bairro com positivo real, sem colisao <30m. Mesma regra causal do v12 Recife.","Nao usar como escore, threshold ou variavel derivada do rotulo. Ausencia de registro NAO foi usada como criterio -- presenca de outro fenomeno real."
Curitiba,0,CUR_SIAC156_NEG_3574fadce28fe12f,-25.4005239,-49.27321,13/07/2024,2024,Coleta,Entulhos diversos (pequena quantidade),Flávio de Azevedo Macedo,SAO LOURENCO,strong,"Rua Flávio de Azevedo Macedo, São Lourenço, Curitiba, Paraná, Região Sul, 82120-060, Brasil",32944143,siac156_curitiba_non_hydrological_category_v1,"non-flood (Coleta/Entulhos diversos (pequena quantidade)) - causally independent of rain, see negative_categories_curitiba.py",siac156_curitiba_negative_v1,"Ponto negativo administrativo geocodificado, pareado por bairro com positivo real, sem colisao <30m. Mesma regra causal do v12 Recife.","Nao usar como escore, threshold ou variavel derivada do rotulo. Ausencia de registro NAO foi usada como criterio -- presenca de outro fenomeno real."
Curitiba,0,CUR_SIAC156_NEG_7ba7e86172f1f8a1,-25.4760763,-49.2277065,16/02/2024,2024,Coleta,Resíduos vegetais de jardim,Avenida Senador Salgado Filho,UBERABA,strong,"Avenida Senador Salgado Filho, Uberaba, Curitiba, Paraná, Região Sul, 81570-140, Brasil",90650982,siac156_curitiba_non_hydrological_category_v1,"non-flood (Coleta/Resíduos vegetais de jardim) - causally independent of rain, see negative_categories_curitiba.py",siac156_curitiba_negative_v1,"Ponto negativo administrativo geocodificado, pareado por bairro com positivo real, sem colisao <30m. Mesma regra causal do v12 Recife.","Nao usar como escore, threshold ou variavel derivada do rotulo. Ausencia de registro NAO foi usada como criterio -- presenca de outro fenomeno real."
Curitiba,0,CUR_SIAC156_NEG_7ba7e86172f1f8a1,-25.4760763,-49.2277065,16/02/2024,2024,Coleta,Resíduos vegetais de jardim,Avenida Senador Salgado Filho,UBERABA,strong,"Avenida Senador Salgado Filho, Uberaba, Curitiba, Paraná, Região Sul, 81570-140, Brasil",90650982,siac156_curitiba_non_hydrological_category_v1,"non-flood (Coleta/Resíduos vegetais de jardim) - causally independent of rain, see negative_categories_curitiba.py",siac156_curitiba_negative_v1,"Ponto negativo administrativo geocodificado, pareado por bairro com positivo real, sem colisao <30m. Mesma regra causal do v12 Recife.","Nao usar como escore, threshold ou variavel derivada do rotulo. Ausencia de registro NAO foi usada como criterio -- presenca de outro fenomeno real."
Curitiba,0,CUR_SIAC156_NEG_1eda291d0a84f90e,-25.3897513,-49.2944811,16/02/2024,2024,Trânsito,Fiscalização de estacionamento irregular,Rua Cezario Curial,PILARZINHO,strong,"Rua Cezário Curial, Vila Nori, Pilarzinho, Curitiba, Paraná, Região Sul, 82100-510, Brasil",150296501,siac156_curitiba_non_hydrological_category_v1,"non-flood (Trânsito/Fiscalização de estacionamento irregular) - causally independent of rain, see negative_categories_curitiba.py",siac156_curitiba_negative_v1,"Ponto negativo administrativo geocodificado, pareado por bairro com positivo real, sem colisao <30m. Mesma regra causal do v12 Recife.","Nao usar como escore, threshold ou variavel derivada do rotulo. Ausencia de registro NAO foi usada como criterio -- presenca de outro fenomeno real."
Curitiba,0,CUR_SIAC156_NEG_7606149954c8239d,-25.5115843,-49.2415793,20/02/2024,2024,Coleta,Resíduos vegetais de jardim,Rua Professor Ary Nogueira Dos Santos,BOQUEIRAO,strong,"Rua Professor Ary Nogueira dos Santos, Boqueirão, Curitiba, Paraná, Região Sul, 81750-190, Brasil",85231834,siac156_curitiba_non_hydrological_category_v1,"non-flood (Coleta/Resíduos vegetais de jardim) - causally independent of rain, see negative_categories_curitiba.py",siac156_curitiba_negative_v1,"Ponto negativo administrativo geocodificado, pareado por bairro com positivo real, sem colisao <30m. Mesma regra causal do v12 Recife.","Nao usar como escore, threshold ou variavel derivada do rotulo. Ausencia de registro NAO foi usada como criterio -- presenca de outro fenomeno real."
Curitiba,0,CUR_SIAC156_NEG_e5e5f5090b439d70,-25.3813651,-49.2205639,14/08/2025,2025,Iluminação Pública,Manutenção de Luminárias,Rua Ghaze Saleh,TINGUI,strong,"Rua Ghaze Saleh, Tingui, Curitiba, Paraná, Região Sul, 82620-260, Brasil",160681474,siac156_curitiba_non_hydrological_category_v1,"non-flood (Iluminação Pública/Manutenção de Luminárias) - causally independent of rain, see negative_categories_curitiba.py",siac156_curitiba_negative_v1,"Ponto negativo administrativo geocodificado, pareado por bairro com positivo real, sem colisao <30m. Mesma regra causal do v12 Recife.","Nao usar como escore, threshold ou variavel derivada do rotulo. Ausencia de registro NAO foi usada como criterio -- presenca de outro fenomeno real."
Curitiba,0,CUR_SIAC156_NEG_439267c68a6e3875,-25.4160066,-49.2740116,09/09/2025,2025,Iluminação Pública,Manutenção de Luminárias,Rua Nilo Pecanha,BOM RETIRO,strong,"Rua Nilo Peçanha, Bom Retiro, Curitiba, Paraná, Região Sul, 80520-176, Brasil",263505515,siac156_curitiba_non_hydrological_category_v1,"non-flood (Iluminação Pública/Manutenção de Luminárias) - causally independent of rain, see negative_categories_curitiba.py",siac156_curitiba_negative_v1,"Ponto negativo administrativo geocodificado, pareado por bairro com positivo real, sem colisao <30m. Mesma regra causal do v12 Recife.","Nao usar como escore, threshold ou variavel derivada do rotulo. Ausencia de registro NAO foi usada como criterio -- presenca de outro fenomeno real."
Curitiba,0,CUR_SIAC156_NEG_dec409c126b86ba6,-25.5362728,-49.2377438,03/04/2025,2025,Coleta,Entulhos diversos (pequena quantidade),Rua Nelso José Lauthart,ALTO BOQUEIRAO,strong,"Rua Nelso José Lauthart, Alto Boqueirão, Curitiba, Paraná, Região Sul, 81860-090, Brasil",1493804463,siac156_curitiba_non_hydrological_category_v1,"non-flood (Coleta/Entulhos diversos (pequena quantidade)) - causally independent of rain, see negative_categories_curitiba.py",siac156_curitiba_negative_v1,"Ponto negativo administrativo geocodificado, pareado por bairro com positivo real, sem colisao <30m. Mesma regra causal do v12 Recife.","Nao usar como escore, threshold ou variavel derivada do rotulo. Ausencia de registro NAO foi usada como criterio -- presenca de outro fenomeno real."
Curitiba,0,CUR_SIAC156_NEG_79a29527af78c994,-25.4307431,-49.2937349,09/04/2025,2025,Trânsito,Fiscalização de bloqueio de pista,Rua Padre Anchieta,BIGORRILHO,strong,"Rua Padre Anchieta, Bigorrilho, Curitiba, Paraná, Região Sul, 80410-020, Brasil",229104844,siac156_curitiba_non_hydrological_category_v1,"non-flood (Trânsito/Fiscalização de bloqueio de pista) - causally independent of rain, see negative_categories_curitiba.py",siac156_curitiba_negative_v1,"Ponto negativo administrativo geocodificado, pareado por bairro com positivo real, sem colisao <30m. Mesma regra causal do v12 Recife.","Nao usar como escore, threshold ou variavel derivada do rotulo. Ausencia de registro NAO foi usada como criterio -- presenca de outro fenomeno real."
Curitiba,0,CUR_SIAC156_NEG_79a29527af78c994,-25.4307431,-49.2937349,09/04/2025,2025,Trânsito,Fiscalização de bloqueio de pista,Rua Padre Anchieta,BIGORRILHO,strong,"Rua Padre Anchieta, Bigorrilho, Curitiba, Paraná, Região Sul, 80410-020, Brasil",229104844,siac156_curitiba_non_hydrological_category_v1,"non-flood (Trânsito/Fiscalização de bloqueio de pista) - causally independent of rain, see negative_categories_curitiba.py",siac156_curitiba_negative_v1,"Ponto negativo administrativo geocodificado, pareado por bairro com positivo real, sem colisao <30m. Mesma regra causal do v12 Recife.","Nao usar como escore, threshold ou variavel derivada do rotulo. Ausencia de registro NAO foi usada como criterio -- presenca de outro fenomeno real."
Curitiba,0,CUR_SIAC156_NEG_91262bd8c7f11ba4,-25.5572366,-49.2514076,17/02/2025,2025,Coleta,Entulhos diversos (pequena quantidade),Rua Ary Taborda,GANCHINHO,strong,"Rua Ary Taborda, Moradias Dom Ângelo, Ganchinho, Curitiba, Paraná, Região Sul, 81935-060, Brasil",398001985,siac156_curitiba_non_hydrological_category_v1,"non-flood (Coleta/Entulhos diversos (pequena quantidade)) - causally independent of rain, see negative_categories_curitiba.py",siac156_curitiba_negative_v1,"Ponto negativo administrativo geocodificado, pareado por bairro com positivo real, sem colisao <30m. Mesma regra causal do v12 Recife.","Nao usar como escore, threshold ou variavel derivada do rotulo. Ausencia de registro NAO foi usada como criterio -- presenca de outro fenomeno real."
Curitiba,0,CUR_SIAC156_NEG_e74f99ac85b12a0e,-25.5325528,-49.2427946,03/10/2025,2025,Lombada física,Implantação,RUA LEOCÁDIO ROBISON DE LIMA DAMAZIO,ALTO BOQUEIRAO,strong,"Rua Leocádio Robison de Lima Damázio, Alto Boqueirão, Curitiba, Paraná, Região Sul, 81850-000, Brasil",161220119,siac156_curitiba_non_hydrological_category_v1,"non-flood (Lombada física/Implantação) - causally independent of rain, see negative_categories_curitiba.py",siac156_curitiba_negative_v1,"Ponto negativo administrativo geocodificado, pareado por bairro com positivo real, sem colisao <30m. Mesma regra causal do v12 Recife.","Nao usar como escore, threshold ou variavel derivada do rotulo. Ausencia de registro NAO foi usada como criterio -- presenca de outro fenomeno real."
Curitiba,0,CUR_SIAC156_NEG_3a17f9736f37cac1,-25.4217742,-49.3310864,22/03/2025,2025,Coleta,Resíduos vegetais de jardim,João Batista Dallarmi,SANTO INACIO,strong,"Rua João Batista Dallarmi, Santa Felicidade, Curitiba, Paraná, Região Sul, 82010-550, Brasil",162999245,siac156_curitiba_non_hydrological_category_v1,"non-flood (Coleta/Resíduos vegetais de jardim) - causally independent of rain, see negative_categories_curitiba.py",siac156_curitiba_negative_v1,"Ponto negativo administrativo geocodificado, pareado por bairro com positivo real, sem colisao <30m. Mesma regra causal do v12 Recife.","Nao usar como escore, threshold ou variavel derivada do rotulo. Ausencia de registro NAO foi usada como criterio -- presenca de outro fenomeno real."
Curitiba,0,CUR_SIAC156_NEG_a1e2efe99ad79073,-25.4084816,-49.2687393,23/02/2025,2025,Trânsito,Fiscalização de estacionamento irregular,RUA VIEIRA DOS SANTOS,CENTRO CIVICO,strong,"Rua Vieira dos Santos, Centro Cívico, Curitiba, Paraná, Região Sul, 80530-910, Brasil",86087483,siac156_curitiba_non_hydrological_category_v1,"non-flood (Trânsito/Fiscalização de estacionamento irregular) - causally independent of rain, see negative_categories_curitiba.py",siac156_curitiba_negative_v1,"Ponto negativo administrativo geocodificado, pareado por bairro com positivo real, sem colisao <30m. Mesma regra causal do v12 Recife.","Nao usar como escore, threshold ou variavel derivada do rotulo. Ausencia de registro NAO foi usada como criterio -- presenca de outro fenomeno real."
Curitiba,0,CUR_SIAC156_NEG_92f625473ea97000,-25.504632,-49.2985781,18/12/2025,2025,Coleta,Resíduos vegetais de jardim,RUA TENENTE MIGUEL A R CUBAS,CAPAO RASO,medium,"Capão Raso, Curitiba, Paraná, Região Sul, Brasil",6236786,siac156_curitiba_non_hydrological_category_v1,"non-flood (Coleta/Resíduos vegetais de jardim) - causally independent of rain, see negative_categories_curitiba.py",siac156_curitiba_negative_v1,"Ponto negativo administrativo geocodificado, pareado por bairro com positivo real, sem colisao <30m. Mesma regra causal do v12 Recife.","Nao usar como escore, threshold ou variavel derivada do rotulo. Ausencia de registro NAO foi usada como criterio -- presenca de outro fenomeno real."
Curitiba,0,CUR_SIAC156_NEG_c9705a9439365e4d,-25.4865091,-49.3068053,09/07/2025,2025,Coleta,Resíduos vegetais de jardim,RUA JULIÃO GUIÃO QUEIROLO,NOVO MUNDO,strong,"Rua Julião Guião Queirolo - Russo, Vila Uberlândia, Novo Mundo, Curitiba, Paraná, Região Sul, 81050-424, Brasil",598198591,siac156_curitiba_non_hydrological_category_v1,"non-flood (Coleta/Resíduos vegetais de jardim) - causally independent of rain, see negative_categories_curitiba.py",siac156_curitiba_negative_v1,"Ponto negativo administrativo geocodificado, pareado por bairro com positivo real, sem colisao <30m. Mesma regra causal do v12 Recife.","Nao usar como escore, threshold ou variavel derivada do rotulo. Ausencia de registro NAO foi usada como criterio -- presenca de outro fenomeno real."
Curitiba,0,CUR_SIAC156_NEG_210531c26802ac61,-25.3961337,-49.2596312,18/08/2025,2025,Coleta,Caliças até 5 carrinhos de mão,Rua Manoel Padilha de Lima,AHU,strong,"Rua Manoel Padilha de Lima, Ahú, Curitiba, Paraná, Região Sul, 82200-310, Brasil",150299037,siac156_curitiba_non_hydrological_category_v1,"non-flood (Coleta/Caliças até 5 carrinhos de mão) - causally independent of rain, see negative_categories_curitiba.py",siac156_curitiba_negative_v1,"Ponto negativo administrativo geocodificado, pareado por bairro com positivo real, sem colisao <30m. Mesma regra causal do v12 Recife.","Nao usar como escore, threshold ou variavel derivada do rotulo. Ausencia de registro NAO foi usada como criterio -- presenca de outro fenomeno real."
Curitiba,0,CUR_SIAC156_NEG_376a0907e2f2909a,-25.4964202,-49.2741017,29/01/2025,2025,Lombada física,Implantação,RUA FRANCISCO DEROSSO,XAXIM,strong,"Rua Francisco Derosso, Xaxim, Curitiba, Paraná, Região Sul, 81810-440, Brasil",195718580,siac156_curitiba_non_hydrological_category_v1,"non-flood (Lombada física/Implantação) - causally independent of rain, see negative_categories_curitiba.py",siac156_curitiba_negative_v1,"Ponto negativo administrativo geocodificado, pareado por bairro com positivo real, sem colisao <30m. Mesma regra causal do v12 Recife.","Nao usar como escore, threshold ou variavel derivada do rotulo. Ausencia de registro NAO foi usada como criterio -- presenca de outro fenomeno real."
Curitiba,0,CUR_SIAC156_NEG_5a1f391d0dee0ff1,-25.4324051,-49.2759272,30/01/2025,2025,Trânsito,Fiscalização de estacionamento irregular,Rua Cândido Lopes,CENTRO,strong,"Rua Cândido Lopes, Centro, Curitiba, Paraná, Região Sul, 80410-201, Brasil",291750963,siac156_curitiba_non_hydrological_category_v1,"non-flood (Trânsito/Fiscalização de estacionamento irregular) - causally independent of rain, see negative_categories_curitiba.py",siac156_curitiba_negative_v1,"Ponto negativo administrativo geocodificado, pareado por bairro com positivo real, sem colisao <30m. Mesma regra causal do v12 Recife.","Nao usar como escore, threshold ou variavel derivada do rotulo. Ausencia de registro NAO foi usada como criterio -- presenca de outro fenomeno real."
Curitiba,0,CUR_SIAC156_NEG_e3d97ca3a2896791,-25.5397979,-49.2837532,27/09/2025,2025,Coleta,Resíduos vegetais de jardim,RUA SERTANEJA,SITIO CERCADO,strong,"Rua Sertaneja, Sítio Cercado, Curitiba, Paraná, Região Sul, 81880-320, Brasil",129015272,siac156_curitiba_non_hydrological_category_v1,"non-flood (Coleta/Resíduos vegetais de jardim) - causally independent of rain, see negative_categories_curitiba.py",siac156_curitiba_negative_v1,"Ponto negativo administrativo geocodificado, pareado por bairro com positivo real, sem colisao <30m. Mesma regra causal do v12 Recife.","Nao usar como escore, threshold ou variavel derivada do rotulo. Ausencia de registro NAO foi usada como criterio -- presenca de outro fenomeno real."
Curitiba,0,CUR_SIAC156_NEG_7efb9b003ad67e71,-25.4307616,-49.2829061,03/05/2025,2025,Sinalização horizontal,Repintura,TRAVESSA MONTEIRO LOBATO,CENTRO,strong,"Travessa Monteiro Lobato, Centro, Curitiba, Paraná, Região Sul, 80410-140, Brasil",163508306,siac156_curitiba_non_hydrological_category_v1,"non-flood (Sinalização horizontal/Repintura) - causally independent of rain, see negative_categories_curitiba.py",siac156_curitiba_negative_v1,"Ponto negativo administrativo geocodificado, pareado por bairro com positivo real, sem colisao <30m. Mesma regra causal do v12 Recife.","Nao usar como escore, threshold ou variavel derivada do rotulo. Ausencia de registro NAO foi usada como criterio -- presenca de outro fenomeno real."
Curitiba,0,CUR_SIAC156_NEG_7efb9b003ad67e71,-25.4307616,-49.2829061,03/05/2025,2025,Trânsito,Fiscalização de estacionamento irregular,TRAVESSA MONTEIRO LOBATO,CENTRO,strong,"Travessa Monteiro Lobato, Centro, Curitiba, Paraná, Região Sul, 80410-140, Brasil",163508306,siac156_curitiba_non_hydrological_category_v1,"non-flood (Trânsito/Fiscalização de estacionamento irregular) - causally independent of rain, see negative_categories_curitiba.py",siac156_curitiba_negative_v1,"Ponto negativo administrativo geocodificado, pareado por bairro com positivo real, sem colisao <30m. Mesma regra causal do v12 Recife.","Nao usar como escore, threshold ou variavel derivada do rotulo. Ausencia de registro NAO foi usada como criterio -- presenca de outro fenomeno real."
Curitiba,0,CUR_SIAC156_NEG_19945a67c759ebf6,-25.4347837,-49.3134812,07/04/2025,2025,Coleta,Entulhos diversos (pequena quantidade),Rua Desembargador Augusto Guimarães Cortês,CAMPINA DO SIQUEIRA,strong,"Rua Desembargador Augusto Guimarães Côrtes, Campina do Siqueira, Curitiba, Paraná, Região Sul, 80740-050, Brasil",385090772,siac156_curitiba_non_hydrological_category_v1,"non-flood (Coleta/Entulhos diversos (pequena quantidade)) - causally independent of rain, see negative_categories_curitiba.py",siac156_curitiba_negative_v1,"Ponto negativo administrativo geocodificado, pareado por bairro com positivo real, sem colisao <30m. Mesma regra causal do v12 Recife.","Nao usar como escore, threshold ou variavel derivada do rotulo. Ausencia de registro NAO foi usada como criterio -- presenca de outro fenomeno real."
Curitiba,0,CUR_SIAC156_NEG_19945a67c759ebf6,-25.4347837,-49.3134812,07/04/2025,2025,Árvore,Remoção de tocos / destoca,Rua Desembargador Augusto Guimarães Cortês,CAMPINA DO SIQUEIRA,strong,"Rua Desembargador Augusto Guimarães Côrtes, Campina do Siqueira, Curitiba, Paraná, Região Sul, 80740-050, Brasil",385090772,siac156_curitiba_non_hydrological_category_v1,"non-flood (Árvore/Remoção de tocos / destoca) - causally independent of rain, see negative_categories_curitiba.py",siac156_curitiba_negative_v1,"Ponto negativo administrativo geocodificado, pareado por bairro com positivo real, sem colisao <30m. Mesma regra causal do v12 Recife.","Nao usar como escore, threshold ou variavel derivada do rotulo. Ausencia de registro NAO foi usada como criterio -- presenca de outro fenomeno real."
Curitiba,0,CUR_SIAC156_NEG_f69701f33c0909db,-25.414689,-49.2397256,02/11/2025,2025,Praças,Manutenção,Presidente Eisenhower,JARDIM SOCIAL,medium,"Praça Presidente Eisenhower, 60, Jardim Social, Curitiba, Paraná, Região Sul, Brasil",360741734,siac156_curitiba_non_hydrological_category_v1,"non-flood (Praças/Manutenção) - causally independent of rain, see negative_categories_curitiba.py",siac156_curitiba_negative_v1,"Ponto negativo administrativo geocodificado, pareado por bairro com positivo real, sem colisao <30m. Mesma regra causal do v12 Recife.","Nao usar como escore, threshold ou variavel derivada do rotulo. Ausencia de registro NAO foi usada como criterio -- presenca de outro fenomeno real."
Curitiba,0,CUR_SIAC156_NEG_810c60222a33fe4a,-25.459569,-49.2375535,02/06/2025,2025,Coleta,Resíduos vegetais de jardim,RUA ERNESTO GUARIZA,JARDIM DAS AMERICAS,strong,"Rua Ernesto Guariza, Jardim das Américas, Curitiba, Paraná, Região Sul, 81520-000, Brasil",125381897,siac156_curitiba_non_hydrological_category_v1,"non-flood (Coleta/Resíduos vegetais de jardim) - causally independent of rain, see negative_categories_curitiba.py",siac156_curitiba_negative_v1,"Ponto negativo administrativo geocodificado, pareado por bairro com positivo real, sem colisao <30m. Mesma regra causal do v12 Recife.","Nao usar como escore, threshold ou variavel derivada do rotulo. Ausencia de registro NAO foi usada como criterio -- presenca de outro fenomeno real."
Curitiba,0,CUR_SIAC156_NEG_1c0f32dcc5fceec0,-25.451848,-49.2036852,01/07/2025,2025,Coleta,Caliças até 5 carrinhos de mão,Rua da Trindade,CAJURU,strong,"Rua da Trindade, Cajuru, Curitiba, Paraná, Região Sul, 82930-240, Brasil",33019287,siac156_curitiba_non_hydrological_category_v1,"non-flood (Coleta/Caliças até 5 carrinhos de mão) - causally independent of rain, see negative_categories_curitiba.py",siac156_curitiba_negative_v1,"Ponto negativo administrativo geocodificado, pareado por bairro com positivo real, sem colisao <30m. Mesma regra causal do v12 Recife.","Nao usar como escore, threshold ou variavel derivada do rotulo. Ausencia de registro NAO foi usada como criterio -- presenca de outro fenomeno real."
Curitiba,0,CUR_SIAC156_NEG_18ede692f09c750e,-25.4592361,-49.2160785,29/05/2026,2026,Coleta,Entulhos diversos (pequena quantidade),Rua Luiz França,CAJURU,strong,"Rua Luiz França, Cajuru, Curitiba, Paraná, Região Sul, 82940-280, Brasil",317975012,siac156_curitiba_non_hydrological_category_v1,"non-flood (Coleta/Entulhos diversos (pequena quantidade)) - causally independent of rain, see negative_categories_curitiba.py",siac156_curitiba_negative_v1,"Ponto negativo administrativo geocodificado, pareado por bairro com positivo real, sem colisao <30m. Mesma regra causal do v12 Recife.","Nao usar como escore, threshold ou variavel derivada do rotulo. Ausencia de registro NAO foi usada como criterio -- presenca de outro fenomeno real."
Curitiba,0,CUR_SIAC156_NEG_e7e53fbb520bf818,-25.481599,-49.2053592,21/07/2026,2026,Coleta,Resíduos vegetais de jardim,Rua do Camacuan,UBERABA,strong,"Rua do Camacuam, Uberaba, Curitiba, Paraná, Região Sul, 81590-250, Brasil",33020861,siac156_curitiba_non_hydrological_category_v1,"non-flood (Coleta/Resíduos vegetais de jardim) - causally independent of rain, see negative_categories_curitiba.py",siac156_curitiba_negative_v1,"Ponto negativo administrativo geocodificado, pareado por bairro com positivo real, sem colisao <30m. Mesma regra causal do v12 Recife.","Nao usar como escore, threshold ou variavel derivada do rotulo. Ausencia de registro NAO foi usada como criterio -- presenca de outro fenomeno real."
Curitiba,0,CUR_SIAC156_NEG_da175a46ee7cc882,-25.4361328,-49.2749104,02/06/2026,2026,Trânsito,Fiscalização de estacionamento irregular,Rua Visconde de Nácar,CENTRO,strong,"Rua Visconde de Nacar, Centro, Curitiba, Paraná, Região Sul, 80010-030, Brasil",125542069,siac156_curitiba_non_hydrological_category_v1,"non-flood (Trânsito/Fiscalização de estacionamento irregular) - causally independent of rain, see negative_categories_curitiba.py",siac156_curitiba_negative_v1,"Ponto negativo administrativo geocodificado, pareado por bairro com positivo real, sem colisao <30m. Mesma regra causal do v12 Recife.","Nao usar como escore, threshold ou variavel derivada do rotulo. Ausencia de registro NAO foi usada como criterio -- presenca de outro fenomeno real."
Curitiba,0,CUR_SIAC156_NEG_da175a46ee7cc882,-25.4361328,-49.2749104,02/06/2026,2026,Trânsito,Fiscalização de estacionamento irregular,Rua Visconde de Nácar,CENTRO,strong,"Rua Visconde de Nacar, Centro, Curitiba, Paraná, Região Sul, 80010-030, Brasil",125542069,siac156_curitiba_non_hydrological_category_v1,"non-flood (Trânsito/Fiscalização de estacionamento irregular) - causally independent of rain, see negative_categories_curitiba.py",siac156_curitiba_negative_v1,"Ponto negativo administrativo geocodificado, pareado por bairro com positivo real, sem colisao <30m. Mesma regra causal do v12 Recife.","Nao usar como escore, threshold ou variavel derivada do rotulo. Ausencia de registro NAO foi usada como criterio -- presenca de outro fenomeno real."
Curitiba,0,CUR_SIAC156_NEG_8482de690551b30a,-25.4185963,-49.2846146,02/02/2026,2026,Trânsito,Fiscalização de estacionamento irregular,Rua Solimões,MERCES,strong,"Rua Solimões, Mercês, Curitiba, Paraná, Região Sul, 80510-340, Brasil",32943940,siac156_curitiba_non_hydrological_category_v1,"non-flood (Trânsito/Fiscalização de estacionamento irregular) - causally independent of rain, see negative_categories_curitiba.py",siac156_curitiba_negative_v1,"Ponto negativo administrativo geocodificado, pareado por bairro com positivo real, sem colisao <30m. Mesma regra causal do v12 Recife.","Nao usar como escore, threshold ou variavel derivada do rotulo. Ausencia de registro NAO foi usada como criterio -- presenca de outro fenomeno real."
Curitiba,0,CUR_SIAC156_NEG_0a718d04c0ef9b62,-25.518208,-49.2568672,16/05/2026,2026,Disque Solidariedade,Doações,Rua João Winter,XAXIM,strong,"Rua João Winter, Xaxim, Curitiba, Paraná, Região Sul, 81830-285, Brasil",164769213,siac156_curitiba_non_hydrological_category_v1,"non-flood (Disque Solidariedade/Doações) - causally independent of rain, see negative_categories_curitiba.py",siac156_curitiba_negative_v1,"Ponto negativo administrativo geocodificado, pareado por bairro com positivo real, sem colisao <30m. Mesma regra causal do v12 Recife.","Nao usar como escore, threshold ou variavel derivada do rotulo. Ausencia de registro NAO foi usada como criterio -- presenca de outro fenomeno real."
Curitiba,0,CUR_SIAC156_NEG_5376a4f5d16b6236,-25.4358082,-49.2571375,04/02/2026,2026,Fiscalização de obras,Alvará de construção,Presidente Affonso Camargo,JARDIM BOTANICO,strong,"Avenida Presidente Affonso Camargo, Jardim Botânico, Curitiba, Paraná, Região Sul, 80060-090, Brasil",195556937,siac156_curitiba_non_hydrological_category_v1,"non-flood (Fiscalização de obras/Alvará de construção) - causally independent of rain, see negative_categories_curitiba.py",siac156_curitiba_negative_v1,"Ponto negativo administrativo geocodificado, pareado por bairro com positivo real, sem colisao <30m. Mesma regra causal do v12 Recife.","Nao usar como escore, threshold ou variavel derivada do rotulo. Ausencia de registro NAO foi usada como criterio -- presenca de outro fenomeno real."
Curitiba,0,CUR_SIAC156_NEG_0f74ff427262ef55,-25.4107044,-49.1981321,23/06/2026,2026,Coleta,Resíduos vegetais de jardim,Rua Rio Araguari,BAIRRO ALTO,strong,"Rua Rio Araguari, Bairro Alto, Curitiba, Paraná, Região Sul, 82820-300, Brasil",1084903990,siac156_curitiba_non_hydrological_category_v1,"non-flood (Coleta/Resíduos vegetais de jardim) - causally independent of rain, see negative_categories_curitiba.py",siac156_curitiba_negative_v1,"Ponto negativo administrativo geocodificado, pareado por bairro com positivo real, sem colisao <30m. Mesma regra causal do v12 Recife.","Nao usar como escore, threshold ou variavel derivada do rotulo. Ausencia de registro NAO foi usada como criterio -- presenca de outro fenomeno real."
Curitiba,0,CUR_SIAC156_NEG_44298f2dd8432f3a,-25.4994053,-49.2994625,16/06/2026,2026,Coleta,Entulhos diversos (pequena quantidade),Rua José Clementino Bettega,CAPAO RASO,strong,"Rua José Clementino Bettega, Capão Raso, Curitiba, Paraná, Região Sul, 81130-060, Brasil",48294509,siac156_curitiba_non_hydrological_category_v1,"non-flood (Coleta/Entulhos diversos (pequena quantidade)) - causally independent of rain, see negative_categories_curitiba.py",siac156_curitiba_negative_v1,"Ponto negativo administrativo geocodificado, pareado por bairro com positivo real, sem colisao <30m. Mesma regra causal do v12 Recife.","Nao usar como escore, threshold ou variavel derivada do rotulo. Ausencia de registro NAO foi usada como criterio -- presenca de outro fenomeno real."
Curitiba,0,CUR_SIAC156_NEG_44298f2dd8432f3a,-25.4994053,-49.2994625,16/06/2026,2026,Coleta,Resíduos vegetais de jardim,Rua José Clementino Bettega,CAPAO RASO,strong,"Rua José Clementino Bettega, Capão Raso, Curitiba, Paraná, Região Sul, 81130-060, Brasil",48294509,siac156_curitiba_non_hydrological_category_v1,"non-flood (Coleta/Resíduos vegetais de jardim) - causally independent of rain, see negative_categories_curitiba.py",siac156_curitiba_negative_v1,"Ponto negativo administrativo geocodificado, pareado por bairro com positivo real, sem colisao <30m. Mesma regra causal do v12 Recife.","Nao usar como escore, threshold ou variavel derivada do rotulo. Ausencia de registro NAO foi usada como criterio -- presenca de outro fenomeno real."
Curitiba,0,CUR_SIAC156_NEG_dfcb06973bd50bc8,-25.4312608,-49.2712771,06/02/2026,2026,Trânsito,Fiscalização de estacionamento irregular,EMILIANO PER,CENTRO,medium,"Centro, Curitiba, Paraná, Região Sul, Brasil",5621947,siac156_curitiba_non_hydrological_category_v1,"non-flood (Trânsito/Fiscalização de estacionamento irregular) - causally independent of rain, see negative_categories_curitiba.py",siac156_curitiba_negative_v1,"Ponto negativo administrativo geocodificado, pareado por bairro com positivo real, sem colisao <30m. Mesma regra causal do v12 Recife.","Nao usar como escore, threshold ou variavel derivada do rotulo. Ausencia de registro NAO foi usada como criterio -- presenca de outro fenomeno real."
Curitiba,0,CUR_SIAC156_NEG_35ee21faae414f51,-25.429499,-49.2600392,03/01/2026,2026,Trânsito,Fiscalização de estacionamento irregular,RUA GENERAL CARNEIRO,CENTRO,strong,"Rua General Carneiro, Centro, Curitiba, Paraná, Região Sul, 80060-140, Brasil",265615038,siac156_curitiba_non_hydrological_category_v1,"non-flood (Trânsito/Fiscalização de estacionamento irregular) - causally independent of rain, see negative_categories_curitiba.py",siac156_curitiba_negative_v1,"Ponto negativo administrativo geocodificado, pareado por bairro com positivo real, sem colisao <30m. Mesma regra causal do v12 Recife.","Nao usar como escore, threshold ou variavel derivada do rotulo. Ausencia de registro NAO foi usada como criterio -- presenca de outro fenomeno real."
Curitiba,0,CUR_SIAC156_NEG_35ee21faae414f51,-25.429499,-49.2600392,03/01/2026,2026,Trânsito,Fiscalização de estacionamento irregular,RUA GENERAL CARNEIRO,CENTRO,strong,"Rua General Carneiro, Centro, Curitiba, Paraná, Região Sul, 80060-140, Brasil",265615038,siac156_curitiba_non_hydrological_category_v1,"non-flood (Trânsito/Fiscalização de estacionamento irregular) - causally independent of rain, see negative_categories_curitiba.py",siac156_curitiba_negative_v1,"Ponto negativo administrativo geocodificado, pareado por bairro com positivo real, sem colisao <30m. Mesma regra causal do v12 Recife.","Nao usar como escore, threshold ou variavel derivada do rotulo. Ausencia de registro NAO foi usada como criterio -- presenca de outro fenomeno real."
Curitiba,0,CUR_SIAC156_NEG_35ee21faae414f51,-25.429499,-49.2600392,03/01/2026,2026,Trânsito,Fiscalização de estacionamento irregular,RUA GENERAL CARNEIRO,CENTRO,strong,"Rua General Carneiro, Centro, Curitiba, Paraná, Região Sul, 80060-140, Brasil",265615038,siac156_curitiba_non_hydrological_category_v1,"non-flood (Trânsito/Fiscalização de estacionamento irregular) - causally independent of rain, see negative_categories_curitiba.py",siac156_curitiba_negative_v1,"Ponto negativo administrativo geocodificado, pareado por bairro com positivo real, sem colisao <30m. Mesma regra causal do v12 Recife.","Nao usar como escore, threshold ou variavel derivada do rotulo. Ausencia de registro NAO foi usada como criterio -- presenca de outro fenomeno real."
Curitiba,0,CUR_SIAC156_NEG_ac7a34ddb6af0404,-25.5024313,-49.2622259,28/03/2026,2026,Coleta,Entulhos diversos (pequena quantidade),Rua Gilmar José Carneiro,XAXIM,strong,"Rua Gilmar José Carneiro, Xaxim, Curitiba, Paraná, Região Sul, 81710-000, Brasil",84913664,siac156_curitiba_non_hydrological_category_v1,"non-flood (Coleta/Entulhos diversos (pequena quantidade)) - causally independent of rain, see negative_categories_curitiba.py",siac156_curitiba_negative_v1,"Ponto negativo administrativo geocodificado, pareado por bairro com positivo real, sem colisao <30m. Mesma regra causal do v12 Recife.","Nao usar como escore, threshold ou variavel derivada do rotulo. Ausencia de registro NAO foi usada como criterio -- presenca de outro fenomeno real."
Curitiba,0,CUR_SIAC156_NEG_fea39e20fdd69457,-25.5084314,-49.2578421,08/05/2026,2026,Coleta,Resíduos vegetais de jardim,Rua Inácio Martins,XAXIM,strong,"Rua Inácio Martins, Xaxim, Curitiba, Paraná, Região Sul, 81720-140, Brasil",85034916,siac156_curitiba_non_hydrological_category_v1,"non-flood (Coleta/Resíduos vegetais de jardim) - causally independent of rain, see negative_categories_curitiba.py",siac156_curitiba_negative_v1,"Ponto negativo administrativo geocodificado, pareado por bairro com positivo real, sem colisao <30m. Mesma regra causal do v12 Recife.","Nao usar como escore, threshold ou variavel derivada do rotulo. Ausencia de registro NAO foi usada como criterio -- presenca de outro fenomeno real."
Curitiba,0,CUR_SIAC156_NEG_f55c1dfff6ceeed6,-25.4860385,-49.3068932,01/04/2026,2026,Coleta,Entulhos diversos (pequena quantidade),Rua Visconde do Serro Frio,NOVO MUNDO,strong,"Rua Visconde do Serro Frio, Vila Uberlândia, Novo Mundo, Curitiba, Paraná, Região Sul, 81050-424, Brasil",129142024,siac156_curitiba_non_hydrological_category_v1,"non-flood (Coleta/Entulhos diversos (pequena quantidade)) - causally independent of rain, see negative_categories_curitiba.py",siac156_curitiba_negative_v1,"Ponto negativo administrativo geocodificado, pareado por bairro com positivo real, sem colisao <30m. Mesma regra causal do v12 Recife.","Nao usar como escore, threshold ou variavel derivada do rotulo. Ausencia de registro NAO foi usada como criterio -- presenca de outro fenomeno real."
Curitiba,0,CUR_SIAC156_NEG_4de5a2d4ea5f0d58,-25.5058756,-49.2205477,17/02/2026,2026,Coleta,Caliças até 5 carrinhos de mão,Rua do Tratorista,BOQUEIRAO,strong,"Rua do Tratorista, Boqueirão, Curitiba, Paraná, Região Sul, 81730-150, Brasil",85573727,siac156_curitiba_non_hydrological_category_v1,"non-flood (Coleta/Caliças até 5 carrinhos de mão) - causally independent of rain, see negative_categories_curitiba.py",siac156_curitiba_negative_v1,"Ponto negativo administrativo geocodificado, pareado por bairro com positivo real, sem colisao <30m. Mesma regra causal do v12 Recife.","Nao usar como escore, threshold ou variavel derivada do rotulo. Ausencia de registro NAO foi usada como criterio -- presenca de outro fenomeno real."
Curitiba,0,CUR_SIAC156_NEG_7d713d269007cf0c,-25.4372186,-49.2804412,01/06/2026,2026,Trânsito,Fiscalização de estacionamento irregular,RUA COMENDADOR ARAÚJO,CENTRO,strong,"Rua Comendador Araújo, Centro, Curitiba, Paraná, Região Sul, 80420-000, Brasil",29464177,siac156_curitiba_non_hydrological_category_v1,"non-flood (Trânsito/Fiscalização de estacionamento irregular) - causally independent of rain, see negative_categories_curitiba.py",siac156_curitiba_negative_v1,"Ponto negativo administrativo geocodificado, pareado por bairro com positivo real, sem colisao <30m. Mesma regra causal do v12 Recife.","Nao usar como escore, threshold ou variavel derivada do rotulo. Ausencia de registro NAO foi usada como criterio -- presenca de outro fenomeno real."
Curitiba,0,CUR_SIAC156_NEG_6d6f9b2944afac78,-25.4350019,-49.2848897,02/06/2026,2026,Trânsito,Fiscalização de estacionamento irregular,ALAMEDA DOUTOR CARLOS DE CARVALHO,BATEL,strong,"Alameda Doutor Carlos de Carvalho, Batel, Curitiba, Paraná, Região Sul, 80240-240, Brasil",1544401273,siac156_curitiba_non_hydrological_category_v1,"non-flood (Trânsito/Fiscalização de estacionamento irregular) - causally independent of rain, see negative_categories_curitiba.py",siac156_curitiba_negative_v1,"Ponto negativo administrativo geocodificado, pareado por bairro com positivo real, sem colisao <30m. Mesma regra causal do v12 Recife.","Nao usar como escore, threshold ou variavel derivada do rotulo. Ausencia de registro NAO foi usada como criterio -- presenca de outro fenomeno real."
Curitiba,0,CUR_SIAC156_NEG_c5bd625b747ba761,-25.3851138,-49.3357761,13/03/2026,2026,Coleta,Resíduos vegetais de jardim,Rua Sociólogo Gilberto Freyre,SANTA FELICIDADE,strong,"Rua Sociólogo Gilberto Freyre, Santa Felicidade, Curitiba, Paraná, Região Sul, 82410-220, Brasil",126812410,siac156_curitiba_non_hydrological_category_v1,"non-flood (Coleta/Resíduos vegetais de jardim) - causally independent of rain, see negative_categories_curitiba.py",siac156_curitiba_negative_v1,"Ponto negativo administrativo geocodificado, pareado por bairro com positivo real, sem colisao <30m. Mesma regra causal do v12 Recife.","Nao usar como escore, threshold ou variavel derivada do rotulo. Ausencia de registro NAO foi usada como criterio -- presenca de outro fenomeno real."
Curitiba,0,CUR_SIAC156_NEG_c5bd625b747ba761,-25.3851138,-49.3357761,13/03/2026,2026,Árvore,Remoção de tocos / destoca,Rua Sociólogo Gilberto Freyre,SANTA FELICIDADE,strong,"Rua Sociólogo Gilberto Freyre, Santa Felicidade, Curitiba, Paraná, Região Sul, 82410-220, Brasil",126812410,siac156_curitiba_non_hydrological_category_v1,"non-flood (Árvore/Remoção de tocos / destoca) - causally independent of rain, see negative_categories_curitiba.py",siac156_curitiba_negative_v1,"Ponto negativo administrativo geocodificado, pareado por bairro com positivo real, sem colisao <30m. Mesma regra causal do v12 Recife.","Nao usar como escore, threshold ou variavel derivada do rotulo. Ausencia de registro NAO foi usada como criterio -- presenca de outro fenomeno real."
Curitiba,0,CUR_SIAC156_NEG_b1bd4ca15c0a05d6,-25.5012171,-49.287831,06/04/2026,2026,Coleta,Resíduos vegetais de jardim,RUA ISMÊNIA VIEIRA DE ALENCAR,CAPAO RASO,strong,"Rua Ismênia Vieira de Alencar, Capão Raso, Curitiba, Paraná, Região Sul, 81110-260, Brasil",24576818,siac156_curitiba_non_hydrological_category_v1,"non-flood (Coleta/Resíduos vegetais de jardim) - causally independent of rain, see negative_categories_curitiba.py",siac156_curitiba_negative_v1,"Ponto negativo administrativo geocodificado, pareado por bairro com positivo real, sem colisao <30m. Mesma regra causal do v12 Recife.","Nao usar como escore, threshold ou variavel derivada do rotulo. Ausencia de registro NAO foi usada como criterio -- presenca de outro fenomeno real."
Curitiba,0,CUR_SIAC156_NEG_8b2689565cc65556,-25.5112446,-49.3225252,22/04/2026,2026,Árvore,Poda de manutenção em árvores,RUA ELVIRA DOS SANTOS GOULART,CIDADE INDUSTRIAL,strong,"Rua Elvira dos Santos Goulart, Cidade Industrial de Curitiba, Curitiba, Paraná, Região Sul, 81305-185, Brasil",1349608421,siac156_curitiba_non_hydrological_category_v1,"non-flood (Árvore/Poda de manutenção em árvores) - causally independent of rain, see negative_categories_curitiba.py",siac156_curitiba_negative_v1,"Ponto negativo administrativo geocodificado, pareado por bairro com positivo real, sem colisao <30m. Mesma regra causal do v12 Recife.","Nao usar como escore, threshold ou variavel derivada do rotulo. Ausencia de registro NAO foi usada como criterio -- presenca de outro fenomeno real."
Curitiba,0,CUR_SIAC156_NEG_1faf42d8c763805e,-25.4600245,-49.3134642,18/01/2026,2026,Coleta,Resíduos vegetais de jardim,Rua Major França Gomes,SANTA QUITERIA,strong,"Rua Major França Gomes, Santa Quitéria, Curitiba, Paraná, Região Sul, 80310-410, Brasil",99496954,siac156_curitiba_non_hydrological_category_v1,"non-flood (Coleta/Resíduos vegetais de jardim) - causally independent of rain, see negative_categories_curitiba.py",siac156_curitiba_negative_v1,"Ponto negativo administrativo geocodificado, pareado por bairro com positivo real, sem colisao <30m. Mesma regra causal do v12 Recife.","Nao usar como escore, threshold ou variavel derivada do rotulo. Ausencia de registro NAO foi usada como criterio -- presenca de outro fenomeno real."
Curitiba,0,CUR_SIAC156_NEG_12d28c922e4fbea9,-25.4671869,-49.1940255,23/04/2026,2026,Coleta,Caliças até 5 carrinhos de mão,Rua Manoel Felipe Rodrigues Moraes,CAJURU,strong,"Rua Manoel Felipe Rodrigues Moraes, Cajuru, Curitiba, Paraná, Região Sul, 82980-100, Brasil",163153921,siac156_curitiba_non_hydrological_category_v1,"non-flood (Coleta/Caliças até 5 carrinhos de mão) - causally independent of rain, see negative_categories_curitiba.py",siac156_curitiba_negative_v1,"Ponto negativo administrativo geocodificado, pareado por bairro com positivo real, sem colisao <30m. Mesma regra causal do v12 Recife.","Nao usar como escore, threshold ou variavel derivada do rotulo. Ausencia de registro NAO foi usada como criterio -- presenca de outro fenomeno real."
Curitiba,0,CUR_SIAC156_NEG_c9fb77ecb3fcd072,-25.4592361,-49.2160785,30/06/2026,2026,Árvore,Poda de manutenção em árvores,Rua Luiz França,CAJURU,strong,"Rua Luiz França, Cajuru, Curitiba, Paraná, Região Sul, 82940-280, Brasil",317975012,siac156_curitiba_non_hydrological_category_v1,"non-flood (Árvore/Poda de manutenção em árvores) - causally independent of rain, see negative_categories_curitiba.py",siac156_curitiba_negative_v1,"Ponto negativo administrativo geocodificado, pareado por bairro com positivo real, sem colisao <30m. Mesma regra causal do v12 Recife.","Nao usar como escore, threshold ou variavel derivada do rotulo. Ausencia de registro NAO foi usada como criterio -- presenca de outro fenomeno real."
Curitiba,0,CUR_SIAC156_NEG_c9fb77ecb3fcd072,-25.4592361,-49.2160785,30/06/2026,2026,Coleta,Caliças até 5 carrinhos de mão,Rua Luiz França,CAJURU,strong,"Rua Luiz França, Cajuru, Curitiba, Paraná, Região Sul, 82940-280, Brasil",317975012,siac156_curitiba_non_hydrological_category_v1,"non-flood (Coleta/Caliças até 5 carrinhos de mão) - causally independent of rain, see negative_categories_curitiba.py",siac156_curitiba_negative_v1,"Ponto negativo administrativo geocodificado, pareado por bairro com positivo real, sem colisao <30m. Mesma regra causal do v12 Recife.","Nao usar como escore, threshold ou variavel derivada do rotulo. Ausencia de registro NAO foi usada como criterio -- presenca de outro fenomeno real."
Curitiba,0,CUR_SIAC156_NEG_c9fb77ecb3fcd072,-25.4592361,-49.2160785,30/06/2026,2026,Coleta,Caliças até 5 carrinhos de mão,Rua Luiz França,CAJURU,strong,"Rua Luiz França, Cajuru, Curitiba, Paraná, Região Sul, 82940-280, Brasil",317975012,siac156_curitiba_non_hydrological_category_v1,"non-flood (Coleta/Caliças até 5 carrinhos de mão) - causally independent of rain, see negative_categories_curitiba.py",siac156_curitiba_negative_v1,"Ponto negativo administrativo geocodificado, pareado por bairro com positivo real, sem colisao <30m. Mesma regra causal do v12 Recife.","Nao usar como escore, threshold ou variavel derivada do rotulo. Ausencia de registro NAO foi usada como criterio -- presenca de outro fenomeno real."
Curitiba,0,CUR_SIAC156_NEG_234c4ffab29880dd,-25.3705564,-49.2508417,13/03/2026,2026,Coleta,Caliças até 5 carrinhos de mão,Rua Adão Casemiro Troczinski,BARREIRINHA,strong,"Rua Adão Casemiro Troczinski, Barreirinha, Curitiba, Paraná, Região Sul, 82650-430, Brasil",162219664,siac156_curitiba_non_hydrological_category_v1,"non-flood (Coleta/Caliças até 5 carrinhos de mão) - causally independent of rain, see negative_categories_curitiba.py",siac156_curitiba_negative_v1,"Ponto negativo administrativo geocodificado, pareado por bairro com positivo real, sem colisao <30m. Mesma regra causal do v12 Recife.","Nao usar como escore, threshold ou variavel derivada do rotulo. Ausencia de registro NAO foi usada como criterio -- presenca de outro fenomeno real."
Curitiba,0,CUR_SIAC156_NEG_d15106b2ffc8c669,-25.3900738,-49.286427,19/02/2026,2026,Coleta,Entulhos diversos (pequena quantidade),David Hume,PILARZINHO,strong,"Rua David Hume, Pilarzinho, Curitiba, Paraná, Região Sul, 82110-350, Brasil",150298835,siac156_curitiba_non_hydrological_category_v1,"non-flood (Coleta/Entulhos diversos (pequena quantidade)) - causally independent of rain, see negative_categories_curitiba.py",siac156_curitiba_negative_v1,"Ponto negativo administrativo geocodificado, pareado por bairro com positivo real, sem colisao <30m. Mesma regra causal do v12 Recife.","Nao usar como escore, threshold ou variavel derivada do rotulo. Ausencia de registro NAO foi usada como criterio -- presenca de outro fenomeno real."
Curitiba,0,CUR_SIAC156_NEG_13b640702be5173f,-25.5006371,-49.2166373,05/01/2026,2026,Coleta,Caliças até 5 carrinhos de mão,RUA ADELAIDE MATTANA VILLA,UBERABA,strong,"Rua Adelaide Mattana Villa, Uberaba, Curitiba, Paraná, Região Sul, 81580-420, Brasil",125391136,siac156_curitiba_non_hydrological_category_v1,"non-flood (Coleta/Caliças até 5 carrinhos de mão) - causally independent of rain, see negative_categories_curitiba.py",siac156_curitiba_negative_v1,"Ponto negativo administrativo geocodificado, pareado por bairro com positivo real, sem colisao <30m. Mesma regra causal do v12 Recife.","Nao usar como escore, threshold ou variavel derivada do rotulo. Ausencia de registro NAO foi usada como criterio -- presenca de outro fenomeno real."
Curitiba,0,CUR_SIAC156_NEG_609e69adf3b2bca5,-25.4496739,-49.2076525,06/07/2026,2026,Coleta,Resíduos vegetais de jardim,Rua Pedro Bellon,CAJURU,strong,"Rua Pedro Bellon, Cajuru, Curitiba, Paraná, Região Sul, 82930-000, Brasil",390291891,siac156_curitiba_non_hydrological_category_v1,"non-flood (Coleta/Resíduos vegetais de jardim) - causally independent of rain, see negative_categories_curitiba.py",siac156_curitiba_negative_v1,"Ponto negativo administrativo geocodificado, pareado por bairro com positivo real, sem colisao <30m. Mesma regra causal do v12 Recife.","Nao usar como escore, threshold ou variavel derivada do rotulo. Ausencia de registro NAO foi usada como criterio -- presenca de outro fenomeno real."
Curitiba,0,CUR_SIAC156_NEG_e43a7b5a5558ac23,-25.4510921,-49.2185635,02/08/2023,2023,Coleta,Caliças até 5 carrinhos de mão,RUA ENGENHEIRA ENEDINA ALVES MARQUES,CAJURU,strong,"Rua Engenheira Enedina Alves Marques, Cajuru, Curitiba, Paraná, Região Sul, 82950-070, Brasil",290548411,siac156_curitiba_non_hydrological_category_v1,"non-flood (Coleta/Caliças até 5 carrinhos de mão) - causally independent of rain, see negative_categories_curitiba.py",siac156_curitiba_negative_v1,"Ponto negativo administrativo geocodificado, pareado por bairro com positivo real, sem colisao <30m. Mesma regra causal do v12 Recife.","Nao usar como escore, threshold ou variavel derivada do rotulo. Ausencia de registro NAO foi usada como criterio -- presenca de outro fenomeno real."
Curitiba,0,CUR_SIAC156_NEG_361e12ddbe3798c6,-25.4796086,-49.2643952,20/03/2023,2023,Coleta,Resíduos vegetais de jardim,RUA OMILIO MONTEIRO SOARES,FANNY,strong,"Rua Omílio Monteiro Soares, Fanny, Curitiba, Paraná, Região Sul, 81690-200, Brasil",126271648,siac156_curitiba_non_hydrological_category_v1,"non-flood (Coleta/Resíduos vegetais de jardim) - causally independent of rain, see negative_categories_curitiba.py",siac156_curitiba_negative_v1,"Ponto negativo administrativo geocodificado, pareado por bairro com positivo real, sem colisao <30m. Mesma regra causal do v12 Recife.","Nao usar como escore, threshold ou variavel derivada do rotulo. Ausencia de registro NAO foi usada como criterio -- presenca de outro fenomeno real."
Curitiba,0,CUR_SIAC156_NEG_02547dfea28380bb,-25.4341916,-49.2442699,15/10/2023,2023,Coleta,Resíduos vegetais de jardim,RUA PREFEITO ÂNGELO FERRÁRIO LOPES,CRISTO REI,strong,"Rua Prefeito Ângelo Ferrário Lopes, Cristo Rei, Curitiba, Paraná, Região Sul, 80050-360, Brasil",24576343,siac156_curitiba_non_hydrological_category_v1,"non-flood (Coleta/Resíduos vegetais de jardim) - causally independent of rain, see negative_categories_curitiba.py",siac156_curitiba_negative_v1,"Ponto negativo administrativo geocodificado, pareado por bairro com positivo real, sem colisao <30m. Mesma regra causal do v12 Recife.","Nao usar como escore, threshold ou variavel derivada do rotulo. Ausencia de registro NAO foi usada como criterio -- presenca de outro fenomeno real."
Curitiba,0,CUR_SIAC156_NEG_f8f8cb22f7e6b8e2,-25.4600245,-49.3134642,12/11/2023,2023,Coleta,Resíduos vegetais de jardim,Rua Major França Gomes,SANTA QUITERIA,strong,"Rua Major França Gomes, Santa Quitéria, Curitiba, Paraná, Região Sul, 80310-410, Brasil",99496954,siac156_curitiba_non_hydrological_category_v1,"non-flood (Coleta/Resíduos vegetais de jardim) - causally independent of rain, see negative_categories_curitiba.py",siac156_curitiba_negative_v1,"Ponto negativo administrativo geocodificado, pareado por bairro com positivo real, sem colisao <30m. Mesma regra causal do v12 Recife.","Nao usar como escore, threshold ou variavel derivada do rotulo. Ausencia de registro NAO foi usada como criterio -- presenca de outro fenomeno real."
Curitiba,0,CUR_SIAC156_NEG_130d73c6f44b8a3d,-25.3710633,-49.2810732,20/10/2023,2023,Fiscalização de obras,Alvará de construção,Rua Prodócimo Lago,TABOAO,strong,"Rua Prodócimo Lago, Taboão, Curitiba, Paraná, Região Sul, 82220-320, Brasil",162043346,siac156_curitiba_non_hydrological_category_v1,"non-flood (Fiscalização de obras/Alvará de construção) - causally independent of rain, see negative_categories_curitiba.py",siac156_curitiba_negative_v1,"Ponto negativo administrativo geocodificado, pareado por bairro com positivo real, sem colisao <30m. Mesma regra causal do v12 Recife.","Nao usar como escore, threshold ou variavel derivada do rotulo. Ausencia de registro NAO foi usada como criterio -- presenca de outro fenomeno real."
Curitiba,0,CUR_SIAC156_NEG_f0452b50aa60552d,-25.4036147,-49.2771041,19/01/2023,2023,Coleta,Resíduos vegetais de jardim,RUA ALBINO BORN,BOM RETIRO,strong,"Rua Albino Born, Bom Retiro, Curitiba, Paraná, Região Sul, 82120-060, Brasil",32944059,siac156_curitiba_non_hydrological_category_v1,"non-flood (Coleta/Resíduos vegetais de jardim) - causally independent of rain, see negative_categories_curitiba.py",siac156_curitiba_negative_v1,"Ponto negativo administrativo geocodificado, pareado por bairro com positivo real, sem colisao <30m. Mesma regra causal do v12 Recife.","Nao usar como escore, threshold ou variavel derivada do rotulo. Ausencia de registro NAO foi usada como criterio -- presenca de outro fenomeno real."
Curitiba,0,CUR_SIAC156_NEG_fe7b766c0695eca8,-25.4985042,-49.2878765,09/06/2023,2023,Trânsito,Fiscalização de estacionamento irregular,Rua André Oszika,CAPAO RASO,strong,"Rua André Oszika, Capão Raso, Curitiba, Paraná, Região Sul, 81110-230, Brasil",719428458,siac156_curitiba_non_hydrological_category_v1,"non-flood (Trânsito/Fiscalização de estacionamento irregular) - causally independent of rain, see negative_categories_curitiba.py",siac156_curitiba_negative_v1,"Ponto negativo administrativo geocodificado, pareado por bairro com positivo real, sem colisao <30m. Mesma regra causal do v12 Recife.","Nao usar como escore, threshold ou variavel derivada do rotulo. Ausencia de registro NAO foi usada como criterio -- presenca de outro fenomeno real."
Curitiba,0,CUR_SIAC156_NEG_f4438ae8e2f1bc79,-25.4125237,-49.2408446,27/06/2023,2023,Coleta,Resíduos vegetais de jardim,AVENIDA NOSSA SENHORA DA LUZ,BACACHERI,strong,"Avenida Nossa Senhora da Luz, Bacacheri, Curitiba, Paraná, Região Sul, 80040-320, Brasil",252395985,siac156_curitiba_non_hydrological_category_v1,"non-flood (Coleta/Resíduos vegetais de jardim) - causally independent of rain, see negative_categories_curitiba.py",siac156_curitiba_negative_v1,"Ponto negativo administrativo geocodificado, pareado por bairro com positivo real, sem colisao <30m. Mesma regra causal do v12 Recife.","Nao usar como escore, threshold ou variavel derivada do rotulo. Ausencia de registro NAO foi usada como criterio -- presenca de outro fenomeno real."
Curitiba,0,CUR_SIAC156_NEG_5ae7929b8d7d1d0b,-25.5207573,-49.2443177,03/08/2023,2023,Coleta,Caliças até 5 carrinhos de mão,Rua Santina Peretti de Castro,BOQUEIRAO,strong,"Rua Santina Peretti de Castro, Boqueirão, Curitiba, Paraná, Região Sul, 81750-400, Brasil",126290505,siac156_curitiba_non_hydrological_category_v1,"non-flood (Coleta/Caliças até 5 carrinhos de mão) - causally independent of rain, see negative_categories_curitiba.py",siac156_curitiba_negative_v1,"Ponto negativo administrativo geocodificado, pareado por bairro com positivo real, sem colisao <30m. Mesma regra causal do v12 Recife.","Nao usar como escore, threshold ou variavel derivada do rotulo. Ausencia de registro NAO foi usada como criterio -- presenca de outro fenomeno real."
Curitiba,0,CUR_SIAC156_NEG_d319b41aa583ac42,-25.4226016,-49.2371847,12/01/2023,2023,Coleta,Resíduos vegetais de jardim,Rua Doutor João Evangelista Espíndola,JARDIM SOCIAL,strong,"Rua Doutor João Evangelista Espíndola, Jardim Social, Curitiba, Paraná, Região Sul, 82520-020, Brasil",338482535,siac156_curitiba_non_hydrological_category_v1,"non-flood (Coleta/Resíduos vegetais de jardim) - causally independent of rain, see negative_categories_curitiba.py",siac156_curitiba_negative_v1,"Ponto negativo administrativo geocodificado, pareado por bairro com positivo real, sem colisao <30m. Mesma regra causal do v12 Recife.","Nao usar como escore, threshold ou variavel derivada do rotulo. Ausencia de registro NAO foi usada como criterio -- presenca de outro fenomeno real."
Curitiba,0,CUR_SIAC156_NEG_5b2c313523c999f2,-25.4599763,-49.2637669,04/03/2023,2023,Coleta,Resíduos vegetais de jardim,Rua Doutor Pamphilo DAssumpção,PAROLIN,medium,"Parolin, Curitiba, Paraná, Região Sul, Brasil",4141958,siac156_curitiba_non_hydrological_category_v1,"non-flood (Coleta/Resíduos vegetais de jardim) - causally independent of rain, see negative_categories_curitiba.py",siac156_curitiba_negative_v1,"Ponto negativo administrativo geocodificado, pareado por bairro com positivo real, sem colisao <30m. Mesma regra causal do v12 Recife.","Nao usar como escore, threshold ou variavel derivada do rotulo. Ausencia de registro NAO foi usada como criterio -- presenca de outro fenomeno real."
Curitiba,0,CUR_SIAC156_NEG_aa9e2e877fc84ae9,-25.4719843,-49.225472,14/02/2023,2023,Coleta,Resíduos vegetais de jardim,Rua Mario Bueno Sobrinho,UBERABA,strong,"Rua Mário Bueno Sobrinho, Uberaba, Curitiba, Paraná, Região Sul, 81530-590, Brasil",125389837,siac156_curitiba_non_hydrological_category_v1,"non-flood (Coleta/Resíduos vegetais de jardim) - causally independent of rain, see negative_categories_curitiba.py",siac156_curitiba_negative_v1,"Ponto negativo administrativo geocodificado, pareado por bairro com positivo real, sem colisao <30m. Mesma regra causal do v12 Recife.","Nao usar como escore, threshold ou variavel derivada do rotulo. Ausencia de registro NAO foi usada como criterio -- presenca de outro fenomeno real."
Curitiba,0,CUR_SIAC156_NEG_a17a61f718793daf,-25.4001547,-49.3178654,25/07/2023,2023,Coleta,Caliças até 5 carrinhos de mão,RUA LOURENÇO COSTA,SANTA FELICIDADE,strong,"Rua Lourenço Costa, Santa Felicidade, Curitiba, Paraná, Região Sul, 82020-000, Brasil",161351595,siac156_curitiba_non_hydrological_category_v1,"non-flood (Coleta/Caliças até 5 carrinhos de mão) - causally independent of rain, see negative_categories_curitiba.py",siac156_curitiba_negative_v1,"Ponto negativo administrativo geocodificado, pareado por bairro com positivo real, sem colisao <30m. Mesma regra causal do v12 Recife.","Nao usar como escore, threshold ou variavel derivada do rotulo. Ausencia de registro NAO foi usada como criterio -- presenca de outro fenomeno real."
Curitiba,0,CUR_SIAC156_NEG_bd5f0344e24518da,-25.4074203,-49.2515182,11/04/2023,2023,Coleta,Caliças até 5 carrinhos de mão,Jovino do Rosário,CABRAL,medium,"Cabral, Curitiba, Paraná, Região Sul, Brasil",6228441,siac156_curitiba_non_hydrological_category_v1,"non-flood (Coleta/Caliças até 5 carrinhos de mão) - causally independent of rain, see negative_categories_curitiba.py",siac156_curitiba_negative_v1,"Ponto negativo administrativo geocodificado, pareado por bairro com positivo real, sem colisao <30m. Mesma regra causal do v12 Recife.","Nao usar como escore, threshold ou variavel derivada do rotulo. Ausencia de registro NAO foi usada como criterio -- presenca de outro fenomeno real."
Curitiba,0,CUR_SIAC156_NEG_62c48d7f3c7be595,-25.4115585,-49.2847242,27/04/2023,2023,Coleta,Caliças até 5 carrinhos de mão,RUA TENENTE JOÃO GOMES DA SILVA,VISTA ALEGRE,strong,"Rua Tenente João Gomes da Silva, Vista Alegre, Curitiba, Paraná, Região Sul, 80520-120, Brasil",928099648,siac156_curitiba_non_hydrological_category_v1,"non-flood (Coleta/Caliças até 5 carrinhos de mão) - causally independent of rain, see negative_categories_curitiba.py",siac156_curitiba_negative_v1,"Ponto negativo administrativo geocodificado, pareado por bairro com positivo real, sem colisao <30m. Mesma regra causal do v12 Recife.","Nao usar como escore, threshold ou variavel derivada do rotulo. Ausencia de registro NAO foi usada como criterio -- presenca de outro fenomeno real."
Curitiba,0,CUR_SIAC156_NEG_fb422f363659b6a6,-25.41951,-49.2569963,14/09/2023,2023,Trânsito,Fiscalização de estacionamento irregular,RUA Simão Bolivar,JUVEVE,strong,"Rua Simão Bolívar, Juvevê, Curitiba, Paraná, Região Sul, 80040-280, Brasil",176018678,siac156_curitiba_non_hydrological_category_v1,"non-flood (Trânsito/Fiscalização de estacionamento irregular) - causally independent of rain, see negative_categories_curitiba.py",siac156_curitiba_negative_v1,"Ponto negativo administrativo geocodificado, pareado por bairro com positivo real, sem colisao <30m. Mesma regra causal do v12 Recife.","Nao usar como escore, threshold ou variavel derivada do rotulo. Ausencia de registro NAO foi usada como criterio -- presenca de outro fenomeno real."
Curitiba,0,CUR_SIAC156_NEG_de6184fce5d3db83,-25.3737646,-49.2479848,10/02/2023,2023,Coleta,Caliças até 5 carrinhos de mão,RUA PAOLO BATTAN,BOA VISTA,strong,"Rua Paolo Battan, Boa Vista, Curitiba, Paraná, Região Sul, 82650-430, Brasil",304444838,siac156_curitiba_non_hydrological_category_v1,"non-flood (Coleta/Caliças até 5 carrinhos de mão) - causally independent of rain, see negative_categories_curitiba.py",siac156_curitiba_negative_v1,"Ponto negativo administrativo geocodificado, pareado por bairro com positivo real, sem colisao <30m. Mesma regra causal do v12 Recife.","Nao usar como escore, threshold ou variavel derivada do rotulo. Ausencia de registro NAO foi usada como criterio -- presenca de outro fenomeno real."
Curitiba,0,CUR_SIAC156_NEG_4a54708e9427e6a4,-25.5277748,-49.2449528,03/01/2023,2023,Coleta,Entulhos diversos (pequena quantidade),Artur Alberto Schmeiske,ALTO BOQUEIRAO,strong,"Rua Artur Alberto Schmeiske, teste, Alto Boqueirão, Curitiba, Paraná, Região Sul, 81770-710, Brasil",126816588,siac156_curitiba_non_hydrological_category_v1,"non-flood (Coleta/Entulhos diversos (pequena quantidade)) - causally independent of rain, see negative_categories_curitiba.py",siac156_curitiba_negative_v1,"Ponto negativo administrativo geocodificado, pareado por bairro com positivo real, sem colisao <30m. Mesma regra causal do v12 Recife.","Nao usar como escore, threshold ou variavel derivada do rotulo. Ausencia de registro NAO foi usada como criterio -- presenca de outro fenomeno real."
Curitiba,0,CUR_SIAC156_NEG_be3b2c8948c12973,-25.3766537,-49.2516302,14/08/2023,2023,Coleta,Resíduos vegetais de jardim,RUA PAULA PREVEDELLO GUSSO,BARREIRINHA,strong,"Rua Paula Prevedello Gusso, Barreirinha, Curitiba, Paraná, Região Sul, 82700-380, Brasil",363168464,siac156_curitiba_non_hydrological_category_v1,"non-flood (Coleta/Resíduos vegetais de jardim) - causally independent of rain, see negative_categories_curitiba.py",siac156_curitiba_negative_v1,"Ponto negativo administrativo geocodificado, pareado por bairro com positivo real, sem colisao <30m. Mesma regra causal do v12 Recife.","Nao usar como escore, threshold ou variavel derivada do rotulo. Ausencia de registro NAO foi usada como criterio -- presenca de outro fenomeno real."
Curitiba,0,CUR_SIAC156_NEG_94c77a0563b8f971,-25.5043374,-49.2208735,17/02/2023,2023,Coleta,Resíduos vegetais de jardim,Rua Plínio Marinoni,BOQUEIRAO,strong,"Rua Plínio Marinoni, Boqueirão, Curitiba, Paraná, Região Sul, 81730-100, Brasil",60158545,siac156_curitiba_non_hydrological_category_v1,"non-flood (Coleta/Resíduos vegetais de jardim) - causally independent of rain, see negative_categories_curitiba.py",siac156_curitiba_negative_v1,"Ponto negativo administrativo geocodificado, pareado por bairro com positivo real, sem colisao <30m. Mesma regra causal do v12 Recife.","Nao usar como escore, threshold ou variavel derivada do rotulo. Ausencia de registro NAO foi usada como criterio -- presenca de outro fenomeno real."
Curitiba,0,CUR_SIAC156_NEG_f8c7a922d0f4fce0,-25.5139708,-49.3320271,27/02/2023,2023,Coleta,Caliças até 5 carrinhos de mão,RUA JOSÉ JOÃO FERREIRA DE LIMA,CIDADE INDUSTRIAL,strong,"Rua José João Ferreira de Lima, Vila Barigui da Estação, Cidade Industrial de Curitiba, Curitiba, Paraná, Região Sul, 81305-185, Brasil",138706805,siac156_curitiba_non_hydrological_category_v1,"non-flood (Coleta/Caliças até 5 carrinhos de mão) - causally independent of rain, see negative_categories_curitiba.py",siac156_curitiba_negative_v1,"Ponto negativo administrativo geocodificado, pareado por bairro com positivo real, sem colisao <30m. Mesma regra causal do v12 Recife.","Nao usar como escore, threshold ou variavel derivada do rotulo. Ausencia de registro NAO foi usada como criterio -- presenca de outro fenomeno real."
Curitiba,0,CUR_SIAC156_NEG_f418482b19b2ae88,-25.4561539,-49.2338487,24/05/2023,2023,Coleta,Resíduos vegetais de jardim,RUA CARLOS PRADI,JARDIM DAS AMERICAS,strong,"Rua Carlos Pradi, Jardim das Américas, Curitiba, Paraná, Região Sul, 81520-260, Brasil",24603404,siac156_curitiba_non_hydrological_category_v1,"non-flood (Coleta/Resíduos vegetais de jardim) - causally independent of rain, see negative_categories_curitiba.py",siac156_curitiba_negative_v1,"Ponto negativo administrativo geocodificado, pareado por bairro com positivo real, sem colisao <30m. Mesma regra causal do v12 Recife.","Nao usar como escore, threshold ou variavel derivada do rotulo. Ausencia de registro NAO foi usada como criterio -- presenca de outro fenomeno real."
Curitiba,0,CUR_SIAC156_NEG_a136f8ef60d5cd41,-25.4210865,-49.2682941,07/02/2023,2023,Trânsito,Fiscalização de estacionamento irregular,RUA HEITOR STOCKLER DE FRANÇA,CENTRO CIVICO,strong,"Rua Heitor Stockler de França, Centro Cívico, Curitiba, Paraná, Região Sul, 80530-000, Brasil",355201497,siac156_curitiba_non_hydrological_category_v1,"non-flood (Trânsito/Fiscalização de estacionamento irregular) - causally independent of rain, see negative_categories_curitiba.py",siac156_curitiba_negative_v1,"Ponto negativo administrativo geocodificado, pareado por bairro com positivo real, sem colisao <30m. Mesma regra causal do v12 Recife.","Nao usar como escore, threshold ou variavel derivada do rotulo. Ausencia de registro NAO foi usada como criterio -- presenca de outro fenomeno real."
Curitiba,0,CUR_SIAC156_NEG_61e4bf9f6894f543,-25.4674625,-49.2757808,13/04/2023,2023,Coleta,Resíduos vegetais de jardim,RUA RIO DE JANEIRO,GUAIRA,strong,"Rua Rio de Janeiro, Guaíra, Curitiba, Paraná, Região Sul, 80630-000, Brasil",48310673,siac156_curitiba_non_hydrological_category_v1,"non-flood (Coleta/Resíduos vegetais de jardim) - causally independent of rain, see negative_categories_curitiba.py",siac156_curitiba_negative_v1,"Ponto negativo administrativo geocodificado, pareado por bairro com positivo real, sem colisao <30m. Mesma regra causal do v12 Recife.","Nao usar como escore, threshold ou variavel derivada do rotulo. Ausencia de registro NAO foi usada como criterio -- presenca de outro fenomeno real."
Curitiba,0,CUR_SIAC156_NEG_acf72355fb1090c8,-25.402981,-49.2608416,04/07/2023,2023,Fiscalização de obras,Alvará de construção,Rua Fausto Nascimento Bittencourt,AHU,strong,"Rua Fausto Nascimento Bittencourt, Ahú, Curitiba, Paraná, Região Sul, 80540-180, Brasil",32943980,siac156_curitiba_non_hydrological_category_v1,"non-flood (Fiscalização de obras/Alvará de construção) - causally independent of rain, see negative_categories_curitiba.py",siac156_curitiba_negative_v1,"Ponto negativo administrativo geocodificado, pareado por bairro com positivo real, sem colisao <30m. Mesma regra causal do v12 Recife.","Nao usar como escore, threshold ou variavel derivada do rotulo. Ausencia de registro NAO foi usada como criterio -- presenca de outro fenomeno real."
Curitiba,0,CUR_SIAC156_NEG_0a528fe48673ca94,-25.496341,-49.2981731,05/04/2023,2023,Coleta,Resíduos vegetais de jardim,RUA OPÍLIO DE MELLO PINHEIRO,NOVO MUNDO,strong,"Rua Opílio de Mello Pinheiro, Novo Mundo, Curitiba, Paraná, Região Sul, 81130-010, Brasil",33068630,siac156_curitiba_non_hydrological_category_v1,"non-flood (Coleta/Resíduos vegetais de jardim) - causally independent of rain, see negative_categories_curitiba.py",siac156_curitiba_negative_v1,"Ponto negativo administrativo geocodificado, pareado por bairro com positivo real, sem colisao <30m. Mesma regra causal do v12 Recife.","Nao usar como escore, threshold ou variavel derivada do rotulo. Ausencia de registro NAO foi usada como criterio -- presenca de outro fenomeno real."
Curitiba,0,CUR_SIAC156_NEG_01c5377141923f7f,-25.4444754,-49.3086194,20/10/2023,2023,Animais domésticos,Remoção de felinos mortos,Rua Antônio Rodrigues,SEMINARIO,strong,"Rua Antônio Rodrigues, Campina do Siqueira, Curitiba, Paraná, Região Sul, 80740-000, Brasil",29465203,siac156_curitiba_non_hydrological_category_v1,"non-flood (Animais domésticos/Remoção de felinos mortos) - causally independent of rain, see negative_categories_curitiba.py",siac156_curitiba_negative_v1,"Ponto negativo administrativo geocodificado, pareado por bairro com positivo real, sem colisao <30m. Mesma regra causal do v12 Recife.","Nao usar como escore, threshold ou variavel derivada do rotulo. Ausencia de registro NAO foi usada como criterio -- presenca de outro fenomeno real."
Curitiba,0,CUR_SIAC156_NEG_0df32ccbf548dc72,-25.5408828,-49.2766945,02/08/2023,2023,Coleta,Resíduos vegetais de jardim,NOVA AURORINHA,SITIO CERCADO,strong,"Rua Nova Aurorinha, Vila Nova Aurora, Sítio Cercado, Curitiba, Paraná, Região Sul, 81900-210, Brasil",127268369,siac156_curitiba_non_hydrological_category_v1,"non-flood (Coleta/Resíduos vegetais de jardim) - causally independent of rain, see negative_categories_curitiba.py",siac156_curitiba_negative_v1,"Ponto negativo administrativo geocodificado, pareado por bairro com positivo real, sem colisao <30m. Mesma regra causal do v12 Recife.","Nao usar como escore, threshold ou variavel derivada do rotulo. Ausencia de registro NAO foi usada como criterio -- presenca de outro fenomeno real."
Curitiba,0,CUR_SIAC156_NEG_c09117bbbc58d4e9,-25.5205921,-49.2763647,25/10/2023,2023,Coleta,Resíduos vegetais de jardim,RUA GENERAL CHRISTIANO DA ROCHA KUSTER,PINHEIRINHO,strong,"Rua General Christiano da Rocha Kuster, Vila Independência, Pinheirinho, Curitiba, Paraná, Região Sul, 81820-450, Brasil",128988824,siac156_curitiba_non_hydrological_category_v1,"non-flood (Coleta/Resíduos vegetais de jardim) - causally independent of rain, see negative_categories_curitiba.py",siac156_curitiba_negative_v1,"Ponto negativo administrativo geocodificado, pareado por bairro com positivo real, sem colisao <30m. Mesma regra causal do v12 Recife.","Nao usar como escore, threshold ou variavel derivada do rotulo. Ausencia de registro NAO foi usada como criterio -- presenca de outro fenomeno real."
Curitiba,0,CUR_SIAC156_NEG_fa28aabe43cc45ab,-25.4865635,-49.3490704,14/02/2023,2023,Coleta,Entulhos diversos (pequena quantidade),RUA LODOVICO KAMINSKI,CIDADE INDUSTRIAL,strong,"Rua Lodovico Kaminski, Cidade Industrial de Curitiba, Curitiba, Paraná, Região Sul, 81260-260, Brasil",127524469,siac156_curitiba_non_hydrological_category_v1,"non-flood (Coleta/Entulhos diversos (pequena quantidade)) - causally independent of rain, see negative_categories_curitiba.py",siac156_curitiba_negative_v1,"Ponto negativo administrativo geocodificado, pareado por bairro com positivo real, sem colisao <30m. Mesma regra causal do v12 Recife.","Nao usar como escore, threshold ou variavel derivada do rotulo. Ausencia de registro NAO foi usada como criterio -- presenca de outro fenomeno real."
Curitiba,0,CUR_SIAC156_NEG_53f2a9f9c99d2b2a,-25.3831424,-49.2244625,19/07/2023,2023,Disque Solidariedade,Doações,Rua Brasílio Bacellar Filho,TINGUI,strong,"Rua Brasílio Bacellar Filho, Tingui, Curitiba, Paraná, Região Sul, 82620-260, Brasil",160681516,siac156_curitiba_non_hydrological_category_v1,"non-flood (Disque Solidariedade/Doações) - causally independent of rain, see negative_categories_curitiba.py",siac156_curitiba_negative_v1,"Ponto negativo administrativo geocodificado, pareado por bairro com positivo real, sem colisao <30m. Mesma regra causal do v12 Recife.","Nao usar como escore, threshold ou variavel derivada do rotulo. Ausencia de registro NAO foi usada como criterio -- presenca de outro fenomeno real."
Curitiba,0,CUR_SIAC156_NEG_affc6295b2cfaa36,-25.417189,-49.3437445,08/10/2023,2023,Cartão transporte,Cartão débito/crédito,Rua Antônio Escorsin,SAO BRAZ,strong,"Rua Antônio Escorsin, São Braz, Curitiba, Paraná, Região Sul, 82015-570, Brasil",38133286,siac156_curitiba_non_hydrological_category_v1,"non-flood (Cartão transporte/Cartão débito/crédito) - causally independent of rain, see negative_categories_curitiba.py",siac156_curitiba_negative_v1,"Ponto negativo administrativo geocodificado, pareado por bairro com positivo real, sem colisao <30m. Mesma regra causal do v12 Recife.","Nao usar como escore, threshold ou variavel derivada do rotulo. Ausencia de registro NAO foi usada como criterio -- presenca de outro fenomeno real."
Curitiba,0,CUR_SIAC156_NEG_8b5622159e01e215,-25.5012175,-49.217312,29/03/2023,2023,Coleta,Caliças até 5 carrinhos de mão,RUA NATALINA CORDEIRO,UBERABA,strong,"Rua Natalina Cordeiro, Uberaba, Curitiba, Paraná, Região Sul, 81580-420, Brasil",125391145,siac156_curitiba_non_hydrological_category_v1,"non-flood (Coleta/Caliças até 5 carrinhos de mão) - causally independent of rain, see negative_categories_curitiba.py",siac156_curitiba_negative_v1,"Ponto negativo administrativo geocodificado, pareado por bairro com positivo real, sem colisao <30m. Mesma regra causal do v12 Recife.","Nao usar como escore, threshold ou variavel derivada do rotulo. Ausencia de registro NAO foi usada como criterio -- presenca de outro fenomeno real."
Curitiba,0,CUR_SIAC156_NEG_d574f25d59845a88,-25.5397026,-49.241174,27/09/2023,2023,Coleta,Entulhos diversos (pequena quantidade),RUA ZENITE PUCCI SIMÃO,ALTO BOQUEIRAO,strong,"Rua Zenite Pucci Simão, Alto Boqueirão, Curitiba, Paraná, Região Sul, 81860-090, Brasil",421074402,siac156_curitiba_non_hydrological_category_v1,"non-flood (Coleta/Entulhos diversos (pequena quantidade)) - causally independent of rain, see negative_categories_curitiba.py",siac156_curitiba_negative_v1,"Ponto negativo administrativo geocodificado, pareado por bairro com positivo real, sem colisao <30m. Mesma regra causal do v12 Recife.","Nao usar como escore, threshold ou variavel derivada do rotulo. Ausencia de registro NAO foi usada como criterio -- presenca de outro fenomeno real."
Curitiba,0,CUR_SIAC156_NEG_4ef693aff20933d2,-25.4287641,-49.2704791,01/07/2023,2023,Trânsito,Fiscalização de estacionamento irregular,RUA PREFEITO JOÃO MOREIRA GARCEZ,CENTRO,strong,"Rua Prefeito João Moreira Garcez, Centro Histórico, Centro, Curitiba, Paraná, Região Sul, 80020-200, Brasil",354709013,siac156_curitiba_non_hydrological_category_v1,"non-flood (Trânsito/Fiscalização de estacionamento irregular) - causally independent of rain, see negative_categories_curitiba.py",siac156_curitiba_negative_v1,"Ponto negativo administrativo geocodificado, pareado por bairro com positivo real, sem colisao <30m. Mesma regra causal do v12 Recife.","Nao usar como escore, threshold ou variavel derivada do rotulo. Ausencia de registro NAO foi usada como criterio -- presenca de outro fenomeno real."
Curitiba,0,CUR_SIAC156_NEG_fd8c8f70a5c0a307,-25.454934,-49.3765886,30/08/2023,2023,Coleta,Entulhos diversos (pequena quantidade),RUA CRUZEIRO DO OESTE,AUGUSTA,strong,"Rua Cruzeiro do Oeste, Vila São José, Augusta, Curitiba, Paraná, Região Sul, 81290-260, Brasil",127528133,siac156_curitiba_non_hydrological_category_v1,"non-flood (Coleta/Entulhos diversos (pequena quantidade)) - causally independent of rain, see negative_categories_curitiba.py",siac156_curitiba_negative_v1,"Ponto negativo administrativo geocodificado, pareado por bairro com positivo real, sem colisao <30m. Mesma regra causal do v12 Recife.","Nao usar como escore, threshold ou variavel derivada do rotulo. Ausencia de registro NAO foi usada como criterio -- presenca de outro fenomeno real."
Curitiba,0,CUR_SIAC156_NEG_2ed2208585dfc6eb,-25.4085591,-49.2895147,11/06/2023,2023,Coleta,Resíduos vegetais de jardim,Rua Doutor Otto Ernesto Blume,VISTA ALEGRE,strong,"Rua Doutor Otto Ernesto Blume, Vista Alegre, Curitiba, Paraná, Região Sul, 80820-250, Brasil",32944188,siac156_curitiba_non_hydrological_category_v1,"non-flood (Coleta/Resíduos vegetais de jardim) - causally independent of rain, see negative_categories_curitiba.py",siac156_curitiba_negative_v1,"Ponto negativo administrativo geocodificado, pareado por bairro com positivo real, sem colisao <30m. Mesma regra causal do v12 Recife.","Nao usar como escore, threshold ou variavel derivada do rotulo. Ausencia de registro NAO foi usada como criterio -- presenca de outro fenomeno real."
Curitiba,0,CUR_SIAC156_NEG_d64950f4c59ffe27,-25.4251502,-49.2807874,02/12/2023,2023,Trânsito,Fiscalização de bloqueio de pista,Travessa Teixeira de Freitas,SAO FRANCISCO,strong,"Travessa Teixeira de Freitas, São Francisco, Curitiba, Paraná, Região Sul, 80410-060, Brasil",29431800,siac156_curitiba_non_hydrological_category_v1,"non-flood (Trânsito/Fiscalização de bloqueio de pista) - causally independent of rain, see negative_categories_curitiba.py",siac156_curitiba_negative_v1,"Ponto negativo administrativo geocodificado, pareado por bairro com positivo real, sem colisao <30m. Mesma regra causal do v12 Recife.","Nao usar como escore, threshold ou variavel derivada do rotulo. Ausencia de registro NAO foi usada como criterio -- presenca de outro fenomeno real."
Curitiba,0,CUR_SIAC156_NEG_a17e26d4b46cc6d1,-25.4723225,-49.2725999,21/02/2023,2023,Coleta,Caliças até 5 carrinhos de mão,AVENIDA DA REPÚBLICA,GUAIRA,strong,"Avenida da República, Guaíra, Curitiba, Paraná, Região Sul, 80630-220, Brasil",469975524,siac156_curitiba_non_hydrological_category_v1,"non-flood (Coleta/Caliças até 5 carrinhos de mão) - causally independent of rain, see negative_categories_curitiba.py",siac156_curitiba_negative_v1,"Ponto negativo administrativo geocodificado, pareado por bairro com positivo real, sem colisao <30m. Mesma regra causal do v12 Recife.","Nao usar como escore, threshold ou variavel derivada do rotulo. Ausencia de registro NAO foi usada como criterio -- presenca de outro fenomeno real."
Curitiba,0,CUR_SIAC156_NEG_948dc70e5975c1ab,-25.3982138,-49.2543833,10/05/2023,2023,Praças,Conservação,PRACA CAPITÃO JOVINIANO PEREIRA DE CAMARGO,BOA VISTA,medium,"Praça Capitão Joviniano Pereira de Camargo, 290, Boa Vista, Curitiba, Paraná, Região Sul, Brasil",429061815,siac156_curitiba_non_hydrological_category_v1,"non-flood (Praças/Conservação) - causally independent of rain, see negative_categories_curitiba.py",siac156_curitiba_negative_v1,"Ponto negativo administrativo geocodificado, pareado por bairro com positivo real, sem colisao <30m. Mesma regra causal do v12 Recife.","Nao usar como escore, threshold ou variavel derivada do rotulo. Ausencia de registro NAO foi usada como criterio -- presenca de outro fenomeno real."
Curitiba,0,CUR_SIAC156_NEG_dd79faff09ab811e,-25.3782481,-49.3265396,23/02/2023,2023,Árvore,Poda de manutenção em árvores,RUA WANDA WOLF,SANTA FELICIDADE,strong,"Rua Wanda Wolf, Santa Felicidade, Curitiba, Paraná, Região Sul, 82410-220, Brasil",158622764,siac156_curitiba_non_hydrological_category_v1,"non-flood (Árvore/Poda de manutenção em árvores) - causally independent of rain, see negative_categories_curitiba.py",siac156_curitiba_negative_v1,"Ponto negativo administrativo geocodificado, pareado por bairro com positivo real, sem colisao <30m. Mesma regra causal do v12 Recife.","Nao usar como escore, threshold ou variavel derivada do rotulo. Ausencia de registro NAO foi usada como criterio -- presenca de outro fenomeno real."
Curitiba,0,CUR_SIAC156_NEG_681a8fb856350c14,-25.4931964,-49.3527536,23/01/2023,2023,Animais domésticos,Remoção de caninos mortos,Rua Maria Lúcia Locher de Athayde,CIDADE INDUSTRIAL,strong,"Rua Maria Lúcia Locher de Athaýde, São Miguel, Curitiba, Paraná, Região Sul, 81260-260, Brasil",405454918,siac156_curitiba_non_hydrological_category_v1,"non-flood (Animais domésticos/Remoção de caninos mortos) - causally independent of rain, see negative_categories_curitiba.py",siac156_curitiba_negative_v1,"Ponto negativo administrativo geocodificado, pareado por bairro com positivo real, sem colisao <30m. Mesma regra causal do v12 Recife.","Nao usar como escore, threshold ou variavel derivada do rotulo. Ausencia de registro NAO foi usada como criterio -- presenca de outro fenomeno real."
Curitiba,0,CUR_SIAC156_NEG_70f686202959ca72,-25.4082241,-49.2031442,18/03/2023,2023,Poluição,Sonora - Noturna,RUA MARCÍLIO DIAS,BAIRRO ALTO,strong,"Rua Marcílio Dias, Bairro Alto, Curitiba, Paraná, Região Sul, 82240-290, Brasil",159676214,siac156_curitiba_non_hydrological_category_v1,"non-flood (Poluição/Sonora - Noturna) - causally independent of rain, see negative_categories_curitiba.py",siac156_curitiba_negative_v1,"Ponto negativo administrativo geocodificado, pareado por bairro com positivo real, sem colisao <30m. Mesma regra causal do v12 Recife.","Nao usar como escore, threshold ou variavel derivada do rotulo. Ausencia de registro NAO foi usada como criterio -- presenca de outro fenomeno real."
Curitiba,0,CUR_SIAC156_NEG_8aeb199e2e9f620c,-25.4971575,-49.2788202,17/08/2023,2023,Coleta,Entulhos diversos (pequena quantidade),Rua Infante Dom Henrique,CAPAO RASO,strong,"Rua Infante Dom Henrique, Capão Raso, Curitiba, Paraná, Região Sul, 81020-680, Brasil",1108070661,siac156_curitiba_non_hydrological_category_v1,"non-flood (Coleta/Entulhos diversos (pequena quantidade)) - causally independent of rain, see negative_categories_curitiba.py",siac156_curitiba_negative_v1,"Ponto negativo administrativo geocodificado, pareado por bairro com positivo real, sem colisao <30m. Mesma regra causal do v12 Recife.","Nao usar como escore, threshold ou variavel derivada do rotulo. Ausencia de registro NAO foi usada como criterio -- presenca de outro fenomeno real."
Curitiba,0,CUR_SIAC156_NEG_c77e6700026895bb,-25.4442096,-49.2986801,18/12/2023,2023,Coleta,Entulhos diversos (pequena quantidade),Rua Carmelo Rangel,SEMINARIO,strong,"Rua Carmelo Rangel, Seminário, Curitiba, Paraná, Região Sul, 80440-020, Brasil",742164894,siac156_curitiba_non_hydrological_category_v1,"non-flood (Coleta/Entulhos diversos (pequena quantidade)) - causally independent of rain, see negative_categories_curitiba.py",siac156_curitiba_negative_v1,"Ponto negativo administrativo geocodificado, pareado por bairro com positivo real, sem colisao <30m. Mesma regra causal do v12 Recife.","Nao usar como escore, threshold ou variavel derivada do rotulo. Ausencia de registro NAO foi usada como criterio -- presenca de outro fenomeno real."
Curitiba,0,CUR_SIAC156_NEG_682fda0075e9bf43,-25.5767336,-49.3231367,17/09/2023,2023,Coleta,Resíduos vegetais de jardim,Rua Ruy Leal,CAMPO DE SANTANA,strong,"Rua Ruy Leal, Jardim Santana, Campo de Santana, Curitiba, Paraná, Região Sul, 81480-436, Brasil",289617054,siac156_curitiba_non_hydrological_category_v1,"non-flood (Coleta/Resíduos vegetais de jardim) - causally independent of rain, see negative_categories_curitiba.py",siac156_curitiba_negative_v1,"Ponto negativo administrativo geocodificado, pareado por bairro com positivo real, sem colisao <30m. Mesma regra causal do v12 Recife.","Nao usar como escore, threshold ou variavel derivada do rotulo. Ausencia de registro NAO foi usada como criterio -- presenca de outro fenomeno real."
Curitiba,0,CUR_SIAC156_NEG_e582bc1ecdc6ca73,-25.4465926,-49.3081788,21/07/2023,2023,Disque Solidariedade,Doações,Rua Álvaro Alvim,SEMINARIO,strong,"Rua Álvaro Alvim, Seminário, Curitiba, Paraná, Região Sul, 80310-100, Brasil",158125843,siac156_curitiba_non_hydrological_category_v1,"non-flood (Disque Solidariedade/Doações) - causally independent of rain, see negative_categories_curitiba.py",siac156_curitiba_negative_v1,"Ponto negativo administrativo geocodificado, pareado por bairro com positivo real, sem colisao <30m. Mesma regra causal do v12 Recife.","Nao usar como escore, threshold ou variavel derivada do rotulo. Ausencia de registro NAO foi usada como criterio -- presenca de outro fenomeno real."
Curitiba,0,CUR_SIAC156_NEG_8cac7561d6ec503c,-25.413152,-49.2318165,25/02/2023,2023,Coleta,Resíduos vegetais de jardim,RUA ILOR BRESSIANI,JARDIM SOCIAL,strong,"Rua Ilor Bressiani, Jardim Social, Curitiba, Paraná, Região Sul, 82820-530, Brasil",561047388,siac156_curitiba_non_hydrological_category_v1,"non-flood (Coleta/Resíduos vegetais de jardim) - causally independent of rain, see negative_categories_curitiba.py",siac156_curitiba_negative_v1,"Ponto negativo administrativo geocodificado, pareado por bairro com positivo real, sem colisao <30m. Mesma regra causal do v12 Recife.","Nao usar como escore, threshold ou variavel derivada do rotulo. Ausencia de registro NAO foi usada como criterio -- presenca de outro fenomeno real."
Curitiba,0,CUR_SIAC156_NEG_9ac2dc6673461178,-25.4001252,-49.2805559,13/01/2023,2023,Lombada física,Implantação,Rua Desembargador José Pacheco Júnior,PILARZINHO,strong,"Rua Desembargador José Pacheco Júnior, Pilarzinho, Curitiba, Paraná, Região Sul, 82120-060, Brasil",163235724,siac156_curitiba_non_hydrological_category_v1,"non-flood (Lombada física/Implantação) - causally independent of rain, see negative_categories_curitiba.py",siac156_curitiba_negative_v1,"Ponto negativo administrativo geocodificado, pareado por bairro com positivo real, sem colisao <30m. Mesma regra causal do v12 Recife.","Nao usar como escore, threshold ou variavel derivada do rotulo. Ausencia de registro NAO foi usada como criterio -- presenca de outro fenomeno real."
Curitiba,0,CUR_SIAC156_NEG_dd413d92e17866a4,-25.5227661,-49.2926467,08/09/2023,2023,Coleta,Resíduos vegetais de jardim,RUA HÉLIO DIRCEU WOITIKIW,PINHEIRINHO,strong,"Rua Hélio Dirceu Woitikiw, Vila Pinheirinhos, Pinheirinho, Curitiba, Paraná, Região Sul, 81690-400, Brasil",128988891,siac156_curitiba_non_hydrological_category_v1,"non-flood (Coleta/Resíduos vegetais de jardim) - causally independent of rain, see negative_categories_curitiba.py",siac156_curitiba_negative_v1,"Ponto negativo administrativo geocodificado, pareado por bairro com positivo real, sem colisao <30m. Mesma regra causal do v12 Recife.","Nao usar como escore, threshold ou variavel derivada do rotulo. Ausencia de registro NAO foi usada como criterio -- presenca de outro fenomeno real."
Curitiba,0,CUR_SIAC156_NEG_ef83921796497303,-25.5698498,-49.3358194,10/10/2023,2023,Poluição,Sonora - Diurna,RUA ARCÉSIO DE BARROS LIMA,TATUQUARA,strong,"Rua Arcésio de Barros Lima, Moradias Monteiro Lobato I, Tatuquara, Curitiba, Paraná, Região Sul, 81470-400, Brasil",143988032,siac156_curitiba_non_hydrological_category_v1,"non-flood (Poluição/Sonora - Diurna) - causally independent of rain, see negative_categories_curitiba.py",siac156_curitiba_negative_v1,"Ponto negativo administrativo geocodificado, pareado por bairro com positivo real, sem colisao <30m. Mesma regra causal do v12 Recife.","Nao usar como escore, threshold ou variavel derivada do rotulo. Ausencia de registro NAO foi usada como criterio -- presenca de outro fenomeno real."
Curitiba,0,CUR_SIAC156_NEG_6526389f5249fa18,-25.4624958,-49.2433392,28/05/2023,2023,Coleta,Entulhos diversos (pequena quantidade),Jacopo Tintoreto,GUABIROTUBA,medium,"Guabirotuba, Curitiba, Paraná, Região Sul, Brasil",4141956,siac156_curitiba_non_hydrological_category_v1,"non-flood (Coleta/Entulhos diversos (pequena quantidade)) - causally independent of rain, see negative_categories_curitiba.py",siac156_curitiba_negative_v1,"Ponto negativo administrativo geocodificado, pareado por bairro com positivo real, sem colisao <30m. Mesma regra causal do v12 Recife.","Nao usar como escore, threshold ou variavel derivada do rotulo. Ausencia de registro NAO foi usada como criterio -- presenca de outro fenomeno real."
Curitiba,0,CUR_SIAC156_NEG_24e0092e81efbf46,-25.5081265,-49.2302739,24/04/2023,2023,Coleta,Entulhos diversos (pequena quantidade),RUA CARLOS DE LAET,BOQUEIRAO,strong,"Rua Carlos de Laet, Boqueirão, Curitiba, Paraná, Região Sul, 81730-360, Brasil",55204875,siac156_curitiba_non_hydrological_category_v1,"non-flood (Coleta/Entulhos diversos (pequena quantidade)) - causally independent of rain, see negative_categories_curitiba.py",siac156_curitiba_negative_v1,"Ponto negativo administrativo geocodificado, pareado por bairro com positivo real, sem colisao <30m. Mesma regra causal do v12 Recife.","Nao usar como escore, threshold ou variavel derivada do rotulo. Ausencia de registro NAO foi usada como criterio -- presenca de outro fenomeno real."
Curitiba,0,CUR_SIAC156_NEG_0cd4b1ce1c73c308,-25.4195149,-49.3392649,28/03/2023,2023,Coleta,Caliças até 5 carrinhos de mão,RUA ALTAMIRO MACHADO,SAO BRAZ,strong,"Rua Altamiro Machado, São Braz, Curitiba, Paraná, Região Sul, 82015-570, Brasil",137424442,siac156_curitiba_non_hydrological_category_v1,"non-flood (Coleta/Caliças até 5 carrinhos de mão) - causally independent of rain, see negative_categories_curitiba.py",siac156_curitiba_negative_v1,"Ponto negativo administrativo geocodificado, pareado por bairro com positivo real, sem colisao <30m. Mesma regra causal do v12 Recife.","Nao usar como escore, threshold ou variavel derivada do rotulo. Ausencia de registro NAO foi usada como criterio -- presenca de outro fenomeno real."
Curitiba,0,CUR_SIAC156_NEG_91c1ae12f42fb1bb,-25.442239,-49.2191396,12/12/2023,2023,Coleta,Caliças até 5 carrinhos de mão,Rua Eros José Alves,CAJURU,strong,"Rua Eros José Alves, Cajuru, Curitiba, Paraná, Região Sul, 82900-010, Brasil",36061991,siac156_curitiba_non_hydrological_category_v1,"non-flood (Coleta/Caliças até 5 carrinhos de mão) - causally independent of rain, see negative_categories_curitiba.py",siac156_curitiba_negative_v1,"Ponto negativo administrativo geocodificado, pareado por bairro com positivo real, sem colisao <30m. Mesma regra causal do v12 Recife.","Nao usar como escore, threshold ou variavel derivada do rotulo. Ausencia de registro NAO foi usada como criterio -- presenca de outro fenomeno real."
Curitiba,0,CUR_SIAC156_NEG_d4f8127b53e7bb05,-25.493041,-49.3286686,18/01/2023,2023,Árvore,Poda de manutenção em árvores,Raymundo Ramos Ferreira,CIDADE INDUSTRIAL,strong,"Rua Raymundo Ramos Ferreira, Cidade Industrial de Curitiba, Curitiba, Paraná, Região Sul, 81350-900, Brasil",161704169,siac156_curitiba_non_hydrological_category_v1,"non-flood (Árvore/Poda de manutenção em árvores) - causally independent of rain, see negative_categories_curitiba.py",siac156_curitiba_negative_v1,"Ponto negativo administrativo geocodificado, pareado por bairro com positivo real, sem colisao <30m. Mesma regra causal do v12 Recife.","Nao usar como escore, threshold ou variavel derivada do rotulo. Ausencia de registro NAO foi usada como criterio -- presenca de outro fenomeno real."
Curitiba,0,CUR_SIAC156_NEG_61ad6b210115f187,-25.412581,-49.2023628,23/10/2023,2023,Coleta,Resíduos vegetais de jardim,RUA JORNALISTA ALCEU CHICHORRO,BAIRRO ALTO,strong,"Rua Jornalista Alceu Chichorro, Bairro Alto, Curitiba, Paraná, Região Sul, 82820-310, Brasil",1207324261,siac156_curitiba_non_hydrological_category_v1,"non-flood (Coleta/Resíduos vegetais de jardim) - causally independent of rain, see negative_categories_curitiba.py",siac156_curitiba_negative_v1,"Ponto negativo administrativo geocodificado, pareado por bairro com positivo real, sem colisao <30m. Mesma regra causal do v12 Recife.","Nao usar como escore, threshold ou variavel derivada do rotulo. Ausencia de registro NAO foi usada como criterio -- presenca de outro fenomeno real."
Curitiba,0,CUR_SIAC156_NEG_daf6ce12103528f3,-25.406159,-49.2711084,01/02/2023,2023,Trânsito,Fiscalização de estacionamento irregular,RUA MATEUS LEME,BOM RETIRO,strong,"Rua Mateus Leme, Bom Retiro, Curitiba, Paraná, Região Sul, 80540-280, Brasil",1073198837,siac156_curitiba_non_hydrological_category_v1,"non-flood (Trânsito/Fiscalização de estacionamento irregular) - causally independent of rain, see negative_categories_curitiba.py",siac156_curitiba_negative_v1,"Ponto negativo administrativo geocodificado, pareado por bairro com positivo real, sem colisao <30m. Mesma regra causal do v12 Recife.","Nao usar como escore, threshold ou variavel derivada do rotulo. Ausencia de registro NAO foi usada como criterio -- presenca de outro fenomeno real."
Curitiba,0,CUR_SIAC156_NEG_f31e2a6c3a71bbbe,-25.4577126,-49.3126494,23/04/2023,2023,Coleta,Entulhos diversos (pequena quantidade),Rua João Alencar Guimarães,SANTA QUITERIA,strong,"Rua João Alencar Guimarães, Santa Quitéria, Curitiba, Paraná, Região Sul, 80310-410, Brasil",52704515,siac156_curitiba_non_hydrological_category_v1,"non-flood (Coleta/Entulhos diversos (pequena quantidade)) - causally independent of rain, see negative_categories_curitiba.py",siac156_curitiba_negative_v1,"Ponto negativo administrativo geocodificado, pareado por bairro com positivo real, sem colisao <30m. Mesma regra causal do v12 Recife.","Nao usar como escore, threshold ou variavel derivada do rotulo. Ausencia de registro NAO foi usada como criterio -- presenca de outro fenomeno real."
Curitiba,0,CUR_SIAC156_NEG_d952aea082ec3a39,-25.4149509,-49.2958994,31/12/2023,2023,Poluição,Sonora - Diurna,Rua Jacob Wellner,VISTA ALEGRE,strong,"Rua Jacob Wellner, Vista Alegre, Curitiba, Paraná, Região Sul, 80810-070, Brasil",32944273,siac156_curitiba_non_hydrological_category_v1,"non-flood (Poluição/Sonora - Diurna) - causally independent of rain, see negative_categories_curitiba.py",siac156_curitiba_negative_v1,"Ponto negativo administrativo geocodificado, pareado por bairro com positivo real, sem colisao <30m. Mesma regra causal do v12 Recife.","Nao usar como escore, threshold ou variavel derivada do rotulo. Ausencia de registro NAO foi usada como criterio -- presenca de outro fenomeno real."
Curitiba,0,CUR_SIAC156_NEG_91c009c720bee6b6,-25.3864932,-49.332578,23/03/2023,2023,Praças,Conservação,Rua Daniel Cesário Pereira,SANTA FELICIDADE,strong,"Rua Daniel Cesário Pereira, Santa Felicidade, Curitiba, Paraná, Região Sul, 82410-220, Brasil",161364282,siac156_curitiba_non_hydrological_category_v1,"non-flood (Praças/Conservação) - causally independent of rain, see negative_categories_curitiba.py",siac156_curitiba_negative_v1,"Ponto negativo administrativo geocodificado, pareado por bairro com positivo real, sem colisao <30m. Mesma regra causal do v12 Recife.","Nao usar como escore, threshold ou variavel derivada do rotulo. Ausencia de registro NAO foi usada como criterio -- presenca de outro fenomeno real."
Curitiba,0,CUR_SIAC156_NEG_6f82bd9af71a456b,-25.5344693,-49.2399994,13/02/2023,2023,Coleta,Caliças até 5 carrinhos de mão,Rua Doutor Benedicto Siqueira Branco,ALTO BOQUEIRAO,strong,"Rua Doutor Benedicto Siqueira Branco, Alto Boqueirão, Curitiba, Paraná, Região Sul, 81860-050, Brasil",85578876,siac156_curitiba_non_hydrological_category_v1,"non-flood (Coleta/Caliças até 5 carrinhos de mão) - causally independent of rain, see negative_categories_curitiba.py",siac156_curitiba_negative_v1,"Ponto negativo administrativo geocodificado, pareado por bairro com positivo real, sem colisao <30m. Mesma regra causal do v12 Recife.","Nao usar como escore, threshold ou variavel derivada do rotulo. Ausencia de registro NAO foi usada como criterio -- presenca de outro fenomeno real."
Curitiba,0,CUR_SIAC156_NEG_7388fc57554eeb5a,-25.4622146,-49.2558749,28/11/2023,2023,Trânsito,Fiscalização de estacionamento irregular,Rua Jaime Costa,PRADO VELHO,strong,"Rua Jaime Costa, Prado Velho, Curitiba, Paraná, Região Sul, 81610-000, Brasil",124791183,siac156_curitiba_non_hydrological_category_v1,"non-flood (Trânsito/Fiscalização de estacionamento irregular) - causally independent of rain, see negative_categories_curitiba.py",siac156_curitiba_negative_v1,"Ponto negativo administrativo geocodificado, pareado por bairro com positivo real, sem colisao <30m. Mesma regra causal do v12 Recife.","Nao usar como escore, threshold ou variavel derivada do rotulo. Ausencia de registro NAO foi usada como criterio -- presenca de outro fenomeno real."
Curitiba,0,CUR_SIAC156_NEG_97b65801b908a70a,-25.4203181,-49.2674592,10/06/2023,2023,Trânsito,Fiscalização de estacionamento irregular,Da Gloria,ALTO DA GLORIA,strong,"Rua da Glória, Alto da Glória, Curitiba, Paraná, Região Sul, 80530-000, Brasil",289828826,siac156_curitiba_non_hydrological_category_v1,"non-flood (Trânsito/Fiscalização de estacionamento irregular) - causally independent of rain, see negative_categories_curitiba.py",siac156_curitiba_negative_v1,"Ponto negativo administrativo geocodificado, pareado por bairro com positivo real, sem colisao <30m. Mesma regra causal do v12 Recife.","Nao usar como escore, threshold ou variavel derivada do rotulo. Ausencia de registro NAO foi usada como criterio -- presenca de outro fenomeno real."
Curitiba,0,CUR_SIAC156_NEG_5969e7d401def0bb,-25.4801147,-49.2677493,05/11/2023,2023,Trânsito,Fiscalização de estacionamento irregular,Rua Durval Pacheco de Carvalho,FANNY,strong,"Rua Durval Pacheco de Carvalho, Fanny, Curitiba, Paraná, Região Sul, 81690-200, Brasil",93125225,siac156_curitiba_non_hydrological_category_v1,"non-flood (Trânsito/Fiscalização de estacionamento irregular) - causally independent of rain, see negative_categories_curitiba.py",siac156_curitiba_negative_v1,"Ponto negativo administrativo geocodificado, pareado por bairro com positivo real, sem colisao <30m. Mesma regra causal do v12 Recife.","Nao usar como escore, threshold ou variavel derivada do rotulo. Ausencia de registro NAO foi usada como criterio -- presenca de outro fenomeno real."
Curitiba,0,CUR_SIAC156_NEG_5cfcc908cb67fb1d,-25.541378,-49.2441786,12/09/2023,2023,Coleta,Entulhos diversos (pequena quantidade),Rua Antônio Honório Corrêa,ALTO BOQUEIRAO,strong,"Rua Antônio Honório Corrêa, Alto Boqueirão, Curitiba, Paraná, Região Sul, 81850-360, Brasil",126822264,siac156_curitiba_non_hydrological_category_v1,"non-flood (Coleta/Entulhos diversos (pequena quantidade)) - causally independent of rain, see negative_categories_curitiba.py",siac156_curitiba_negative_v1,"Ponto negativo administrativo geocodificado, pareado por bairro com positivo real, sem colisao <30m. Mesma regra causal do v12 Recife.","Nao usar como escore, threshold ou variavel derivada do rotulo. Ausencia de registro NAO foi usada como criterio -- presenca de outro fenomeno real."
Curitiba,0,CUR_SIAC156_NEG_b39353f58fa6516a,-25.5258346,-49.229694,23/09/2023,2023,Coleta,Resíduos vegetais de jardim,Rua Erton Coelho Queiroz,ALTO BOQUEIRAO,strong,"Rua Erton Coelho Queiroz, Alto Boqueirão, Curitiba, Paraná, Região Sul, 81770-340, Brasil",126290493,siac156_curitiba_non_hydrological_category_v1,"non-flood (Coleta/Resíduos vegetais de jardim) - causally independent of rain, see negative_categories_curitiba.py",siac156_curitiba_negative_v1,"Ponto negativo administrativo geocodificado, pareado por bairro com positivo real, sem colisao <30m. Mesma regra causal do v12 Recife.","Nao usar como escore, threshold ou variavel derivada do rotulo. Ausencia de registro NAO foi usada como criterio -- presenca de outro fenomeno real."
Curitiba,0,CUR_SIAC156_NEG_a93191fd8f030a7d,-25.4110754,-49.2221486,13/06/2023,2023,Semáforo,Lâmpada apagada,Gustavo Rattman,BACACHERI,strong,"Rua Gustavo Rattman, Bacacheri, Curitiba, Paraná, Região Sul, 82520-620, Brasil",1353080004,siac156_curitiba_non_hydrological_category_v1,"non-flood (Semáforo/Lâmpada apagada) - causally independent of rain, see negative_categories_curitiba.py",siac156_curitiba_negative_v1,"Ponto negativo administrativo geocodificado, pareado por bairro com positivo real, sem colisao <30m. Mesma regra causal do v12 Recife.","Nao usar como escore, threshold ou variavel derivada do rotulo. Ausencia de registro NAO foi usada como criterio -- presenca de outro fenomeno real."
Curitiba,0,CUR_SIAC156_NEG_8fc8dc63c9de5fb9,-25.5322122,-49.2763004,15/03/2023,2023,Coleta,Caliças até 5 carrinhos de mão,Rua Leonardo Abagge,SITIO CERCADO,strong,"Rua Leonardo Abagge, Sítio Cercado, Curitiba, Paraná, Região Sul, 81900-050, Brasil",127264749,siac156_curitiba_non_hydrological_category_v1,"non-flood (Coleta/Caliças até 5 carrinhos de mão) - causally independent of rain, see negative_categories_curitiba.py",siac156_curitiba_negative_v1,"Ponto negativo administrativo geocodificado, pareado por bairro com positivo real, sem colisao <30m. Mesma regra causal do v12 Recife.","Nao usar como escore, threshold ou variavel derivada do rotulo. Ausencia de registro NAO foi usada como criterio -- presenca de outro fenomeno real."
Curitiba,0,CUR_SIAC156_NEG_261e5dbeb8eccd35,-25.3834962,-49.2286637,17/11/2023,2023,Coleta,Resíduos vegetais de jardim,João Batista Trentin,TINGUI,strong,"Rua João Batista Trentin, Tingui, Curitiba, Paraná, Região Sul, 82620-260, Brasil",160681536,siac156_curitiba_non_hydrological_category_v1,"non-flood (Coleta/Resíduos vegetais de jardim) - causally independent of rain, see negative_categories_curitiba.py",siac156_curitiba_negative_v1,"Ponto negativo administrativo geocodificado, pareado por bairro com positivo real, sem colisao <30m. Mesma regra causal do v12 Recife.","Nao usar como escore, threshold ou variavel derivada do rotulo. Ausencia de registro NAO foi usada como criterio -- presenca de outro fenomeno real."
Curitiba,0,CUR_SIAC156_NEG_f586a319ca6585c5,-25.3852813,-49.2795816,21/07/2023,2023,Cartão transporte,Cartão débito/crédito,Rua Eugênio Flor,ABRANCHES,strong,"Rua Eugênio Flor, Abranches, Curitiba, Paraná, Região Sul, 82520-120, Brasil",357517050,siac156_curitiba_non_hydrological_category_v1,"non-flood (Cartão transporte/Cartão débito/crédito) - causally independent of rain, see negative_categories_curitiba.py",siac156_curitiba_negative_v1,"Ponto negativo administrativo geocodificado, pareado por bairro com positivo real, sem colisao <30m. Mesma regra causal do v12 Recife.","Nao usar como escore, threshold ou variavel derivada do rotulo. Ausencia de registro NAO foi usada como criterio -- presenca de outro fenomeno real."
Curitiba,0,CUR_SIAC156_NEG_1f45083f7cd00f2b,-25.4810397,-49.3102018,03/05/2023,2023,Árvore,Poda de manutenção em árvores,RUA MANOEL GUSTAVO SCHIER,PORTAO,strong,"Rua Manoel Gustavo Schier, Portão, Curitiba, Paraná, Região Sul, 81070-460, Brasil",48310181,siac156_curitiba_non_hydrological_category_v1,"non-flood (Árvore/Poda de manutenção em árvores) - causally independent of rain, see negative_categories_curitiba.py",siac156_curitiba_negative_v1,"Ponto negativo administrativo geocodificado, pareado por bairro com positivo real, sem colisao <30m. Mesma regra causal do v12 Recife.","Nao usar como escore, threshold ou variavel derivada do rotulo. Ausencia de registro NAO foi usada como criterio -- presenca de outro fenomeno real."
Curitiba,0,CUR_SIAC156_NEG_8587e855569b1960,-25.5711794,-49.3405683,02/11/2023,2023,Coleta,Entulhos diversos (pequena quantidade),RUA PEDRO PROSDÓCIMO,TATUQUARA,strong,"Rua Pedro Prosdócimo, Moradias dos Evangélicos II, Tatuquara, Curitiba, Paraná, Região Sul, 81470-400, Brasil",167274750,siac156_curitiba_non_hydrological_category_v1,"non-flood (Coleta/Entulhos diversos (pequena quantidade)) - causally independent of rain, see negative_categories_curitiba.py",siac156_curitiba_negative_v1,"Ponto negativo administrativo geocodificado, pareado por bairro com positivo real, sem colisao <30m. Mesma regra causal do v12 Recife.","Nao usar como escore, threshold ou variavel derivada do rotulo. Ausencia de registro NAO foi usada como criterio -- presenca de outro fenomeno real."
Curitiba,0,CUR_SIAC156_NEG_6924b97143d84ae6,-25.4358082,-49.2571375,04/04/2023,2023,Cartão transporte,Geral,Avenida Presidente Affonso Camargo,JARDIM BOTANICO,strong,"Avenida Presidente Affonso Camargo, Jardim Botânico, Curitiba, Paraná, Região Sul, 80060-090, Brasil",195556937,siac156_curitiba_non_hydrological_category_v1,"non-flood (Cartão transporte/Geral) - causally independent of rain, see negative_categories_curitiba.py",siac156_curitiba_negative_v1,"Ponto negativo administrativo geocodificado, pareado por bairro com positivo real, sem colisao <30m. Mesma regra causal do v12 Recife.","Nao usar como escore, threshold ou variavel derivada do rotulo. Ausencia de registro NAO foi usada como criterio -- presenca de outro fenomeno real."
Curitiba,0,CUR_SIAC156_NEG_30309b9966fbae19,-25.365479,-49.2099673,29/04/2023,2023,Trânsito,Fiscalização imediata,RUA ANTONIO ANTONIACOMI,SANTA CANDIDA,strong,"Rua Antônio Antoniacomi, Santa Cândida, Curitiba, Paraná, Região Sul, 83404-550, Brasil",1308101644,siac156_curitiba_non_hydrological_category_v1,"non-flood (Trânsito/Fiscalização imediata) - causally independent of rain, see negative_categories_curitiba.py",siac156_curitiba_negative_v1,"Ponto negativo administrativo geocodificado, pareado por bairro com positivo real, sem colisao <30m. Mesma regra causal do v12 Recife.","Nao usar como escore, threshold ou variavel derivada do rotulo. Ausencia de registro NAO foi usada como criterio -- presenca de outro fenomeno real."
Curitiba,0,CUR_SIAC156_NEG_6d34435ea97b1779,-25.391729,-49.2454058,11/04/2023,2023,Árvore,Poda de manutenção em árvores,RUA VICENTE CICCARINO,BOA VISTA,strong,"Rua Vicente Ciccarino, Boa Vista, Curitiba, Paraná, Região Sul, 82560-040, Brasil",164422727,siac156_curitiba_non_hydrological_category_v1,"non-flood (Árvore/Poda de manutenção em árvores) - causally independent of rain, see negative_categories_curitiba.py",siac156_curitiba_negative_v1,"Ponto negativo administrativo geocodificado, pareado por bairro com positivo real, sem colisao <30m. Mesma regra causal do v12 Recife.","Nao usar como escore, threshold ou variavel derivada do rotulo. Ausencia de registro NAO foi usada como criterio -- presenca de outro fenomeno real."
Curitiba,0,CUR_SIAC156_NEG_9ede182236ebab98,-25.4809453,-49.2684458,29/07/2023,2023,Trânsito,Fiscalização de estacionamento irregular,Rua Amaro de Santa Rita,FANNY,strong,"Rua Amaro de Santa Rita, Fanny, Curitiba, Paraná, Região Sul, 81690-200, Brasil",126271643,siac156_curitiba_non_hydrological_category_v1,"non-flood (Trânsito/Fiscalização de estacionamento irregular) - causally independent of rain, see negative_categories_curitiba.py",siac156_curitiba_negative_v1,"Ponto negativo administrativo geocodificado, pareado por bairro com positivo real, sem colisao <30m. Mesma regra causal do v12 Recife.","Nao usar como escore, threshold ou variavel derivada do rotulo. Ausencia de registro NAO foi usada como criterio -- presenca de outro fenomeno real."
Curitiba,0,CUR_SIAC156_NEG_bf5e4102a624a81c,-25.3737646,-49.2479848,20/06/2023,2023,Coleta,Caliças até 5 carrinhos de mão,Rua Paolo Battan,BOA VISTA,strong,"Rua Paolo Battan, Boa Vista, Curitiba, Paraná, Região Sul, 82650-430, Brasil",304444838,siac156_curitiba_non_hydrological_category_v1,"non-flood (Coleta/Caliças até 5 carrinhos de mão) - causally independent of rain, see negative_categories_curitiba.py",siac156_curitiba_negative_v1,"Ponto negativo administrativo geocodificado, pareado por bairro com positivo real, sem colisao <30m. Mesma regra causal do v12 Recife.","Nao usar como escore, threshold ou variavel derivada do rotulo. Ausencia de registro NAO foi usada como criterio -- presenca de outro fenomeno real."
Curitiba,0,CUR_SIAC156_NEG_f0b68dd03bcf79fc,-25.4620037,-49.2553357,24/03/2023,2023,Trânsito,Fiscalização de estacionamento irregular,Leopoldo Fróes,PRADO VELHO,strong,"Rua Leopoldo Fróes, Prado Velho, Curitiba, Paraná, Região Sul, 81610-000, Brasil",124791191,siac156_curitiba_non_hydrological_category_v1,"non-flood (Trânsito/Fiscalização de estacionamento irregular) - causally independent of rain, see negative_categories_curitiba.py",siac156_curitiba_negative_v1,"Ponto negativo administrativo geocodificado, pareado por bairro com positivo real, sem colisao <30m. Mesma regra causal do v12 Recife.","Nao usar como escore, threshold ou variavel derivada do rotulo. Ausencia de registro NAO foi usada como criterio -- presenca de outro fenomeno real."
Curitiba,0,CUR_SIAC156_NEG_3685c5cae1b47576,-25.5065751,-49.2598447,13/03/2023,2023,Árvore,Poda de manutenção em árvores,Rua Lauro Taváres Rodrigues,XAXIM,strong,"Rua Lauro Tavares Rodrigues, Xaxim, Curitiba, Paraná, Região Sul, 81710-000, Brasil",85034890,siac156_curitiba_non_hydrological_category_v1,"non-flood (Árvore/Poda de manutenção em árvores) - causally independent of rain, see negative_categories_curitiba.py",siac156_curitiba_negative_v1,"Ponto negativo administrativo geocodificado, pareado por bairro com positivo real, sem colisao <30m. Mesma regra causal do v12 Recife.","Nao usar como escore, threshold ou variavel derivada do rotulo. Ausencia de registro NAO foi usada como criterio -- presenca de outro fenomeno real."
Curitiba,0,CUR_SIAC156_NEG_b305fab56a158f6b,-25.5877617,-49.3375608,10/03/2023,2023,Coleta,Caliças até 5 carrinhos de mão,Rua Emanoel Ernesto Bertoldi,CAMPO DE SANTANA,strong,"Rua Emanoel Ernesto Bertoldi, Moradias Rio Bonito, Campo de Santana, Aldeia Kakane Porã, Curitiba, Paraná, Região Sul, 81490-426, Brasil",167268926,siac156_curitiba_non_hydrological_category_v1,"non-flood (Coleta/Caliças até 5 carrinhos de mão) - causally independent of rain, see negative_categories_curitiba.py",siac156_curitiba_negative_v1,"Ponto negativo administrativo geocodificado, pareado por bairro com positivo real, sem colisao <30m. Mesma regra causal do v12 Recife.","Nao usar como escore, threshold ou variavel derivada do rotulo. Ausencia de registro NAO foi usada como criterio -- presenca de outro fenomeno real."
Curitiba,0,CUR_SIAC156_NEG_e74266659e092231,-25.3931206,-49.2479451,19/04/2024,2024,Coleta,Entulhos diversos (pequena quantidade),Rua Nossa Senhora de Nazaré,BOA VISTA,strong,"Rua Nossa Senhora de Nazaré, Boa Vista, Curitiba, Paraná, Região Sul, 82540-115, Brasil",38229974,siac156_curitiba_non_hydrological_category_v1,"non-flood (Coleta/Entulhos diversos (pequena quantidade)) - causally independent of rain, see negative_categories_curitiba.py",siac156_curitiba_negative_v1,"Ponto negativo administrativo geocodificado, pareado por bairro com positivo real, sem colisao <30m. Mesma regra causal do v12 Recife.","Nao usar como escore, threshold ou variavel derivada do rotulo. Ausencia de registro NAO foi usada como criterio -- presenca de outro fenomeno real."
Curitiba,0,CUR_SIAC156_NEG_328200ca1b62e54e,-25.4845479,-49.2040839,24/06/2024,2024,Coleta,Resíduos vegetais de jardim,RUA LUIZ ANTONIO DE ANDRADE VIEIRA,UBERABA,strong,"Rua Luiz Antônio de Andrade Vieira, Uberaba, Curitiba, Paraná, Região Sul, 81590-370, Brasil",56177674,siac156_curitiba_non_hydrological_category_v1,"non-flood (Coleta/Resíduos vegetais de jardim) - causally independent of rain, see negative_categories_curitiba.py",siac156_curitiba_negative_v1,"Ponto negativo administrativo geocodificado, pareado por bairro com positivo real, sem colisao <30m. Mesma regra causal do v12 Recife.","Nao usar como escore, threshold ou variavel derivada do rotulo. Ausencia de registro NAO foi usada como criterio -- presenca de outro fenomeno real."
Curitiba,0,CUR_SIAC156_NEG_66e5879c5069ca61,-25.4186494,-49.2892877,04/06/2024,2024,Trânsito,Fiscalização de estacionamento irregular,RUA PROFESSORA ROSA SAPORSKI,MERCES,strong,"Rua Professora Rosa Saporski, Mercês, Curitiba, Paraná, Região Sul, 80810-130, Brasil",163603471,siac156_curitiba_non_hydrological_category_v1,"non-flood (Trânsito/Fiscalização de estacionamento irregular) - causally independent of rain, see negative_categories_curitiba.py",siac156_curitiba_negative_v1,"Ponto negativo administrativo geocodificado, pareado por bairro com positivo real, sem colisao <30m. Mesma regra causal do v12 Recife.","Nao usar como escore, threshold ou variavel derivada do rotulo. Ausencia de registro NAO foi usada como criterio -- presenca de outro fenomeno real."
Curitiba,0,CUR_SIAC156_NEG_16bac027fba54b9e,-25.4737001,-49.302414,14/03/2024,2024,Trânsito,Fiscalização de estacionamento irregular,Rua Professor Brasílio Ovídio da Costa,PORTAO,medium,"Portão, Curitiba, Paraná, Região Sul, Brasil",6229100,siac156_curitiba_non_hydrological_category_v1,"non-flood (Trânsito/Fiscalização de estacionamento irregular) - causally independent of rain, see negative_categories_curitiba.py",siac156_curitiba_negative_v1,"Ponto negativo administrativo geocodificado, pareado por bairro com positivo real, sem colisao <30m. Mesma regra causal do v12 Recife.","Nao usar como escore, threshold ou variavel derivada do rotulo. Ausencia de registro NAO foi usada como criterio -- presenca de outro fenomeno real."
Curitiba,0,CUR_SIAC156_NEG_de0c5e537e96a721,-25.42643,-49.2826958,23/12/2024,2024,Trânsito,Fiscalização de estacionamento irregular,RUA PADRE ANCHIETA,MERCES,strong,"Rua Padre Anchieta, Mercês, Curitiba, Paraná, Região Sul, 81020-430, Brasil",29431802,siac156_curitiba_non_hydrological_category_v1,"non-flood (Trânsito/Fiscalização de estacionamento irregular) - causally independent of rain, see negative_categories_curitiba.py",siac156_curitiba_negative_v1,"Ponto negativo administrativo geocodificado, pareado por bairro com positivo real, sem colisao <30m. Mesma regra causal do v12 Recife.","Nao usar como escore, threshold ou variavel derivada do rotulo. Ausencia de registro NAO foi usada como criterio -- presenca de outro fenomeno real."
Curitiba,0,CUR_SIAC156_NEG_238558a4cac3484f,-25.4917826,-49.2182619,07/02/2024,2024,Fiscalização de obras,Alvará de construção,RUA ARLINDO SCARAMUZZA,UBERABA,strong,"Rua Arlindo Scaramuzza, Uberaba, Curitiba, Paraná, Região Sul, 81560-360, Brasil",398209089,siac156_curitiba_non_hydrological_category_v1,"non-flood (Fiscalização de obras/Alvará de construção) - causally independent of rain, see negative_categories_curitiba.py",siac156_curitiba_negative_v1,"Ponto negativo administrativo geocodificado, pareado por bairro com positivo real, sem colisao <30m. Mesma regra causal do v12 Recife.","Nao usar como escore, threshold ou variavel derivada do rotulo. Ausencia de registro NAO foi usada como criterio -- presenca de outro fenomeno real."
Curitiba,0,CUR_SIAC156_NEG_043ffc3afe54086e,-25.5226562,-49.2988142,15/05/2024,2024,Coleta,Caliças até 5 carrinhos de mão,Rua Vereador Miguel Aiçar de Suss,PINHEIRINHO,strong,"Rua Vereador Miguel Aiçar de Suss, Pinheirinho, Curitiba, Paraná, Região Sul, 81150-200, Brasil",33037440,siac156_curitiba_non_hydrological_category_v1,"non-flood (Coleta/Caliças até 5 carrinhos de mão) - causally independent of rain, see negative_categories_curitiba.py",siac156_curitiba_negative_v1,"Ponto negativo administrativo geocodificado, pareado por bairro com positivo real, sem colisao <30m. Mesma regra causal do v12 Recife.","Nao usar como escore, threshold ou variavel derivada do rotulo. Ausencia de registro NAO foi usada como criterio -- presenca de outro fenomeno real."
Curitiba,0,CUR_SIAC156_NEG_9b2cad70f33babab,-25.3887681,-49.241054,01/12/2024,2024,Trânsito,Fiscalização de estacionamento irregular,RUA DEPUTADO ATÍLIO DE ALMEIDA BARBOSA,BOA VISTA,strong,"Rua Deputado Atílio de Almeida Barbosa, Boa Vista, Curitiba, Paraná, Região Sul, 82560-040, Brasil",38230518,siac156_curitiba_non_hydrological_category_v1,"non-flood (Trânsito/Fiscalização de estacionamento irregular) - causally independent of rain, see negative_categories_curitiba.py",siac156_curitiba_negative_v1,"Ponto negativo administrativo geocodificado, pareado por bairro com positivo real, sem colisao <30m. Mesma regra causal do v12 Recife.","Nao usar como escore, threshold ou variavel derivada do rotulo. Ausencia de registro NAO foi usada como criterio -- presenca de outro fenomeno real."
Curitiba,0,CUR_SIAC156_NEG_7877c5e4ec134e9c,-25.4312608,-49.2712771,11/09/2024,2024,Trânsito,Fiscalização de estacionamento irregular,Avenida Presidente Affonso Camargo,CENTRO,medium,"Centro, Curitiba, Paraná, Região Sul, Brasil",5621947,siac156_curitiba_non_hydrological_category_v1,"non-flood (Trânsito/Fiscalização de estacionamento irregular) - causally independent of rain, see negative_categories_curitiba.py",siac156_curitiba_negative_v1,"Ponto negativo administrativo geocodificado, pareado por bairro com positivo real, sem colisao <30m. Mesma regra causal do v12 Recife.","Nao usar como escore, threshold ou variavel derivada do rotulo. Ausencia de registro NAO foi usada como criterio -- presenca de outro fenomeno real."
Curitiba,0,CUR_SIAC156_NEG_958a002eef0a2ea3,-25.4643771,-49.223604,04/12/2024,2024,Coleta,Resíduos vegetais de jardim,Nicolau Copérnico,JARDIM DAS AMERICAS,strong,"Rua Nicolau Copérnico, Jardim das Américas, Curitiba, Paraná, Região Sul, 81540-250, Brasil",125392616,siac156_curitiba_non_hydrological_category_v1,"non-flood (Coleta/Resíduos vegetais de jardim) - causally independent of rain, see negative_categories_curitiba.py",siac156_curitiba_negative_v1,"Ponto negativo administrativo geocodificado, pareado por bairro com positivo real, sem colisao <30m. Mesma regra causal do v12 Recife.","Nao usar como escore, threshold ou variavel derivada do rotulo. Ausencia de registro NAO foi usada como criterio -- presenca de outro fenomeno real."
Curitiba,0,CUR_SIAC156_NEG_3a6c36bf5c071931,-25.4031985,-49.2907145,12/11/2024,2024,Coleta,Caliças até 5 carrinhos de mão,Rua Caetano Munhoz da Rocha Filho,PILARZINHO,strong,"Rua Caetano Munhoz da Rocha Filho, Pilarzinho, Curitiba, Paraná, Região Sul, 82100-240, Brasil",32944284,siac156_curitiba_non_hydrological_category_v1,"non-flood (Coleta/Caliças até 5 carrinhos de mão) - causally independent of rain, see negative_categories_curitiba.py",siac156_curitiba_negative_v1,"Ponto negativo administrativo geocodificado, pareado por bairro com positivo real, sem colisao <30m. Mesma regra causal do v12 Recife.","Nao usar como escore, threshold ou variavel derivada do rotulo. Ausencia de registro NAO foi usada como criterio -- presenca de outro fenomeno real."
Curitiba,0,CUR_SIAC156_NEG_97693b16814a567b,-25.3913243,-49.2510691,22/04/2024,2024,Coleta,Resíduos vegetais de jardim,RUA JOÃO SCHLEDER SOBRINHO,BOA VISTA,strong,"Rua João Schleder Sobrinho, Boa Vista, Curitiba, Paraná, Região Sul, 82540-050, Brasil",38230505,siac156_curitiba_non_hydrological_category_v1,"non-flood (Coleta/Resíduos vegetais de jardim) - causally independent of rain, see negative_categories_curitiba.py",siac156_curitiba_negative_v1,"Ponto negativo administrativo geocodificado, pareado por bairro com positivo real, sem colisao <30m. Mesma regra causal do v12 Recife.","Nao usar como escore, threshold ou variavel derivada do rotulo. Ausencia de registro NAO foi usada como criterio -- presenca de outro fenomeno real."
Curitiba,0,CUR_SIAC156_NEG_8dd1509081114546,-25.4070777,-49.2641945,30/05/2024,2024,Coleta,Entulhos diversos (pequena quantidade),Rua Alberto Folloni,AHU,strong,"Rua Alberto Folloni, Ahú, Curitiba, Paraná, Região Sul, 80504-000, Brasil",1011937877,siac156_curitiba_non_hydrological_category_v1,"non-flood (Coleta/Entulhos diversos (pequena quantidade)) - causally independent of rain, see negative_categories_curitiba.py",siac156_curitiba_negative_v1,"Ponto negativo administrativo geocodificado, pareado por bairro com positivo real, sem colisao <30m. Mesma regra causal do v12 Recife.","Nao usar como escore, threshold ou variavel derivada do rotulo. Ausencia de registro NAO foi usada como criterio -- presenca de outro fenomeno real."
Curitiba,0,CUR_SIAC156_NEG_dd06a6fab7b8c728,-25.4663307,-49.3052947,21/03/2024,2024,Coleta,Entulhos diversos (pequena quantidade),Rua Curupis,PORTAO,strong,"Rua Curupis, Portão, Curitiba, Paraná, Região Sul, 80310-140, Brasil",1020078688,siac156_curitiba_non_hydrological_category_v1,"non-flood (Coleta/Entulhos diversos (pequena quantidade)) - causally independent of rain, see negative_categories_curitiba.py",siac156_curitiba_negative_v1,"Ponto negativo administrativo geocodificado, pareado por bairro com positivo real, sem colisao <30m. Mesma regra causal do v12 Recife.","Nao usar como escore, threshold ou variavel derivada do rotulo. Ausencia de registro NAO foi usada como criterio -- presenca de outro fenomeno real."
Curitiba,0,CUR_SIAC156_NEG_cf0859e8e5288e2a,-25.4397003,-49.2104922,07/03/2024,2024,Coleta,Resíduos vegetais de jardim,Rua João Ponciano Borges,CAPAO DA IMBUIA,strong,"Rua João Ponciano Borges, Capão da Imbuia, Curitiba, Paraná, Região Sul, 82810-460, Brasil",152131326,siac156_curitiba_non_hydrological_category_v1,"non-flood (Coleta/Resíduos vegetais de jardim) - causally independent of rain, see negative_categories_curitiba.py",siac156_curitiba_negative_v1,"Ponto negativo administrativo geocodificado, pareado por bairro com positivo real, sem colisao <30m. Mesma regra causal do v12 Recife.","Nao usar como escore, threshold ou variavel derivada do rotulo. Ausencia de registro NAO foi usada como criterio -- presenca de outro fenomeno real."
Curitiba,0,CUR_SIAC156_NEG_4f61bb72665e9521,-25.4922942,-49.2108249,18/12/2024,2024,Coleta,Resíduos vegetais de jardim,RUA EURIDES MACIEL DE ALMEIDA,UBERABA,strong,"Rua Eurides Maciel de Almeida, Uberaba, Curitiba, Paraná, Região Sul, 81560-530, Brasil",121038831,siac156_curitiba_non_hydrological_category_v1,"non-flood (Coleta/Resíduos vegetais de jardim) - causally independent of rain, see negative_categories_curitiba.py",siac156_curitiba_negative_v1,"Ponto negativo administrativo geocodificado, pareado por bairro com positivo real, sem colisao <30m. Mesma regra causal do v12 Recife.","Nao usar como escore, threshold ou variavel derivada do rotulo. Ausencia de registro NAO foi usada como criterio -- presenca de outro fenomeno real."
Curitiba,0,CUR_SIAC156_NEG_f5e794d81a5c759f,-25.5411867,-49.2796205,29/04/2024,2024,Coleta,Caliças até 5 carrinhos de mão,Rua Cruzeiro do Sul,SITIO CERCADO,strong,"Rua Cruzeiro do Sul, Sítio Cercado, Curitiba, Paraná, Região Sul, 81900-460, Brasil",127255745,siac156_curitiba_non_hydrological_category_v1,"non-flood (Coleta/Caliças até 5 carrinhos de mão) - causally independent of rain, see negative_categories_curitiba.py",siac156_curitiba_negative_v1,"Ponto negativo administrativo geocodificado, pareado por bairro com positivo real, sem colisao <30m. Mesma regra causal do v12 Recife.","Nao usar como escore, threshold ou variavel derivada do rotulo. Ausencia de registro NAO foi usada como criterio -- presenca de outro fenomeno real."
Curitiba,0,CUR_SIAC156_NEG_f59735a8912fb3f9,-25.4282704,-49.2697144,14/09/2024,2024,Trânsito,Fiscalização de bloqueio de pista,Rua São Francisco,CENTRO,medium,"Rua São Francisco, Centro Histórico, Centro, Curitiba, Paraná, Região Sul, 80020-240, Brasil",137443027,siac156_curitiba_non_hydrological_category_v1,"non-flood (Trânsito/Fiscalização de bloqueio de pista) - causally independent of rain, see negative_categories_curitiba.py",siac156_curitiba_negative_v1,"Ponto negativo administrativo geocodificado, pareado por bairro com positivo real, sem colisao <30m. Mesma regra causal do v12 Recife.","Nao usar como escore, threshold ou variavel derivada do rotulo. Ausencia de registro NAO foi usada como criterio -- presenca de outro fenomeno real."
Curitiba,0,CUR_SIAC156_NEG_b7b804bc60d9ba36,-25.4833847,-49.2150901,24/09/2024,2024,Coleta,Caliças até 5 carrinhos de mão,RUA JABOTICABAS,UBERABA,strong,"Rua Jaboticabas, Uberaba, Curitiba, Paraná, Região Sul, 81550-080, Brasil",125396764,siac156_curitiba_non_hydrological_category_v1,"non-flood (Coleta/Caliças até 5 carrinhos de mão) - causally independent of rain, see negative_categories_curitiba.py",siac156_curitiba_negative_v1,"Ponto negativo administrativo geocodificado, pareado por bairro com positivo real, sem colisao <30m. Mesma regra causal do v12 Recife.","Nao usar como escore, threshold ou variavel derivada do rotulo. Ausencia de registro NAO foi usada como criterio -- presenca de outro fenomeno real."
Curitiba,0,CUR_SIAC156_NEG_9713d91138a84ce5,-25.4747878,-49.3133739,23/08/2024,2024,Animais domésticos,Remoção de caninos mortos,Rua Doutor Manoel Francisco Ferreira Correia,PORTAO,strong,"Rua Doutor Manoel Francisco Ferreira Correia, Portão, Curitiba, Paraná, Região Sul, 81070-460, Brasil",129142006,siac156_curitiba_non_hydrological_category_v1,"non-flood (Animais domésticos/Remoção de caninos mortos) - causally independent of rain, see negative_categories_curitiba.py",siac156_curitiba_negative_v1,"Ponto negativo administrativo geocodificado, pareado por bairro com positivo real, sem colisao <30m. Mesma regra causal do v12 Recife.","Nao usar como escore, threshold ou variavel derivada do rotulo. Ausencia de registro NAO foi usada como criterio -- presenca de outro fenomeno real."
Curitiba,0,CUR_SIAC156_NEG_a7b1fcccad5199fa,-25.4337298,-49.2816539,29/06/2024,2024,Poluição,Sonora - Noturna,Alameda Doutor Carlos de Carvalho,CENTRO,strong,"Alameda Doutor Carlos de Carvalho, Centro, Curitiba, Paraná, Região Sul, 80430-180, Brasil",1154846447,siac156_curitiba_non_hydrological_category_v1,"non-flood (Poluição/Sonora - Noturna) - causally independent of rain, see negative_categories_curitiba.py",siac156_curitiba_negative_v1,"Ponto negativo administrativo geocodificado, pareado por bairro com positivo real, sem colisao <30m. Mesma regra causal do v12 Recife.","Nao usar como escore, threshold ou variavel derivada do rotulo. Ausencia de registro NAO foi usada como criterio -- presenca de outro fenomeno real."
Curitiba,0,CUR_SIAC156_NEG_000f2dcc503de39a,-25.384269,-49.2624396,03/12/2024,2024,Coleta,Entulhos diversos (pequena quantidade),RUA JACOB BIRON,SAO LOURENCO,strong,"Rua Jacob Biron, São Lourenço, Curitiba, Paraná, Região Sul, 82200-550, Brasil",918565020,siac156_curitiba_non_hydrological_category_v1,"non-flood (Coleta/Entulhos diversos (pequena quantidade)) - causally independent of rain, see negative_categories_curitiba.py",siac156_curitiba_negative_v1,"Ponto negativo administrativo geocodificado, pareado por bairro com positivo real, sem colisao <30m. Mesma regra causal do v12 Recife.","Nao usar como escore, threshold ou variavel derivada do rotulo. Ausencia de registro NAO foi usada como criterio -- presenca de outro fenomeno real."
Curitiba,0,CUR_SIAC156_NEG_2d4feab83b6c4d09,-25.3975967,-49.2399608,10/03/2024,2024,Coleta,Entulhos diversos (pequena quantidade),Rua Maximino Zanon,BACACHERI,strong,"Rua Maximino Zanon, Bacacheri, Curitiba, Paraná, Região Sul, 82515-270, Brasil",74653994,siac156_curitiba_non_hydrological_category_v1,"non-flood (Coleta/Entulhos diversos (pequena quantidade)) - causally independent of rain, see negative_categories_curitiba.py",siac156_curitiba_negative_v1,"Ponto negativo administrativo geocodificado, pareado por bairro com positivo real, sem colisao <30m. Mesma regra causal do v12 Recife.","Nao usar como escore, threshold ou variavel derivada do rotulo. Ausencia de registro NAO foi usada como criterio -- presenca de outro fenomeno real."
Curitiba,0,CUR_SIAC156_NEG_735c947395cf6360,-25.4407614,-49.2656955,18/10/2024,2024,Trânsito,Fiscalização de estacionamento irregular,Avenida Iguaçu,REBOUCAS,strong,"Avenida Iguaçu, Rebouças, Curitiba, Paraná, Região Sul, 80220-180, Brasil",357220477,siac156_curitiba_non_hydrological_category_v1,"non-flood (Trânsito/Fiscalização de estacionamento irregular) - causally independent of rain, see negative_categories_curitiba.py",siac156_curitiba_negative_v1,"Ponto negativo administrativo geocodificado, pareado por bairro com positivo real, sem colisao <30m. Mesma regra causal do v12 Recife.","Nao usar como escore, threshold ou variavel derivada do rotulo. Ausencia de registro NAO foi usada como criterio -- presenca de outro fenomeno real."
Curitiba,0,CUR_SIAC156_NEG_3411a1c29d76eeb7,-25.4535801,-49.3152688,03/11/2024,2024,Trânsito,Fiscalização imediata,RUA MARUMBY,CAMPO COMPRIDO,strong,"Rua Marumby, Campo Comprido, Curitiba, Paraná, Região Sul, 81220-060, Brasil",161320955,siac156_curitiba_non_hydrological_category_v1,"non-flood (Trânsito/Fiscalização imediata) - causally independent of rain, see negative_categories_curitiba.py",siac156_curitiba_negative_v1,"Ponto negativo administrativo geocodificado, pareado por bairro com positivo real, sem colisao <30m. Mesma regra causal do v12 Recife.","Nao usar como escore, threshold ou variavel derivada do rotulo. Ausencia de registro NAO foi usada como criterio -- presenca de outro fenomeno real."
Curitiba,0,CUR_SIAC156_NEG_6f1b16fbee3635f8,-25.3994312,-49.300106,25/05/2024,2024,Animais,Maus tratos - Animais domésticos,RUA VITÓRIO SBALQUEIRO,VISTA ALEGRE,strong,"Rua Vitório Sbalqueiro, Vista Alegre, Curitiba, Paraná, Região Sul, 82100-060, Brasil",161965245,siac156_curitiba_non_hydrological_category_v1,"non-flood (Animais/Maus tratos - Animais domésticos) - causally independent of rain, see negative_categories_curitiba.py",siac156_curitiba_negative_v1,"Ponto negativo administrativo geocodificado, pareado por bairro com positivo real, sem colisao <30m. Mesma regra causal do v12 Recife.","Nao usar como escore, threshold ou variavel derivada do rotulo. Ausencia de registro NAO foi usada como criterio -- presenca de outro fenomeno real."
Curitiba,0,CUR_SIAC156_NEG_1f0f86dc21df4ebe,-25.4440052,-49.2717493,19/02/2024,2024,Praças,Manutenção,PRACA OUVIDOR PARDINHO,REBOUCAS,medium,"Praça Ouvidor Pardinho, 807, Rebouças, Curitiba, Paraná, Região Sul, Brasil",24776055,siac156_curitiba_non_hydrological_category_v1,"non-flood (Praças/Manutenção) - causally independent of rain, see negative_categories_curitiba.py",siac156_curitiba_negative_v1,"Ponto negativo administrativo geocodificado, pareado por bairro com positivo real, sem colisao <30m. Mesma regra causal do v12 Recife.","Nao usar como escore, threshold ou variavel derivada do rotulo. Ausencia de registro NAO foi usada como criterio -- presenca de outro fenomeno real."
Curitiba,0,CUR_SIAC156_NEG_648663f5ad47c966,-25.544482,-49.2436381,13/09/2024,2024,Coleta,Caliças até 5 carrinhos de mão,Altino Alves Cordeiro,ALTO BOQUEIRAO,strong,"Rua Altino Alves Cordeiro, Alto Boqueirão, Curitiba, Paraná, Região Sul, 81920-080, Brasil",398207471,siac156_curitiba_non_hydrological_category_v1,"non-flood (Coleta/Caliças até 5 carrinhos de mão) - causally independent of rain, see negative_categories_curitiba.py",siac156_curitiba_negative_v1,"Ponto negativo administrativo geocodificado, pareado por bairro com positivo real, sem colisao <30m. Mesma regra causal do v12 Recife.","Nao usar como escore, threshold ou variavel derivada do rotulo. Ausencia de registro NAO foi usada como criterio -- presenca de outro fenomeno real."
Curitiba,0,CUR_SIAC156_NEG_f0a8800268a6bf19,-25.5381503,-49.2744392,13/06/2024,2024,Trânsito,Veículo abandonado,QUITANDINHA ,SITIO CERCADO,strong,"Rua Quitandinha, Sítio Cercado, Curitiba, Paraná, Região Sul, 81900-000, Brasil",106211302,siac156_curitiba_non_hydrological_category_v1,"non-flood (Trânsito/Veículo abandonado) - causally independent of rain, see negative_categories_curitiba.py",siac156_curitiba_negative_v1,"Ponto negativo administrativo geocodificado, pareado por bairro com positivo real, sem colisao <30m. Mesma regra causal do v12 Recife.","Nao usar como escore, threshold ou variavel derivada do rotulo. Ausencia de registro NAO foi usada como criterio -- presenca de outro fenomeno real."
Curitiba,0,CUR_SIAC156_NEG_524dd7dfd97c5fa6,-25.4737001,-49.302414,11/01/2024,2024,Trânsito,Fiscalização de estacionamento irregular,Avenida Rep. Argentina,PORTAO,medium,"Portão, Curitiba, Paraná, Região Sul, Brasil",6229100,siac156_curitiba_non_hydrological_category_v1,"non-flood (Trânsito/Fiscalização de estacionamento irregular) - causally independent of rain, see negative_categories_curitiba.py",siac156_curitiba_negative_v1,"Ponto negativo administrativo geocodificado, pareado por bairro com positivo real, sem colisao <30m. Mesma regra causal do v12 Recife.","Nao usar como escore, threshold ou variavel derivada do rotulo. Ausencia de registro NAO foi usada como criterio -- presenca de outro fenomeno real."
Curitiba,0,CUR_SIAC156_NEG_f162c355e771cff7,-25.3685642,-49.2604545,12/04/2024,2024,Coleta,Resíduos vegetais de jardim,Rua Nely Conceição Liss,BARREIRINHA,medium,"Barreirinha, Curitiba, Paraná, Região Sul, Brasil",6236088,siac156_curitiba_non_hydrological_category_v1,"non-flood (Coleta/Resíduos vegetais de jardim) - causally independent of rain, see negative_categories_curitiba.py",siac156_curitiba_negative_v1,"Ponto negativo administrativo geocodificado, pareado por bairro com positivo real, sem colisao <30m. Mesma regra causal do v12 Recife.","Nao usar como escore, threshold ou variavel derivada do rotulo. Ausencia de registro NAO foi usada como criterio -- presenca de outro fenomeno real."
Curitiba,0,CUR_SIAC156_NEG_9508d507bd6dddc8,-25.38773,-49.1979565,03/03/2024,2024,Coleta,Resíduos vegetais de jardim,Rua Javert Manfredini,ATUBA,strong,"Rua Javert Manfredini, Atuba, Curitiba, Paraná, Região Sul, 82840-220, Brasil",164943310,siac156_curitiba_non_hydrological_category_v1,"non-flood (Coleta/Resíduos vegetais de jardim) - causally independent of rain, see negative_categories_curitiba.py",siac156_curitiba_negative_v1,"Ponto negativo administrativo geocodificado, pareado por bairro com positivo real, sem colisao <30m. Mesma regra causal do v12 Recife.","Nao usar como escore, threshold ou variavel derivada do rotulo. Ausencia de registro NAO foi usada como criterio -- presenca de outro fenomeno real."
Curitiba,0,CUR_SIAC156_NEG_38dc29eb773fc162,-25.4328024,-49.2059897,07/12/2024,2024,Coleta,Caliças até 5 carrinhos de mão,Rua Pedro Celso Ferreira,CAPAO DA IMBUIA,strong,"Rua Pedro Celso Ferreira, Vila Salém, Capão da Imbuia, Curitiba, Paraná, Região Sul, 82810-350, Brasil",105586600,siac156_curitiba_non_hydrological_category_v1,"non-flood (Coleta/Caliças até 5 carrinhos de mão) - causally independent of rain, see negative_categories_curitiba.py",siac156_curitiba_negative_v1,"Ponto negativo administrativo geocodificado, pareado por bairro com positivo real, sem colisao <30m. Mesma regra causal do v12 Recife.","Nao usar como escore, threshold ou variavel derivada do rotulo. Ausencia de registro NAO foi usada como criterio -- presenca de outro fenomeno real."
Curitiba,0,CUR_SIAC156_NEG_29e79a5fa783b029,-25.4530022,-49.3100941,23/04/2024,2024,Praças,Conservação,PRAÇA TOBIAS BUENO ARRUDA,SEMINARIO,strong,"Rua Curupis, Seminário, Curitiba, Paraná, Região Sul, 80310-430, Brasil",129142008,siac156_curitiba_non_hydrological_category_v1,"non-flood (Praças/Conservação) - causally independent of rain, see negative_categories_curitiba.py",siac156_curitiba_negative_v1,"Ponto negativo administrativo geocodificado, pareado por bairro com positivo real, sem colisao <30m. Mesma regra causal do v12 Recife.","Nao usar como escore, threshold ou variavel derivada do rotulo. Ausencia de registro NAO foi usada como criterio -- presenca de outro fenomeno real."
Curitiba,0,CUR_SIAC156_NEG_e665534e6b52b751,-25.470901,-49.2428508,03/08/2024,2024,Coleta,Entulhos diversos (pequena quantidade),Rua Hermógenes de Oliveira,GUABIROTUBA,strong,"Rua Hermógenes de Oliveira, Guabirotuba, Curitiba, Paraná, Região Sul, 81510-001, Brasil",125381798,siac156_curitiba_non_hydrological_category_v1,"non-flood (Coleta/Entulhos diversos (pequena quantidade)) - causally independent of rain, see negative_categories_curitiba.py",siac156_curitiba_negative_v1,"Ponto negativo administrativo geocodificado, pareado por bairro com positivo real, sem colisao <30m. Mesma regra causal do v12 Recife.","Nao usar como escore, threshold ou variavel derivada do rotulo. Ausencia de registro NAO foi usada como criterio -- presenca de outro fenomeno real."
Curitiba,0,CUR_SIAC156_NEG_03f888474292ffa2,-25.4492834,-49.2809875,26/02/2024,2024,Disque Solidariedade,Doações,RUA TENENTE MAX WOLF FILHO,AGUA VERDE,strong,"Rua Tenente Max Wolf Filho, Água Verde, Curitiba, Paraná, Região Sul, 80240-050, Brasil",173546195,siac156_curitiba_non_hydrological_category_v1,"non-flood (Disque Solidariedade/Doações) - causally independent of rain, see negative_categories_curitiba.py",siac156_curitiba_negative_v1,"Ponto negativo administrativo geocodificado, pareado por bairro com positivo real, sem colisao <30m. Mesma regra causal do v12 Recife.","Nao usar como escore, threshold ou variavel derivada do rotulo. Ausencia de registro NAO foi usada como criterio -- presenca de outro fenomeno real."
Curitiba,0,CUR_SIAC156_NEG_91b572778747028c,-25.5115443,-49.3359894,25/04/2024,2024,Coleta,Entulhos diversos (pequena quantidade),RUA DALVA TERESINHA PIRES,CIDADE INDUSTRIAL,strong,"Rua Dalva Teresinha Pires, Cidade Industrial de Curitiba, Curitiba, Paraná, Região Sul, 81305-185, Brasil",138705778,siac156_curitiba_non_hydrological_category_v1,"non-flood (Coleta/Entulhos diversos (pequena quantidade)) - causally independent of rain, see negative_categories_curitiba.py",siac156_curitiba_negative_v1,"Ponto negativo administrativo geocodificado, pareado por bairro com positivo real, sem colisao <30m. Mesma regra causal do v12 Recife.","Nao usar como escore, threshold ou variavel derivada do rotulo. Ausencia de registro NAO foi usada como criterio -- presenca de outro fenomeno real."
Curitiba,0,CUR_SIAC156_NEG_a0216db506570ba9,-25.5438491,-49.274451,19/08/2024,2024,Cartão transporte,Cartão débito/crédito,RUA ADAIR GELENSKI,SITIO CERCADO,strong,"Rua Adair Gelenski, Vila Nova Aurora, Sítio Cercado, Curitiba, Paraná, Região Sul, 81900-210, Brasil",127268365,siac156_curitiba_non_hydrological_category_v1,"non-flood (Cartão transporte/Cartão débito/crédito) - causally independent of rain, see negative_categories_curitiba.py",siac156_curitiba_negative_v1,"Ponto negativo administrativo geocodificado, pareado por bairro com positivo real, sem colisao <30m. Mesma regra causal do v12 Recife.","Nao usar como escore, threshold ou variavel derivada do rotulo. Ausencia de registro NAO foi usada como criterio -- presenca de outro fenomeno real."
Curitiba,0,CUR_SIAC156_NEG_1e390963c1a1462e,-25.5112643,-49.2682617,10/04/2024,2024,Coleta,Entulhos diversos (pequena quantidade),RUA DOUTORA CENIRA RIBEIRO,XAXIM,strong,"Rua Doutora Cenira Ribeiro, Xaxim, Curitiba, Paraná, Região Sul, 81830-020, Brasil",438399326,siac156_curitiba_non_hydrological_category_v1,"non-flood (Coleta/Entulhos diversos (pequena quantidade)) - causally independent of rain, see negative_categories_curitiba.py",siac156_curitiba_negative_v1,"Ponto negativo administrativo geocodificado, pareado por bairro com positivo real, sem colisao <30m. Mesma regra causal do v12 Recife.","Nao usar como escore, threshold ou variavel derivada do rotulo. Ausencia de registro NAO foi usada como criterio -- presenca de outro fenomeno real."
Curitiba,0,CUR_SIAC156_NEG_522286601854dcfa,-25.3952784,-49.3161972,23/07/2024,2024,Coleta,Caliças até 5 carrinhos de mão,Rua Onofre Pedro Dos Santos,SAO JOAO,strong,"Rua Onofre Pedro dos Santos, São João, Curitiba, Paraná, Região Sul, 82410-330, Brasil",126812417,siac156_curitiba_non_hydrological_category_v1,"non-flood (Coleta/Caliças até 5 carrinhos de mão) - causally independent of rain, see negative_categories_curitiba.py",siac156_curitiba_negative_v1,"Ponto negativo administrativo geocodificado, pareado por bairro com positivo real, sem colisao <30m. Mesma regra causal do v12 Recife.","Nao usar como escore, threshold ou variavel derivada do rotulo. Ausencia de registro NAO foi usada como criterio -- presenca de outro fenomeno real."
Curitiba,0,CUR_SIAC156_NEG_65bfbadde264791f,-25.5450667,-49.2508478,13/05/2024,2024,Coleta,Caliças até 5 carrinhos de mão,RUA CIDADE DE PALMAS,SITIO CERCADO,strong,"Rua Cidade de Palmas, Sítio Cercado, Curitiba, Paraná, Região Sul, 81920-080, Brasil",127245310,siac156_curitiba_non_hydrological_category_v1,"non-flood (Coleta/Caliças até 5 carrinhos de mão) - causally independent of rain, see negative_categories_curitiba.py",siac156_curitiba_negative_v1,"Ponto negativo administrativo geocodificado, pareado por bairro com positivo real, sem colisao <30m. Mesma regra causal do v12 Recife.","Nao usar como escore, threshold ou variavel derivada do rotulo. Ausencia de registro NAO foi usada como criterio -- presenca de outro fenomeno real."
Curitiba,0,CUR_SIAC156_NEG_aea3f769c3174a0a,-25.4817375,-49.3423761,10/01/2024,2024,Coleta,Resíduos vegetais de jardim,Rua Cidade de Timbó,CIDADE INDUSTRIAL,strong,"Rua Cidade de Timbó, Cidade Industrial de Curitiba, Curitiba, Paraná, Região Sul, 81250-350, Brasil",82640146,siac156_curitiba_non_hydrological_category_v1,"non-flood (Coleta/Resíduos vegetais de jardim) - causally independent of rain, see negative_categories_curitiba.py",siac156_curitiba_negative_v1,"Ponto negativo administrativo geocodificado, pareado por bairro com positivo real, sem colisao <30m. Mesma regra causal do v12 Recife.","Nao usar como escore, threshold ou variavel derivada do rotulo. Ausencia de registro NAO foi usada como criterio -- presenca de outro fenomeno real."
Curitiba,0,CUR_SIAC156_NEG_846aa416a30c3b23,-25.4622146,-49.2558749,30/04/2024,2024,Trânsito,Fiscalização de estacionamento irregular,Rua Jaime Costa,PRADO VELHO,strong,"Rua Jaime Costa, Prado Velho, Curitiba, Paraná, Região Sul, 81610-000, Brasil",124791183,siac156_curitiba_non_hydrological_category_v1,"non-flood (Trânsito/Fiscalização de estacionamento irregular) - causally independent of rain, see negative_categories_curitiba.py",siac156_curitiba_negative_v1,"Ponto negativo administrativo geocodificado, pareado por bairro com positivo real, sem colisao <30m. Mesma regra causal do v12 Recife.","Nao usar como escore, threshold ou variavel derivada do rotulo. Ausencia de registro NAO foi usada como criterio -- presenca de outro fenomeno real."
Curitiba,0,CUR_SIAC156_NEG_29a92903972390ac,-25.4840515,-49.3273006,23/04/2024,2024,Coleta,Caliças até 5 carrinhos de mão,RUA FERNANDO DE SOUZA COSTA,FAZENDINHA,strong,"Rua Fernando de Souza Costa, Fazendinha, Curitiba, Paraná, Região Sul, 81330-430, Brasil",161704178,siac156_curitiba_non_hydrological_category_v1,"non-flood (Coleta/Caliças até 5 carrinhos de mão) - causally independent of rain, see negative_categories_curitiba.py",siac156_curitiba_negative_v1,"Ponto negativo administrativo geocodificado, pareado por bairro com positivo real, sem colisao <30m. Mesma regra causal do v12 Recife.","Nao usar como escore, threshold ou variavel derivada do rotulo. Ausencia de registro NAO foi usada como criterio -- presenca de outro fenomeno real."
Curitiba,0,CUR_SIAC156_NEG_9471d07604ba2860,-25.4140979,-49.3350178,25/08/2024,2024,Animais,Maus tratos - Animais domésticos,Antônio Escorsin,SANTA FELICIDADE,strong,"Rua Antônio Escorsin, Santa Felicidade, Curitiba, Paraná, Região Sul, 82015-750, Brasil",1339909938,siac156_curitiba_non_hydrological_category_v1,"non-flood (Animais/Maus tratos - Animais domésticos) - causally independent of rain, see negative_categories_curitiba.py",siac156_curitiba_negative_v1,"Ponto negativo administrativo geocodificado, pareado por bairro com positivo real, sem colisao <30m. Mesma regra causal do v12 Recife.","Nao usar como escore, threshold ou variavel derivada do rotulo. Ausencia de registro NAO foi usada como criterio -- presenca de outro fenomeno real."
Curitiba,0,CUR_SIAC156_NEG_3b87345a3d6b39cf,-25.481297,-49.3292321,14/08/2024,2024,Trânsito,Fiscalização programada,RUA ARNALDO THÁ,FAZENDINHA,strong,"Rua Arnaldo Thá, Fazendinha, Curitiba, Paraná, Região Sul, 81330-300, Brasil",1226878688,siac156_curitiba_non_hydrological_category_v1,"non-flood (Trânsito/Fiscalização programada) - causally independent of rain, see negative_categories_curitiba.py",siac156_curitiba_negative_v1,"Ponto negativo administrativo geocodificado, pareado por bairro com positivo real, sem colisao <30m. Mesma regra causal do v12 Recife.","Nao usar como escore, threshold ou variavel derivada do rotulo. Ausencia de registro NAO foi usada como criterio -- presenca de outro fenomeno real."
Curitiba,0,CUR_SIAC156_NEG_d1d1afca2c0bcfe1,-25.4537219,-49.2742309,06/08/2024,2024,Trânsito,Fiscalização de estacionamento irregular,Rua José Kloss,AGUA VERDE,strong,"Rua José Kloss, Água Verde, Curitiba, Paraná, Região Sul, 80250-160, Brasil",161320937,siac156_curitiba_non_hydrological_category_v1,"non-flood (Trânsito/Fiscalização de estacionamento irregular) - causally independent of rain, see negative_categories_curitiba.py",siac156_curitiba_negative_v1,"Ponto negativo administrativo geocodificado, pareado por bairro com positivo real, sem colisao <30m. Mesma regra causal do v12 Recife.","Nao usar como escore, threshold ou variavel derivada do rotulo. Ausencia de registro NAO foi usada como criterio -- presenca de outro fenomeno real."
Curitiba,0,CUR_SIAC156_NEG_14f78ec3db04a1fb,-25.4747268,-49.2005683,15/01/2024,2024,Coleta,Resíduos vegetais de jardim,RUA REVERENDO LAURO DE CASTRO,CAJURU,strong,"Rua Reverendo Lauro de Castro, Cajuru, Curitiba, Paraná, Região Sul, 82980-190, Brasil",160718228,siac156_curitiba_non_hydrological_category_v1,"non-flood (Coleta/Resíduos vegetais de jardim) - causally independent of rain, see negative_categories_curitiba.py",siac156_curitiba_negative_v1,"Ponto negativo administrativo geocodificado, pareado por bairro com positivo real, sem colisao <30m. Mesma regra causal do v12 Recife.","Nao usar como escore, threshold ou variavel derivada do rotulo. Ausencia de registro NAO foi usada como criterio -- presenca de outro fenomeno real."
Curitiba,0,CUR_SIAC156_NEG_1834eec18b6cce69,-25.5786178,-49.335547,29/05/2024,2024,Animais domésticos,Remoção de caninos mortos,RUA ELEONORA BRASIL POMPEO,TATUQUARA,strong,"Rua Eleonora Brasil Pompeo, Tatuquara, Curitiba, Paraná, Região Sul, 81470-470, Brasil",166479461,siac156_curitiba_non_hydrological_category_v1,"non-flood (Animais domésticos/Remoção de caninos mortos) - causally independent of rain, see negative_categories_curitiba.py",siac156_curitiba_negative_v1,"Ponto negativo administrativo geocodificado, pareado por bairro com positivo real, sem colisao <30m. Mesma regra causal do v12 Recife.","Nao usar como escore, threshold ou variavel derivada do rotulo. Ausencia de registro NAO foi usada como criterio -- presenca de outro fenomeno real."
Curitiba,0,CUR_SIAC156_NEG_39d0fbc06bae0da8,-25.4259223,-49.2673244,15/12/2024,2024,Trânsito,Fiscalização de estacionamento irregular,Emiliano Perneta,CENTRO,medium,"Emiliano Perneta, Ciclovia Parque São Lourenço - Passeio Público, Centro, Curitiba, Paraná, Região Sul, 80020-290, Brasil",10313024482,siac156_curitiba_non_hydrological_category_v1,"non-flood (Trânsito/Fiscalização de estacionamento irregular) - causally independent of rain, see negative_categories_curitiba.py",siac156_curitiba_negative_v1,"Ponto negativo administrativo geocodificado, pareado por bairro com positivo real, sem colisao <30m. Mesma regra causal do v12 Recife.","Nao usar como escore, threshold ou variavel derivada do rotulo. Ausencia de registro NAO foi usada como criterio -- presenca de outro fenomeno real."
Curitiba,0,CUR_SIAC156_NEG_8f97d8c9c34cc4ee,-25.4424315,-49.3014049,29/08/2024,2024,Coleta,Entulhos diversos (pequena quantidade),RUA LOURENÇO GBUR,CAMPINA DO SIQUEIRA,strong,"Rua Lourenço Gbur, Campina do Siqueira, Curitiba, Paraná, Região Sul, 80730-290, Brasil",375159273,siac156_curitiba_non_hydrological_category_v1,"non-flood (Coleta/Entulhos diversos (pequena quantidade)) - causally independent of rain, see negative_categories_curitiba.py",siac156_curitiba_negative_v1,"Ponto negativo administrativo geocodificado, pareado por bairro com positivo real, sem colisao <30m. Mesma regra causal do v12 Recife.","Nao usar como escore, threshold ou variavel derivada do rotulo. Ausencia de registro NAO foi usada como criterio -- presenca de outro fenomeno real."
Curitiba,0,CUR_SIAC156_NEG_2ca36231ee36fc60,-25.4074959,-49.2549441,17/10/2024,2024,Coleta,Caliças até 5 carrinhos de mão,RUA DOUTOR MANOEL PEDRO,CABRAL,strong,"Rua Doutor Manoel Pedro, Cabral, Curitiba, Paraná, Região Sul, 80035-130, Brasil",258941886,siac156_curitiba_non_hydrological_category_v1,"non-flood (Coleta/Caliças até 5 carrinhos de mão) - causally independent of rain, see negative_categories_curitiba.py",siac156_curitiba_negative_v1,"Ponto negativo administrativo geocodificado, pareado por bairro com positivo real, sem colisao <30m. Mesma regra causal do v12 Recife.","Nao usar como escore, threshold ou variavel derivada do rotulo. Ausencia de registro NAO foi usada como criterio -- presenca de outro fenomeno real."
Curitiba,0,CUR_SIAC156_NEG_f8085b94a0c2315c,-25.4996417,-49.2852841,01/03/2024,2024,Trânsito,Fiscalização de estacionamento irregular,Rua Bôrtolo Gusso,CAPAO RASO,strong,"Rua Bôrtolo Gusso, Capão Raso, Curitiba, Paraná, Região Sul, 81110-230, Brasil",84888988,siac156_curitiba_non_hydrological_category_v1,"non-flood (Trânsito/Fiscalização de estacionamento irregular) - causally independent of rain, see negative_categories_curitiba.py",siac156_curitiba_negative_v1,"Ponto negativo administrativo geocodificado, pareado por bairro com positivo real, sem colisao <30m. Mesma regra causal do v12 Recife.","Nao usar como escore, threshold ou variavel derivada do rotulo. Ausencia de registro NAO foi usada como criterio -- presenca de outro fenomeno real."
Curitiba,0,CUR_SIAC156_NEG_dcbdfbf5683d5646,-25.5243884,-49.2804183,09/02/2024,2024,Árvore,Poda de manutenção em árvores,TRAVESSA ANTONIO LUIZ DE OLIVEIRA,PINHEIRINHO,strong,"Travessa Antônio Luiz de Oliveira, Moradias São Lucas, Pinheirinho, Curitiba, Paraná, Região Sul, 81820-450, Brasil",129002818,siac156_curitiba_non_hydrological_category_v1,"non-flood (Árvore/Poda de manutenção em árvores) - causally independent of rain, see negative_categories_curitiba.py",siac156_curitiba_negative_v1,"Ponto negativo administrativo geocodificado, pareado por bairro com positivo real, sem colisao <30m. Mesma regra causal do v12 Recife.","Nao usar como escore, threshold ou variavel derivada do rotulo. Ausencia de registro NAO foi usada como criterio -- presenca de outro fenomeno real."
Curitiba,0,CUR_SIAC156_NEG_c290a1c6464726d6,-25.4376543,-49.2289907,07/02/2024,2024,Árvore,Poda de manutenção em árvores,RUA ANTÔNIO SIMM,CAPAO DA IMBUIA,strong,"Rua Antônio Simm, Capão da Imbuia, Curitiba, Paraná, Região Sul, 82800-240, Brasil",1204273964,siac156_curitiba_non_hydrological_category_v1,"non-flood (Árvore/Poda de manutenção em árvores) - causally independent of rain, see negative_categories_curitiba.py",siac156_curitiba_negative_v1,"Ponto negativo administrativo geocodificado, pareado por bairro com positivo real, sem colisao <30m. Mesma regra causal do v12 Recife.","Nao usar como escore, threshold ou variavel derivada do rotulo. Ausencia de registro NAO foi usada como criterio -- presenca de outro fenomeno real."
Curitiba,0,CUR_SIAC156_NEG_8c978ca231d6d22f,-25.5254799,-49.28736,13/04/2024,2024,Coleta,Caliças até 5 carrinhos de mão,Rua Doutor Abel Walter Brunnquell,PINHEIRINHO,strong,"Rua Doutor Abel Walter Brunnquell, Vila Santo Antônio, Pinheirinho, Curitiba, Paraná, Região Sul, 81870-260, Brasil",129002837,siac156_curitiba_non_hydrological_category_v1,"non-flood (Coleta/Caliças até 5 carrinhos de mão) - causally independent of rain, see negative_categories_curitiba.py",siac156_curitiba_negative_v1,"Ponto negativo administrativo geocodificado, pareado por bairro com positivo real, sem colisao <30m. Mesma regra causal do v12 Recife.","Nao usar como escore, threshold ou variavel derivada do rotulo. Ausencia de registro NAO foi usada como criterio -- presenca de outro fenomeno real."
Curitiba,0,CUR_SIAC156_NEG_4b6fc54ea201ee34,-25.3797851,-49.2506431,11/01/2024,2024,Coleta,Resíduos vegetais de jardim,RUA PROFESSORA MARIA BALBINA COSTA DIAS,BOA VISTA,strong,"Rua Professora Maria Balbina Costa Dias, Boa Vista, Curitiba, Paraná, Região Sul, 82650-090, Brasil",390340088,siac156_curitiba_non_hydrological_category_v1,"non-flood (Coleta/Resíduos vegetais de jardim) - causally independent of rain, see negative_categories_curitiba.py",siac156_curitiba_negative_v1,"Ponto negativo administrativo geocodificado, pareado por bairro com positivo real, sem colisao <30m. Mesma regra causal do v12 Recife.","Nao usar como escore, threshold ou variavel derivada do rotulo. Ausencia de registro NAO foi usada como criterio -- presenca de outro fenomeno real."
Curitiba,0,CUR_SIAC156_NEG_d635140d948547f3,-25.4988601,-49.3174219,01/07/2024,2024,Coleta,Entulhos diversos (pequena quantidade),Avenida das Industrias,CIDADE INDUSTRIAL,strong,"Avenida das Indústrias, Cidade Industrial de Curitiba, Curitiba, Paraná, Região Sul, 81310-026, Brasil",1226454269,siac156_curitiba_non_hydrological_category_v1,"non-flood (Coleta/Entulhos diversos (pequena quantidade)) - causally independent of rain, see negative_categories_curitiba.py",siac156_curitiba_negative_v1,"Ponto negativo administrativo geocodificado, pareado por bairro com positivo real, sem colisao <30m. Mesma regra causal do v12 Recife.","Nao usar como escore, threshold ou variavel derivada do rotulo. Ausencia de registro NAO foi usada como criterio -- presenca de outro fenomeno real."
Curitiba,0,CUR_SIAC156_NEG_8cceb88d1faa0233,-25.4167581,-49.2114455,27/06/2024,2024,Coleta,Entulhos diversos (pequena quantidade),Rua Arnaldo Pisseti,BAIRRO ALTO,strong,"Rua Arnaldo Pisseti, Bairro Alto, Curitiba, Paraná, Região Sul, 82820-390, Brasil",157843275,siac156_curitiba_non_hydrological_category_v1,"non-flood (Coleta/Entulhos diversos (pequena quantidade)) - causally independent of rain, see negative_categories_curitiba.py",siac156_curitiba_negative_v1,"Ponto negativo administrativo geocodificado, pareado por bairro com positivo real, sem colisao <30m. Mesma regra causal do v12 Recife.","Nao usar como escore, threshold ou variavel derivada do rotulo. Ausencia de registro NAO foi usada como criterio -- presenca de outro fenomeno real."
Curitiba,0,CUR_SIAC156_NEG_ffbe240071ce9d8a,-25.4166666,-49.2006448,11/12/2024,2024,Animais domésticos,Remoção de felinos mortos,Rua Marco Polo,BAIRRO ALTO,strong,"Rua Marco Polo, Bairro Alto, Curitiba, Paraná, Região Sul, 82820-090, Brasil",1498098126,siac156_curitiba_non_hydrological_category_v1,"non-flood (Animais domésticos/Remoção de felinos mortos) - causally independent of rain, see negative_categories_curitiba.py",siac156_curitiba_negative_v1,"Ponto negativo administrativo geocodificado, pareado por bairro com positivo real, sem colisao <30m. Mesma regra causal do v12 Recife.","Nao usar como escore, threshold ou variavel derivada do rotulo. Ausencia de registro NAO foi usada como criterio -- presenca de outro fenomeno real."
Curitiba,0,CUR_SIAC156_NEG_3ceefe214bdcb85b,-25.4091323,-49.3256956,01/12/2024,2024,Coleta,Resíduos vegetais de jardim,Rua João Vendramin,SANTA FELICIDADE,strong,"Rua João Vendramin, Santa Felicidade, Curitiba, Paraná, Região Sul, 82020-000, Brasil",134579399,siac156_curitiba_non_hydrological_category_v1,"non-flood (Coleta/Resíduos vegetais de jardim) - causally independent of rain, see negative_categories_curitiba.py",siac156_curitiba_negative_v1,"Ponto negativo administrativo geocodificado, pareado por bairro com positivo real, sem colisao <30m. Mesma regra causal do v12 Recife.","Nao usar como escore, threshold ou variavel derivada do rotulo. Ausencia de registro NAO foi usada como criterio -- presenca de outro fenomeno real."
Curitiba,0,CUR_SIAC156_NEG_a99600465867852a,-25.4801147,-49.2677493,01/04/2024,2024,Coleta,Resíduos vegetais de jardim,Rua Durval Pachêco de Carvalho,FANNY,strong,"Rua Durval Pacheco de Carvalho, Fanny, Curitiba, Paraná, Região Sul, 81690-200, Brasil",93125225,siac156_curitiba_non_hydrological_category_v1,"non-flood (Coleta/Resíduos vegetais de jardim) - causally independent of rain, see negative_categories_curitiba.py",siac156_curitiba_negative_v1,"Ponto negativo administrativo geocodificado, pareado por bairro com positivo real, sem colisao <30m. Mesma regra causal do v12 Recife.","Nao usar como escore, threshold ou variavel derivada do rotulo. Ausencia de registro NAO foi usada como criterio -- presenca de outro fenomeno real."
Curitiba,0,CUR_SIAC156_NEG_c1d078c3f00a4056,-25.4227124,-49.300626,06/02/2024,2024,Coleta,Resíduos vegetais de jardim,RUA GENERAL AGOSTINHO PEREIRA ALVES FILHO,MERCES,strong,"Rua General Agostinho Pereira Alves Filho, Mercês, Curitiba, Paraná, Região Sul, 80710-570, Brasil",29548950,siac156_curitiba_non_hydrological_category_v1,"non-flood (Coleta/Resíduos vegetais de jardim) - causally independent of rain, see negative_categories_curitiba.py",siac156_curitiba_negative_v1,"Ponto negativo administrativo geocodificado, pareado por bairro com positivo real, sem colisao <30m. Mesma regra causal do v12 Recife.","Nao usar como escore, threshold ou variavel derivada do rotulo. Ausencia de registro NAO foi usada como criterio -- presenca de outro fenomeno real."
Curitiba,0,CUR_SIAC156_NEG_19be5acfff1cf8f1,-25.480532,-49.2881413,19/07/2024,2024,Coleta,Caliças até 5 carrinhos de mão,Rua João Gomes,NOVO MUNDO,strong,"Rua João Gomes, Novo Mundo, Curitiba, Paraná, Região Sul, 81020-235, Brasil",1520987161,siac156_curitiba_non_hydrological_category_v1,"non-flood (Coleta/Caliças até 5 carrinhos de mão) - causally independent of rain, see negative_categories_curitiba.py",siac156_curitiba_negative_v1,"Ponto negativo administrativo geocodificado, pareado por bairro com positivo real, sem colisao <30m. Mesma regra causal do v12 Recife.","Nao usar como escore, threshold ou variavel derivada do rotulo. Ausencia de registro NAO foi usada como criterio -- presenca de outro fenomeno real."
Curitiba,0,CUR_SIAC156_NEG_4fc05de447dc53f0,-25.3777184,-49.2908389,04/07/2024,2024,Coleta,Resíduos vegetais de jardim,Rua Lúcia Filla Pampuch,PILARZINHO,strong,"Rua Lúcia Filla Pampuch, Pilarzinho, Curitiba, Paraná, Região Sul, 82110-350, Brasil",162042333,siac156_curitiba_non_hydrological_category_v1,"non-flood (Coleta/Resíduos vegetais de jardim) - causally independent of rain, see negative_categories_curitiba.py",siac156_curitiba_negative_v1,"Ponto negativo administrativo geocodificado, pareado por bairro com positivo real, sem colisao <30m. Mesma regra causal do v12 Recife.","Nao usar como escore, threshold ou variavel derivada do rotulo. Ausencia de registro NAO foi usada como criterio -- presenca de outro fenomeno real."
Curitiba,0,CUR_SIAC156_NEG_af9489068945845f,-25.3772684,-49.2789798,23/12/2024,2024,Coleta,Entulhos diversos (pequena quantidade),Cecília Mikosz,TABOAO,strong,"Rua Cecília Mikosz, Taboão, Curitiba, Paraná, Região Sul, 82130-290, Brasil",139932901,siac156_curitiba_non_hydrological_category_v1,"non-flood (Coleta/Entulhos diversos (pequena quantidade)) - causally independent of rain, see negative_categories_curitiba.py",siac156_curitiba_negative_v1,"Ponto negativo administrativo geocodificado, pareado por bairro com positivo real, sem colisao <30m. Mesma regra causal do v12 Recife.","Nao usar como escore, threshold ou variavel derivada do rotulo. Ausencia de registro NAO foi usada como criterio -- presenca de outro fenomeno real."
Curitiba,0,CUR_SIAC156_NEG_e8e1ee446aed98ba,-25.4258413,-49.2605788,15/10/2024,2024,Trânsito,Fiscalização de estacionamento irregular,RUA AMINTAS DE BARROS,CENTRO,strong,"Rua Amintas de Barros, Centro, Curitiba, Paraná, Região Sul, 80060-000, Brasil",685165942,siac156_curitiba_non_hydrological_category_v1,"non-flood (Trânsito/Fiscalização de estacionamento irregular) - causally independent of rain, see negative_categories_curitiba.py",siac156_curitiba_negative_v1,"Ponto negativo administrativo geocodificado, pareado por bairro com positivo real, sem colisao <30m. Mesma regra causal do v12 Recife.","Nao usar como escore, threshold ou variavel derivada do rotulo. Ausencia de registro NAO foi usada como criterio -- presenca de outro fenomeno real."
Curitiba,0,CUR_SIAC156_NEG_8d8da81af53ab285,-25.3810853,-49.26434,28/02/2024,2024,Coleta,Resíduos vegetais de jardim,Rua João Leal,SAO LOURENCO,strong,"Rua João Leal, São Lourenço, Curitiba, Paraná, Região Sul, 82210-130, Brasil",161342761,siac156_curitiba_non_hydrological_category_v1,"non-flood (Coleta/Resíduos vegetais de jardim) - causally independent of rain, see negative_categories_curitiba.py",siac156_curitiba_negative_v1,"Ponto negativo administrativo geocodificado, pareado por bairro com positivo real, sem colisao <30m. Mesma regra causal do v12 Recife.","Nao usar como escore, threshold ou variavel derivada do rotulo. Ausencia de registro NAO foi usada como criterio -- presenca de outro fenomeno real."
Curitiba,0,CUR_SIAC156_NEG_ad9d6f13f2a02631,-25.5086226,-49.320286,07/06/2024,2024,Animais domésticos,Remoção de felinos mortos,RUA PAULO GROETZNER,CIDADE INDUSTRIAL,strong,"Rua Paulo Groetzner, Núcleo Habitacional Nossa Senhora da Luz dos Pinhais, Cidade Industrial de Curitiba, Curitiba, Paraná, Região Sul, 81310-900, Brasil",48288697,siac156_curitiba_non_hydrological_category_v1,"non-flood (Animais domésticos/Remoção de felinos mortos) - causally independent of rain, see negative_categories_curitiba.py",siac156_curitiba_negative_v1,"Ponto negativo administrativo geocodificado, pareado por bairro com positivo real, sem colisao <30m. Mesma regra causal do v12 Recife.","Nao usar como escore, threshold ou variavel derivada do rotulo. Ausencia de registro NAO foi usada como criterio -- presenca de outro fenomeno real."
Curitiba,0,CUR_SIAC156_NEG_5ba728ec9a227896,-25.4392301,-49.2429733,26/10/2024,2024,Coleta,Resíduos vegetais de jardim,Rua Doutor Corrêa Coelho,JARDIM BOTANICO,strong,"Rua Doutor Corrêa Coelho, Jardim Botânico, Curitiba, Paraná, Região Sul, 80210-340, Brasil",24777455,siac156_curitiba_non_hydrological_category_v1,"non-flood (Coleta/Resíduos vegetais de jardim) - causally independent of rain, see negative_categories_curitiba.py",siac156_curitiba_negative_v1,"Ponto negativo administrativo geocodificado, pareado por bairro com positivo real, sem colisao <30m. Mesma regra causal do v12 Recife.","Nao usar como escore, threshold ou variavel derivada do rotulo. Ausencia de registro NAO foi usada como criterio -- presenca de outro fenomeno real."
Curitiba,0,CUR_SIAC156_NEG_a8bfe67a795ab78d,-25.4985909,-49.2500656,26/10/2024,2024,Coleta,Entulhos diversos (pequena quantidade),RUA MAJOR THEOLINDO FERREIRA RIBAS,BOQUEIRAO,strong,"Rua Major Theolindo Ferreira Ribas, Boqueirão, Curitiba, Paraná, Região Sul, 81670-110, Brasil",85034752,siac156_curitiba_non_hydrological_category_v1,"non-flood (Coleta/Entulhos diversos (pequena quantidade)) - causally independent of rain, see negative_categories_curitiba.py",siac156_curitiba_negative_v1,"Ponto negativo administrativo geocodificado, pareado por bairro com positivo real, sem colisao <30m. Mesma regra causal do v12 Recife.","Nao usar como escore, threshold ou variavel derivada do rotulo. Ausencia de registro NAO foi usada como criterio -- presenca de outro fenomeno real."
Curitiba,0,CUR_SIAC156_NEG_3740ce9d2b95a231,-25.3653327,-49.2244927,06/05/2025,2025,Coleta,Entulhos diversos (pequena quantidade),Rua Itaciano Marcondes,SANTA CANDIDA,strong,"Rua Itaciano Marcondes, Santa Cândida, Curitiba, Paraná, Região Sul, 82620-360, Brasil",166727304,siac156_curitiba_non_hydrological_category_v1,"non-flood (Coleta/Entulhos diversos (pequena quantidade)) - causally independent of rain, see negative_categories_curitiba.py",siac156_curitiba_negative_v1,"Ponto negativo administrativo geocodificado, pareado por bairro com positivo real, sem colisao <30m. Mesma regra causal do v12 Recife.","Nao usar como escore, threshold ou variavel derivada do rotulo. Ausencia de registro NAO foi usada como criterio -- presenca de outro fenomeno real."
Curitiba,0,CUR_SIAC156_NEG_6a14dc4e17fc57db,-25.4107901,-49.2640421,16/04/2025,2025,Poluição,Sonora - Noturna,RUA ALBERTO FOLLONI,JUVEVE,strong,"Rua Alberto Folloni, Juvevê, Curitiba, Paraná, Região Sul, 80540-240, Brasil",162252861,siac156_curitiba_non_hydrological_category_v1,"non-flood (Poluição/Sonora - Noturna) - causally independent of rain, see negative_categories_curitiba.py",siac156_curitiba_negative_v1,"Ponto negativo administrativo geocodificado, pareado por bairro com positivo real, sem colisao <30m. Mesma regra causal do v12 Recife.","Nao usar como escore, threshold ou variavel derivada do rotulo. Ausencia de registro NAO foi usada como criterio -- presenca de outro fenomeno real."
Curitiba,0,CUR_SIAC156_NEG_7e38ca871362cb30,-25.3506949,-49.2330192,29/06/2025,2025,Coleta,Entulhos diversos (pequena quantidade),Rua Thereza Lopes Skroski,SANTA CANDIDA,strong,"Rua Thereza Lopes Skroski, Santa Cândida, Curitiba, Paraná, Região Sul, 83505-410, Brasil",437275697,siac156_curitiba_non_hydrological_category_v1,"non-flood (Coleta/Entulhos diversos (pequena quantidade)) - causally independent of rain, see negative_categories_curitiba.py",siac156_curitiba_negative_v1,"Ponto negativo administrativo geocodificado, pareado por bairro com positivo real, sem colisao <30m. Mesma regra causal do v12 Recife.","Nao usar como escore, threshold ou variavel derivada do rotulo. Ausencia de registro NAO foi usada como criterio -- presenca de outro fenomeno real."
Curitiba,0,CUR_SIAC156_NEG_f67b84854bec4392,-25.4681164,-49.3254729,04/06/2025,2025,Lombada física,Implantação,Doutor Lubumir Viergbiski,CAMPO COMPRIDO,strong,"Rua Doutor Lubumir Viergbiski, Campo Comprido, Curitiba, Paraná, Região Sul, 81320-390, Brasil",161501487,siac156_curitiba_non_hydrological_category_v1,"non-flood (Lombada física/Implantação) - causally independent of rain, see negative_categories_curitiba.py",siac156_curitiba_negative_v1,"Ponto negativo administrativo geocodificado, pareado por bairro com positivo real, sem colisao <30m. Mesma regra causal do v12 Recife.","Nao usar como escore, threshold ou variavel derivada do rotulo. Ausencia de registro NAO foi usada como criterio -- presenca de outro fenomeno real."
Curitiba,0,CUR_SIAC156_NEG_0c5bd0565be8d0ce,-25.4307972,-49.2725624,24/11/2025,2025,Trânsito,Fiscalização de estacionamento irregular,RUA CÂNDIDO DE LEÃO,CENTRO,strong,"Rua Cândido de Leão, Centro, Curitiba, Paraná, Região Sul, 80020-060, Brasil",125539249,siac156_curitiba_non_hydrological_category_v1,"non-flood (Trânsito/Fiscalização de estacionamento irregular) - causally independent of rain, see negative_categories_curitiba.py",siac156_curitiba_negative_v1,"Ponto negativo administrativo geocodificado, pareado por bairro com positivo real, sem colisao <30m. Mesma regra causal do v12 Recife.","Nao usar como escore, threshold ou variavel derivada do rotulo. Ausencia de registro NAO foi usada como criterio -- presenca de outro fenomeno real."
Curitiba,0,CUR_SIAC156_NEG_fe3c95090dedbfed,-25.553886,-49.2545117,20/08/2025,2025,Animais domésticos,Remoção de felinos mortos,Rua Jandaia do Sul,SITIO CERCADO,strong,"Rua Jandaia do Sul, Vila Osternack, Sítio Cercado, Curitiba, Paraná, Região Sul, 81935-150, Brasil",164975531,siac156_curitiba_non_hydrological_category_v1,"non-flood (Animais domésticos/Remoção de felinos mortos) - causally independent of rain, see negative_categories_curitiba.py",siac156_curitiba_negative_v1,"Ponto negativo administrativo geocodificado, pareado por bairro com positivo real, sem colisao <30m. Mesma regra causal do v12 Recife.","Nao usar como escore, threshold ou variavel derivada do rotulo. Ausencia de registro NAO foi usada como criterio -- presenca de outro fenomeno real."
Curitiba,0,CUR_SIAC156_NEG_e416c158d45b13ff,-25.469064,-49.2199286,24/11/2025,2025,Sinalização horizontal,Repintura,Rua Camara Junior,UBERABA,strong,"Rua Câmara Júnior, Uberaba, Curitiba, Paraná, Região Sul, 81540-470, Brasil",912304743,siac156_curitiba_non_hydrological_category_v1,"non-flood (Sinalização horizontal/Repintura) - causally independent of rain, see negative_categories_curitiba.py",siac156_curitiba_negative_v1,"Ponto negativo administrativo geocodificado, pareado por bairro com positivo real, sem colisao <30m. Mesma regra causal do v12 Recife.","Nao usar como escore, threshold ou variavel derivada do rotulo. Ausencia de registro NAO foi usada como criterio -- presenca de outro fenomeno real."
Curitiba,0,CUR_SIAC156_NEG_ce76b65ee62bb383,-25.5173401,-49.2366518,01/09/2025,2025,Coleta,Resíduos vegetais de jardim,Rua Tenente-Coronel Vilagran Cabrita,BOQUEIRAO,strong,"Rua Tenente-Coronel Vilagrán Cabrita, Boqueirão, Curitiba, Paraná, Região Sul, 81750-420, Brasil",85231818,siac156_curitiba_non_hydrological_category_v1,"non-flood (Coleta/Resíduos vegetais de jardim) - causally independent of rain, see negative_categories_curitiba.py",siac156_curitiba_negative_v1,"Ponto negativo administrativo geocodificado, pareado por bairro com positivo real, sem colisao <30m. Mesma regra causal do v12 Recife.","Nao usar como escore, threshold ou variavel derivada do rotulo. Ausencia de registro NAO foi usada como criterio -- presenca de outro fenomeno real."
Curitiba,0,CUR_SIAC156_NEG_fdff36147865d495,-25.4995896,-49.2878507,22/10/2025,2025,Coleta,Resíduos vegetais de jardim,Rua Deputado Iracy Vianna,CAPAO RASO,strong,"Rua Deputado Iracy Vianna, Capão Raso, Curitiba, Paraná, Região Sul, 81110-230, Brasil",24576839,siac156_curitiba_non_hydrological_category_v1,"non-flood (Coleta/Resíduos vegetais de jardim) - causally independent of rain, see negative_categories_curitiba.py",siac156_curitiba_negative_v1,"Ponto negativo administrativo geocodificado, pareado por bairro com positivo real, sem colisao <30m. Mesma regra causal do v12 Recife.","Nao usar como escore, threshold ou variavel derivada do rotulo. Ausencia de registro NAO foi usada como criterio -- presenca de outro fenomeno real."
Curitiba,0,CUR_SIAC156_NEG_2064574269c24d36,-25.4843448,-49.3084018,06/08/2025,2025,Abordagem Social - Situação de Rua,Pessoas/famílias em desabrigo na rua,RUA MANOEL CABANELAS GARCIA,NOVO MUNDO,strong,"Rua Manoel Cabanelas Garcia, Área Administrativa AMA. Vila Maria e Uberlândia, Novo Mundo, Curitiba, Paraná, Região Sul, 81050-424, Brasil",129142011,siac156_curitiba_non_hydrological_category_v1,"non-flood (Abordagem Social - Situação de Rua/Pessoas/famílias em desabrigo na rua) - causally independent of rain, see negative_categories_curitiba.py",siac156_curitiba_negative_v1,"Ponto negativo administrativo geocodificado, pareado por bairro com positivo real, sem colisao <30m. Mesma regra causal do v12 Recife.","Nao usar como escore, threshold ou variavel derivada do rotulo. Ausencia de registro NAO foi usada como criterio -- presenca de outro fenomeno real."
Curitiba,0,CUR_SIAC156_NEG_0aa5725bf598aff5,-25.5110709,-49.2767159,01/10/2025,2025,Iluminação Pública,Manutenção de Luminárias,Rua Joao Pedro Lucca,XAXIM,strong,"Rua João Pedro Lucca, Vila São Pedro, Xaxim, Curitiba, Paraná, Região Sul, 81810-150, Brasil",128988910,siac156_curitiba_non_hydrological_category_v1,"non-flood (Iluminação Pública/Manutenção de Luminárias) - causally independent of rain, see negative_categories_curitiba.py",siac156_curitiba_negative_v1,"Ponto negativo administrativo geocodificado, pareado por bairro com positivo real, sem colisao <30m. Mesma regra causal do v12 Recife.","Nao usar como escore, threshold ou variavel derivada do rotulo. Ausencia de registro NAO foi usada como criterio -- presenca de outro fenomeno real."
Curitiba,0,CUR_SIAC156_NEG_55b2c34a56cf0677,-25.5268195,-49.2816441,23/06/2025,2025,Animais domésticos,Remoção de caninos mortos,RUA CASEMIRO TOBIAS OLDAKOWSKI,PINHEIRINHO,strong,"Rua Casemiro Tobias Oldakowski, Vila Concórdia, Pinheirinho, Curitiba, Paraná, Região Sul, 81870-260, Brasil",129002831,siac156_curitiba_non_hydrological_category_v1,"non-flood (Animais domésticos/Remoção de caninos mortos) - causally independent of rain, see negative_categories_curitiba.py",siac156_curitiba_negative_v1,"Ponto negativo administrativo geocodificado, pareado por bairro com positivo real, sem colisao <30m. Mesma regra causal do v12 Recife.","Nao usar como escore, threshold ou variavel derivada do rotulo. Ausencia de registro NAO foi usada como criterio -- presenca de outro fenomeno real."
Curitiba,0,CUR_SIAC156_NEG_c831d8e2112dc515,-25.4255504,-49.2888847,01/09/2025,2025,Disque Solidariedade,Doações,RUA DESEMBARGADOR ISAIAS BEVILAQUA,MERCES,strong,"Rua Desembargador Isaías Beviláqua, Mercês, Curitiba, Paraná, Região Sul, 80430-040, Brasil",1212765188,siac156_curitiba_non_hydrological_category_v1,"non-flood (Disque Solidariedade/Doações) - causally independent of rain, see negative_categories_curitiba.py",siac156_curitiba_negative_v1,"Ponto negativo administrativo geocodificado, pareado por bairro com positivo real, sem colisao <30m. Mesma regra causal do v12 Recife.","Nao usar como escore, threshold ou variavel derivada do rotulo. Ausencia de registro NAO foi usada como criterio -- presenca de outro fenomeno real."
Curitiba,0,CUR_SIAC156_NEG_d94b066efe8b07a3,-25.5619066,-49.3296136,13/03/2025,2025,Abordagem Social - Situação de Rua,Pessoas/famílias em desabrigo na rua,Rua Jovenilson Américo de Oliveira,TATUQUARA,strong,"Rua Jovenilson Américo de Oliveira, Moradias Santa Rita, Tatuquara, Curitiba, Paraná, Região Sul, 81470-202, Brasil",125207602,siac156_curitiba_non_hydrological_category_v1,"non-flood (Abordagem Social - Situação de Rua/Pessoas/famílias em desabrigo na rua) - causally independent of rain, see negative_categories_curitiba.py",siac156_curitiba_negative_v1,"Ponto negativo administrativo geocodificado, pareado por bairro com positivo real, sem colisao <30m. Mesma regra causal do v12 Recife.","Nao usar como escore, threshold ou variavel derivada do rotulo. Ausencia de registro NAO foi usada como criterio -- presenca de outro fenomeno real."
Curitiba,0,CUR_SIAC156_NEG_a07d0cbf50ff832a,-25.4296227,-49.2697089,29/04/2025,2025,Abordagem Social - Situação de Rua,Pessoas/famílias em desabrigo na rua,PRAÇA GENEROSO MARQUES,CENTRO,medium,"Praça Generoso Marques, Centro Histórico, Centro, Curitiba, Paraná, Região Sul, Brasil",8829378,siac156_curitiba_non_hydrological_category_v1,"non-flood (Abordagem Social - Situação de Rua/Pessoas/famílias em desabrigo na rua) - causally independent of rain, see negative_categories_curitiba.py",siac156_curitiba_negative_v1,"Ponto negativo administrativo geocodificado, pareado por bairro com positivo real, sem colisao <30m. Mesma regra causal do v12 Recife.","Nao usar como escore, threshold ou variavel derivada do rotulo. Ausencia de registro NAO foi usada como criterio -- presenca de outro fenomeno real."
Curitiba,0,CUR_SIAC156_NEG_b91c1eab7e3abc3f,-25.5576537,-49.3365774,18/10/2025,2025,Coleta,Entulhos diversos (pequena quantidade),Wacílio Zacachuka,TATUQUARA,strong,"Rua Wacílio Zacachuka, Moradias Santa Rita, Tatuquara, Curitiba, Paraná, Região Sul, 81470-075, Brasil",165610638,siac156_curitiba_non_hydrological_category_v1,"non-flood (Coleta/Entulhos diversos (pequena quantidade)) - causally independent of rain, see negative_categories_curitiba.py",siac156_curitiba_negative_v1,"Ponto negativo administrativo geocodificado, pareado por bairro com positivo real, sem colisao <30m. Mesma regra causal do v12 Recife.","Nao usar como escore, threshold ou variavel derivada do rotulo. Ausencia de registro NAO foi usada como criterio -- presenca de outro fenomeno real."
Curitiba,0,CUR_SIAC156_NEG_9182ef57188ccc62,-25.4956131,-49.3141778,30/08/2025,2025,Coleta,Resíduos vegetais de jardim,Rua Nossa Senhora da Cabeça,CIDADE INDUSTRIAL,strong,"Rua Nossa Senhora da Cabeça, Cidade Industrial de Curitiba, Curitiba, Paraná, Região Sul, 81310-300, Brasil",416108849,siac156_curitiba_non_hydrological_category_v1,"non-flood (Coleta/Resíduos vegetais de jardim) - causally independent of rain, see negative_categories_curitiba.py",siac156_curitiba_negative_v1,"Ponto negativo administrativo geocodificado, pareado por bairro com positivo real, sem colisao <30m. Mesma regra causal do v12 Recife.","Nao usar como escore, threshold ou variavel derivada do rotulo. Ausencia de registro NAO foi usada como criterio -- presenca de outro fenomeno real."
Curitiba,0,CUR_SIAC156_NEG_012d31d92b91f527,-25.5239477,-49.2339779,03/06/2025,2025,Trânsito,Fiscalização imediata,RUA PASTOR ANTONIO POLITO,ALTO BOQUEIRAO,strong,"Rua Pastor Antônio Polito, Alto Boqueirão, Curitiba, Paraná, Região Sul, 81770-260, Brasil",274426596,siac156_curitiba_non_hydrological_category_v1,"non-flood (Trânsito/Fiscalização imediata) - causally independent of rain, see negative_categories_curitiba.py",siac156_curitiba_negative_v1,"Ponto negativo administrativo geocodificado, pareado por bairro com positivo real, sem colisao <30m. Mesma regra causal do v12 Recife.","Nao usar como escore, threshold ou variavel derivada do rotulo. Ausencia de registro NAO foi usada como criterio -- presenca de outro fenomeno real."
Curitiba,0,CUR_SIAC156_NEG_25c6970ce1104850,-25.435732,-49.2730669,02/02/2025,2025,Abordagem Social - Situação de Rua,Pessoas/famílias em desabrigo na rua,PRAÇA RUI BARBOSA,CENTRO,medium,"Praça Rui Barbosa, Centro, Curitiba, Paraná, Região Sul, 80010-110, Brasil",6916585,siac156_curitiba_non_hydrological_category_v1,"non-flood (Abordagem Social - Situação de Rua/Pessoas/famílias em desabrigo na rua) - causally independent of rain, see negative_categories_curitiba.py",siac156_curitiba_negative_v1,"Ponto negativo administrativo geocodificado, pareado por bairro com positivo real, sem colisao <30m. Mesma regra causal do v12 Recife.","Nao usar como escore, threshold ou variavel derivada do rotulo. Ausencia de registro NAO foi usada como criterio -- presenca de outro fenomeno real."
Curitiba,0,CUR_SIAC156_NEG_4606326755a1690d,-25.3766844,-49.2229912,12/08/2025,2025,Coleta,Resíduos vegetais de jardim,Marechal Mascarenhas de Moraes,SANTA CANDIDA,strong,"Avenida Marechal Mascarenhas de Moraes, Santa Cândida, Curitiba, Paraná, Região Sul, 82620-360, Brasil",721765517,siac156_curitiba_non_hydrological_category_v1,"non-flood (Coleta/Resíduos vegetais de jardim) - causally independent of rain, see negative_categories_curitiba.py",siac156_curitiba_negative_v1,"Ponto negativo administrativo geocodificado, pareado por bairro com positivo real, sem colisao <30m. Mesma regra causal do v12 Recife.","Nao usar como escore, threshold ou variavel derivada do rotulo. Ausencia de registro NAO foi usada como criterio -- presenca de outro fenomeno real."
Curitiba,0,CUR_SIAC156_NEG_43d52a066be11775,-25.3924112,-49.2285984,08/04/2025,2025,Trânsito,Fiscalização programada,Rua Rodrigo de Freitas,BACACHERI,strong,"Rua Rodrigo de Freitas, Bacacheri, Curitiba, Paraná, Região Sul, 82515-000, Brasil",75609249,siac156_curitiba_non_hydrological_category_v1,"non-flood (Trânsito/Fiscalização programada) - causally independent of rain, see negative_categories_curitiba.py",siac156_curitiba_negative_v1,"Ponto negativo administrativo geocodificado, pareado por bairro com positivo real, sem colisao <30m. Mesma regra causal do v12 Recife.","Nao usar como escore, threshold ou variavel derivada do rotulo. Ausencia de registro NAO foi usada como criterio -- presenca de outro fenomeno real."
Curitiba,0,CUR_SIAC156_NEG_88732f3ebf6f2f01,-25.4021606,-49.2037203,17/11/2025,2025,Coleta,Entulhos diversos (pequena quantidade),Rua Rio Iriri,BAIRRO ALTO,strong,"Rua Rio Iriri, Bairro Alto, Curitiba, Paraná, Região Sul, 82820-070, Brasil",159676190,siac156_curitiba_non_hydrological_category_v1,"non-flood (Coleta/Entulhos diversos (pequena quantidade)) - causally independent of rain, see negative_categories_curitiba.py",siac156_curitiba_negative_v1,"Ponto negativo administrativo geocodificado, pareado por bairro com positivo real, sem colisao <30m. Mesma regra causal do v12 Recife.","Nao usar como escore, threshold ou variavel derivada do rotulo. Ausencia de registro NAO foi usada como criterio -- presenca de outro fenomeno real."
Curitiba,0,CUR_SIAC156_NEG_6c0c85a9768d6bd8,-25.4806547,-49.2022049,11/10/2025,2025,Coleta,Entulhos diversos (pequena quantidade),Rua Walter Jorge de Paiva,UBERABA,strong,"Rua Walter Jorge de Paiva, Uberaba, Curitiba, Paraná, Região Sul, 81590-250, Brasil",163151146,siac156_curitiba_non_hydrological_category_v1,"non-flood (Coleta/Entulhos diversos (pequena quantidade)) - causally independent of rain, see negative_categories_curitiba.py",siac156_curitiba_negative_v1,"Ponto negativo administrativo geocodificado, pareado por bairro com positivo real, sem colisao <30m. Mesma regra causal do v12 Recife.","Nao usar como escore, threshold ou variavel derivada do rotulo. Ausencia de registro NAO foi usada como criterio -- presenca de outro fenomeno real."
Curitiba,0,CUR_SIAC156_NEG_ab7a4fe05ba123c4,-25.464228,-49.2788332,06/11/2025,2025,Coleta,Entulhos diversos (pequena quantidade),Rua São Paulo,AGUA VERDE,strong,"Rua São Paulo, Água Verde, Curitiba, Paraná, Região Sul, 80630-000, Brasil",48310675,siac156_curitiba_non_hydrological_category_v1,"non-flood (Coleta/Entulhos diversos (pequena quantidade)) - causally independent of rain, see negative_categories_curitiba.py",siac156_curitiba_negative_v1,"Ponto negativo administrativo geocodificado, pareado por bairro com positivo real, sem colisao <30m. Mesma regra causal do v12 Recife.","Nao usar como escore, threshold ou variavel derivada do rotulo. Ausencia de registro NAO foi usada como criterio -- presenca de outro fenomeno real."
Curitiba,0,CUR_SIAC156_NEG_b8c112fa263f79bc,-25.4828018,-49.2015025,13/11/2025,2025,Trânsito,Veículo abandonado,Abóbora,UBERABA,strong,"Rua Abóbora, Uberaba, Curitiba, Paraná, Região Sul, 81590-370, Brasil",56177682,siac156_curitiba_non_hydrological_category_v1,"non-flood (Trânsito/Veículo abandonado) - causally independent of rain, see negative_categories_curitiba.py",siac156_curitiba_negative_v1,"Ponto negativo administrativo geocodificado, pareado por bairro com positivo real, sem colisao <30m. Mesma regra causal do v12 Recife.","Nao usar como escore, threshold ou variavel derivada do rotulo. Ausencia de registro NAO foi usada como criterio -- presenca de outro fenomeno real."
Curitiba,0,CUR_SIAC156_NEG_1c77cfebf5b44949,-25.5046773,-49.3037502,13/02/2025,2025,Coleta,Resíduos vegetais de jardim,Francisco Biscardi,CAPAO RASO,strong,"Rua Francisco Biscardi, Capão Raso, Curitiba, Paraná, Região Sul, 81130-290, Brasil",48290622,siac156_curitiba_non_hydrological_category_v1,"non-flood (Coleta/Resíduos vegetais de jardim) - causally independent of rain, see negative_categories_curitiba.py",siac156_curitiba_negative_v1,"Ponto negativo administrativo geocodificado, pareado por bairro com positivo real, sem colisao <30m. Mesma regra causal do v12 Recife.","Nao usar como escore, threshold ou variavel derivada do rotulo. Ausencia de registro NAO foi usada como criterio -- presenca de outro fenomeno real."
Curitiba,0,CUR_SIAC156_NEG_650c6c989f2586a1,-25.4926313,-49.2040958,03/12/2025,2025,Animais,Maus tratos - Animais domésticos,RUA JULIETA ABRÃO SADO,UBERABA,strong,"Rua Julieta Abrão Sado, Uberaba, Curitiba, Paraná, Região Sul, 81590-500, Brasil",125624725,siac156_curitiba_non_hydrological_category_v1,"non-flood (Animais/Maus tratos - Animais domésticos) - causally independent of rain, see negative_categories_curitiba.py",siac156_curitiba_negative_v1,"Ponto negativo administrativo geocodificado, pareado por bairro com positivo real, sem colisao <30m. Mesma regra causal do v12 Recife.","Nao usar como escore, threshold ou variavel derivada do rotulo. Ausencia de registro NAO foi usada como criterio -- presenca de outro fenomeno real."
Curitiba,0,CUR_SIAC156_NEG_0f80be31d032401f,-25.5932218,-49.335343,31/03/2025,2025,Coleta,Resíduos vegetais de jardim,Rua Antônio Dolata,CAMPO DE SANTANA,strong,"Rua Antônio Dolata, Moradias Rio Bonito, Campo de Santana, Aldeia Kakane Porã, Curitiba, Paraná, Região Sul, 81490-524, Brasil",167270675,siac156_curitiba_non_hydrological_category_v1,"non-flood (Coleta/Resíduos vegetais de jardim) - causally independent of rain, see negative_categories_curitiba.py",siac156_curitiba_negative_v1,"Ponto negativo administrativo geocodificado, pareado por bairro com positivo real, sem colisao <30m. Mesma regra causal do v12 Recife.","Nao usar como escore, threshold ou variavel derivada do rotulo. Ausencia de registro NAO foi usada como criterio -- presenca de outro fenomeno real."
Curitiba,0,CUR_SIAC156_NEG_0dd06c8024df9b7a,-25.5096508,-49.3269796,05/02/2025,2025,Coleta,Entulhos diversos (pequena quantidade),Denilson Felipe de Lima,CIDADE INDUSTRIAL,strong,"Rua Denilson Felipe de Lima, Cidade Industrial de Curitiba, Curitiba, Paraná, Região Sul, 81305-185, Brasil",48363227,siac156_curitiba_non_hydrological_category_v1,"non-flood (Coleta/Entulhos diversos (pequena quantidade)) - causally independent of rain, see negative_categories_curitiba.py",siac156_curitiba_negative_v1,"Ponto negativo administrativo geocodificado, pareado por bairro com positivo real, sem colisao <30m. Mesma regra causal do v12 Recife.","Nao usar como escore, threshold ou variavel derivada do rotulo. Ausencia de registro NAO foi usada como criterio -- presenca de outro fenomeno real."
Curitiba,0,CUR_SIAC156_NEG_fd17ef2af4f5a848,-25.5637922,-49.2508326,10/01/2025,2025,Trânsito,Veículo abandonado,Rua Aparecido Caetano,GANCHINHO,strong,"Rua Aparecido Caetano, Ganchinho, Curitiba, Paraná, Região Sul, 81935-158, Brasil",915694049,siac156_curitiba_non_hydrological_category_v1,"non-flood (Trânsito/Veículo abandonado) - causally independent of rain, see negative_categories_curitiba.py",siac156_curitiba_negative_v1,"Ponto negativo administrativo geocodificado, pareado por bairro com positivo real, sem colisao <30m. Mesma regra causal do v12 Recife.","Nao usar como escore, threshold ou variavel derivada do rotulo. Ausencia de registro NAO foi usada como criterio -- presenca de outro fenomeno real."
Curitiba,0,CUR_SIAC156_NEG_fe3b5cf253eb72dc,-25.4475819,-49.2183093,25/07/2025,2025,Praças,Conservação,Rua Engenheiro Benjamin de Andrade Mourão,CAJURU,strong,"Rua Engenheiro Benjamin de Andrade Mourão, Cajuru, Curitiba, Paraná, Região Sul, 82920-030, Brasil",159682577,siac156_curitiba_non_hydrological_category_v1,"non-flood (Praças/Conservação) - causally independent of rain, see negative_categories_curitiba.py",siac156_curitiba_negative_v1,"Ponto negativo administrativo geocodificado, pareado por bairro com positivo real, sem colisao <30m. Mesma regra causal do v12 Recife.","Nao usar como escore, threshold ou variavel derivada do rotulo. Ausencia de registro NAO foi usada como criterio -- presenca de outro fenomeno real."
Curitiba,0,CUR_SIAC156_NEG_708f695f3bc4a0e6,-25.4294744,-49.274831,28/10/2025,2025,Trânsito,Fiscalização de estacionamento irregular,RUA ÉBANO PEREIRA,CENTRO,strong,"Rua Ébano Pereira, Centro, Curitiba, Paraná, Região Sul, 80410-240, Brasil",1064310180,siac156_curitiba_non_hydrological_category_v1,"non-flood (Trânsito/Fiscalização de estacionamento irregular) - causally independent of rain, see negative_categories_curitiba.py",siac156_curitiba_negative_v1,"Ponto negativo administrativo geocodificado, pareado por bairro com positivo real, sem colisao <30m. Mesma regra causal do v12 Recife.","Nao usar como escore, threshold ou variavel derivada do rotulo. Ausencia de registro NAO foi usada como criterio -- presenca de outro fenomeno real."
Curitiba,0,CUR_SIAC156_NEG_a4b6393ad1118b0e,-25.4362678,-49.2176079,09/01/2025,2025,Coleta,Resíduos vegetais de jardim,RUA JOÃO GUNTOWSKI,CAPAO DA IMBUIA,strong,"Rua João Guntowski, Capão da Imbuia, Curitiba, Paraná, Região Sul, 82810-280, Brasil",162156175,siac156_curitiba_non_hydrological_category_v1,"non-flood (Coleta/Resíduos vegetais de jardim) - causally independent of rain, see negative_categories_curitiba.py",siac156_curitiba_negative_v1,"Ponto negativo administrativo geocodificado, pareado por bairro com positivo real, sem colisao <30m. Mesma regra causal do v12 Recife.","Nao usar como escore, threshold ou variavel derivada do rotulo. Ausencia de registro NAO foi usada como criterio -- presenca de outro fenomeno real."
Curitiba,0,CUR_SIAC156_NEG_6019047b5f705a4a,-25.4393719,-49.2709814,14/05/2025,2025,Abordagem Social - Situação de Rua,Pessoas/famílias em desabrigo na rua,AVENIDA SETE DE SETEMBRO,REBOUCAS,strong,"Avenida Sete de Setembro, Rebouças, Curitiba, Paraná, Região Sul, 80230-090, Brasil",231101473,siac156_curitiba_non_hydrological_category_v1,"non-flood (Abordagem Social - Situação de Rua/Pessoas/famílias em desabrigo na rua) - causally independent of rain, see negative_categories_curitiba.py",siac156_curitiba_negative_v1,"Ponto negativo administrativo geocodificado, pareado por bairro com positivo real, sem colisao <30m. Mesma regra causal do v12 Recife.","Nao usar como escore, threshold ou variavel derivada do rotulo. Ausencia de registro NAO foi usada como criterio -- presenca de outro fenomeno real."
Curitiba,0,CUR_SIAC156_NEG_ebe3de11b38c7aad,-25.3990495,-49.2804916,02/02/2025,2025,Coleta,Resíduos vegetais de jardim,Ebenézer,PILARZINHO,strong,"Rua Ebenézer, Pilarzinho, Curitiba, Paraná, Região Sul, 82120-060, Brasil",32944132,siac156_curitiba_non_hydrological_category_v1,"non-flood (Coleta/Resíduos vegetais de jardim) - causally independent of rain, see negative_categories_curitiba.py",siac156_curitiba_negative_v1,"Ponto negativo administrativo geocodificado, pareado por bairro com positivo real, sem colisao <30m. Mesma regra causal do v12 Recife.","Nao usar como escore, threshold ou variavel derivada do rotulo. Ausencia de registro NAO foi usada como criterio -- presenca de outro fenomeno real."
Curitiba,0,CUR_SIAC156_NEG_c82d4f733c897bf4,-25.4379431,-49.3055485,03/07/2025,2025,Lombada física,Implantação,ALAMEDA JÚLIA DA COSTA,CAMPINA DO SIQUEIRA,strong,"Alameda Júlia da Costa, Campina do Siqueira, Curitiba, Paraná, Região Sul, 80740-000, Brasil",655904912,siac156_curitiba_non_hydrological_category_v1,"non-flood (Lombada física/Implantação) - causally independent of rain, see negative_categories_curitiba.py",siac156_curitiba_negative_v1,"Ponto negativo administrativo geocodificado, pareado por bairro com positivo real, sem colisao <30m. Mesma regra causal do v12 Recife.","Nao usar como escore, threshold ou variavel derivada do rotulo. Ausencia de registro NAO foi usada como criterio -- presenca de outro fenomeno real."
Curitiba,0,CUR_SIAC156_NEG_ca1759c4e6268c23,-25.5508716,-49.2514896,27/10/2025,2025,Poluição,Sonora - Noturna,RUA JARDIM ALEGRE,SITIO CERCADO,strong,"Rua Jardim Alegre, Vila Osternack, Sítio Cercado, Curitiba, Paraná, Região Sul, 81935-060, Brasil",164975504,siac156_curitiba_non_hydrological_category_v1,"non-flood (Poluição/Sonora - Noturna) - causally independent of rain, see negative_categories_curitiba.py",siac156_curitiba_negative_v1,"Ponto negativo administrativo geocodificado, pareado por bairro com positivo real, sem colisao <30m. Mesma regra causal do v12 Recife.","Nao usar como escore, threshold ou variavel derivada do rotulo. Ausencia de registro NAO foi usada como criterio -- presenca de outro fenomeno real."
Curitiba,0,CUR_SIAC156_NEG_e76c0ca0bb91f985,-25.4280673,-49.2511966,29/10/2025,2025,Árvore,Poda de manutenção em árvores,RUA PREFEITO ÂNGELO FERRÁRIO LOPES,ALTO DA RUA XV,medium,"Alto da Rua XV, Curitiba, Paraná, Região Sul, 80045-245, Brasil",3012156948,siac156_curitiba_non_hydrological_category_v1,"non-flood (Árvore/Poda de manutenção em árvores) - causally independent of rain, see negative_categories_curitiba.py",siac156_curitiba_negative_v1,"Ponto negativo administrativo geocodificado, pareado por bairro com positivo real, sem colisao <30m. Mesma regra causal do v12 Recife.","Nao usar como escore, threshold ou variavel derivada do rotulo. Ausencia de registro NAO foi usada como criterio -- presenca de outro fenomeno real."
Curitiba,0,CUR_SIAC156_NEG_880d02bc0a022014,-25.4546397,-49.2209088,03/02/2025,2025,Coleta,Resíduos vegetais de jardim,Coronel Carlos Bardelli,CAJURU,strong,"Rua Coronel Carlos Bardelli, Cajuru, Curitiba, Paraná, Região Sul, 82940-150, Brasil",56051068,siac156_curitiba_non_hydrological_category_v1,"non-flood (Coleta/Resíduos vegetais de jardim) - causally independent of rain, see negative_categories_curitiba.py",siac156_curitiba_negative_v1,"Ponto negativo administrativo geocodificado, pareado por bairro com positivo real, sem colisao <30m. Mesma regra causal do v12 Recife.","Nao usar como escore, threshold ou variavel derivada do rotulo. Ausencia de registro NAO foi usada como criterio -- presenca de outro fenomeno real."
Curitiba,0,CUR_SIAC156_NEG_866c6899cccb0c61,-25.4588454,-49.2948285,09/07/2025,2025,Coleta,Resíduos vegetais de jardim,RUA PROFESSOR DARIO VELOSO,VILA IZABEL,strong,"Rua Professor Dario Veloso, Vila Izabel, Curitiba, Paraná, Região Sul, 80320-040, Brasil",232888361,siac156_curitiba_non_hydrological_category_v1,"non-flood (Coleta/Resíduos vegetais de jardim) - causally independent of rain, see negative_categories_curitiba.py",siac156_curitiba_negative_v1,"Ponto negativo administrativo geocodificado, pareado por bairro com positivo real, sem colisao <30m. Mesma regra causal do v12 Recife.","Nao usar como escore, threshold ou variavel derivada do rotulo. Ausencia de registro NAO foi usada como criterio -- presenca de outro fenomeno real."
Curitiba,0,CUR_SIAC156_NEG_9aa5840a7e2d0eb5,-25.412685,-49.2594719,09/03/2025,2025,Poluição,Sonora - Diurna,RUA CAMPOS SALES,JUVEVE,strong,"Rua Campos Sales, Juvevê, Curitiba, Paraná, Região Sul, 80530-290, Brasil",24611263,siac156_curitiba_non_hydrological_category_v1,"non-flood (Poluição/Sonora - Diurna) - causally independent of rain, see negative_categories_curitiba.py",siac156_curitiba_negative_v1,"Ponto negativo administrativo geocodificado, pareado por bairro com positivo real, sem colisao <30m. Mesma regra causal do v12 Recife.","Nao usar como escore, threshold ou variavel derivada do rotulo. Ausencia de registro NAO foi usada como criterio -- presenca de outro fenomeno real."
Curitiba,0,CUR_SIAC156_NEG_5246ab91145889d0,-25.5312434,-49.2818465,11/11/2025,2025,Coleta,Entulhos diversos (pequena quantidade),Rua Nicanor do Rosário,PINHEIRINHO,strong,"Rua Nicanor do Rosário, Pinheirinho, Curitiba, Paraná, Região Sul, 81900-050, Brasil",127264756,siac156_curitiba_non_hydrological_category_v1,"non-flood (Coleta/Entulhos diversos (pequena quantidade)) - causally independent of rain, see negative_categories_curitiba.py",siac156_curitiba_negative_v1,"Ponto negativo administrativo geocodificado, pareado por bairro com positivo real, sem colisao <30m. Mesma regra causal do v12 Recife.","Nao usar como escore, threshold ou variavel derivada do rotulo. Ausencia de registro NAO foi usada como criterio -- presenca de outro fenomeno real."
Curitiba,0,CUR_SIAC156_NEG_47c3c46d94a9cc55,-25.4443846,-49.2526043,01/08/2025,2025,Coleta,Resíduos vegetais de jardim,Rua Embaixador Hipólito de Araújo,REBOUCAS,strong,"Rua Embaixador Hipólito de Araújo, Vila Pinto, Rebouças, Curitiba, Paraná, Região Sul, 80215-150, Brasil",641403915,siac156_curitiba_non_hydrological_category_v1,"non-flood (Coleta/Resíduos vegetais de jardim) - causally independent of rain, see negative_categories_curitiba.py",siac156_curitiba_negative_v1,"Ponto negativo administrativo geocodificado, pareado por bairro com positivo real, sem colisao <30m. Mesma regra causal do v12 Recife.","Nao usar como escore, threshold ou variavel derivada do rotulo. Ausencia de registro NAO foi usada como criterio -- presenca de outro fenomeno real."
Curitiba,0,CUR_SIAC156_NEG_ce48eb4399bf6b2b,-25.443687,-49.2140392,12/03/2025,2025,Coleta,Resíduos vegetais de jardim,AVENIDA PREFEITO MAURÍCIO FRUET,CAJURU,strong,"Avenida Prefeito Maurício Fruet, Cajuru, Curitiba, Paraná, Região Sul, 82920-030, Brasil",1318008486,siac156_curitiba_non_hydrological_category_v1,"non-flood (Coleta/Resíduos vegetais de jardim) - causally independent of rain, see negative_categories_curitiba.py",siac156_curitiba_negative_v1,"Ponto negativo administrativo geocodificado, pareado por bairro com positivo real, sem colisao <30m. Mesma regra causal do v12 Recife.","Nao usar como escore, threshold ou variavel derivada do rotulo. Ausencia de registro NAO foi usada como criterio -- presenca de outro fenomeno real."
Curitiba,0,CUR_SIAC156_NEG_a54b791a2f2a7cb1,-25.4339965,-49.2409767,28/07/2025,2025,Árvore,Remoção de tocos / destoca,Rua dos Palotinos,CRISTO REI,strong,"Rua dos Palotinos, Cristo Rei, Curitiba, Paraná, Região Sul, 80050-410, Brasil",24576353,siac156_curitiba_non_hydrological_category_v1,"non-flood (Árvore/Remoção de tocos / destoca) - causally independent of rain, see negative_categories_curitiba.py",siac156_curitiba_negative_v1,"Ponto negativo administrativo geocodificado, pareado por bairro com positivo real, sem colisao <30m. Mesma regra causal do v12 Recife.","Nao usar como escore, threshold ou variavel derivada do rotulo. Ausencia de registro NAO foi usada como criterio -- presenca de outro fenomeno real."
Curitiba,0,CUR_SIAC156_NEG_c9ef055fa7aa3a8f,-25.4976047,-49.3044544,24/04/2025,2025,Unidade de Saúde - UMS,Agendamento - Consulta com Especialista,RUA PEDRO GUSSO,NOVO MUNDO,strong,"Rua Pedro Gusso, Novo Mundo, Curitiba, Paraná, Região Sul, 81050-200, Brasil",345285681,siac156_curitiba_non_hydrological_category_v1,"non-flood (Unidade de Saúde - UMS/Agendamento - Consulta com Especialista) - causally independent of rain, see negative_categories_curitiba.py",siac156_curitiba_negative_v1,"Ponto negativo administrativo geocodificado, pareado por bairro com positivo real, sem colisao <30m. Mesma regra causal do v12 Recife.","Nao usar como escore, threshold ou variavel derivada do rotulo. Ausencia de registro NAO foi usada como criterio -- presenca de outro fenomeno real."
Curitiba,0,CUR_SIAC156_NEG_dbde31d47e322a6a,-25.3996796,-49.3263345,18/12/2025,2025,Coleta,Resíduos vegetais de jardim,Rua Marcos Mocellin,SANTA FELICIDADE,strong,"Rua Marcos Mocellin, Santa Felicidade, Curitiba, Paraná, Região Sul, 82020-470, Brasil",158621420,siac156_curitiba_non_hydrological_category_v1,"non-flood (Coleta/Resíduos vegetais de jardim) - causally independent of rain, see negative_categories_curitiba.py",siac156_curitiba_negative_v1,"Ponto negativo administrativo geocodificado, pareado por bairro com positivo real, sem colisao <30m. Mesma regra causal do v12 Recife.","Nao usar como escore, threshold ou variavel derivada do rotulo. Ausencia de registro NAO foi usada como criterio -- presenca de outro fenomeno real."
Curitiba,0,CUR_SIAC156_NEG_32ec690aacf884c3,-25.4160133,-49.2544262,11/11/2025,2025,Coleta,Resíduos vegetais de jardim,Rua Emílio Cornelsen,JUVEVE,medium,"Juvevê, Curitiba, Paraná, Região Sul, Brasil",6228368,siac156_curitiba_non_hydrological_category_v1,"non-flood (Coleta/Resíduos vegetais de jardim) - causally independent of rain, see negative_categories_curitiba.py",siac156_curitiba_negative_v1,"Ponto negativo administrativo geocodificado, pareado por bairro com positivo real, sem colisao <30m. Mesma regra causal do v12 Recife.","Nao usar como escore, threshold ou variavel derivada do rotulo. Ausencia de registro NAO foi usada como criterio -- presenca de outro fenomeno real."
Curitiba,0,CUR_SIAC156_NEG_1b454a6af6f27ad5,-25.364475,-49.2757081,02/06/2025,2025,Coleta,Resíduos vegetais de jardim,RUA CORONEL VERGÍNIO LEINIG DE MELLO,ABRANCHES,strong,"Rua Coronel Vergínio Leinig de Mello, Abranches, Curitiba, Paraná, Região Sul, 82220-330, Brasil",161237464,siac156_curitiba_non_hydrological_category_v1,"non-flood (Coleta/Resíduos vegetais de jardim) - causally independent of rain, see negative_categories_curitiba.py",siac156_curitiba_negative_v1,"Ponto negativo administrativo geocodificado, pareado por bairro com positivo real, sem colisao <30m. Mesma regra causal do v12 Recife.","Nao usar como escore, threshold ou variavel derivada do rotulo. Ausencia de registro NAO foi usada como criterio -- presenca de outro fenomeno real."
Curitiba,0,CUR_SIAC156_NEG_2edad00141192535,-25.4249729,-49.2997394,16/06/2025,2025,Coleta,Resíduos vegetais de jardim,RUA PEDRO NOLASKO PIZZATTO,MERCES,strong,"Rua Pedro Nolasko Pizzatto, Mercês, Curitiba, Paraná, Região Sul, 80710-570, Brasil",29548971,siac156_curitiba_non_hydrological_category_v1,"non-flood (Coleta/Resíduos vegetais de jardim) - causally independent of rain, see negative_categories_curitiba.py",siac156_curitiba_negative_v1,"Ponto negativo administrativo geocodificado, pareado por bairro com positivo real, sem colisao <30m. Mesma regra causal do v12 Recife.","Nao usar como escore, threshold ou variavel derivada do rotulo. Ausencia de registro NAO foi usada como criterio -- presenca de outro fenomeno real."
Curitiba,0,CUR_SIAC156_NEG_df5e9869c29dd851,-25.4669707,-49.1994525,19/02/2025,2025,Coleta,Resíduos vegetais de jardim,Rua Major Antônio Ribeiro Vidal,CAJURU,strong,"Rua Major Antônio Ribeiro Vidal, Vila Centenário II, Cajuru, Curitiba, Paraná, Região Sul, 82970-232, Brasil",164254343,siac156_curitiba_non_hydrological_category_v1,"non-flood (Coleta/Resíduos vegetais de jardim) - causally independent of rain, see negative_categories_curitiba.py",siac156_curitiba_negative_v1,"Ponto negativo administrativo geocodificado, pareado por bairro com positivo real, sem colisao <30m. Mesma regra causal do v12 Recife.","Nao usar como escore, threshold ou variavel derivada do rotulo. Ausencia de registro NAO foi usada como criterio -- presenca de outro fenomeno real."
Curitiba,0,CUR_SIAC156_NEG_d692fbd734e1c653,-25.4305512,-49.2615615,22/06/2025,2025,Abordagem Social - Situação de Rua,Pessoas/famílias em desabrigo na rua,Rua Francisco Torres,CENTRO,strong,"Rua Francisco Torres, Centro, Curitiba, Paraná, Região Sul, 80060-140, Brasil",61582401,siac156_curitiba_non_hydrological_category_v1,"non-flood (Abordagem Social - Situação de Rua/Pessoas/famílias em desabrigo na rua) - causally independent of rain, see negative_categories_curitiba.py",siac156_curitiba_negative_v1,"Ponto negativo administrativo geocodificado, pareado por bairro com positivo real, sem colisao <30m. Mesma regra causal do v12 Recife.","Nao usar como escore, threshold ou variavel derivada do rotulo. Ausencia de registro NAO foi usada como criterio -- presenca de outro fenomeno real."
Curitiba,0,CUR_SIAC156_NEG_31bc7668e8efeac3,-25.3629266,-49.2815707,13/02/2025,2025,Coleta,Resíduos vegetais de jardim,Rua Eliseu Miranda,TABOAO,strong,"Rua Eliseu Miranda, Taboão, Curitiba, Paraná, Região Sul, 83511-000, Brasil",161237428,siac156_curitiba_non_hydrological_category_v1,"non-flood (Coleta/Resíduos vegetais de jardim) - causally independent of rain, see negative_categories_curitiba.py",siac156_curitiba_negative_v1,"Ponto negativo administrativo geocodificado, pareado por bairro com positivo real, sem colisao <30m. Mesma regra causal do v12 Recife.","Nao usar como escore, threshold ou variavel derivada do rotulo. Ausencia de registro NAO foi usada como criterio -- presenca de outro fenomeno real."
Curitiba,0,CUR_SIAC156_NEG_7b0dd63149e23f2f,-25.4196968,-49.251685,07/05/2025,2025,Coleta,Resíduos vegetais de jardim,Atílio Bório,HUGO LANGE,strong,"Rua Atílio Bório, Hugo Lange, Curitiba, Paraná, Região Sul, 80040-140, Brasil",1227436728,siac156_curitiba_non_hydrological_category_v1,"non-flood (Coleta/Resíduos vegetais de jardim) - causally independent of rain, see negative_categories_curitiba.py",siac156_curitiba_negative_v1,"Ponto negativo administrativo geocodificado, pareado por bairro com positivo real, sem colisao <30m. Mesma regra causal do v12 Recife.","Nao usar como escore, threshold ou variavel derivada do rotulo. Ausencia de registro NAO foi usada como criterio -- presenca de outro fenomeno real."
Curitiba,0,CUR_SIAC156_NEG_d5aa7b31936ed85f,-25.5144314,-49.3358068,05/05/2025,2025,Iluminação Pública,Manutenção de Luminárias,RUA ADELAIDE DA SILVA PADILHA,CIDADE INDUSTRIAL,strong,"Rua Adelaide da Silva Padilha, Cidade Industrial de Curitiba, Curitiba, Paraná, Região Sul, 81305-185, Brasil",138705733,siac156_curitiba_non_hydrological_category_v1,"non-flood (Iluminação Pública/Manutenção de Luminárias) - causally independent of rain, see negative_categories_curitiba.py",siac156_curitiba_negative_v1,"Ponto negativo administrativo geocodificado, pareado por bairro com positivo real, sem colisao <30m. Mesma regra causal do v12 Recife.","Nao usar como escore, threshold ou variavel derivada do rotulo. Ausencia de registro NAO foi usada como criterio -- presenca de outro fenomeno real."
Curitiba,0,CUR_SIAC156_NEG_9d76dc4d145012bc,-25.5224734,-49.27588,18/07/2025,2025,Coleta,Entulhos diversos (pequena quantidade),RUA RUB GUIMARÃES COUTINHO,PINHEIRINHO,strong,"Rua Rub Guimarães Coutinho, Vila Independência, Pinheirinho, Curitiba, Paraná, Região Sul, 81820-450, Brasil",128988843,siac156_curitiba_non_hydrological_category_v1,"non-flood (Coleta/Entulhos diversos (pequena quantidade)) - causally independent of rain, see negative_categories_curitiba.py",siac156_curitiba_negative_v1,"Ponto negativo administrativo geocodificado, pareado por bairro com positivo real, sem colisao <30m. Mesma regra causal do v12 Recife.","Nao usar como escore, threshold ou variavel derivada do rotulo. Ausencia de registro NAO foi usada como criterio -- presenca de outro fenomeno real."
Curitiba,0,CUR_SIAC156_NEG_471c23faaafd02ba,-25.4457695,-49.2196798,15/05/2025,2025,Coleta,Entulhos diversos (pequena quantidade),RUA ANTONIO MEIRELLES SOBRINHO,CAJURU,strong,"Rua Antônio Meirelles Sobrinho, Cajuru, Curitiba, Paraná, Região Sul, 82900-010, Brasil",160094807,siac156_curitiba_non_hydrological_category_v1,"non-flood (Coleta/Entulhos diversos (pequena quantidade)) - causally independent of rain, see negative_categories_curitiba.py",siac156_curitiba_negative_v1,"Ponto negativo administrativo geocodificado, pareado por bairro com positivo real, sem colisao <30m. Mesma regra causal do v12 Recife.","Nao usar como escore, threshold ou variavel derivada do rotulo. Ausencia de registro NAO foi usada como criterio -- presenca de outro fenomeno real."
Curitiba,0,CUR_SIAC156_NEG_3e480a68ca30f776,-25.4796251,-49.3382651,18/03/2025,2025,Iluminação Pública,Manutenção de Luminárias,Professor Teobaldo Leonardo Kletemberg,CIDADE INDUSTRIAL,strong,"Rua Professor Teobaldo Leonardo Kletemberg, Cidade Industrial de Curitiba, Curitiba, Paraná, Região Sul, 81250-320, Brasil",82638982,siac156_curitiba_non_hydrological_category_v1,"non-flood (Iluminação Pública/Manutenção de Luminárias) - causally independent of rain, see negative_categories_curitiba.py",siac156_curitiba_negative_v1,"Ponto negativo administrativo geocodificado, pareado por bairro com positivo real, sem colisao <30m. Mesma regra causal do v12 Recife.","Nao usar como escore, threshold ou variavel derivada do rotulo. Ausencia de registro NAO foi usada como criterio -- presenca de outro fenomeno real."
Curitiba,0,CUR_SIAC156_NEG_19ac2159bec88a6a,-25.3675936,-49.2102051,07/02/2025,2025,Coleta,Resíduos vegetais de jardim,Rua Buda,SANTA CANDIDA,strong,"Rua Buda, Santa Cândida, Curitiba, Paraná, Região Sul, 83404-550, Brasil",169766202,siac156_curitiba_non_hydrological_category_v1,"non-flood (Coleta/Resíduos vegetais de jardim) - causally independent of rain, see negative_categories_curitiba.py",siac156_curitiba_negative_v1,"Ponto negativo administrativo geocodificado, pareado por bairro com positivo real, sem colisao <30m. Mesma regra causal do v12 Recife.","Nao usar como escore, threshold ou variavel derivada do rotulo. Ausencia de registro NAO foi usada como criterio -- presenca de outro fenomeno real."
Curitiba,0,CUR_SIAC156_NEG_32d09516b311e39e,-25.4742976,-49.3114464,24/03/2025,2025,Coleta,Caliças até 5 carrinhos de mão,RUA RICARDO NEGRÃO FILHO,PORTAO,strong,"Rua Ricardo Negrão Filho, Portão, Curitiba, Paraná, Região Sul, 81070-460, Brasil",129142040,siac156_curitiba_non_hydrological_category_v1,"non-flood (Coleta/Caliças até 5 carrinhos de mão) - causally independent of rain, see negative_categories_curitiba.py",siac156_curitiba_negative_v1,"Ponto negativo administrativo geocodificado, pareado por bairro com positivo real, sem colisao <30m. Mesma regra causal do v12 Recife.","Nao usar como escore, threshold ou variavel derivada do rotulo. Ausencia de registro NAO foi usada como criterio -- presenca de outro fenomeno real."
Curitiba,0,CUR_SIAC156_NEG_2af9db5dd37df8df,-25.4078987,-49.3094362,04/11/2025,2025,Coleta,Entulhos diversos (pequena quantidade),Rua Juvenal Dos Santos,CASCATINHA,strong,"Rua Juvenal dos Santos, Cascatinha, Curitiba, Paraná, Região Sul, 82020-250, Brasil",158384959,siac156_curitiba_non_hydrological_category_v1,"non-flood (Coleta/Entulhos diversos (pequena quantidade)) - causally independent of rain, see negative_categories_curitiba.py",siac156_curitiba_negative_v1,"Ponto negativo administrativo geocodificado, pareado por bairro com positivo real, sem colisao <30m. Mesma regra causal do v12 Recife.","Nao usar como escore, threshold ou variavel derivada do rotulo. Ausencia de registro NAO foi usada como criterio -- presenca de outro fenomeno real."
Curitiba,0,CUR_SIAC156_NEG_ef433616fae447c7,-25.4203181,-49.2674592,18/11/2025,2025,Trânsito,Fiscalização de estacionamento irregular,Da Gloria,ALTO DA GLORIA,strong,"Rua da Glória, Alto da Glória, Curitiba, Paraná, Região Sul, 80530-000, Brasil",289828826,siac156_curitiba_non_hydrological_category_v1,"non-flood (Trânsito/Fiscalização de estacionamento irregular) - causally independent of rain, see negative_categories_curitiba.py",siac156_curitiba_negative_v1,"Ponto negativo administrativo geocodificado, pareado por bairro com positivo real, sem colisao <30m. Mesma regra causal do v12 Recife.","Nao usar como escore, threshold ou variavel derivada do rotulo. Ausencia de registro NAO foi usada como criterio -- presenca de outro fenomeno real."
Curitiba,0,CUR_SIAC156_NEG_d955796c127e0ce1,-25.4187097,-49.2720799,13/01/2025,2025,Coleta,Resíduos vegetais de jardim,Rua Napoleão Lopes,SAO FRANCISCO,strong,"Rua Napoleão Lopes, São Francisco, Curitiba, Paraná, Região Sul, 80530-010, Brasil",32944171,siac156_curitiba_non_hydrological_category_v1,"non-flood (Coleta/Resíduos vegetais de jardim) - causally independent of rain, see negative_categories_curitiba.py",siac156_curitiba_negative_v1,"Ponto negativo administrativo geocodificado, pareado por bairro com positivo real, sem colisao <30m. Mesma regra causal do v12 Recife.","Nao usar como escore, threshold ou variavel derivada do rotulo. Ausencia de registro NAO foi usada como criterio -- presenca de outro fenomeno real."
Curitiba,0,CUR_SIAC156_NEG_0b88bc09318867f0,-25.5571165,-49.3374297,04/10/2025,2025,Coleta,Caliças até 5 carrinhos de mão,Rua José Krenchiclova,TATUQUARA,strong,"Rua José Krenchiclova, Tatuquara, Curitiba, Paraná, Região Sul, 81470-075, Brasil",165610636,siac156_curitiba_non_hydrological_category_v1,"non-flood (Coleta/Caliças até 5 carrinhos de mão) - causally independent of rain, see negative_categories_curitiba.py",siac156_curitiba_negative_v1,"Ponto negativo administrativo geocodificado, pareado por bairro com positivo real, sem colisao <30m. Mesma regra causal do v12 Recife.","Nao usar como escore, threshold ou variavel derivada do rotulo. Ausencia de registro NAO foi usada como criterio -- presenca de outro fenomeno real."
Curitiba,0,CUR_SIAC156_NEG_9dd3442725341970,-25.4870401,-49.2920674,29/07/2025,2025,Trânsito,Fiscalização de estacionamento irregular,RUA JACOB TEIDES SOBRINHO,NOVO MUNDO,strong,"Rua Jacob Teides Sobrinho, Novo Mundo, Curitiba, Paraná, Região Sul, 81020-220, Brasil",48310136,siac156_curitiba_non_hydrological_category_v1,"non-flood (Trânsito/Fiscalização de estacionamento irregular) - causally independent of rain, see negative_categories_curitiba.py",siac156_curitiba_negative_v1,"Ponto negativo administrativo geocodificado, pareado por bairro com positivo real, sem colisao <30m. Mesma regra causal do v12 Recife.","Nao usar como escore, threshold ou variavel derivada do rotulo. Ausencia de registro NAO foi usada como criterio -- presenca de outro fenomeno real."
Curitiba,0,CUR_SIAC156_NEG_81cd5c0704180ef0,-25.4654936,-49.2908509,30/08/2025,2025,Trânsito,Fiscalização de estacionamento irregular,Rua Leonidas Mocellin,PORTAO,strong,"Rua Leônidas Mocellin, Água Verde, Curitiba, Paraná, Região Sul, 80620-060, Brasil",1069478248,siac156_curitiba_non_hydrological_category_v1,"non-flood (Trânsito/Fiscalização de estacionamento irregular) - causally independent of rain, see negative_categories_curitiba.py",siac156_curitiba_negative_v1,"Ponto negativo administrativo geocodificado, pareado por bairro com positivo real, sem colisao <30m. Mesma regra causal do v12 Recife.","Nao usar como escore, threshold ou variavel derivada do rotulo. Ausencia de registro NAO foi usada como criterio -- presenca de outro fenomeno real."
Curitiba,0,CUR_SIAC156_NEG_ba39711955c77c6e,-25.4380197,-49.2715957,07/05/2025,2025,Fiscalização do comércio estabelecido,Comércio diurno,Avenida Visconde de Guarapuava,CENTRO,strong,"Avenida Visconde de Guarapuava, Centro, Curitiba, Paraná, Região Sul, 80230-090, Brasil",397646588,siac156_curitiba_non_hydrological_category_v1,"non-flood (Fiscalização do comércio estabelecido/Comércio diurno) - causally independent of rain, see negative_categories_curitiba.py",siac156_curitiba_negative_v1,"Ponto negativo administrativo geocodificado, pareado por bairro com positivo real, sem colisao <30m. Mesma regra causal do v12 Recife.","Nao usar como escore, threshold ou variavel derivada do rotulo. Ausencia de registro NAO foi usada como criterio -- presenca de outro fenomeno real."
Curitiba,0,CUR_SIAC156_NEG_d9f0782437b2096c,-25.4013184,-49.2825111,17/07/2025,2025,Coleta,Resíduos vegetais de jardim,Rua Valentin Trevisan,BOM RETIRO,strong,"Rua Valentin Trevisan, Pilarzinho, Curitiba, Paraná, Região Sul, 82110-000, Brasil",163235730,siac156_curitiba_non_hydrological_category_v1,"non-flood (Coleta/Resíduos vegetais de jardim) - causally independent of rain, see negative_categories_curitiba.py",siac156_curitiba_negative_v1,"Ponto negativo administrativo geocodificado, pareado por bairro com positivo real, sem colisao <30m. Mesma regra causal do v12 Recife.","Nao usar como escore, threshold ou variavel derivada do rotulo. Ausencia de registro NAO foi usada como criterio -- presenca de outro fenomeno real."
Curitiba,0,CUR_SIAC156_NEG_52a4f92a8a4f1b28,-25.3922483,-49.243637,13/06/2025,2025,Coleta,Entulhos diversos (pequena quantidade),Rua Carlos de Campos,BOA VISTA,strong,"Rua Carlos de Campos, Boa Vista, Curitiba, Paraná, Região Sul, 82560-020, Brasil",691983563,siac156_curitiba_non_hydrological_category_v1,"non-flood (Coleta/Entulhos diversos (pequena quantidade)) - causally independent of rain, see negative_categories_curitiba.py",siac156_curitiba_negative_v1,"Ponto negativo administrativo geocodificado, pareado por bairro com positivo real, sem colisao <30m. Mesma regra causal do v12 Recife.","Nao usar como escore, threshold ou variavel derivada do rotulo. Ausencia de registro NAO foi usada como criterio -- presenca de outro fenomeno real."
Curitiba,0,CUR_SIAC156_NEG_d5f660d07378b3af,-25.439013,-49.2849084,31/01/2025,2025,Trânsito,Fiscalização de estacionamento irregular,Dom Pedro II,BATEL,strong,"Alameda Dom Pedro II, Batel, Curitiba, Paraná, Região Sul, 80420-160, Brasil",356133262,siac156_curitiba_non_hydrological_category_v1,"non-flood (Trânsito/Fiscalização de estacionamento irregular) - causally independent of rain, see negative_categories_curitiba.py",siac156_curitiba_negative_v1,"Ponto negativo administrativo geocodificado, pareado por bairro com positivo real, sem colisao <30m. Mesma regra causal do v12 Recife.","Nao usar como escore, threshold ou variavel derivada do rotulo. Ausencia de registro NAO foi usada como criterio -- presenca de outro fenomeno real."
Curitiba,0,CUR_SIAC156_NEG_a1d0be6bcf1db1b9,-25.3999155,-49.2492626,26/11/2025,2025,Coleta,Resíduos vegetais de jardim,Rua Flávio Dallegrave,BOA VISTA,strong,"Rua Flávio Dallegrave, Boa Vista, Curitiba, Paraná, Região Sul, 82540-040, Brasil",449257545,siac156_curitiba_non_hydrological_category_v1,"non-flood (Coleta/Resíduos vegetais de jardim) - causally independent of rain, see negative_categories_curitiba.py",siac156_curitiba_negative_v1,"Ponto negativo administrativo geocodificado, pareado por bairro com positivo real, sem colisao <30m. Mesma regra causal do v12 Recife.","Nao usar como escore, threshold ou variavel derivada do rotulo. Ausencia de registro NAO foi usada como criterio -- presenca de outro fenomeno real."
Curitiba,0,CUR_SIAC156_NEG_1ba958137e7653c7,-25.5598948,-49.3366033,11/04/2025,2025,Coleta,Entulhos diversos (pequena quantidade),Travessa Jamir de Fátima Santos,TATUQUARA,strong,"Travessa Jamir de Fátima Santos, Moradias Santa Rita, Tatuquara, Curitiba, Paraná, Região Sul, 81470-075, Brasil",373465456,siac156_curitiba_non_hydrological_category_v1,"non-flood (Coleta/Entulhos diversos (pequena quantidade)) - causally independent of rain, see negative_categories_curitiba.py",siac156_curitiba_negative_v1,"Ponto negativo administrativo geocodificado, pareado por bairro com positivo real, sem colisao <30m. Mesma regra causal do v12 Recife.","Nao usar como escore, threshold ou variavel derivada do rotulo. Ausencia de registro NAO foi usada como criterio -- presenca de outro fenomeno real."
Curitiba,0,CUR_SIAC156_NEG_afcd4c691c536ab3,-25.3999608,-49.2996458,31/10/2025,2025,Coleta,Resíduos vegetais de jardim,Itália Giampoli Amatuzzi,VISTA ALEGRE,strong,"Rua Itália Giampoli Amatuzzi, Vista Alegre, Curitiba, Paraná, Região Sul, 82100-060, Brasil",161965253,siac156_curitiba_non_hydrological_category_v1,"non-flood (Coleta/Resíduos vegetais de jardim) - causally independent of rain, see negative_categories_curitiba.py",siac156_curitiba_negative_v1,"Ponto negativo administrativo geocodificado, pareado por bairro com positivo real, sem colisao <30m. Mesma regra causal do v12 Recife.","Nao usar como escore, threshold ou variavel derivada do rotulo. Ausencia de registro NAO foi usada como criterio -- presenca de outro fenomeno real."
Curitiba,0,CUR_SIAC156_NEG_5ea97a38b8dbc85e,-25.4735217,-49.2559598,04/09/2025,2025,Trânsito,Fiscalização de estacionamento irregular,Rua Fanny Hauer,HAUER,strong,"Rua Fanny Hauer, Hauer, Curitiba, Paraná, Região Sul, 81030-030, Brasil",126301942,siac156_curitiba_non_hydrological_category_v1,"non-flood (Trânsito/Fiscalização de estacionamento irregular) - causally independent of rain, see negative_categories_curitiba.py",siac156_curitiba_negative_v1,"Ponto negativo administrativo geocodificado, pareado por bairro com positivo real, sem colisao <30m. Mesma regra causal do v12 Recife.","Nao usar como escore, threshold ou variavel derivada do rotulo. Ausencia de registro NAO foi usada como criterio -- presenca de outro fenomeno real."
Curitiba,0,CUR_SIAC156_NEG_0ea6faa7c437b7f3,-25.4416442,-49.3108562,28/06/2025,2025,Trânsito,Fiscalização de estacionamento irregular,Rua Valentin Harkot,CAMPINA DO SIQUEIRA,strong,"Rua Valentin Harkot, Campina do Siqueira, Curitiba, Paraná, Região Sul, 80740-000, Brasil",29465237,siac156_curitiba_non_hydrological_category_v1,"non-flood (Trânsito/Fiscalização de estacionamento irregular) - causally independent of rain, see negative_categories_curitiba.py",siac156_curitiba_negative_v1,"Ponto negativo administrativo geocodificado, pareado por bairro com positivo real, sem colisao <30m. Mesma regra causal do v12 Recife.","Nao usar como escore, threshold ou variavel derivada do rotulo. Ausencia de registro NAO foi usada como criterio -- presenca de outro fenomeno real."
Curitiba,0,CUR_SIAC156_NEG_b5de53d392c6da45,-25.3809452,-49.3271937,27/02/2025,2025,Animais domésticos,Remoção de caninos mortos,Rua Edson Campos Matesich,SANTA FELICIDADE,strong,"Rua Edson Campos Matesich, Santa Felicidade, Curitiba, Paraná, Região Sul, 82410-220, Brasil",160167699,siac156_curitiba_non_hydrological_category_v1,"non-flood (Animais domésticos/Remoção de caninos mortos) - causally independent of rain, see negative_categories_curitiba.py",siac156_curitiba_negative_v1,"Ponto negativo administrativo geocodificado, pareado por bairro com positivo real, sem colisao <30m. Mesma regra causal do v12 Recife.","Nao usar como escore, threshold ou variavel derivada do rotulo. Ausencia de registro NAO foi usada como criterio -- presenca de outro fenomeno real."
Curitiba,0,CUR_SIAC156_NEG_aceb9d3477985325,-25.3966434,-49.2433251,07/05/2025,2025,Cartão transporte,Geral,AVENIDA PARANÁ,BACACHERI,strong,"Avenida Paraná, Bacacheri, Curitiba, Paraná, Região Sul, 82510-000, Brasil",26378849,siac156_curitiba_non_hydrological_category_v1,"non-flood (Cartão transporte/Geral) - causally independent of rain, see negative_categories_curitiba.py",siac156_curitiba_negative_v1,"Ponto negativo administrativo geocodificado, pareado por bairro com positivo real, sem colisao <30m. Mesma regra causal do v12 Recife.","Nao usar como escore, threshold ou variavel derivada do rotulo. Ausencia de registro NAO foi usada como criterio -- presenca de outro fenomeno real."
Curitiba,0,CUR_SIAC156_NEG_894ccc47529b3cda,-25.3935016,-49.2618442,13/10/2025,2025,Coleta,Resíduos vegetais de jardim,RUA JOSÉ KORMANN,AHU,strong,"Rua José Kormann, Ahú, Curitiba, Paraná, Região Sul, 82200-530, Brasil",159604779,siac156_curitiba_non_hydrological_category_v1,"non-flood (Coleta/Resíduos vegetais de jardim) - causally independent of rain, see negative_categories_curitiba.py",siac156_curitiba_negative_v1,"Ponto negativo administrativo geocodificado, pareado por bairro com positivo real, sem colisao <30m. Mesma regra causal do v12 Recife.","Nao usar como escore, threshold ou variavel derivada do rotulo. Ausencia de registro NAO foi usada como criterio -- presenca de outro fenomeno real."
Curitiba,0,CUR_SIAC156_NEG_1ec8071e733d770c,-25.4863684,-49.3111904,05/12/2025,2025,Poluição,Sonora - Noturna,RUA DOUTOR LUIZ LOSSO FILHO,NOVO MUNDO,strong,"Rua Doutor Luiz Losso Filho, Área Administrativa AMA. Vila Maria e Uberlândia, Novo Mundo, Curitiba, Paraná, Região Sul, 81050-430, Brasil",232889524,siac156_curitiba_non_hydrological_category_v1,"non-flood (Poluição/Sonora - Noturna) - causally independent of rain, see negative_categories_curitiba.py",siac156_curitiba_negative_v1,"Ponto negativo administrativo geocodificado, pareado por bairro com positivo real, sem colisao <30m. Mesma regra causal do v12 Recife.","Nao usar como escore, threshold ou variavel derivada do rotulo. Ausencia de registro NAO foi usada como criterio -- presenca de outro fenomeno real."
Curitiba,0,CUR_SIAC156_NEG_721931f6d14e85b5,-25.4163866,-49.2604869,22/09/2025,2025,Semáforo,Lâmpada apagada,Rua Nicolau Maeder,ALTO DA GLORIA,strong,"Rua Nicolau Maeder, Alto da Glória, Curitiba, Paraná, Região Sul, 80030-240, Brasil",1050131317,siac156_curitiba_non_hydrological_category_v1,"non-flood (Semáforo/Lâmpada apagada) - causally independent of rain, see negative_categories_curitiba.py",siac156_curitiba_negative_v1,"Ponto negativo administrativo geocodificado, pareado por bairro com positivo real, sem colisao <30m. Mesma regra causal do v12 Recife.","Nao usar como escore, threshold ou variavel derivada do rotulo. Ausencia de registro NAO foi usada como criterio -- presenca de outro fenomeno real."
Curitiba,0,CUR_SIAC156_NEG_914ccddf2cbd74d4,-25.408314,-49.2043919,26/05/2025,2025,Coleta,Caliças até 5 carrinhos de mão,RUA SEBASTIÃO ALVES FERREIRA,BAIRRO ALTO,strong,"Rua Sebastião Alves Ferreira, Bairro Alto, Curitiba, Paraná, Região Sul, 82820-310, Brasil",155870130,siac156_curitiba_non_hydrological_category_v1,"non-flood (Coleta/Caliças até 5 carrinhos de mão) - causally independent of rain, see negative_categories_curitiba.py",siac156_curitiba_negative_v1,"Ponto negativo administrativo geocodificado, pareado por bairro com positivo real, sem colisao <30m. Mesma regra causal do v12 Recife.","Nao usar como escore, threshold ou variavel derivada do rotulo. Ausencia de registro NAO foi usada como criterio -- presenca de outro fenomeno real."
Curitiba,0,CUR_SIAC156_NEG_70b2bc2bcec92567,-25.3998124,-49.3252438,10/02/2025,2025,Coleta,Resíduos vegetais de jardim,Rua Izaias Belloni,SANTA FELICIDADE,strong,"Rua Izaias Belloni, Santa Felicidade, Curitiba, Paraná, Região Sul, 82020-470, Brasil",158623498,siac156_curitiba_non_hydrological_category_v1,"non-flood (Coleta/Resíduos vegetais de jardim) - causally independent of rain, see negative_categories_curitiba.py",siac156_curitiba_negative_v1,"Ponto negativo administrativo geocodificado, pareado por bairro com positivo real, sem colisao <30m. Mesma regra causal do v12 Recife.","Nao usar como escore, threshold ou variavel derivada do rotulo. Ausencia de registro NAO foi usada como criterio -- presenca de outro fenomeno real."
Curitiba,0,CUR_SIAC156_NEG_594c163e7f75d09e,-25.3804505,-49.2257201,06/01/2025,2025,Animais domésticos,Remoção de caninos mortos,Rua São João,TINGUI,strong,"Rua São João, Tingui, Curitiba, Paraná, Região Sul, 82620-260, Brasil",293880625,siac156_curitiba_non_hydrological_category_v1,"non-flood (Animais domésticos/Remoção de caninos mortos) - causally independent of rain, see negative_categories_curitiba.py",siac156_curitiba_negative_v1,"Ponto negativo administrativo geocodificado, pareado por bairro com positivo real, sem colisao <30m. Mesma regra causal do v12 Recife.","Nao usar como escore, threshold ou variavel derivada do rotulo. Ausencia de registro NAO foi usada como criterio -- presenca de outro fenomeno real."
Curitiba,0,CUR_SIAC156_NEG_af9caf27dd0ee2db,-25.570216,-49.3191679,18/12/2025,2025,Iluminação Pública,Manutenção de Luminárias,Rua Elizeu Santana,TATUQUARA,strong,"Rua Elizeu Santana, Vila Raul Zanon, Tatuquara, Curitiba, Paraná, Região Sul, 81480-436, Brasil",125207616,siac156_curitiba_non_hydrological_category_v1,"non-flood (Iluminação Pública/Manutenção de Luminárias) - causally independent of rain, see negative_categories_curitiba.py",siac156_curitiba_negative_v1,"Ponto negativo administrativo geocodificado, pareado por bairro com positivo real, sem colisao <30m. Mesma regra causal do v12 Recife.","Nao usar como escore, threshold ou variavel derivada do rotulo. Ausencia de registro NAO foi usada como criterio -- presenca de outro fenomeno real."
Curitiba,0,CUR_SIAC156_NEG_6bf3a3ad0b5d472b,-25.5256989,-49.2930736,20/09/2025,2025,Coleta,Resíduos vegetais de jardim,João Malta de Albuquerque Maranhão,PINHEIRINHO,medium,"Pinheirinho, Curitiba, Paraná, Região Sul, Brasil",6236823,siac156_curitiba_non_hydrological_category_v1,"non-flood (Coleta/Resíduos vegetais de jardim) - causally independent of rain, see negative_categories_curitiba.py",siac156_curitiba_negative_v1,"Ponto negativo administrativo geocodificado, pareado por bairro com positivo real, sem colisao <30m. Mesma regra causal do v12 Recife.","Nao usar como escore, threshold ou variavel derivada do rotulo. Ausencia de registro NAO foi usada como criterio -- presenca de outro fenomeno real."
Curitiba,0,CUR_SIAC156_NEG_714e6d10bbfb38b4,-25.4316116,-49.281813,16/10/2025,2025,Praças,Manutenção,ALAMEDA PRUDENTE DE MORAES,CENTRO,strong,"Alameda Prudente de Moraes, Centro, Curitiba, Paraná, Região Sul, 80430-160, Brasil",304610301,siac156_curitiba_non_hydrological_category_v1,"non-flood (Praças/Manutenção) - causally independent of rain, see negative_categories_curitiba.py",siac156_curitiba_negative_v1,"Ponto negativo administrativo geocodificado, pareado por bairro com positivo real, sem colisao <30m. Mesma regra causal do v12 Recife.","Nao usar como escore, threshold ou variavel derivada do rotulo. Ausencia de registro NAO foi usada como criterio -- presenca de outro fenomeno real."
Curitiba,0,CUR_SIAC156_NEG_db4d9fb5423bbca4,-25.4565582,-49.276524,22/03/2025,2025,Coleta,Resíduos vegetais de jardim,Rua Otávio Francisco Dias,AGUA VERDE,strong,"Rua Otávio Francisco Dias, Água Verde, Curitiba, Paraná, Região Sul, 80620-400, Brasil",52710285,siac156_curitiba_non_hydrological_category_v1,"non-flood (Coleta/Resíduos vegetais de jardim) - causally independent of rain, see negative_categories_curitiba.py",siac156_curitiba_negative_v1,"Ponto negativo administrativo geocodificado, pareado por bairro com positivo real, sem colisao <30m. Mesma regra causal do v12 Recife.","Nao usar como escore, threshold ou variavel derivada do rotulo. Ausencia de registro NAO foi usada como criterio -- presenca de outro fenomeno real."
Curitiba,0,CUR_SIAC156_NEG_1d99193d0fafa7bb,-25.3844187,-49.1960154,21/08/2025,2025,Coleta,Caliças até 5 carrinhos de mão,RUA GABRIEL RODRIGUES DE ALMEIDA,ATUBA,strong,"Rua Gabriel Rodrigues de Almeida, Atuba, Curitiba, Paraná, Região Sul, 83408-180, Brasil",164943352,siac156_curitiba_non_hydrological_category_v1,"non-flood (Coleta/Caliças até 5 carrinhos de mão) - causally independent of rain, see negative_categories_curitiba.py",siac156_curitiba_negative_v1,"Ponto negativo administrativo geocodificado, pareado por bairro com positivo real, sem colisao <30m. Mesma regra causal do v12 Recife.","Nao usar como escore, threshold ou variavel derivada do rotulo. Ausencia de registro NAO foi usada como criterio -- presenca de outro fenomeno real."
Curitiba,0,CUR_SIAC156_NEG_2f36e9dc84ba60a7,-25.4999123,-49.3506838,08/11/2025,2025,Coleta,Entulhos diversos (pequena quantidade),Rua Doutor Arno Duarte,CIDADE INDUSTRIAL,strong,"Rua Doutor Arno Duarte, São Miguel, Curitiba, Paraná, Região Sul, 81350-260, Brasil",127531658,siac156_curitiba_non_hydrological_category_v1,"non-flood (Coleta/Entulhos diversos (pequena quantidade)) - causally independent of rain, see negative_categories_curitiba.py",siac156_curitiba_negative_v1,"Ponto negativo administrativo geocodificado, pareado por bairro com positivo real, sem colisao <30m. Mesma regra causal do v12 Recife.","Nao usar como escore, threshold ou variavel derivada do rotulo. Ausencia de registro NAO foi usada como criterio -- presenca de outro fenomeno real."
Curitiba,0,CUR_SIAC156_NEG_700b5ec72c4798fd,-25.5514387,-49.2679353,25/02/2026,2026,Coleta,Caliças até 5 carrinhos de mão,RUA CÉZAR CONSTANTE SCHIAVON,SITIO CERCADO,strong,"Rua Cezar Constante Schiavon, Sítio Cercado, Curitiba, Paraná, Região Sul, 81925-540, Brasil",127268359,siac156_curitiba_non_hydrological_category_v1,"non-flood (Coleta/Caliças até 5 carrinhos de mão) - causally independent of rain, see negative_categories_curitiba.py",siac156_curitiba_negative_v1,"Ponto negativo administrativo geocodificado, pareado por bairro com positivo real, sem colisao <30m. Mesma regra causal do v12 Recife.","Nao usar como escore, threshold ou variavel derivada do rotulo. Ausencia de registro NAO foi usada como criterio -- presenca de outro fenomeno real."
Curitiba,0,CUR_SIAC156_NEG_4ffc7f2234de7d31,-25.4761151,-49.2063428,12/04/2026,2026,Coleta,Caliças até 5 carrinhos de mão,Rua Doutor Petrônio Romero de Souza,CAJURU,strong,"Rua Doutor Petrônio Romero de Souza, Cajuru, Curitiba, Paraná, Região Sul, 81550-220, Brasil",85417731,siac156_curitiba_non_hydrological_category_v1,"non-flood (Coleta/Caliças até 5 carrinhos de mão) - causally independent of rain, see negative_categories_curitiba.py",siac156_curitiba_negative_v1,"Ponto negativo administrativo geocodificado, pareado por bairro com positivo real, sem colisao <30m. Mesma regra causal do v12 Recife.","Nao usar como escore, threshold ou variavel derivada do rotulo. Ausencia de registro NAO foi usada como criterio -- presenca de outro fenomeno real."
Curitiba,0,CUR_SIAC156_NEG_5f016fe65f0edc9f,-25.4247509,-49.2376747,25/04/2026,2026,Trânsito,Fiscalização de estacionamento irregular,RUA ALEXANDRE DE GUSMÃO,JARDIM SOCIAL,strong,"Rua Alexandre de Gusmão, Jardim Social, Curitiba, Paraná, Região Sul, 82530-010, Brasil",561047390,siac156_curitiba_non_hydrological_category_v1,"non-flood (Trânsito/Fiscalização de estacionamento irregular) - causally independent of rain, see negative_categories_curitiba.py",siac156_curitiba_negative_v1,"Ponto negativo administrativo geocodificado, pareado por bairro com positivo real, sem colisao <30m. Mesma regra causal do v12 Recife.","Nao usar como escore, threshold ou variavel derivada do rotulo. Ausencia de registro NAO foi usada como criterio -- presenca de outro fenomeno real."
Curitiba,0,CUR_SIAC156_NEG_87c0819c1e0c6e87,-25.3860107,-49.2208105,29/01/2026,2026,Coleta,Caliças até 5 carrinhos de mão,Rua José Wosch Sobrinho,TINGUI,strong,"Rua José Wosch Sobrinho, Tingui, Curitiba, Paraná, Região Sul, 82620-265, Brasil",160681575,siac156_curitiba_non_hydrological_category_v1,"non-flood (Coleta/Caliças até 5 carrinhos de mão) - causally independent of rain, see negative_categories_curitiba.py",siac156_curitiba_negative_v1,"Ponto negativo administrativo geocodificado, pareado por bairro com positivo real, sem colisao <30m. Mesma regra causal do v12 Recife.","Nao usar como escore, threshold ou variavel derivada do rotulo. Ausencia de registro NAO foi usada como criterio -- presenca de outro fenomeno real."
Curitiba,0,CUR_SIAC156_NEG_90bd65a540ba2fda,-25.4392684,-49.3142457,20/07/2026,2026,Coleta,Entulhos diversos (pequena quantidade),RUA MONSENHOR IVO ZANLORENZI,CAMPINA DO SIQUEIRA,strong,"Rua Monsenhor Ivo Zanlorenzi, Campina do Siqueira, Curitiba, Paraná, Região Sul, 80740-050, Brasil",119968268,siac156_curitiba_non_hydrological_category_v1,"non-flood (Coleta/Entulhos diversos (pequena quantidade)) - causally independent of rain, see negative_categories_curitiba.py",siac156_curitiba_negative_v1,"Ponto negativo administrativo geocodificado, pareado por bairro com positivo real, sem colisao <30m. Mesma regra causal do v12 Recife.","Nao usar como escore, threshold ou variavel derivada do rotulo. Ausencia de registro NAO foi usada como criterio -- presenca de outro fenomeno real."
Curitiba,0,CUR_SIAC156_NEG_5ab2c718afb41613,-25.4981723,-49.3444043,13/04/2026,2026,Trânsito,Fiscalização imediata,RUA SETEMBRINO PORTELLA NETO,CIDADE INDUSTRIAL,strong,"Rua Setembrino Portella Neto, Cidade Industrial de Curitiba, Curitiba, Paraná, Região Sul, 81350-260, Brasil",776883594,siac156_curitiba_non_hydrological_category_v1,"non-flood (Trânsito/Fiscalização imediata) - causally independent of rain, see negative_categories_curitiba.py",siac156_curitiba_negative_v1,"Ponto negativo administrativo geocodificado, pareado por bairro com positivo real, sem colisao <30m. Mesma regra causal do v12 Recife.","Nao usar como escore, threshold ou variavel derivada do rotulo. Ausencia de registro NAO foi usada como criterio -- presenca de outro fenomeno real."
Curitiba,0,CUR_SIAC156_NEG_2d8544bc6cd14b79,-25.4431217,-49.2382025,06/04/2026,2026,Iluminação Pública,Manutenção de Luminárias,Doutor Dario Lopes Dos Santos,JARDIM BOTANICO,medium,"Jardim Botânico, Avenida Prefeito Lothário Meissner, Jardim Botânico, Curitiba, Paraná, Região Sul, 80210-170, Brasil",261127581,siac156_curitiba_non_hydrological_category_v1,"non-flood (Iluminação Pública/Manutenção de Luminárias) - causally independent of rain, see negative_categories_curitiba.py",siac156_curitiba_negative_v1,"Ponto negativo administrativo geocodificado, pareado por bairro com positivo real, sem colisao <30m. Mesma regra causal do v12 Recife.","Nao usar como escore, threshold ou variavel derivada do rotulo. Ausencia de registro NAO foi usada como criterio -- presenca de outro fenomeno real."
Curitiba,0,CUR_SIAC156_NEG_5d0675ed389b748b,-25.4874328,-49.2806313,06/03/2026,2026,Coleta,Resíduos vegetais de jardim,Rua Eloy de Assis Fabris,NOVO MUNDO,strong,"Rua Eloy de Assis Fabris, Novo Mundo, Curitiba, Paraná, Região Sul, 81030-410, Brasil",79642402,siac156_curitiba_non_hydrological_category_v1,"non-flood (Coleta/Resíduos vegetais de jardim) - causally independent of rain, see negative_categories_curitiba.py",siac156_curitiba_negative_v1,"Ponto negativo administrativo geocodificado, pareado por bairro com positivo real, sem colisao <30m. Mesma regra causal do v12 Recife.","Nao usar como escore, threshold ou variavel derivada do rotulo. Ausencia de registro NAO foi usada como criterio -- presenca de outro fenomeno real."
Curitiba,0,CUR_SIAC156_NEG_6df9f7025e576e8a,-25.4255154,-49.2574145,16/04/2026,2026,Coleta,Resíduos vegetais de jardim,Travessa João Prosdócimo,ALTO DA RUA XV,strong,"Travessa João Prosdócimo, Alto da Rua XV, Curitiba, Paraná, Região Sul, 80060-195, Brasil",127191508,siac156_curitiba_non_hydrological_category_v1,"non-flood (Coleta/Resíduos vegetais de jardim) - causally independent of rain, see negative_categories_curitiba.py",siac156_curitiba_negative_v1,"Ponto negativo administrativo geocodificado, pareado por bairro com positivo real, sem colisao <30m. Mesma regra causal do v12 Recife.","Nao usar como escore, threshold ou variavel derivada do rotulo. Ausencia de registro NAO foi usada como criterio -- presenca de outro fenomeno real."
Curitiba,0,CUR_SIAC156_NEG_943d54054d1f963b,-25.4313292,-49.2548366,24/07/2026,2026,Coleta,Entulhos diversos (pequena quantidade),Avenida Visconde de Guarapuava,ALTO DA RUA XV,strong,"Avenida Visconde de Guarapuava, Alto da Rua XV, Curitiba, Paraná, Região Sul, 80045-060, Brasil",24600787,siac156_curitiba_non_hydrological_category_v1,"non-flood (Coleta/Entulhos diversos (pequena quantidade)) - causally independent of rain, see negative_categories_curitiba.py",siac156_curitiba_negative_v1,"Ponto negativo administrativo geocodificado, pareado por bairro com positivo real, sem colisao <30m. Mesma regra causal do v12 Recife.","Nao usar como escore, threshold ou variavel derivada do rotulo. Ausencia de registro NAO foi usada como criterio -- presenca de outro fenomeno real."
Curitiba,0,CUR_SIAC156_NEG_62582976e558b2ca,-25.5877617,-49.3375608,21/03/2026,2026,Coleta,Entulhos diversos (pequena quantidade),Emanoel Ernesto Bertoldi,CAMPO DE SANTANA,strong,"Rua Emanoel Ernesto Bertoldi, Moradias Rio Bonito, Campo de Santana, Aldeia Kakane Porã, Curitiba, Paraná, Região Sul, 81490-426, Brasil",167268926,siac156_curitiba_non_hydrological_category_v1,"non-flood (Coleta/Entulhos diversos (pequena quantidade)) - causally independent of rain, see negative_categories_curitiba.py",siac156_curitiba_negative_v1,"Ponto negativo administrativo geocodificado, pareado por bairro com positivo real, sem colisao <30m. Mesma regra causal do v12 Recife.","Nao usar como escore, threshold ou variavel derivada do rotulo. Ausencia de registro NAO foi usada como criterio -- presenca de outro fenomeno real."
Curitiba,0,CUR_SIAC156_NEG_b02a6cb11aedc940,-25.4049286,-49.2923961,11/02/2026,2026,Coleta,Caliças até 5 carrinhos de mão,Rua Antônio Costa,VISTA ALEGRE,strong,"Rua Antônio Costa, Vista Alegre, Curitiba, Paraná, Região Sul, 82100-240, Brasil",30049731,siac156_curitiba_non_hydrological_category_v1,"non-flood (Coleta/Caliças até 5 carrinhos de mão) - causally independent of rain, see negative_categories_curitiba.py",siac156_curitiba_negative_v1,"Ponto negativo administrativo geocodificado, pareado por bairro com positivo real, sem colisao <30m. Mesma regra causal do v12 Recife.","Nao usar como escore, threshold ou variavel derivada do rotulo. Ausencia de registro NAO foi usada como criterio -- presenca de outro fenomeno real."
Curitiba,0,CUR_SIAC156_NEG_c81f27263b0ff17e,-25.4209968,-49.2519902,04/03/2026,2026,Coleta,Resíduos vegetais de jardim,RUA CONSELHEIRO CARRÃO,JUVEVE,strong,"Rua Conselheiro Carrão, Juvevê, Curitiba, Paraná, Região Sul, 80040-140, Brasil",163037382,siac156_curitiba_non_hydrological_category_v1,"non-flood (Coleta/Resíduos vegetais de jardim) - causally independent of rain, see negative_categories_curitiba.py",siac156_curitiba_negative_v1,"Ponto negativo administrativo geocodificado, pareado por bairro com positivo real, sem colisao <30m. Mesma regra causal do v12 Recife.","Nao usar como escore, threshold ou variavel derivada do rotulo. Ausencia de registro NAO foi usada como criterio -- presenca de outro fenomeno real."
Curitiba,0,CUR_SIAC156_NEG_21a6dc9d6a0669b6,-25.3811553,-49.2749411,07/06/2026,2026,Coleta,Resíduos vegetais de jardim,Rua Benedito Correia de Freitas,ABRANCHES,strong,"Rua Benedito Correia de Freitas, Abranches, Curitiba, Paraná, Região Sul, 82130-230, Brasil",161997924,siac156_curitiba_non_hydrological_category_v1,"non-flood (Coleta/Resíduos vegetais de jardim) - causally independent of rain, see negative_categories_curitiba.py",siac156_curitiba_negative_v1,"Ponto negativo administrativo geocodificado, pareado por bairro com positivo real, sem colisao <30m. Mesma regra causal do v12 Recife.","Nao usar como escore, threshold ou variavel derivada do rotulo. Ausencia de registro NAO foi usada como criterio -- presenca de outro fenomeno real."
Curitiba,0,CUR_SIAC156_NEG_494aefff3a374ca9,-25.4748625,-49.2622091,01/01/2026,2026,Coleta,Resíduos vegetais de jardim,RUA CORONEL IZALTINO PINHO,FANNY,strong,"Rua Coronel Izaltino Pinho, Fanny, Curitiba, Paraná, Região Sul, 80630-280, Brasil",126271655,siac156_curitiba_non_hydrological_category_v1,"non-flood (Coleta/Resíduos vegetais de jardim) - causally independent of rain, see negative_categories_curitiba.py",siac156_curitiba_negative_v1,"Ponto negativo administrativo geocodificado, pareado por bairro com positivo real, sem colisao <30m. Mesma regra causal do v12 Recife.","Nao usar como escore, threshold ou variavel derivada do rotulo. Ausencia de registro NAO foi usada como criterio -- presenca de outro fenomeno real."
Curitiba,0,CUR_SIAC156_NEG_8d64a6bc1a1a3245,-25.4823086,-49.2574727,24/06/2026,2026,Iluminação Pública,Manutenção de Luminárias,RUA FREI HENRIQUE DE COIMBRA,HAUER,strong,"Rua Frei Henrique de Coimbra, Hauer, Curitiba, Paraná, Região Sul, 81630-050, Brasil",85042404,siac156_curitiba_non_hydrological_category_v1,"non-flood (Iluminação Pública/Manutenção de Luminárias) - causally independent of rain, see negative_categories_curitiba.py",siac156_curitiba_negative_v1,"Ponto negativo administrativo geocodificado, pareado por bairro com positivo real, sem colisao <30m. Mesma regra causal do v12 Recife.","Nao usar como escore, threshold ou variavel derivada do rotulo. Ausencia de registro NAO foi usada como criterio -- presenca de outro fenomeno real."
Curitiba,0,CUR_SIAC156_NEG_4530ff01b8942c88,-25.4842285,-49.343651,13/01/2026,2026,Coleta,Resíduos vegetais de jardim,Rua Cidade de Maria Helena,CIDADE INDUSTRIAL,strong,"Rua Cidade de Maria Helena, Cidade Industrial de Curitiba, Curitiba, Paraná, Região Sul, 81250-350, Brasil",82641504,siac156_curitiba_non_hydrological_category_v1,"non-flood (Coleta/Resíduos vegetais de jardim) - causally independent of rain, see negative_categories_curitiba.py",siac156_curitiba_negative_v1,"Ponto negativo administrativo geocodificado, pareado por bairro com positivo real, sem colisao <30m. Mesma regra causal do v12 Recife.","Nao usar como escore, threshold ou variavel derivada do rotulo. Ausencia de registro NAO foi usada como criterio -- presenca de outro fenomeno real."
Curitiba,0,CUR_SIAC156_NEG_8f8335267508bac7,-25.433257,-49.2755698,04/07/2026,2026,Trânsito,Fiscalização imediata,AVENIDA LUIZ XAVIER,CENTRO,strong,"Avenida Luiz Xavier, Centro, Curitiba, Paraná, Região Sul, 80010-030, Brasil",562757567,siac156_curitiba_non_hydrological_category_v1,"non-flood (Trânsito/Fiscalização imediata) - causally independent of rain, see negative_categories_curitiba.py",siac156_curitiba_negative_v1,"Ponto negativo administrativo geocodificado, pareado por bairro com positivo real, sem colisao <30m. Mesma regra causal do v12 Recife.","Nao usar como escore, threshold ou variavel derivada do rotulo. Ausencia de registro NAO foi usada como criterio -- presenca de outro fenomeno real."
Curitiba,0,CUR_SIAC156_NEG_a75eaa041eb8722b,-25.4806519,-49.2385118,12/02/2026,2026,Coleta,Resíduos vegetais de jardim,RUA CANAL BELÉM,UBERABA,strong,"Avenida Canal Belém (Marginal Leste), Uberaba, Curitiba, Paraná, Região Sul, 81510-640, Brasil",161189749,siac156_curitiba_non_hydrological_category_v1,"non-flood (Coleta/Resíduos vegetais de jardim) - causally independent of rain, see negative_categories_curitiba.py",siac156_curitiba_negative_v1,"Ponto negativo administrativo geocodificado, pareado por bairro com positivo real, sem colisao <30m. Mesma regra causal do v12 Recife.","Nao usar como escore, threshold ou variavel derivada do rotulo. Ausencia de registro NAO foi usada como criterio -- presenca de outro fenomeno real."
Curitiba,0,CUR_SIAC156_NEG_40b2e9393753ed8b,-25.4701322,-49.3026929,15/04/2026,2026,Trânsito,Fiscalização de estacionamento irregular,Padre Leonardo Nunes,PORTAO,strong,"Rua Padre Leonardo Nunes, Portão, Curitiba, Paraná, Região Sul, 80330-050, Brasil",491064183,siac156_curitiba_non_hydrological_category_v1,"non-flood (Trânsito/Fiscalização de estacionamento irregular) - causally independent of rain, see negative_categories_curitiba.py",siac156_curitiba_negative_v1,"Ponto negativo administrativo geocodificado, pareado por bairro com positivo real, sem colisao <30m. Mesma regra causal do v12 Recife.","Nao usar como escore, threshold ou variavel derivada do rotulo. Ausencia de registro NAO foi usada como criterio -- presenca de outro fenomeno real."
Curitiba,0,CUR_SIAC156_NEG_4c1b9b0bbef229ce,-25.4130571,-49.2246419,13/02/2026,2026,Árvore,Poda de manutenção em árvores,Rua Anita Ribas,BACACHERI,strong,"Rua Anita Ribas, Bacacheri, Curitiba, Paraná, Região Sul, 82520-620, Brasil",173185757,siac156_curitiba_non_hydrological_category_v1,"non-flood (Árvore/Poda de manutenção em árvores) - causally independent of rain, see negative_categories_curitiba.py",siac156_curitiba_negative_v1,"Ponto negativo administrativo geocodificado, pareado por bairro com positivo real, sem colisao <30m. Mesma regra causal do v12 Recife.","Nao usar como escore, threshold ou variavel derivada do rotulo. Ausencia de registro NAO foi usada como criterio -- presenca de outro fenomeno real."
Curitiba,0,CUR_SIAC156_NEG_8bb56fe3fa73d84c,-25.3932886,-49.253777,27/02/2026,2026,Coleta,Resíduos vegetais de jardim,RUA HOLANDA,BOA VISTA,strong,"Rua Holanda, Boa Vista, Curitiba, Paraná, Região Sul, 82540-050, Brasil",260687501,siac156_curitiba_non_hydrological_category_v1,"non-flood (Coleta/Resíduos vegetais de jardim) - causally independent of rain, see negative_categories_curitiba.py",siac156_curitiba_negative_v1,"Ponto negativo administrativo geocodificado, pareado por bairro com positivo real, sem colisao <30m. Mesma regra causal do v12 Recife.","Nao usar como escore, threshold ou variavel derivada do rotulo. Ausencia de registro NAO foi usada como criterio -- presenca de outro fenomeno real."
Curitiba,0,CUR_SIAC156_NEG_1983658c221848c5,-25.3753399,-49.261267,31/03/2026,2026,Coleta,Resíduos vegetais de jardim,RUA AVERROES,BARREIRINHA,strong,"Rua Averróes, Barreirinha, Curitiba, Paraná, Região Sul, 82700-110, Brasil",162228630,siac156_curitiba_non_hydrological_category_v1,"non-flood (Coleta/Resíduos vegetais de jardim) - causally independent of rain, see negative_categories_curitiba.py",siac156_curitiba_negative_v1,"Ponto negativo administrativo geocodificado, pareado por bairro com positivo real, sem colisao <30m. Mesma regra causal do v12 Recife.","Nao usar como escore, threshold ou variavel derivada do rotulo. Ausencia de registro NAO foi usada como criterio -- presenca de outro fenomeno real."
Curitiba,0,CUR_SIAC156_NEG_c1615482a876dd66,-25.441197,-49.2264082,20/01/2026,2026,Iluminação Pública,Manutenção de Luminárias,Rua Sebastiao Francisco Cortiano,CAJURU,strong,"Rua Sebastião Francisco Cortiano, Cajuru, Curitiba, Paraná, Região Sul, 82800-240, Brasil",127269608,siac156_curitiba_non_hydrological_category_v1,"non-flood (Iluminação Pública/Manutenção de Luminárias) - causally independent of rain, see negative_categories_curitiba.py",siac156_curitiba_negative_v1,"Ponto negativo administrativo geocodificado, pareado por bairro com positivo real, sem colisao <30m. Mesma regra causal do v12 Recife.","Nao usar como escore, threshold ou variavel derivada do rotulo. Ausencia de registro NAO foi usada como criterio -- presenca de outro fenomeno real."
Curitiba,0,CUR_SIAC156_NEG_0b6c7ea0dd1ad337,-25.4037224,-49.2863252,14/07/2026,2026,Coleta,Resíduos vegetais de jardim,Rua Schumann,VISTA ALEGRE,strong,"Rua Schumann, Vista Alegre, Curitiba, Paraná, Região Sul, 80820-010, Brasil",995310541,siac156_curitiba_non_hydrological_category_v1,"non-flood (Coleta/Resíduos vegetais de jardim) - causally independent of rain, see negative_categories_curitiba.py",siac156_curitiba_negative_v1,"Ponto negativo administrativo geocodificado, pareado por bairro com positivo real, sem colisao <30m. Mesma regra causal do v12 Recife.","Nao usar como escore, threshold ou variavel derivada do rotulo. Ausencia de registro NAO foi usada como criterio -- presenca de outro fenomeno real."
Curitiba,0,CUR_SIAC156_NEG_dc9dd75651c14e73,-25.3830887,-49.290741,02/03/2026,2026,Coleta,Resíduos vegetais de jardim,Rua Vital Gulisz,PILARZINHO,strong,"Rua Vital Gulisz, Pilarzinho, Curitiba, Paraná, Região Sul, 82110-350, Brasil",150298998,siac156_curitiba_non_hydrological_category_v1,"non-flood (Coleta/Resíduos vegetais de jardim) - causally independent of rain, see negative_categories_curitiba.py",siac156_curitiba_negative_v1,"Ponto negativo administrativo geocodificado, pareado por bairro com positivo real, sem colisao <30m. Mesma regra causal do v12 Recife.","Nao usar como escore, threshold ou variavel derivada do rotulo. Ausencia de registro NAO foi usada como criterio -- presenca de outro fenomeno real."
Curitiba,0,CUR_SIAC156_NEG_478bd04707f786a1,-25.4736303,-49.1898069,09/03/2026,2026,Iluminação Pública,Manutenção de Luminárias,RUA DOUTOR JOSÉ GIOSTRI SOBRINHO,CAJURU,strong,"Rua Doutor José Giostri Sobrinho, Vila Acrópole Agrícola, Cajuru, Curitiba, Paraná, Região Sul, 82980-100, Brasil",308794758,siac156_curitiba_non_hydrological_category_v1,"non-flood (Iluminação Pública/Manutenção de Luminárias) - causally independent of rain, see negative_categories_curitiba.py",siac156_curitiba_negative_v1,"Ponto negativo administrativo geocodificado, pareado por bairro com positivo real, sem colisao <30m. Mesma regra causal do v12 Recife.","Nao usar como escore, threshold ou variavel derivada do rotulo. Ausencia de registro NAO foi usada como criterio -- presenca de outro fenomeno real."
Curitiba,0,CUR_SIAC156_NEG_727303ae90a73d16,-25.4089403,-49.3568105,11/02/2026,2026,Lombada física,Implantação,Rua Brasílio Cuman,SAO BRAZ,strong,"Rua Brasílio Cuman, São Braz, Curitiba, Paraná, Região Sul, 82315-420, Brasil",78071344,siac156_curitiba_non_hydrological_category_v1,"non-flood (Lombada física/Implantação) - causally independent of rain, see negative_categories_curitiba.py",siac156_curitiba_negative_v1,"Ponto negativo administrativo geocodificado, pareado por bairro com positivo real, sem colisao <30m. Mesma regra causal do v12 Recife.","Nao usar como escore, threshold ou variavel derivada do rotulo. Ausencia de registro NAO foi usada como criterio -- presenca de outro fenomeno real."
Curitiba,0,CUR_SIAC156_NEG_31232eaf42d2020c,-25.4212906,-49.2792728,19/06/2026,2026,Trânsito,Fiscalização de estacionamento irregular,Celestino Júnior,SAO FRANCISCO,strong,"Rua Celestino Júnior, São Francisco, Curitiba, Paraná, Região Sul, 80510-342, Brasil",163596799,siac156_curitiba_non_hydrological_category_v1,"non-flood (Trânsito/Fiscalização de estacionamento irregular) - causally independent of rain, see negative_categories_curitiba.py",siac156_curitiba_negative_v1,"Ponto negativo administrativo geocodificado, pareado por bairro com positivo real, sem colisao <30m. Mesma regra causal do v12 Recife.","Nao usar como escore, threshold ou variavel derivada do rotulo. Ausencia de registro NAO foi usada como criterio -- presenca de outro fenomeno real."
Curitiba,0,CUR_SIAC156_NEG_633b91433b9a3a14,-25.4324,-49.2268142,05/03/2026,2026,Árvore,Poda de manutenção em árvores,Rua Américo Mattei,TARUMA,strong,"Rua Américo Mattei, Tarumã, Curitiba, Paraná, Região Sul, 82800-030, Brasil",24877312,siac156_curitiba_non_hydrological_category_v1,"non-flood (Árvore/Poda de manutenção em árvores) - causally independent of rain, see negative_categories_curitiba.py",siac156_curitiba_negative_v1,"Ponto negativo administrativo geocodificado, pareado por bairro com positivo real, sem colisao <30m. Mesma regra causal do v12 Recife.","Nao usar como escore, threshold ou variavel derivada do rotulo. Ausencia de registro NAO foi usada como criterio -- presenca de outro fenomeno real."
Curitiba,0,CUR_SIAC156_NEG_29be405144aa1c69,-25.4764532,-49.2746595,25/06/2026,2026,Coleta,Resíduos vegetais de jardim,RUA CAPITÃO JOÃO ZALESKI,LINDOIA,strong,"Rua Capitão João Zaleski, Lindóia, Curitiba, Paraná, Região Sul, 81010-001, Brasil",126274294,siac156_curitiba_non_hydrological_category_v1,"non-flood (Coleta/Resíduos vegetais de jardim) - causally independent of rain, see negative_categories_curitiba.py",siac156_curitiba_negative_v1,"Ponto negativo administrativo geocodificado, pareado por bairro com positivo real, sem colisao <30m. Mesma regra causal do v12 Recife.","Nao usar como escore, threshold ou variavel derivada do rotulo. Ausencia de registro NAO foi usada como criterio -- presenca de outro fenomeno real."
Curitiba,0,CUR_SIAC156_NEG_46b6001dbcb04683,-25.5027872,-49.2841242,27/07/2026,2026,Coleta,Resíduos vegetais de jardim,Rua Major Sebastião Izidoro Pereira,CAPAO RASO,strong,"Rua Major Sebastião Izidoro Pereira, Capão Raso, Curitiba, Paraná, Região Sul, 81110-290, Brasil",24781567,siac156_curitiba_non_hydrological_category_v1,"non-flood (Coleta/Resíduos vegetais de jardim) - causally independent of rain, see negative_categories_curitiba.py",siac156_curitiba_negative_v1,"Ponto negativo administrativo geocodificado, pareado por bairro com positivo real, sem colisao <30m. Mesma regra causal do v12 Recife.","Nao usar como escore, threshold ou variavel derivada do rotulo. Ausencia de registro NAO foi usada como criterio -- presenca de outro fenomeno real."
Curitiba,0,CUR_SIAC156_NEG_18dea759cc85fba5,-25.4082241,-49.2031442,19/03/2026,2026,Coleta,Resíduos vegetais de jardim,RUA MARCÍLIO DIAS,BAIRRO ALTO,strong,"Rua Marcílio Dias, Bairro Alto, Curitiba, Paraná, Região Sul, 82240-290, Brasil",159676214,siac156_curitiba_non_hydrological_category_v1,"non-flood (Coleta/Resíduos vegetais de jardim) - causally independent of rain, see negative_categories_curitiba.py",siac156_curitiba_negative_v1,"Ponto negativo administrativo geocodificado, pareado por bairro com positivo real, sem colisao <30m. Mesma regra causal do v12 Recife.","Nao usar como escore, threshold ou variavel derivada do rotulo. Ausencia de registro NAO foi usada como criterio -- presenca de outro fenomeno real."
Curitiba,0,CUR_SIAC156_NEG_8e32611169373be5,-25.4286981,-49.2436375,19/03/2026,2026,Coleta,Resíduos vegetais de jardim,Avenida Sete de Setembro,CRISTO REI,strong,"Avenida Sete de Setembro, Cristo Rei, Curitiba, Paraná, Região Sul, 80045-380, Brasil",701257084,siac156_curitiba_non_hydrological_category_v1,"non-flood (Coleta/Resíduos vegetais de jardim) - causally independent of rain, see negative_categories_curitiba.py",siac156_curitiba_negative_v1,"Ponto negativo administrativo geocodificado, pareado por bairro com positivo real, sem colisao <30m. Mesma regra causal do v12 Recife.","Nao usar como escore, threshold ou variavel derivada do rotulo. Ausencia de registro NAO foi usada como criterio -- presenca de outro fenomeno real."
Curitiba,0,CUR_SIAC156_NEG_91e9d64d62d40dfe,-25.4886969,-49.2439167,29/05/2026,2026,Iluminação Pública,Manutenção de Luminárias,Avenida Marechal Floriano Peixoto,BOQUEIRAO,strong,"Avenida Marechal Floriano Peixoto, Boqueirão, Curitiba, Paraná, Região Sul, 81670-000, Brasil",333068560,siac156_curitiba_non_hydrological_category_v1,"non-flood (Iluminação Pública/Manutenção de Luminárias) - causally independent of rain, see negative_categories_curitiba.py",siac156_curitiba_negative_v1,"Ponto negativo administrativo geocodificado, pareado por bairro com positivo real, sem colisao <30m. Mesma regra causal do v12 Recife.","Nao usar como escore, threshold ou variavel derivada do rotulo. Ausencia de registro NAO foi usada como criterio -- presenca de outro fenomeno real."
Curitiba,0,CUR_SIAC156_NEG_8c1ce7a6b41ed9b7,-25.4962971,-49.2568127,15/07/2026,2026,Coleta,Entulhos diversos (pequena quantidade),Rua Raggi Izar,BOQUEIRAO,strong,"Rua Raggi Izar, Boqueirão, Curitiba, Paraná, Região Sul, 81670-230, Brasil",84872550,siac156_curitiba_non_hydrological_category_v1,"non-flood (Coleta/Entulhos diversos (pequena quantidade)) - causally independent of rain, see negative_categories_curitiba.py",siac156_curitiba_negative_v1,"Ponto negativo administrativo geocodificado, pareado por bairro com positivo real, sem colisao <30m. Mesma regra causal do v12 Recife.","Nao usar como escore, threshold ou variavel derivada do rotulo. Ausencia de registro NAO foi usada como criterio -- presenca de outro fenomeno real."
Curitiba,0,CUR_SIAC156_NEG_7220a083633c0668,-25.4417707,-49.3153256,01/04/2026,2026,Disque Solidariedade,Doações,Rua Tito Calderari,CAMPINA DO SIQUEIRA,strong,"Rua Tito Calderari, Campina do Siqueira, Curitiba, Paraná, Região Sul, 80740-050, Brasil",29465214,siac156_curitiba_non_hydrological_category_v1,"non-flood (Disque Solidariedade/Doações) - causally independent of rain, see negative_categories_curitiba.py",siac156_curitiba_negative_v1,"Ponto negativo administrativo geocodificado, pareado por bairro com positivo real, sem colisao <30m. Mesma regra causal do v12 Recife.","Nao usar como escore, threshold ou variavel derivada do rotulo. Ausencia de registro NAO foi usada como criterio -- presenca de outro fenomeno real."
Curitiba,0,CUR_SIAC156_NEG_47523566e07c25fc,-25.4810539,-49.2030816,20/01/2026,2026,Coleta,Resíduos vegetais de jardim,RUA FRANCISCO LICNERSKI,UBERABA,strong,"Rua Francisco Licnerski, Uberaba, Curitiba, Paraná, Região Sul, 81590-250, Brasil",132378227,siac156_curitiba_non_hydrological_category_v1,"non-flood (Coleta/Resíduos vegetais de jardim) - causally independent of rain, see negative_categories_curitiba.py",siac156_curitiba_negative_v1,"Ponto negativo administrativo geocodificado, pareado por bairro com positivo real, sem colisao <30m. Mesma regra causal do v12 Recife.","Nao usar como escore, threshold ou variavel derivada do rotulo. Ausencia de registro NAO foi usada como criterio -- presenca de outro fenomeno real."
Curitiba,0,CUR_SIAC156_NEG_482e926f8fc1fea8,-25.4208094,-49.2062864,18/05/2026,2026,Coleta,Entulhos diversos (pequena quantidade),Rua Bruno Lobo,BAIRRO ALTO,strong,"Rua Bruno Lobo, Vila Tarumã, Bairro Alto, Curitiba, Paraná, Região Sul, 82820-110, Brasil",162136372,siac156_curitiba_non_hydrological_category_v1,"non-flood (Coleta/Entulhos diversos (pequena quantidade)) - causally independent of rain, see negative_categories_curitiba.py",siac156_curitiba_negative_v1,"Ponto negativo administrativo geocodificado, pareado por bairro com positivo real, sem colisao <30m. Mesma regra causal do v12 Recife.","Nao usar como escore, threshold ou variavel derivada do rotulo. Ausencia de registro NAO foi usada como criterio -- presenca de outro fenomeno real."
Curitiba,0,CUR_SIAC156_NEG_f6d7eda0a32af5d3,-25.4956043,-49.2947211,23/06/2026,2026,Trânsito,Fiscalização de estacionamento irregular,LARGO PADRE ALBINO VICO,CAPAO RASO,medium,"Largo Padre Albino Vico, Capão Raso, Curitiba, Paraná, Região Sul, Brasil",738987050,siac156_curitiba_non_hydrological_category_v1,"non-flood (Trânsito/Fiscalização de estacionamento irregular) - causally independent of rain, see negative_categories_curitiba.py",siac156_curitiba_negative_v1,"Ponto negativo administrativo geocodificado, pareado por bairro com positivo real, sem colisao <30m. Mesma regra causal do v12 Recife.","Nao usar como escore, threshold ou variavel derivada do rotulo. Ausencia de registro NAO foi usada como criterio -- presenca de outro fenomeno real."
Curitiba,0,CUR_SIAC156_NEG_0d6268ea54409f25,-25.4362701,-49.3389594,25/04/2026,2026,Coleta,Resíduos vegetais de jardim,Rua Pedro Nicco,MOSSUNGUE,strong,"Rua Pedro Nicco, Campo Comprido, Curitiba, Paraná, Região Sul, 81200-220, Brasil",157966866,siac156_curitiba_non_hydrological_category_v1,"non-flood (Coleta/Resíduos vegetais de jardim) - causally independent of rain, see negative_categories_curitiba.py",siac156_curitiba_negative_v1,"Ponto negativo administrativo geocodificado, pareado por bairro com positivo real, sem colisao <30m. Mesma regra causal do v12 Recife.","Nao usar como escore, threshold ou variavel derivada do rotulo. Ausencia de registro NAO foi usada como criterio -- presenca de outro fenomeno real."
Curitiba,0,CUR_SIAC156_NEG_81d26336687fcdcb,-25.4298108,-49.2609614,06/07/2026,2026,Trânsito,Fiscalização de estacionamento irregular,RUA DOUTOR FAIVRE,CENTRO,strong,"Rua Doutor Faivre, Centro, Curitiba, Paraná, Região Sul, 80060-140, Brasil",663076755,siac156_curitiba_non_hydrological_category_v1,"non-flood (Trânsito/Fiscalização de estacionamento irregular) - causally independent of rain, see negative_categories_curitiba.py",siac156_curitiba_negative_v1,"Ponto negativo administrativo geocodificado, pareado por bairro com positivo real, sem colisao <30m. Mesma regra causal do v12 Recife.","Nao usar como escore, threshold ou variavel derivada do rotulo. Ausencia de registro NAO foi usada como criterio -- presenca de outro fenomeno real."
Curitiba,0,CUR_SIAC156_NEG_44e627d4b45212ba,-25.5858248,-49.3339616,26/03/2026,2026,Coleta,Entulhos diversos (pequena quantidade),Rua Alda Bassetti Bertholdi,CAMPO DE SANTANA,strong,"Rua Alda Bassetti Bertholdi, Moradias Rio Bonito, Campo de Santana, Aldeia Kakane Porã, Curitiba, Paraná, Região Sul, 87483-001, Brasil",167268937,siac156_curitiba_non_hydrological_category_v1,"non-flood (Coleta/Entulhos diversos (pequena quantidade)) - causally independent of rain, see negative_categories_curitiba.py",siac156_curitiba_negative_v1,"Ponto negativo administrativo geocodificado, pareado por bairro com positivo real, sem colisao <30m. Mesma regra causal do v12 Recife.","Nao usar como escore, threshold ou variavel derivada do rotulo. Ausencia de registro NAO foi usada como criterio -- presenca de outro fenomeno real."
Curitiba,0,CUR_SIAC156_NEG_e2a11865c14bdc07,-25.440614,-49.2159707,24/05/2026,2026,Coleta,Resíduos vegetais de jardim,Rua Tamboara,CAPAO DA IMBUIA,strong,"Rua Tamboara, Capão da Imbuia, Curitiba, Paraná, Região Sul, 82900-010, Brasil",152131310,siac156_curitiba_non_hydrological_category_v1,"non-flood (Coleta/Resíduos vegetais de jardim) - causally independent of rain, see negative_categories_curitiba.py",siac156_curitiba_negative_v1,"Ponto negativo administrativo geocodificado, pareado por bairro com positivo real, sem colisao <30m. Mesma regra causal do v12 Recife.","Nao usar como escore, threshold ou variavel derivada do rotulo. Ausencia de registro NAO foi usada como criterio -- presenca de outro fenomeno real."
Curitiba,0,CUR_SIAC156_NEG_8526791b506a0ede,-25.400252,-49.3028882,13/03/2026,2026,Coleta,Caliças até 5 carrinhos de mão,RUA PROFESSOR OSVALDO KOHATSU,VISTA ALEGRE,strong,"Rua Professor Osvaldo Kohatsu, Vista Alegre, Curitiba, Paraná, Região Sul, 82100-090, Brasil",30050377,siac156_curitiba_non_hydrological_category_v1,"non-flood (Coleta/Caliças até 5 carrinhos de mão) - causally independent of rain, see negative_categories_curitiba.py",siac156_curitiba_negative_v1,"Ponto negativo administrativo geocodificado, pareado por bairro com positivo real, sem colisao <30m. Mesma regra causal do v12 Recife.","Nao usar como escore, threshold ou variavel derivada do rotulo. Ausencia de registro NAO foi usada como criterio -- presenca de outro fenomeno real."
Curitiba,0,CUR_SIAC156_NEG_b8e32014b95b9ed5,-25.5059835,-49.3021648,09/02/2026,2026,Árvore,Remoção de tocos / destoca,Rua Professor Waldir de Jesus,CAPAO RASO,strong,"Rua Professor Waldir de Jesus, Capão Raso, Curitiba, Paraná, Região Sul, 81130-290, Brasil",33037283,siac156_curitiba_non_hydrological_category_v1,"non-flood (Árvore/Remoção de tocos / destoca) - causally independent of rain, see negative_categories_curitiba.py",siac156_curitiba_negative_v1,"Ponto negativo administrativo geocodificado, pareado por bairro com positivo real, sem colisao <30m. Mesma regra causal do v12 Recife.","Nao usar como escore, threshold ou variavel derivada do rotulo. Ausencia de registro NAO foi usada como criterio -- presenca de outro fenomeno real."
Curitiba,0,CUR_SIAC156_NEG_f59d35bc0e4feeb9,-25.4231544,-49.2444414,19/02/2026,2026,Trânsito,Fiscalização de estacionamento irregular,RUA ITUPAVA,HUGO LANGE,strong,"Rua Itupava, Hugo Lange, Curitiba, Paraná, Região Sul, 80045-330, Brasil",24576703,siac156_curitiba_non_hydrological_category_v1,"non-flood (Trânsito/Fiscalização de estacionamento irregular) - causally independent of rain, see negative_categories_curitiba.py",siac156_curitiba_negative_v1,"Ponto negativo administrativo geocodificado, pareado por bairro com positivo real, sem colisao <30m. Mesma regra causal do v12 Recife.","Nao usar como escore, threshold ou variavel derivada do rotulo. Ausencia de registro NAO foi usada como criterio -- presenca de outro fenomeno real."
Curitiba,0,CUR_SIAC156_NEG_9bc3ad3ee6d3f83e,-25.4207948,-49.3613651,06/04/2026,2026,Árvore,Poda de manutenção em árvores,Rua da Independência,SAO BRAZ,strong,"Rua da Independência, São Braz, Curitiba, Paraná, Região Sul, 82310-385, Brasil",158229851,siac156_curitiba_non_hydrological_category_v1,"non-flood (Árvore/Poda de manutenção em árvores) - causally independent of rain, see negative_categories_curitiba.py",siac156_curitiba_negative_v1,"Ponto negativo administrativo geocodificado, pareado por bairro com positivo real, sem colisao <30m. Mesma regra causal do v12 Recife.","Nao usar como escore, threshold ou variavel derivada do rotulo. Ausencia de registro NAO foi usada como criterio -- presenca de outro fenomeno real."
Curitiba,0,CUR_SIAC156_NEG_252446a99a70df87,-25.4879104,-49.3238941,06/01/2026,2026,Árvore,Poda de manutenção em árvores,Rua Sezinando Martinho da Cruz,FAZENDINHA,strong,"Rua Sezinando Martinho da Cruz, Fazendinha, Curitiba, Paraná, Região Sul, 81330-400, Brasil",598202161,siac156_curitiba_non_hydrological_category_v1,"non-flood (Árvore/Poda de manutenção em árvores) - causally independent of rain, see negative_categories_curitiba.py",siac156_curitiba_negative_v1,"Ponto negativo administrativo geocodificado, pareado por bairro com positivo real, sem colisao <30m. Mesma regra causal do v12 Recife.","Nao usar como escore, threshold ou variavel derivada do rotulo. Ausencia de registro NAO foi usada como criterio -- presenca de outro fenomeno real."
Curitiba,0,CUR_SIAC156_NEG_beca0a098be411cc,-25.3944154,-49.3121537,12/02/2026,2026,Trânsito,Fiscalização de bloqueio de pista,Napoli,SAO JOAO,strong,"Rua Napoli, São João, Curitiba, Paraná, Região Sul, 82020-250, Brasil",126812400,siac156_curitiba_non_hydrological_category_v1,"non-flood (Trânsito/Fiscalização de bloqueio de pista) - causally independent of rain, see negative_categories_curitiba.py",siac156_curitiba_negative_v1,"Ponto negativo administrativo geocodificado, pareado por bairro com positivo real, sem colisao <30m. Mesma regra causal do v12 Recife.","Nao usar como escore, threshold ou variavel derivada do rotulo. Ausencia de registro NAO foi usada como criterio -- presenca de outro fenomeno real."
Curitiba,0,CUR_SIAC156_NEG_fb1419e9b05017db,-25.4658595,-49.1913318,30/05/2026,2026,Cartão transporte,Geral,TRAVESSA João Carlos Taborda,CAJURU,strong,"Travessa João Carlos Taborda, Vila Acrópole Agrícola, Cajuru, Curitiba, Paraná, Região Sul, 82980-100, Brasil",308794785,siac156_curitiba_non_hydrological_category_v1,"non-flood (Cartão transporte/Geral) - causally independent of rain, see negative_categories_curitiba.py",siac156_curitiba_negative_v1,"Ponto negativo administrativo geocodificado, pareado por bairro com positivo real, sem colisao <30m. Mesma regra causal do v12 Recife.","Nao usar como escore, threshold ou variavel derivada do rotulo. Ausencia de registro NAO foi usada como criterio -- presenca de outro fenomeno real."
Curitiba,0,CUR_SIAC156_NEG_08412971809ab265,-25.4392283,-49.2710339,20/05/2026,2026,IPTU,Informação,AVENIDA SETE DE SETEMBRO,CENTRO,strong,"Avenida Sete de Setembro, Centro, Curitiba, Paraná, Região Sul, 80230-090, Brasil",231100862,siac156_curitiba_non_hydrological_category_v1,"non-flood (IPTU/Informação) - causally independent of rain, see negative_categories_curitiba.py",siac156_curitiba_negative_v1,"Ponto negativo administrativo geocodificado, pareado por bairro com positivo real, sem colisao <30m. Mesma regra causal do v12 Recife.","Nao usar como escore, threshold ou variavel derivada do rotulo. Ausencia de registro NAO foi usada como criterio -- presenca de outro fenomeno real."
Curitiba,0,CUR_SIAC156_NEG_936894805eb6315f,-25.4021606,-49.2037203,14/02/2026,2026,Coleta,Entulhos diversos (pequena quantidade),RUA RIO IRIRI,BAIRRO ALTO,strong,"Rua Rio Iriri, Bairro Alto, Curitiba, Paraná, Região Sul, 82820-070, Brasil",159676190,siac156_curitiba_non_hydrological_category_v1,"non-flood (Coleta/Entulhos diversos (pequena quantidade)) - causally independent of rain, see negative_categories_curitiba.py",siac156_curitiba_negative_v1,"Ponto negativo administrativo geocodificado, pareado por bairro com positivo real, sem colisao <30m. Mesma regra causal do v12 Recife.","Nao usar como escore, threshold ou variavel derivada do rotulo. Ausencia de registro NAO foi usada como criterio -- presenca de outro fenomeno real."
Curitiba,0,CUR_SIAC156_NEG_68c09464ffc2dfc2,-25.4889277,-49.3024319,21/07/2026,2026,Coleta,Resíduos vegetais de jardim,Rua Primo Lourenço Tosin,NOVO MUNDO,strong,"Rua Primo Lourenço Tosin, Vila Leão Pimpão, Novo Mundo, Curitiba, Paraná, Região Sul, 81050-080, Brasil",33068637,siac156_curitiba_non_hydrological_category_v1,"non-flood (Coleta/Resíduos vegetais de jardim) - causally independent of rain, see negative_categories_curitiba.py",siac156_curitiba_negative_v1,"Ponto negativo administrativo geocodificado, pareado por bairro com positivo real, sem colisao <30m. Mesma regra causal do v12 Recife.","Nao usar como escore, threshold ou variavel derivada do rotulo. Ausencia de registro NAO foi usada como criterio -- presenca de outro fenomeno real."
Curitiba,0,CUR_SIAC156_NEG_378f29d634596442,-25.5330021,-49.2392476,03/05/2026,2026,Coleta,Entulhos diversos (pequena quantidade),RUA FRANCISCO DEROSSO,ALTO BOQUEIRAO,strong,"Rua Francisco Derosso, Alto Boqueirão, Curitiba, Paraná, Região Sul, 81860-050, Brasil",24783614,siac156_curitiba_non_hydrological_category_v1,"non-flood (Coleta/Entulhos diversos (pequena quantidade)) - causally independent of rain, see negative_categories_curitiba.py",siac156_curitiba_negative_v1,"Ponto negativo administrativo geocodificado, pareado por bairro com positivo real, sem colisao <30m. Mesma regra causal do v12 Recife.","Nao usar como escore, threshold ou variavel derivada do rotulo. Ausencia de registro NAO foi usada como criterio -- presenca de outro fenomeno real."
Curitiba,0,CUR_SIAC156_NEG_efb28293c158e3a6,-25.3673725,-49.2675364,05/01/2026,2026,Coleta,Resíduos vegetais de jardim,Rua Lúcia Dechandt,ABRANCHES,strong,"Rua Lúcia Dechandt, Abranches, Curitiba, Paraná, Região Sul, 82220-330, Brasil",161237388,siac156_curitiba_non_hydrological_category_v1,"non-flood (Coleta/Resíduos vegetais de jardim) - causally independent of rain, see negative_categories_curitiba.py",siac156_curitiba_negative_v1,"Ponto negativo administrativo geocodificado, pareado por bairro com positivo real, sem colisao <30m. Mesma regra causal do v12 Recife.","Nao usar como escore, threshold ou variavel derivada do rotulo. Ausencia de registro NAO foi usada como criterio -- presenca de outro fenomeno real."
Curitiba,0,CUR_SIAC156_NEG_2dea8ebf0095b293,-25.4697212,-49.2191601,01/05/2026,2026,Iluminação Pública,Manutenção de Luminárias,RUA CAPITÃO LEÔNIDAS MARQUES,UBERABA,strong,"Rua Capitão Leônidas Marques, Uberaba, Curitiba, Paraná, Região Sul, 81540-470, Brasil",84945531,siac156_curitiba_non_hydrological_category_v1,"non-flood (Iluminação Pública/Manutenção de Luminárias) - causally independent of rain, see negative_categories_curitiba.py",siac156_curitiba_negative_v1,"Ponto negativo administrativo geocodificado, pareado por bairro com positivo real, sem colisao <30m. Mesma regra causal do v12 Recife.","Nao usar como escore, threshold ou variavel derivada do rotulo. Ausencia de registro NAO foi usada como criterio -- presenca de outro fenomeno real."
Curitiba,0,CUR_SIAC156_NEG_d4946da4011bdc74,-25.4397003,-49.2104922,06/04/2026,2026,Disque Solidariedade,Doações,Rua João Ponciano Borges,CAPAO DA IMBUIA,strong,"Rua João Ponciano Borges, Capão da Imbuia, Curitiba, Paraná, Região Sul, 82810-460, Brasil",152131326,siac156_curitiba_non_hydrological_category_v1,"non-flood (Disque Solidariedade/Doações) - causally independent of rain, see negative_categories_curitiba.py",siac156_curitiba_negative_v1,"Ponto negativo administrativo geocodificado, pareado por bairro com positivo real, sem colisao <30m. Mesma regra causal do v12 Recife.","Nao usar como escore, threshold ou variavel derivada do rotulo. Ausencia de registro NAO foi usada como criterio -- presenca de outro fenomeno real."
Curitiba,0,CUR_SIAC156_NEG_36a7b4ae53491cdc,-25.4372186,-49.2804412,05/01/2026,2026,Trânsito,Fiscalização de estacionamento irregular,Rua Comendador Araújo,CENTRO,strong,"Rua Comendador Araújo, Centro, Curitiba, Paraná, Região Sul, 80420-000, Brasil",29464177,siac156_curitiba_non_hydrological_category_v1,"non-flood (Trânsito/Fiscalização de estacionamento irregular) - causally independent of rain, see negative_categories_curitiba.py",siac156_curitiba_negative_v1,"Ponto negativo administrativo geocodificado, pareado por bairro com positivo real, sem colisao <30m. Mesma regra causal do v12 Recife.","Nao usar como escore, threshold ou variavel derivada do rotulo. Ausencia de registro NAO foi usada como criterio -- presenca de outro fenomeno real."
Curitiba,0,CUR_SIAC156_NEG_dea36f80b25cce1f,-25.4836429,-49.226407,27/02/2026,2026,Coleta,Resíduos vegetais de jardim,Rua Gabriel Arns,UBERABA,strong,"Rua Gabriel Arns, Uberaba, Curitiba, Paraná, Região Sul, 81570-160, Brasil",125389819,siac156_curitiba_non_hydrological_category_v1,"non-flood (Coleta/Resíduos vegetais de jardim) - causally independent of rain, see negative_categories_curitiba.py",siac156_curitiba_negative_v1,"Ponto negativo administrativo geocodificado, pareado por bairro com positivo real, sem colisao <30m. Mesma regra causal do v12 Recife.","Nao usar como escore, threshold ou variavel derivada do rotulo. Ausencia de registro NAO foi usada como criterio -- presenca de outro fenomeno real."
Curitiba,0,CUR_SIAC156_NEG_bd0e9214dd6a49d4,-25.482667,-49.2821523,19/02/2026,2026,Coleta,Resíduos vegetais de jardim,Aleixo Bettega,LINDOIA,strong,"Rua Aleixo Bettega, Lindóia, Curitiba, Paraná, Região Sul, 81030-410, Brasil",48310150,siac156_curitiba_non_hydrological_category_v1,"non-flood (Coleta/Resíduos vegetais de jardim) - causally independent of rain, see negative_categories_curitiba.py",siac156_curitiba_negative_v1,"Ponto negativo administrativo geocodificado, pareado por bairro com positivo real, sem colisao <30m. Mesma regra causal do v12 Recife.","Nao usar como escore, threshold ou variavel derivada do rotulo. Ausencia de registro NAO foi usada como criterio -- presenca de outro fenomeno real."
Curitiba,0,CUR_SIAC156_NEG_c8d5a644fae88568,-25.4337164,-49.2293098,28/05/2026,2026,Iluminação Pública,Manutenção de Luminárias,Rua General Adalberto Goncalves De Menezes,TARUMA,strong,"Rua General Adalberto Gonçalves de Menezes, Tarumã, Curitiba, Paraná, Região Sul, 82530-500, Brasil",162320234,siac156_curitiba_non_hydrological_category_v1,"non-flood (Iluminação Pública/Manutenção de Luminárias) - causally independent of rain, see negative_categories_curitiba.py",siac156_curitiba_negative_v1,"Ponto negativo administrativo geocodificado, pareado por bairro com positivo real, sem colisao <30m. Mesma regra causal do v12 Recife.","Nao usar como escore, threshold ou variavel derivada do rotulo. Ausencia de registro NAO foi usada como criterio -- presenca de outro fenomeno real."
Curitiba,0,CUR_SIAC156_NEG_60aa3b2bf61940f1,-25.5549717,-49.2820449,08/01/2026,2026,Coleta,Entulhos diversos (pequena quantidade),José Chimanski,UMBARA,strong,"Rua José Chimanski, Umbará, Curitiba, Paraná, Região Sul, 81930-000, Brasil",164655528,siac156_curitiba_non_hydrological_category_v1,"non-flood (Coleta/Entulhos diversos (pequena quantidade)) - causally independent of rain, see negative_categories_curitiba.py",siac156_curitiba_negative_v1,"Ponto negativo administrativo geocodificado, pareado por bairro com positivo real, sem colisao <30m. Mesma regra causal do v12 Recife.","Nao usar como escore, threshold ou variavel derivada do rotulo. Ausencia de registro NAO foi usada como criterio -- presenca de outro fenomeno real."
Curitiba,0,CUR_SIAC156_NEG_e6da9253ff72841b,-25.5950915,-49.3427603,21/02/2026,2026,Árvore,Poda de manutenção em árvores,Rua Rogério Zara do Amaral,CAMPO DE SANTANA,strong,"Rua Rogério Zara do Amaral, Moradias Rio Bonito, Campo de Santana, Aldeia Kakane Porã, Curitiba, Paraná, Região Sul, 81490-510, Brasil",167272374,siac156_curitiba_non_hydrological_category_v1,"non-flood (Árvore/Poda de manutenção em árvores) - causally independent of rain, see negative_categories_curitiba.py",siac156_curitiba_negative_v1,"Ponto negativo administrativo geocodificado, pareado por bairro com positivo real, sem colisao <30m. Mesma regra causal do v12 Recife.","Nao usar como escore, threshold ou variavel derivada do rotulo. Ausencia de registro NAO foi usada como criterio -- presenca de outro fenomeno real."
Curitiba,0,CUR_SIAC156_NEG_0a85353e53dd37e1,-25.471693,-49.2067758,12/05/2026,2026,Coleta,Entulhos diversos (pequena quantidade),AVENIDA JORNALISTA ADERBAL GAERTNER STRESSER,CAJURU,strong,"Avenida Jornalista Aderbal Gaertner Stresser, Cajuru, Curitiba, Paraná, Região Sul, 82970-000, Brasil",163508834,siac156_curitiba_non_hydrological_category_v1,"non-flood (Coleta/Entulhos diversos (pequena quantidade)) - causally independent of rain, see negative_categories_curitiba.py",siac156_curitiba_negative_v1,"Ponto negativo administrativo geocodificado, pareado por bairro com positivo real, sem colisao <30m. Mesma regra causal do v12 Recife.","Nao usar como escore, threshold ou variavel derivada do rotulo. Ausencia de registro NAO foi usada como criterio -- presenca de outro fenomeno real."
Curitiba,0,CUR_SIAC156_NEG_4d84b9c047bdace5,-25.4771108,-49.2360713,24/04/2026,2026,Coleta,Resíduos vegetais de jardim,RUA ANTÔNIO BRANDALIZE,UBERABA,strong,"Rua Antônio Brandalize, Uberaba, Curitiba, Paraná, Região Sul, 81570-180, Brasil",125389823,siac156_curitiba_non_hydrological_category_v1,"non-flood (Coleta/Resíduos vegetais de jardim) - causally independent of rain, see negative_categories_curitiba.py",siac156_curitiba_negative_v1,"Ponto negativo administrativo geocodificado, pareado por bairro com positivo real, sem colisao <30m. Mesma regra causal do v12 Recife.","Nao usar como escore, threshold ou variavel derivada do rotulo. Ausencia de registro NAO foi usada como criterio -- presenca de outro fenomeno real."
Curitiba,0,CUR_SIAC156_NEG_92089057299ae869,-25.4475861,-49.2920886,21/03/2026,2026,Coleta,Entulhos diversos (pequena quantidade),Castro Alves,BATEL,strong,"Rua Castro Alves, Água Verde, Curitiba, Paraná, Região Sul, 80240-340, Brasil",356132818,siac156_curitiba_non_hydrological_category_v1,"non-flood (Coleta/Entulhos diversos (pequena quantidade)) - causally independent of rain, see negative_categories_curitiba.py",siac156_curitiba_negative_v1,"Ponto negativo administrativo geocodificado, pareado por bairro com positivo real, sem colisao <30m. Mesma regra causal do v12 Recife.","Nao usar como escore, threshold ou variavel derivada do rotulo. Ausencia de registro NAO foi usada como criterio -- presenca de outro fenomeno real."
Curitiba,0,CUR_SIAC156_NEG_90c523c666b2f2a3,-25.538586,-49.2392313,04/07/2026,2026,Trânsito,Fiscalização de estacionamento irregular,RUA CORONEL VIVIDA,ALTO BOQUEIRAO,strong,"Rua Coronel Vivida, Alto Boqueirão, Curitiba, Paraná, Região Sul, 81860-090, Brasil",439034527,siac156_curitiba_non_hydrological_category_v1,"non-flood (Trânsito/Fiscalização de estacionamento irregular) - causally independent of rain, see negative_categories_curitiba.py",siac156_curitiba_negative_v1,"Ponto negativo administrativo geocodificado, pareado por bairro com positivo real, sem colisao <30m. Mesma regra causal do v12 Recife.","Nao usar como escore, threshold ou variavel derivada do rotulo. Ausencia de registro NAO foi usada como criterio -- presenca de outro fenomeno real."
Curitiba,0,CUR_SIAC156_NEG_9bbcbdf605eb113d,-25.5055641,-49.3256178,12/01/2026,2026,Coleta,Entulhos diversos (pequena quantidade),RUA IVO ODIA,CIDADE INDUSTRIAL,strong,"Rua Ivo Odia, Núcleo Habitacional Nossa Senhora da Luz dos Pinhais, Cidade Industrial de Curitiba, Curitiba, Paraná, Região Sul, 81315-660, Brasil",129113064,siac156_curitiba_non_hydrological_category_v1,"non-flood (Coleta/Entulhos diversos (pequena quantidade)) - causally independent of rain, see negative_categories_curitiba.py",siac156_curitiba_negative_v1,"Ponto negativo administrativo geocodificado, pareado por bairro com positivo real, sem colisao <30m. Mesma regra causal do v12 Recife.","Nao usar como escore, threshold ou variavel derivada do rotulo. Ausencia de registro NAO foi usada como criterio -- presenca de outro fenomeno real."
Curitiba,0,CUR_SIAC156_NEG_9d35596990dee66b,-25.3932641,-49.2431383,20/01/2026,2026,Coleta,Resíduos vegetais de jardim,José Milleck,BOA VISTA,strong,"Rua José Milleck, Boa Vista, Curitiba, Paraná, Região Sul, 82560-020, Brasil",38230495,siac156_curitiba_non_hydrological_category_v1,"non-flood (Coleta/Resíduos vegetais de jardim) - causally independent of rain, see negative_categories_curitiba.py",siac156_curitiba_negative_v1,"Ponto negativo administrativo geocodificado, pareado por bairro com positivo real, sem colisao <30m. Mesma regra causal do v12 Recife.","Nao usar como escore, threshold ou variavel derivada do rotulo. Ausencia de registro NAO foi usada como criterio -- presenca de outro fenomeno real."
Curitiba,0,CUR_SIAC156_NEG_c25afdb58f2632f1,-25.4125261,-49.2617747,12/07/2026,2026,Coleta,Resíduos vegetais de jardim,RUA ROCHA POMBO,JUVEVE,strong,"Rua Rocha Pombo, Juvevê, Curitiba, Paraná, Região Sul, 80530-290, Brasil",32944157,siac156_curitiba_non_hydrological_category_v1,"non-flood (Coleta/Resíduos vegetais de jardim) - causally independent of rain, see negative_categories_curitiba.py",siac156_curitiba_negative_v1,"Ponto negativo administrativo geocodificado, pareado por bairro com positivo real, sem colisao <30m. Mesma regra causal do v12 Recife.","Nao usar como escore, threshold ou variavel derivada do rotulo. Ausencia de registro NAO foi usada como criterio -- presenca de outro fenomeno real."
Curitiba,0,CUR_SIAC156_NEG_6fcaf03d505ba538,-25.3887681,-49.241054,09/07/2026,2026,Coleta,Resíduos vegetais de jardim,Rua Deputado Atílio de Almeida Barbosa,BOA VISTA,strong,"Rua Deputado Atílio de Almeida Barbosa, Boa Vista, Curitiba, Paraná, Região Sul, 82560-040, Brasil",38230518,siac156_curitiba_non_hydrological_category_v1,"non-flood (Coleta/Resíduos vegetais de jardim) - causally independent of rain, see negative_categories_curitiba.py",siac156_curitiba_negative_v1,"Ponto negativo administrativo geocodificado, pareado por bairro com positivo real, sem colisao <30m. Mesma regra causal do v12 Recife.","Nao usar como escore, threshold ou variavel derivada do rotulo. Ausencia de registro NAO foi usada como criterio -- presenca de outro fenomeno real."
Curitiba,0,CUR_SIAC156_NEG_0dc11e13c4e45ff6,-25.4853818,-49.2728969,12/03/2026,2026,Trânsito,Fiscalização de estacionamento irregular,Rua Antônio Ader,FANNY,strong,"Rua Antônio Ader, Fanny, Curitiba, Paraná, Região Sul, 81030-330, Brasil",126271640,siac156_curitiba_non_hydrological_category_v1,"non-flood (Trânsito/Fiscalização de estacionamento irregular) - causally independent of rain, see negative_categories_curitiba.py",siac156_curitiba_negative_v1,"Ponto negativo administrativo geocodificado, pareado por bairro com positivo real, sem colisao <30m. Mesma regra causal do v12 Recife.","Nao usar como escore, threshold ou variavel derivada do rotulo. Ausencia de registro NAO foi usada como criterio -- presenca de outro fenomeno real."
Curitiba,0,CUR_SIAC156_NEG_649ee012c3cb4377,-25.4716925,-49.3167677,22/02/2026,2026,Coleta,Entulhos diversos (pequena quantidade),Rua Francisco Tissot,PORTAO,strong,"Rua Francisco Tissot, Portão, Curitiba, Paraná, Região Sul, 81320-390, Brasil",158628922,siac156_curitiba_non_hydrological_category_v1,"non-flood (Coleta/Entulhos diversos (pequena quantidade)) - causally independent of rain, see negative_categories_curitiba.py",siac156_curitiba_negative_v1,"Ponto negativo administrativo geocodificado, pareado por bairro com positivo real, sem colisao <30m. Mesma regra causal do v12 Recife.","Nao usar como escore, threshold ou variavel derivada do rotulo. Ausencia de registro NAO foi usada como criterio -- presenca de outro fenomeno real."
Curitiba,0,CUR_SIAC156_NEG_91c7e9de21e72dce,-25.5066668,-49.3045629,02/01/2026,2026,Coleta,Entulhos diversos (pequena quantidade),Rua Laudelino Ferreira Lopes,CAPAO RASO,strong,"Rua Laudelino Ferreira Lopes, Capão Raso, Curitiba, Paraná, Região Sul, 81130-290, Brasil",33068435,siac156_curitiba_non_hydrological_category_v1,"non-flood (Coleta/Entulhos diversos (pequena quantidade)) - causally independent of rain, see negative_categories_curitiba.py",siac156_curitiba_negative_v1,"Ponto negativo administrativo geocodificado, pareado por bairro com positivo real, sem colisao <30m. Mesma regra causal do v12 Recife.","Nao usar como escore, threshold ou variavel derivada do rotulo. Ausencia de registro NAO foi usada como criterio -- presenca de outro fenomeno real."
Curitiba,0,CUR_SIAC156_NEG_afc6a34ece73bfff,-25.5011186,-49.3492661,26/05/2026,2026,Unidade de Saúde - UMS,Agendamento - Consulta com Especialista,RUA PEDRO ANDRETTA,CIDADE INDUSTRIAL,strong,"Rua Pedro Andretta, São Miguel, Curitiba, Paraná, Região Sul, 81350-260, Brasil",679624769,siac156_curitiba_non_hydrological_category_v1,"non-flood (Unidade de Saúde - UMS/Agendamento - Consulta com Especialista) - causally independent of rain, see negative_categories_curitiba.py",siac156_curitiba_negative_v1,"Ponto negativo administrativo geocodificado, pareado por bairro com positivo real, sem colisao <30m. Mesma regra causal do v12 Recife.","Nao usar como escore, threshold ou variavel derivada do rotulo. Ausencia de registro NAO foi usada como criterio -- presenca de outro fenomeno real."
Curitiba,0,CUR_SIAC156_NEG_af7ed9ad0ee52280,-25.5173401,-49.2366518,18/04/2026,2026,Coleta,Entulhos diversos (pequena quantidade),Rua Tenente-Coronel Vilagran Cabrita,BOQUEIRAO,strong,"Rua Tenente-Coronel Vilagrán Cabrita, Boqueirão, Curitiba, Paraná, Região Sul, 81750-420, Brasil",85231818,siac156_curitiba_non_hydrological_category_v1,"non-flood (Coleta/Entulhos diversos (pequena quantidade)) - causally independent of rain, see negative_categories_curitiba.py",siac156_curitiba_negative_v1,"Ponto negativo administrativo geocodificado, pareado por bairro com positivo real, sem colisao <30m. Mesma regra causal do v12 Recife.","Nao usar como escore, threshold ou variavel derivada do rotulo. Ausencia de registro NAO foi usada como criterio -- presenca de outro fenomeno real."
Curitiba,0,CUR_SIAC156_NEG_0b55e315326c66ee,-25.4883491,-49.2158565,04/05/2026,2026,Coleta,Resíduos vegetais de jardim,Lázaro Nini de Campos,UBERABA,strong,"Rua Lázaro Nini de Campos, Uberaba, Curitiba, Paraná, Região Sul, 81560-000, Brasil",121034622,siac156_curitiba_non_hydrological_category_v1,"non-flood (Coleta/Resíduos vegetais de jardim) - causally independent of rain, see negative_categories_curitiba.py",siac156_curitiba_negative_v1,"Ponto negativo administrativo geocodificado, pareado por bairro com positivo real, sem colisao <30m. Mesma regra causal do v12 Recife.","Nao usar como escore, threshold ou variavel derivada do rotulo. Ausencia de registro NAO foi usada como criterio -- presenca de outro fenomeno real."
Curitiba,0,CUR_SIAC156_NEG_3ec7a39f21fc12ee,-25.40597,-49.2559378,07/07/2026,2026,Árvore,Poda de manutenção em árvores,dos Passionistas,CABRAL,strong,"Rua dos Passionistas, Cabral, Curitiba, Paraná, Região Sul, 80540-180, Brasil",127191515,siac156_curitiba_non_hydrological_category_v1,"non-flood (Árvore/Poda de manutenção em árvores) - causally independent of rain, see negative_categories_curitiba.py",siac156_curitiba_negative_v1,"Ponto negativo administrativo geocodificado, pareado por bairro com positivo real, sem colisao <30m. Mesma regra causal do v12 Recife.","Nao usar como escore, threshold ou variavel derivada do rotulo. Ausencia de registro NAO foi usada como criterio -- presenca de outro fenomeno real."
Curitiba,0,CUR_SIAC156_NEG_516e405e4b981834,-25.4768497,-49.201399,01/07/2026,2026,Coleta,Caliças até 5 carrinhos de mão,Rua Engenheiro Bernardino d'Oliveira,CAJURU,strong,"Rua Engenheiro Bernardino D'Oliveira, Cajuru, Curitiba, Paraná, Região Sul, 81590-250, Brasil",160718233,siac156_curitiba_non_hydrological_category_v1,"non-flood (Coleta/Caliças até 5 carrinhos de mão) - causally independent of rain, see negative_categories_curitiba.py",siac156_curitiba_negative_v1,"Ponto negativo administrativo geocodificado, pareado por bairro com positivo real, sem colisao <30m. Mesma regra causal do v12 Recife.","Nao usar como escore, threshold ou variavel derivada do rotulo. Ausencia de registro NAO foi usada como criterio -- presenca de outro fenomeno real."
Curitiba,0,CUR_SIAC156_NEG_d7aee740a25d996a,-25.3644594,-49.2571679,01/07/2026,2026,Iluminação Pública,Manutenção de Luminárias,Rua Theodoro Makiolka,BARREIRINHA,strong,"Rua Theodoro Makiolka, Barreirinha, Curitiba, Paraná, Região Sul, 82220-010, Brasil",115672716,siac156_curitiba_non_hydrological_category_v1,"non-flood (Iluminação Pública/Manutenção de Luminárias) - causally independent of rain, see negative_categories_curitiba.py",siac156_curitiba_negative_v1,"Ponto negativo administrativo geocodificado, pareado por bairro com positivo real, sem colisao <30m. Mesma regra causal do v12 Recife.","Nao usar como escore, threshold ou variavel derivada do rotulo. Ausencia de registro NAO foi usada como criterio -- presenca de outro fenomeno real."
Curitiba,0,CUR_SIAC156_NEG_5dfe820d5f60b7e1,-25.4856775,-49.3112213,15/01/2026,2026,Coleta,Entulhos diversos (pequena quantidade),Rua João Bastianick,NOVO MUNDO,strong,"Rua João Bastianick, Área Administrativa AMA. Vila Maria e Uberlândia, Novo Mundo, Curitiba, Paraná, Região Sul, 81050-424, Brasil",48305286,siac156_curitiba_non_hydrological_category_v1,"non-flood (Coleta/Entulhos diversos (pequena quantidade)) - causally independent of rain, see negative_categories_curitiba.py",siac156_curitiba_negative_v1,"Ponto negativo administrativo geocodificado, pareado por bairro com positivo real, sem colisao <30m. Mesma regra causal do v12 Recife.","Nao usar como escore, threshold ou variavel derivada do rotulo. Ausencia de registro NAO foi usada como criterio -- presenca de outro fenomeno real."
